Sale_ID,Product_ID,Customer_ID,Date,Quantity,Sale_Price,Channel,Campaign_ID,Revenue
1,197,2001,2025-05-28,1,270.16,Social,212,270.16
2,185,2001,2023-10-20,1,143.79,In-Store,108,143.79
3,124,2001,2025-04-13,4,174.26,Online,62,697.04
4,121,2001,2023-08-24,4,126.42,Online,32,505.68
5,170,2001,2023-05-20,4,124.94,Online,26,499.76
6,127,2001,2025-11-18,3,184.65,Online,74,553.95
7,103,2001,2024-08-21,3,74.85,Email,272,224.54999999999998
8,122,2001,2025-08-06,1,224.2,Social,215,224.2
9,120,2001,2025-02-01,4,186.86,Social,207,747.44
10,151,2001,2024-11-19,5,170.44,Online,54,852.2
11,180,2001,2024-08-01,5,97.9,Online,49,489.5
12,104,2001,2025-10-01,1,50.25,Online,71,50.25
13,199,2001,2024-10-24,2,105.38,Email,276,210.76
14,162,2001,2025-03-03,5,23.29,Online,60,116.44999999999999
15,153,2001,2024-11-02,4,44.91,Online,54,179.64
16,198,2001,2022-12-06,3,167.93,Social,168,503.79
17,181,2001,2025-02-23,5,231.25,Online,60,1156.25
18,135,2001,2022-08-23,5,62.14,Online,12,310.7
19,105,2001,2024-08-06,4,45.85,In-Store,124,183.4
20,128,2001,2025-05-27,3,69.61,Online,65,208.82999999999998
21,147,2001,2022-09-03,1,193.11,Online,12,193.11
22,181,2001,2025-12-03,2,231.25,Social,221,462.5
23,183,2001,2022-06-20,3,127.82,Online,8,383.46
24,143,2001,2024-10-06,4,18.47,In-Store,127,73.88
25,158,2001,2023-09-13,2,132.56,Online,33,265.12
26,104,2001,2022-08-27,5,50.25,Online,12,251.25
27,151,2002,2024-12-22,1,170.44,Online,57,170.44
28,140,2002,2023-10-18,4,139.7,Online,33,558.8
29,197,2002,2024-11-22,5,270.16,In-Store,130,1350.8000000000002
30,156,2002,2024-08-10,5,13.54,Online,49,67.69999999999999
31,159,2002,2025-08-24,4,21.52,Social,215,86.08
32,177,2002,2024-01-02,1,296.45,Online,37,296.45
33,101,2002,2023-10-21,2,116.4,Social,185,232.8
34,170,2002,2024-05-06,2,124.94,In-Store,119,249.88
35,172,2002,2024-12-24,5,75.03,Online,56,375.15
36,183,2002,2024-08-08,2,127.82,Online,49,255.64
37,120,2002,2023-10-27,2,186.86,In-Store,110,373.72
38,129,2002,2025-01-02,4,269.37,Online,57,1077.48
39,151,2002,2025-01-07,2,170.44,Online,58,340.88
40,196,2002,2024-11-09,1,162.21,Online,54,162.21
41,122,2002,2025-10-04,4,224.2,Social,218,896.8
42,109,2002,2025-10-28,5,69.39,TV,363,346.95
43,136,2002,2023-11-11,4,134.23,Online,36,536.92
44,133,2002,2025-10-16,4,129.42,Online,71,517.68
45,103,2002,2023-12-06,4,74.85,In-Store,111,299.4
46,181,2002,2025-04-23,4,231.25,Social,212,925.0
47,159,2002,2024-02-01,3,21.52,Online,39,64.56
48,127,2002,2024-12-24,3,184.65,In-Store,131,553.95
49,136,2002,2025-01-27,2,134.23,Online,58,268.46
50,162,2002,2025-05-28,3,23.29,Email,286,69.87
51,133,2002,2025-10-06,2,129.42,Social,218,258.84
52,132,2002,2025-10-14,4,146.35,Social,219,585.4
53,141,2003,2025-01-31,2,75.02,In-Store,134,150.04
54,123,2003,2024-08-25,1,28.54,In-Store,125,28.54
55,161,2003,2023-10-16,2,233.25,In-Store,108,466.5
56,154,2003,2023-08-19,4,39.53,Online,32,158.12
57,146,2003,2024-03-28,1,28.76,Online,43,28.76
58,142,2003,2024-07-12,2,298.93,Online,48,597.86
59,200,2003,2025-11-21,1,213.63,Online,75,213.63
60,146,2003,2023-09-15,1,28.76,In-Store,107,28.76
61,120,2003,2025-10-17,3,186.86,In-Store,146,560.58
62,169,2003,2023-04-30,5,105.46,Online,24,527.3
63,113,2003,2023-11-30,5,122.3,In-Store,111,611.5
64,177,2003,2023-08-26,4,296.45,In-Store,106,1185.8
65,144,2003,2023-09-09,5,22.73,In-Store,106,113.65
66,172,2003,2023-08-21,1,75.03,Online,32,75.03
67,146,2003,2024-01-02,2,28.76,Email,258,57.52
68,172,2003,2023-12-12,4,75.03,In-Store,111,300.12
69,184,2003,2025-11-10,1,120.25,Online,74,120.25
70,142,2003,2025-02-07,2,298.93,Online,59,597.86
71,144,2003,2024-03-13,4,22.73,In-Store,116,90.92
72,158,2003,2023-02-07,4,132.56,Online,20,530.24
73,140,2003,2025-11-24,3,139.7,Online,75,419.09999999999997
74,154,2003,2025-05-23,2,39.53,Online,65,79.06
75,105,2003,2025-06-06,2,45.85,Social,213,91.7
76,182,2004,2024-12-12,2,73.37,Social,205,146.74
77,146,2004,2024-12-21,3,28.76,In-Store,131,86.28
78,108,2004,2025-01-04,2,127.37,Email,280,254.74
79,154,2005,2024-06-12,5,39.53,Email,267,197.65
80,151,2005,2024-08-27,4,170.44,TV,341,681.76
81,136,2005,2024-11-17,4,134.23,In-Store,129,536.92
82,130,2005,2024-11-03,1,117.61,TV,345,117.61
83,161,2005,2025-11-16,4,233.25,Online,73,933.0
84,149,2005,2025-12-20,3,64.92,Email,295,194.76
85,132,2005,2024-06-10,5,146.35,In-Store,121,731.75
86,148,2005,2024-10-30,4,47.75,In-Store,128,191.0
87,144,2005,2025-12-11,5,22.73,In-Store,149,113.65
88,197,2005,2025-05-21,4,270.16,In-Store,139,1080.64
89,170,2005,2025-04-06,5,124.94,Online,62,624.7
90,138,2005,2024-10-09,5,115.15,Online,52,575.75
91,141,2005,2024-09-05,3,75.02,Online,51,225.06
92,136,2005,2024-11-12,5,134.23,In-Store,129,671.15
93,126,2005,2025-02-04,3,62.9,In-Store,134,188.7
94,158,2005,2025-11-01,1,132.56,Social,220,132.56
95,147,2005,2025-02-22,3,193.11,Online,60,579.33
96,114,2005,2024-10-07,5,120.5,In-Store,126,602.5
97,142,2005,2025-09-09,2,298.93,Social,217,597.86
98,146,2005,2025-11-30,2,28.76,Online,75,57.52
99,147,2005,2025-03-20,5,193.11,In-Store,136,965.5500000000001
100,138,2006,2023-12-30,2,115.15,Online,37,230.3
101,169,2006,2024-10-13,2,105.46,Social,202,210.92
102,189,2006,2023-12-31,3,47.31,Online,37,141.93
103,159,2006,2024-11-12,2,21.52,In-Store,128,43.04
104,183,2006,2025-02-24,4,127.82,Online,59,511.28
105,133,2006,2024-01-13,1,129.42,Online,39,129.42
106,184,2006,2024-04-07,2,120.25,Online,43,240.5
107,133,2006,2024-07-04,4,129.42,Online,48,517.68
108,188,2006,2024-08-05,4,12.93,In-Store,123,51.72
109,104,2006,2024-02-10,4,50.25,Social,191,201.0
110,153,2007,2024-08-26,4,44.91,TV,342,179.64
111,123,2007,2023-10-31,4,28.54,In-Store,110,114.16
112,148,2007,2024-02-11,4,47.75,Social,191,191.0
113,162,2007,2023-12-20,2,23.29,Online,37,46.58
114,188,2007,2025-01-18,4,12.93,In-Store,133,51.72
115,182,2007,2024-08-30,2,73.37,TV,343,146.74
116,192,2007,2024-01-16,1,22.56,In-Store,112,22.56
117,154,2007,2024-06-09,4,39.53,Online,47,158.12
118,158,2007,2024-01-25,2,132.56,Email,259,265.12
119,101,2007,2025-02-11,3,116.4,Email,282,349.20000000000005
120,113,2007,2024-05-13,1,122.3,In-Store,119,122.3
121,188,2007,2024-10-04,4,12.93,Online,52,51.72
122,135,2007,2023-10-04,3,62.14,In-Store,107,186.42000000000002
123,159,2007,2024-05-08,1,21.52,Online,45,21.52
124,174,2008,2024-07-06,3,89.89,Online,47,269.67
125,152,2008,2023-09-26,2,72.34,In-Store,107,144.68
126,102,2008,2024-11-02,3,175.2,Social,204,525.5999999999999
127,175,2008,2024-04-05,4,285.32,Online,43,1141.28
128,190,2008,2025-03-11,1,121.42,Online,60,121.42
129,168,2008,2025-04-06,4,151.07,Email,283,604.28
130,139,2008,2025-11-06,5,162.16,Online,73,810.8
131,185,2008,2024-01-17,4,143.79,In-Store,112,575.16
132,179,2008,2025-07-12,3,69.62,Online,67,208.86
133,109,2008,2025-05-29,4,69.39,Online,65,277.56
134,166,2008,2024-10-06,1,151.16,TV,344,151.16
135,170,2008,2024-11-24,1,124.94,Social,204,124.94
136,198,2008,2025-08-22,3,167.93,In-Store,143,503.79
137,199,2008,2024-01-02,1,105.38,Online,37,105.38
138,173,2009,2024-06-23,1,100.75,TV,339,100.75
139,186,2009,2024-04-22,2,29.78,In-Store,118,59.56
140,141,2009,2024-03-06,1,75.02,Online,41,75.02
141,188,2009,2024-12-15,2,12.93,TV,347,25.86
142,194,2009,2024-04-24,3,70.1,In-Store,119,210.29999999999998
143,153,2009,2025-03-30,2,44.91,Social,210,89.82
144,128,2009,2024-07-28,4,69.61,Online,49,278.44
145,134,2009,2024-05-29,3,113.57,Online,46,340.71
146,179,2009,2024-05-26,1,69.62,Online,46,69.62
147,184,2009,2024-09-12,1,120.25,Online,51,120.25
148,140,2010,2022-02-19,3,139.7,Online,2,419.09999999999997
149,121,2010,2022-07-06,1,126.42,Online,9,126.42
150,170,2010,2023-08-08,3,124.94,In-Store,106,374.82
151,168,2010,2022-11-12,4,151.07,In-Store,92,604.28
152,106,2010,2022-05-01,3,41.44,Online,6,124.32
153,157,2010,2025-12-31,4,140.43,Online,77,561.72
154,153,2010,2022-10-19,3,44.91,Online,15,134.73
155,124,2010,2022-09-05,2,174.26,In-Store,90,348.52
156,185,2010,2025-04-15,5,143.79,In-Store,137,718.9499999999999
157,188,2010,2024-02-28,3,12.93,Online,40,38.79
158,137,2010,2024-08-09,1,90.95,Online,49,90.95
159,149,2010,2024-04-14,1,64.92,Online,44,64.92
160,194,2010,2025-04-15,2,70.1,In-Store,137,140.2
161,157,2011,2024-02-27,4,140.43,Online,41,561.72
162,171,2011,2025-08-03,2,117.28,Online,68,234.56
163,198,2011,2024-04-11,5,167.93,TV,335,839.6500000000001
164,115,2011,2025-05-12,1,114.62,Social,212,114.62
165,102,2011,2025-07-18,2,175.2,Online,67,350.4
166,139,2011,2025-02-26,3,162.16,Social,209,486.48
167,128,2011,2024-11-14,2,69.61,In-Store,129,139.22
168,181,2011,2025-03-27,2,231.25,In-Store,137,462.5
169,122,2011,2025-05-20,1,224.2,Online,65,224.2
170,196,2011,2024-02-24,5,162.21,TV,334,811.0500000000001
171,127,2011,2025-01-06,5,184.65,TV,349,923.25
172,196,2011,2024-09-11,3,162.21,In-Store,125,486.63
173,196,2011,2025-11-30,3,162.21,Online,74,486.63
174,122,2011,2024-09-15,4,224.2,TV,344,896.8
175,129,2011,2024-09-22,2,269.37,In-Store,125,538.74
176,197,2011,2023-10-24,1,270.16,Email,255,270.16
177,129,2011,2025-09-09,5,269.37,Social,217,1346.85
178,172,2011,2025-10-11,4,75.03,Online,70,300.12
179,170,2011,2025-08-16,5,124.94,Online,68,624.7
180,146,2011,2025-09-08,1,28.76,Online,70,28.76
181,153,2012,2024-12-20,3,44.91,Online,57,134.73
182,152,2012,2025-03-06,1,72.34,Online,60,72.34
183,154,2012,2024-12-05,3,39.53,Email,279,118.59
184,163,2012,2024-11-15,4,115.65,Online,54,462.6
185,152,2012,2024-12-11,1,72.34,In-Store,131,72.34
186,172,2012,2024-10-13,3,75.03,Online,53,225.09
187,187,2012,2025-03-18,3,95.73,Social,210,287.19
188,107,2012,2024-09-11,2,110.76,Online,51,221.52
189,182,2012,2024-12-21,4,73.37,TV,348,293.48
190,114,2012,2024-09-20,1,120.5,Online,51,120.5
191,186,2012,2025-03-24,2,29.78,Online,60,59.56
192,121,2013,2024-09-11,3,126.42,In-Store,125,379.26
193,151,2013,2025-03-30,2,170.44,In-Store,136,340.88
194,125,2013,2025-08-24,5,25.35,In-Store,143,126.75
195,131,2013,2022-11-03,1,76.52,Online,15,76.52
196,129,2013,2025-09-02,5,269.37,In-Store,143,1346.85
197,151,2013,2024-01-05,1,170.44,TV,331,170.44
198,136,2013,2025-06-18,5,134.23,Social,213,671.15
199,193,2013,2022-06-27,1,28.68,Social,161,28.68
200,108,2013,2024-04-14,4,127.37,Online,43,509.48
201,101,2013,2025-05-19,3,116.4,Online,64,349.20000000000005
202,162,2013,2022-09-20,2,23.29,Online,13,46.58
203,162,2013,2024-10-30,3,23.29,Online,54,69.87
204,116,2013,2023-07-26,5,161.44,Social,181,807.2
205,129,2013,2023-09-28,4,269.37,TV,325,1077.48
206,165,2013,2023-11-16,3,213.33,Online,35,639.99
207,170,2013,2025-12-26,1,124.94,Online,77,124.94
208,161,2013,2022-08-11,3,233.25,Social,163,699.75
209,142,2013,2023-11-11,2,298.93,TV,328,597.86
210,183,2013,2022-10-12,5,127.82,In-Store,92,639.0999999999999
211,178,2013,2022-11-19,5,58.92,Online,17,294.6
212,184,2013,2023-01-04,5,120.25,Online,19,601.25
213,136,2013,2022-10-25,4,134.23,Online,15,536.92
214,136,2013,2022-11-03,1,134.23,Email,237,134.23
215,168,2013,2024-12-14,5,151.07,In-Store,130,755.3499999999999
216,136,2013,2022-11-04,1,134.23,In-Store,92,134.23
217,117,2013,2024-02-16,4,214.01,Online,40,856.04
218,158,2013,2024-10-11,5,132.56,In-Store,127,662.8
219,108,2013,2025-12-21,4,127.37,Online,77,509.48
220,130,2013,2024-11-15,5,117.61,Online,55,588.05
221,122,2013,2022-08-15,3,224.2,In-Store,88,672.5999999999999
222,175,2013,2023-01-30,5,285.32,In-Store,97,1426.6
223,184,2013,2025-10-19,2,120.25,Email,293,240.5
224,173,2013,2023-03-08,3,100.75,Online,22,302.25
225,146,2014,2024-03-25,4,28.76,Online,42,115.04
226,103,2014,2023-05-13,2,74.85,In-Store,101,149.7
227,111,2014,2025-01-20,1,78.12,Online,58,78.12
228,180,2014,2024-04-12,4,97.9,Online,43,391.6
229,159,2014,2023-08-02,3,21.52,Online,30,64.56
230,167,2014,2024-06-04,2,75.91,Online,46,151.82
231,189,2014,2023-09-14,3,47.31,In-Store,107,141.93
232,199,2014,2024-03-25,3,105.38,Online,43,316.14
233,152,2014,2023-07-19,1,72.34,Online,30,72.34
234,181,2015,2022-12-13,5,231.25,Social,170,1156.25
235,133,2015,2025-04-10,4,129.42,Online,61,517.68
236,200,2015,2023-04-06,2,213.63,In-Store,100,427.26
237,170,2015,2024-01-20,4,124.94,In-Store,113,499.76
238,198,2015,2024-10-04,3,167.93,Social,202,503.79
239,101,2015,2025-04-24,5,116.4,Online,63,582.0
240,177,2015,2023-12-25,4,296.45,Social,188,1185.8
241,140,2015,2022-05-17,1,139.7,In-Store,85,139.7
242,119,2015,2023-06-06,2,193.28,Online,28,386.56
243,186,2015,2023-12-30,4,29.78,Online,38,119.12
244,131,2015,2023-03-04,1,76.52,Online,22,76.52
245,118,2015,2022-07-21,5,128.58,Online,9,642.9000000000001
246,164,2015,2023-10-08,5,91.03,Email,254,455.15
247,118,2015,2024-02-27,1,128.58,Online,41,128.58
248,120,2015,2023-09-24,3,186.86,In-Store,107,560.58
249,200,2015,2024-01-16,2,213.63,Online,39,427.26
250,191,2015,2022-04-05,3,196.98,Email,228,590.9399999999999
251,164,2015,2022-04-03,2,91.03,Online,5,182.06
252,102,2015,2022-10-05,2,175.2,Online,13,350.4
253,147,2015,2023-06-26,3,193.11,In-Store,104,579.33
254,115,2015,2025-02-03,5,114.62,Social,207,573.1
255,113,2015,2022-07-03,2,122.3,In-Store,87,244.6
256,126,2015,2023-03-19,3,62.9,Online,23,188.7
257,138,2015,2024-07-18,2,115.15,Email,268,230.3
258,154,2015,2025-08-04,5,39.53,Online,68,197.65
259,133,2015,2022-12-21,1,129.42,In-Store,95,129.42
260,130,2016,2024-08-14,1,117.61,Social,200,117.61
261,159,2016,2024-07-12,3,21.52,Social,198,64.56
262,186,2016,2024-05-08,1,29.78,In-Store,119,29.78
263,168,2017,2025-11-16,5,151.07,Online,74,755.3499999999999
264,185,2017,2025-12-17,3,143.79,Online,76,431.37
265,157,2017,2025-06-15,3,140.43,Online,65,421.29
266,167,2017,2025-07-04,4,75.91,Online,66,303.64
267,192,2017,2025-10-13,5,22.56,In-Store,146,112.8
268,177,2017,2024-09-25,2,296.45,Online,52,592.9
269,120,2017,2024-10-23,3,186.86,Online,53,560.58
270,117,2017,2025-03-18,3,214.01,Online,61,642.03
271,183,2017,2024-05-22,1,127.82,Online,46,127.82
272,136,2017,2025-08-10,5,134.23,Online,68,671.15
273,130,2017,2025-08-03,4,117.61,Online,68,470.44
274,144,2017,2025-05-13,4,22.73,Online,64,90.92
275,165,2017,2025-03-23,4,213.33,Online,61,853.32
276,136,2017,2025-12-17,1,134.23,Online,76,134.23
277,124,2017,2025-07-23,1,174.26,In-Store,142,174.26
278,168,2017,2024-10-16,1,151.07,Online,53,151.07
279,170,2017,2025-09-07,2,124.94,In-Store,143,249.88
280,129,2017,2024-11-08,3,269.37,Online,55,808.11
281,179,2017,2025-11-05,5,69.62,Email,293,348.1
282,193,2017,2024-03-05,3,28.68,Social,192,86.03999999999999
283,146,2017,2025-04-14,5,28.76,In-Store,137,143.8
284,101,2018,2022-06-09,3,116.4,Online,8,349.20000000000005
285,153,2018,2023-08-31,1,44.91,Social,182,44.91
286,125,2018,2023-12-05,1,25.35,Online,36,25.35
287,163,2018,2023-03-05,3,115.65,Online,22,346.95000000000005
288,160,2019,2024-11-15,4,74.86,In-Store,128,299.44
289,122,2019,2024-07-09,1,224.2,Online,48,224.2
290,114,2019,2023-10-03,4,120.5,Online,33,482.0
291,177,2019,2024-06-27,1,296.45,Online,47,296.45
292,151,2019,2024-11-05,3,170.44,Email,277,511.32
293,112,2019,2023-04-03,3,58.11,Online,23,174.32999999999998
294,123,2019,2024-05-27,4,28.54,In-Store,120,114.16
295,155,2019,2025-03-01,3,71.21,In-Store,135,213.63
296,144,2019,2024-10-26,2,22.73,Online,53,45.46
297,143,2019,2025-11-24,5,18.47,In-Store,147,92.35
298,141,2019,2024-12-01,5,75.02,Social,205,375.09999999999997
299,186,2019,2025-12-22,4,29.78,Online,77,119.12
300,200,2019,2024-04-23,1,213.63,Online,43,213.63
301,132,2019,2025-12-04,3,146.35,Online,74,439.04999999999995
302,199,2019,2023-07-09,2,105.38,Online,29,210.76
303,174,2019,2025-02-27,1,89.89,Online,59,89.89
304,186,2020,2023-10-30,2,29.78,Online,34,59.56
305,160,2020,2023-09-10,1,74.86,Online,33,74.86
306,145,2020,2023-11-08,3,87.44,Online,35,262.32
307,115,2020,2023-12-22,1,114.62,Online,37,114.62
308,169,2020,2023-11-26,1,105.46,Online,36,105.46
309,164,2021,2025-01-15,4,91.03,Online,58,364.12
310,141,2021,2024-12-07,1,75.02,Online,55,75.02
311,174,2021,2024-09-02,4,89.89,Online,51,359.56
312,126,2021,2025-01-26,1,62.9,Online,59,62.9
313,101,2021,2024-12-06,2,116.4,Online,55,232.8
314,148,2021,2025-02-15,2,47.75,Online,59,95.5
315,144,2021,2025-02-20,4,22.73,Online,60,90.92
316,106,2021,2025-02-15,3,41.44,In-Store,135,124.32
317,130,2021,2024-10-05,4,117.61,Online,52,470.44
318,174,2021,2024-12-04,1,89.89,TV,347,89.89
319,187,2021,2025-02-16,4,95.73,Online,59,382.92
320,131,2021,2025-02-08,4,76.52,In-Store,134,306.08
321,192,2021,2025-05-29,2,22.56,Online,65,45.12
322,164,2021,2024-10-10,4,91.03,Online,52,364.12
323,191,2022,2025-11-11,4,196.98,Online,73,787.92
324,160,2022,2025-10-29,4,74.86,In-Store,147,299.44
325,121,2022,2025-12-18,4,126.42,Online,77,505.68
326,163,2022,2025-09-11,4,115.65,Online,70,462.6
327,129,2022,2025-10-02,5,269.37,Online,71,1346.85
328,129,2022,2025-10-22,2,269.37,Social,219,538.74
329,127,2022,2025-01-18,5,184.65,Online,58,923.25
330,117,2022,2024-12-03,2,214.01,Email,279,428.02
331,124,2022,2025-05-28,5,174.26,Online,65,871.3
332,118,2022,2025-05-06,1,128.58,Online,63,128.58
333,161,2022,2025-12-03,4,233.25,Online,75,933.0
334,194,2022,2025-02-13,4,70.1,Online,59,280.4
335,113,2022,2025-09-22,4,122.3,Online,70,489.2
336,106,2022,2025-11-15,2,41.44,Online,74,82.88
337,102,2022,2024-11-04,2,175.2,Online,54,350.4
338,187,2022,2025-11-17,4,95.73,Online,73,382.92
339,189,2022,2025-08-06,4,47.31,Online,68,189.24
340,142,2022,2025-12-24,2,298.93,Online,76,597.86
341,172,2022,2024-11-08,2,75.03,Online,54,150.06
342,110,2022,2025-07-30,2,138.19,Online,68,276.38
343,177,2022,2025-11-24,3,296.45,Online,74,889.3499999999999
344,101,2023,2024-12-18,5,116.4,Online,57,582.0
345,196,2023,2025-08-21,5,162.21,In-Store,143,811.0500000000001
346,164,2023,2025-08-31,1,91.03,Online,69,91.03
347,156,2023,2025-02-03,5,13.54,Online,59,67.69999999999999
348,177,2023,2025-09-29,2,296.45,Email,292,592.9
349,187,2023,2025-03-09,2,95.73,Online,60,191.46
350,124,2023,2025-04-02,1,174.26,Online,61,174.26
351,170,2023,2024-12-06,1,124.94,Online,55,124.94
352,132,2023,2025-11-24,2,146.35,In-Store,148,292.7
353,182,2023,2024-09-21,1,73.37,Social,201,73.37
354,157,2023,2025-02-11,2,140.43,In-Store,134,280.86
355,113,2023,2025-12-21,4,122.3,Online,76,489.2
356,120,2023,2024-12-17,3,186.86,Online,57,560.58
357,170,2023,2025-03-23,1,124.94,Online,61,124.94
358,142,2023,2025-04-21,3,298.93,In-Store,138,896.79
359,108,2023,2025-03-06,2,127.37,Online,60,254.74
360,184,2023,2025-09-26,1,120.25,In-Store,145,120.25
361,193,2023,2025-10-09,5,28.68,Online,70,143.4
362,146,2023,2024-10-17,4,28.76,In-Store,127,115.04
363,101,2023,2025-09-28,3,116.4,Online,70,349.20000000000005
364,181,2023,2025-09-23,3,231.25,TV,361,693.75
365,162,2023,2025-08-06,3,23.29,Online,68,69.87
366,136,2023,2025-12-09,4,134.23,Online,76,536.92
367,125,2024,2023-11-20,1,25.35,Online,36,25.35
368,183,2024,2024-01-31,1,127.82,Online,40,127.82
369,128,2024,2024-11-18,4,69.61,In-Store,129,278.44
370,192,2024,2024-05-13,1,22.56,Online,46,22.56
371,101,2024,2023-11-03,3,116.4,Online,34,349.20000000000005
372,174,2024,2024-01-26,2,89.89,Online,40,179.78
373,169,2024,2024-09-03,2,105.46,In-Store,124,210.92
374,130,2024,2024-05-15,2,117.61,Email,265,235.22
375,121,2024,2023-10-26,4,126.42,In-Store,108,505.68
376,187,2024,2023-11-05,3,95.73,Online,34,287.19
377,183,2025,2025-07-18,5,127.82,In-Store,142,639.0999999999999
378,193,2025,2024-07-02,3,28.68,In-Store,121,86.03999999999999
379,141,2025,2023-12-25,3,75.02,Online,37,225.06
380,133,2025,2023-12-01,2,129.42,Social,187,258.84
381,163,2025,2025-04-16,5,115.65,Social,211,578.25
382,120,2025,2024-10-19,4,186.86,In-Store,128,747.44
383,162,2025,2023-07-10,1,23.29,TV,322,23.29
384,155,2025,2023-06-27,2,71.21,Email,249,142.42
385,166,2025,2023-09-10,5,151.16,Online,33,755.8
386,140,2025,2025-07-27,2,139.7,Online,68,279.4
387,167,2025,2024-07-14,3,75.91,Online,48,227.73
388,200,2025,2023-11-23,2,213.63,In-Store,111,427.26
389,120,2025,2024-03-10,4,186.86,TV,335,747.44
390,121,2025,2023-11-27,4,126.42,Online,36,505.68
391,106,2025,2024-05-07,2,41.44,Online,45,82.88
392,138,2025,2024-07-10,4,115.15,In-Store,122,460.6
393,169,2025,2025-08-21,4,105.46,Online,69,421.84
394,155,2025,2024-05-29,1,71.21,In-Store,121,71.21
395,117,2025,2025-12-03,5,214.01,Online,74,1070.05
396,122,2025,2025-05-18,4,224.2,Online,64,896.8
397,120,2025,2024-08-11,5,186.86,In-Store,123,934.3000000000001
398,142,2026,2023-11-27,2,298.93,Online,36,597.86
399,120,2026,2024-01-21,5,186.86,In-Store,113,934.3000000000001
400,101,2026,2024-07-28,4,116.4,Email,270,465.6
401,135,2026,2025-08-09,4,62.14,Online,69,248.56
402,181,2026,2025-03-04,1,231.25,TV,351,231.25
403,193,2026,2023-11-15,5,28.68,Online,36,143.4
404,103,2026,2025-08-30,3,74.85,In-Store,144,224.54999999999998
405,173,2026,2025-08-18,5,100.75,In-Store,143,503.75
406,197,2026,2025-04-21,1,270.16,In-Store,138,270.16
407,161,2026,2024-09-17,2,233.25,Online,51,466.5
408,173,2026,2025-10-20,1,100.75,In-Store,146,100.75
409,157,2026,2025-05-01,5,140.43,Online,63,702.1500000000001
410,139,2026,2025-06-07,2,162.16,In-Store,140,324.32
411,163,2026,2025-05-19,1,115.65,Online,65,115.65
412,151,2026,2023-10-13,4,170.44,Online,33,681.76
413,186,2026,2025-03-02,1,29.78,Online,60,29.78
414,124,2027,2025-03-20,4,174.26,Online,60,697.04
415,114,2027,2024-07-15,5,120.5,In-Store,123,602.5
416,177,2027,2024-12-27,4,296.45,In-Store,132,1185.8
417,183,2027,2023-05-06,5,127.82,In-Store,101,639.0999999999999
418,135,2027,2024-10-10,3,62.14,In-Store,127,186.42000000000002
419,162,2027,2025-01-28,1,23.29,TV,350,23.29
420,168,2027,2025-08-08,1,151.07,In-Store,142,151.07
421,132,2027,2025-03-09,3,146.35,In-Store,136,439.04999999999995
422,120,2027,2023-10-20,2,186.86,In-Store,108,373.72
423,193,2027,2023-12-15,5,28.68,Email,258,143.4
424,154,2027,2025-05-15,2,39.53,Online,65,79.06
425,193,2027,2023-03-05,2,28.68,Online,22,57.36
426,159,2027,2025-02-19,5,21.52,Online,59,107.6
427,151,2027,2023-10-11,1,170.44,Online,34,170.44
428,157,2028,2024-02-28,2,140.43,Online,40,280.86
429,136,2028,2025-01-31,1,134.23,Online,58,134.23
430,173,2028,2025-04-22,5,100.75,In-Store,137,503.75
431,196,2028,2023-04-26,5,162.21,In-Store,100,811.0500000000001
432,190,2028,2024-04-02,3,121.42,Email,263,364.26
433,139,2028,2024-07-11,5,162.16,Online,48,810.8
434,165,2028,2024-03-28,3,213.33,TV,335,639.99
435,102,2028,2025-06-28,3,175.2,In-Store,141,525.5999999999999
436,118,2028,2024-04-05,3,128.58,Social,193,385.74
437,151,2028,2025-06-17,4,170.44,Social,213,681.76
438,179,2028,2024-04-29,2,69.62,Online,45,139.24
439,157,2028,2023-07-18,3,140.43,TV,323,421.29
440,113,2028,2025-04-22,3,122.3,Online,62,366.9
441,120,2028,2025-02-14,4,186.86,Online,59,747.44
442,127,2028,2025-01-19,3,184.65,Online,58,553.95
443,195,2028,2024-03-17,3,109.44,In-Store,117,328.32
444,147,2028,2023-11-09,4,193.11,In-Store,110,772.44
445,198,2028,2025-06-05,4,167.93,Email,286,671.72
446,187,2028,2025-11-03,1,95.73,In-Store,147,95.73
447,151,2029,2024-11-19,5,170.44,Social,204,852.2
448,108,2029,2025-09-17,5,127.37,Online,70,636.85
449,138,2029,2025-04-23,3,115.15,Social,211,345.45000000000005
450,116,2029,2025-05-19,4,161.44,Online,64,645.76
451,143,2029,2025-03-28,4,18.47,In-Store,137,73.88
452,139,2029,2024-12-13,2,162.16,In-Store,131,324.32
453,195,2029,2025-07-15,1,109.44,Online,67,109.44
454,113,2029,2025-08-13,3,122.3,Email,290,366.9
455,119,2029,2025-09-08,3,193.28,In-Store,144,579.84
456,196,2029,2025-12-12,1,162.21,In-Store,149,162.21
457,134,2029,2025-11-27,4,113.57,Online,74,454.28
458,197,2029,2025-08-01,2,270.16,Email,289,540.32
459,109,2029,2025-09-08,1,69.39,In-Store,144,69.39
460,165,2029,2025-02-21,4,213.33,In-Store,134,853.32
461,107,2029,2025-09-17,4,110.76,Social,218,443.04
462,177,2029,2024-12-04,3,296.45,Online,56,889.3499999999999
463,124,2029,2024-09-26,5,174.26,Email,274,871.3
464,145,2029,2025-08-28,5,87.44,Online,68,437.2
465,139,2029,2025-10-22,4,162.16,In-Store,147,648.64
466,186,2030,2022-10-04,1,29.78,In-Store,91,29.78
467,141,2030,2023-02-22,1,75.02,Social,173,75.02
468,134,2031,2022-09-21,2,113.57,In-Store,91,227.14
469,156,2031,2022-10-11,3,13.54,Email,236,40.62
470,169,2031,2022-09-03,1,105.46,Online,13,105.46
471,189,2031,2022-04-18,3,47.31,In-Store,83,141.93
472,130,2031,2022-04-30,1,117.61,Online,6,117.61
473,137,2031,2022-07-25,3,90.95,Social,162,272.85
474,186,2031,2022-12-31,2,29.78,Online,19,59.56
475,124,2032,2025-08-01,4,174.26,Online,68,697.04
476,181,2032,2024-01-12,1,231.25,In-Store,112,231.25
477,114,2032,2024-02-07,1,120.5,Online,39,120.5
478,102,2032,2025-08-12,4,175.2,In-Store,143,700.8
479,118,2032,2023-11-03,4,128.58,Online,35,514.32
480,121,2032,2025-07-04,2,126.42,Social,214,252.84
481,129,2032,2025-11-08,1,269.37,Email,294,269.37
482,183,2032,2025-05-30,4,127.82,In-Store,139,511.28
483,185,2032,2024-01-28,2,143.79,TV,333,287.58
484,181,2032,2024-10-09,4,231.25,In-Store,127,925.0
485,132,2032,2024-03-18,4,146.35,Online,42,585.4
486,118,2032,2025-04-10,2,128.58,In-Store,138,257.16
487,166,2032,2024-10-09,2,151.16,Online,52,302.32
488,156,2032,2025-06-15,1,13.54,Social,213,13.54
489,136,2032,2025-03-23,2,134.23,In-Store,136,268.46
490,104,2032,2024-06-22,3,50.25,Social,197,150.75
491,129,2032,2023-10-28,2,269.37,In-Store,109,538.74
492,134,2032,2023-04-06,5,113.57,Online,23,567.8499999999999
493,142,2032,2025-06-09,2,298.93,Online,65,597.86
494,184,2032,2025-12-28,2,120.25,Email,296,240.5
495,184,2032,2023-07-04,4,120.25,Online,29,481.0
496,147,2032,2023-05-20,5,193.11,In-Store,102,965.5500000000001
497,170,2032,2024-11-24,2,124.94,In-Store,129,249.88
498,120,2032,2024-05-14,1,186.86,Online,45,186.86
499,121,2032,2024-08-09,5,126.42,TV,341,632.1
500,191,2032,2025-01-24,1,196.98,In-Store,133,196.98
501,146,2032,2025-08-29,4,28.76,Online,69,115.04
502,169,2032,2025-01-24,1,105.46,Online,58,105.46
503,181,2032,2023-06-20,5,231.25,Online,28,1156.25
504,194,2032,2024-11-17,5,70.1,Online,54,350.5
505,164,2032,2025-03-07,5,91.03,Online,60,455.15
506,182,2033,2025-10-11,3,73.37,In-Store,145,220.11
507,108,2033,2022-09-20,5,127.37,Online,13,636.85
508,177,2033,2022-04-10,5,296.45,In-Store,83,1482.25
509,186,2033,2025-02-18,5,29.78,Social,208,148.9
510,187,2033,2025-03-08,1,95.73,In-Store,136,95.73
511,144,2033,2023-04-29,1,22.73,Online,24,22.73
512,183,2033,2025-07-09,1,127.82,In-Store,141,127.82
513,116,2033,2023-12-04,2,161.44,In-Store,111,322.88
514,121,2033,2025-10-27,5,126.42,Online,72,632.1
515,161,2033,2022-05-11,1,233.25,Online,6,233.25
516,153,2033,2024-03-14,2,44.91,Online,42,89.82
517,140,2033,2025-11-07,3,139.7,Online,72,419.09999999999997
518,152,2033,2025-01-27,3,72.34,In-Store,134,217.02
519,177,2033,2024-08-28,4,296.45,In-Store,124,1185.8
520,181,2033,2025-02-03,3,231.25,In-Store,134,693.75
521,110,2033,2025-01-09,1,138.19,In-Store,132,138.19
522,157,2033,2022-05-31,2,140.43,Online,7,280.86
523,114,2034,2023-12-24,1,120.5,TV,330,120.5
524,171,2034,2023-03-31,3,117.28,In-Store,99,351.84000000000003
525,187,2034,2023-12-09,3,95.73,Online,36,287.19
526,163,2034,2023-03-11,1,115.65,In-Store,99,115.65
527,134,2034,2023-07-22,2,113.57,Online,30,227.14
528,137,2034,2023-04-10,2,90.95,Online,24,181.9
529,192,2034,2023-06-28,3,22.56,Email,249,67.67999999999999
530,109,2035,2022-08-14,4,69.39,Email,235,277.56
531,131,2035,2022-12-15,1,76.52,In-Store,95,76.52
532,167,2035,2023-08-30,2,75.91,In-Store,107,151.82
533,107,2035,2025-04-24,5,110.76,In-Store,138,553.8000000000001
534,174,2035,2024-07-03,3,89.89,TV,338,269.67
535,181,2035,2024-08-01,5,231.25,Online,49,1156.25
536,108,2035,2023-09-01,1,127.37,In-Store,106,127.37
537,197,2035,2024-06-07,1,270.16,Online,47,270.16
538,161,2035,2024-01-09,2,233.25,Social,190,466.5
539,108,2035,2023-06-02,1,127.37,Online,27,127.37
540,135,2035,2023-05-26,1,62.14,In-Store,102,62.14
541,110,2035,2022-11-04,3,138.19,In-Store,93,414.57
542,116,2035,2024-11-23,3,161.44,In-Store,129,484.32
543,191,2036,2024-07-16,1,196.98,Online,48,196.98
544,127,2036,2025-03-15,5,184.65,In-Store,136,923.25
545,171,2036,2025-04-11,2,117.28,Online,61,234.56
546,115,2036,2025-11-24,2,114.62,Online,75,229.24
547,139,2036,2024-07-08,3,162.16,In-Store,123,486.48
548,122,2036,2024-06-01,4,224.2,In-Store,120,896.8
549,159,2036,2024-01-17,3,21.52,In-Store,113,64.56
550,165,2036,2025-11-01,4,213.33,Online,73,853.32
551,147,2036,2024-04-20,1,193.11,Email,264,193.11
552,149,2036,2025-04-19,1,64.92,In-Store,137,64.92
553,114,2036,2023-06-14,1,120.5,Online,28,120.5
554,200,2036,2023-05-05,3,213.63,In-Store,101,640.89
555,122,2036,2025-10-13,1,224.2,TV,362,224.2
556,122,2036,2025-05-25,2,224.2,Online,65,448.4
557,151,2036,2025-11-27,5,170.44,In-Store,148,852.2
558,166,2036,2025-04-17,2,151.16,Email,285,302.32
559,134,2036,2023-01-22,5,113.57,In-Store,96,567.8499999999999
560,155,2036,2024-05-22,5,71.21,In-Store,120,356.04999999999995
561,168,2036,2023-04-04,2,151.07,In-Store,100,302.14
562,120,2036,2025-12-15,2,186.86,Online,76,373.72
563,129,2036,2023-10-08,1,269.37,Online,33,269.37
564,158,2036,2025-02-22,1,132.56,Online,60,132.56
565,175,2036,2024-06-02,1,285.32,Online,47,285.32
566,116,2037,2025-04-17,5,161.44,Online,62,807.2
567,125,2037,2025-05-28,5,25.35,Social,212,126.75
568,193,2037,2024-08-25,5,28.68,Social,200,143.4
569,192,2037,2024-09-16,5,22.56,Online,51,112.8
570,101,2037,2025-05-21,1,116.4,Online,65,116.4
571,182,2037,2025-01-26,1,73.37,Online,58,73.37
572,161,2037,2025-12-05,5,233.25,Online,74,1166.25
573,198,2037,2024-12-24,4,167.93,Online,57,671.72
574,168,2037,2025-04-02,4,151.07,Online,61,604.28
575,160,2037,2025-07-28,2,74.86,Online,67,149.72
576,158,2037,2025-04-21,4,132.56,In-Store,138,530.24
577,197,2037,2025-10-12,3,270.16,In-Store,146,810.48
578,148,2037,2024-07-25,2,47.75,Online,49,95.5
579,147,2037,2025-05-07,4,193.11,Online,64,772.44
580,173,2037,2025-06-24,2,100.75,In-Store,141,201.5
581,135,2037,2025-11-22,3,62.14,Online,74,186.42000000000002
582,114,2037,2025-12-02,2,120.5,Online,75,241.0
583,141,2037,2025-09-02,4,75.02,Online,70,300.08
584,147,2037,2024-11-07,2,193.11,Online,54,386.22
585,196,2037,2025-12-14,2,162.21,Online,76,324.42
586,172,2037,2025-07-05,5,75.03,In-Store,141,375.15
587,126,2037,2025-10-07,3,62.9,Online,71,188.7
588,142,2037,2025-10-02,2,298.93,In-Store,145,597.86
589,177,2037,2025-01-27,1,296.45,Social,207,296.45
590,155,2037,2025-03-30,4,71.21,Online,61,284.84
591,160,2037,2024-11-02,5,74.86,In-Store,128,374.3
592,160,2037,2025-01-29,5,74.86,In-Store,133,374.3
593,117,2038,2024-09-13,1,214.01,Online,51,214.01
594,149,2038,2024-11-25,4,64.92,Online,55,259.68
595,190,2038,2024-12-03,1,121.42,Online,56,121.42
596,200,2038,2025-11-01,2,213.63,Online,72,427.26
597,189,2038,2025-07-23,5,47.31,Online,68,236.55
598,185,2038,2024-07-04,3,143.79,Online,47,431.37
599,115,2038,2025-05-07,2,114.62,Online,63,229.24
600,118,2038,2024-06-30,1,128.58,Online,48,128.58
601,136,2038,2025-04-07,4,134.23,Online,61,536.92
602,123,2038,2024-08-24,3,28.54,Email,271,85.62
603,116,2038,2025-05-20,1,161.44,Online,65,161.44
604,102,2038,2024-05-26,2,175.2,Online,46,350.4
605,115,2038,2025-05-18,5,114.62,Online,64,573.1
606,121,2038,2025-05-28,3,126.42,Online,65,379.26
607,196,2038,2025-06-10,1,162.21,Online,65,162.21
608,191,2038,2024-09-13,2,196.98,Online,51,393.96
609,183,2038,2025-08-12,1,127.82,Email,290,127.82
610,151,2038,2025-04-29,4,170.44,TV,353,681.76
611,165,2038,2024-12-05,2,213.33,Online,55,426.66
612,180,2038,2024-11-25,3,97.9,Social,204,293.70000000000005
613,150,2039,2022-12-29,3,66.48,TV,313,199.44
614,169,2039,2023-04-28,2,105.46,Online,24,210.92
615,123,2039,2022-10-29,3,28.54,Online,16,85.62
616,125,2039,2022-12-18,2,25.35,Online,19,50.7
617,103,2039,2023-09-28,2,74.85,Online,33,149.7
618,156,2040,2024-06-20,1,13.54,Online,47,13.54
619,113,2040,2022-09-29,3,122.3,In-Store,91,366.9
620,188,2040,2023-02-22,2,12.93,Online,20,25.86
621,187,2040,2024-05-07,1,95.73,In-Store,119,95.73
622,123,2040,2023-10-18,2,28.54,In-Store,108,57.08
623,173,2040,2023-05-06,4,100.75,Online,25,403.0
624,141,2040,2022-11-01,1,75.02,Online,16,75.02
625,106,2040,2022-10-04,4,41.44,In-Store,91,165.76
626,113,2040,2022-09-14,4,122.3,Online,13,489.2
627,114,2040,2022-09-05,3,120.5,Online,13,361.5
628,155,2040,2024-04-06,1,71.21,Online,43,71.21
629,138,2040,2022-09-27,2,115.15,In-Store,91,230.3
630,182,2040,2023-09-08,1,73.37,Social,183,73.37
631,146,2040,2023-11-30,4,28.76,Online,36,115.04
632,163,2040,2023-08-11,3,115.65,Online,32,346.95000000000005
633,173,2040,2025-01-18,2,100.75,Online,58,201.5
634,188,2040,2022-11-15,3,12.93,In-Store,94,38.79
635,184,2040,2022-11-01,2,120.25,Online,16,240.5
636,199,2040,2024-09-18,2,105.38,Online,51,210.76
637,174,2040,2022-10-21,2,89.89,Email,237,179.78
638,198,2041,2023-10-05,1,167.93,In-Store,108,167.93
639,169,2041,2024-01-31,2,105.46,Online,39,210.92
640,165,2041,2023-05-23,5,213.33,TV,320,1066.65
641,124,2041,2024-04-18,5,174.26,Online,44,871.3
642,155,2041,2023-10-05,5,71.21,Online,33,356.04999999999995
643,171,2041,2023-07-19,1,117.28,Social,180,117.28
644,184,2041,2024-01-01,3,120.25,Online,37,360.75
645,178,2041,2023-06-07,5,58.92,Online,27,294.6
646,112,2041,2025-06-23,3,58.11,Social,214,174.32999999999998
647,190,2041,2025-03-01,2,121.42,Social,209,242.84
648,147,2041,2024-01-02,2,193.11,In-Store,112,386.22
649,114,2041,2025-08-26,4,120.5,Online,69,482.0
650,107,2041,2024-01-14,4,110.76,Online,39,443.04
651,140,2041,2025-11-30,4,139.7,Online,75,558.8
652,179,2041,2023-11-27,2,69.62,Online,36,139.24
653,167,2041,2024-10-05,2,75.91,In-Store,127,151.82
654,110,2041,2023-06-12,2,138.19,Social,179,276.38
655,128,2041,2025-04-24,1,69.61,Online,62,69.61
656,110,2041,2024-07-31,4,138.19,Online,49,552.76
657,157,2041,2024-11-11,1,140.43,In-Store,128,140.43
658,155,2041,2024-06-11,1,71.21,Social,196,71.21
659,157,2041,2025-07-11,1,140.43,Online,67,140.43
660,183,2041,2025-07-18,2,127.82,Email,289,255.64
661,198,2041,2025-01-25,1,167.93,TV,350,167.93
662,156,2041,2023-09-07,3,13.54,Social,184,40.62
663,175,2041,2023-08-17,4,285.32,In-Store,106,1141.28
664,145,2041,2025-11-20,2,87.44,Online,74,174.88
665,200,2042,2024-01-28,3,213.63,In-Store,114,640.89
666,168,2042,2023-05-26,1,151.07,Online,27,151.07
667,158,2042,2024-05-15,4,132.56,Online,46,530.24
668,127,2042,2023-12-19,4,184.65,Online,37,738.6
669,104,2042,2024-09-08,2,50.25,Email,273,100.5
670,192,2042,2024-11-11,1,22.56,Online,54,22.56
671,119,2042,2023-04-29,3,193.28,Online,24,579.84
672,133,2042,2024-07-30,1,129.42,Social,199,129.42
673,124,2042,2023-07-22,5,174.26,Online,30,871.3
674,176,2042,2023-09-22,2,98.45,Social,184,196.9
675,163,2042,2024-05-25,3,115.65,Online,46,346.95000000000005
676,139,2042,2023-04-16,4,162.16,In-Store,100,648.64
677,183,2042,2024-03-12,1,127.82,In-Store,116,127.82
678,119,2042,2023-07-17,2,193.28,Online,29,386.56
679,196,2042,2024-11-23,4,162.21,Social,204,648.84
680,176,2042,2023-05-05,3,98.45,Online,25,295.35
681,130,2042,2024-07-08,2,117.61,In-Store,122,235.22
682,116,2042,2024-09-07,4,161.44,Online,50,645.76
683,160,2042,2025-01-10,3,74.86,Online,58,224.57999999999998
684,178,2042,2024-02-01,5,58.92,Online,39,294.6
685,127,2042,2025-09-13,5,184.65,Social,217,923.25
686,117,2042,2024-11-11,4,214.01,Online,54,856.04
687,156,2042,2023-12-09,2,13.54,Online,36,27.08
688,171,2043,2023-10-21,1,117.28,Online,34,117.28
689,176,2043,2024-01-19,4,98.45,TV,331,393.8
690,188,2043,2025-03-22,1,12.93,Online,61,12.93
691,118,2043,2023-11-10,3,128.58,Online,36,385.74
692,169,2043,2024-04-19,2,105.46,Online,43,210.92
693,192,2043,2023-10-23,2,22.56,Social,185,45.12
694,183,2043,2024-07-22,4,127.82,Online,48,511.28
695,143,2043,2023-11-09,2,18.47,Online,35,36.94
696,184,2043,2024-07-20,2,120.25,Online,48,240.5
697,156,2043,2024-03-22,2,13.54,Online,42,27.08
698,123,2043,2024-03-03,1,28.54,In-Store,117,28.54
699,163,2044,2023-11-24,5,115.65,Online,36,578.25
700,188,2044,2025-05-30,1,12.93,Online,65,12.93
701,185,2044,2024-02-21,1,143.79,Online,40,143.79
702,127,2044,2024-11-29,2,184.65,Online,56,369.3
703,165,2044,2024-02-20,3,213.33,Online,40,639.99
704,102,2044,2025-10-08,1,175.2,Online,70,175.2
705,127,2044,2024-03-07,1,184.65,In-Store,116,184.65
706,125,2044,2024-03-25,1,25.35,Online,42,25.35
707,195,2044,2024-12-06,4,109.44,In-Store,131,437.76
708,157,2044,2024-06-20,5,140.43,Online,47,702.1500000000001
709,139,2044,2024-05-19,2,162.16,Online,46,324.32
710,140,2044,2024-01-02,2,139.7,In-Store,112,279.4
711,169,2044,2024-11-13,2,105.46,Online,55,210.92
712,132,2044,2025-11-01,5,146.35,Social,220,731.75
713,168,2044,2025-09-08,3,151.07,In-Store,143,453.21
714,189,2044,2024-11-17,2,47.31,Online,54,94.62
715,152,2044,2024-10-14,2,72.34,Online,52,144.68
716,175,2044,2024-01-14,5,285.32,In-Store,112,1426.6
717,139,2044,2024-09-07,3,162.16,Online,51,486.48
718,124,2044,2024-01-17,5,174.26,Online,38,871.3
719,142,2044,2024-08-11,2,298.93,In-Store,123,597.86
720,185,2044,2023-11-02,1,143.79,TV,327,143.79
721,170,2044,2025-04-30,4,124.94,Online,63,499.76
722,124,2044,2024-08-17,3,174.26,Online,50,522.78
723,139,2044,2024-09-29,4,162.16,Online,51,648.64
724,103,2044,2024-08-17,3,74.85,TV,341,224.54999999999998
725,196,2045,2024-05-17,5,162.21,Online,45,811.0500000000001
726,116,2045,2024-07-10,4,161.44,Online,48,645.76
727,196,2045,2024-03-17,2,162.21,In-Store,117,324.42
728,144,2045,2024-04-28,1,22.73,TV,336,22.73
729,175,2045,2024-10-02,2,285.32,In-Store,126,570.64
730,141,2045,2024-07-21,5,75.02,Online,48,375.09999999999997
731,172,2045,2025-10-23,3,75.03,Online,72,225.09
732,117,2045,2024-06-21,3,214.01,In-Store,122,642.03
733,142,2045,2025-04-24,4,298.93,Online,62,1195.72
734,174,2045,2025-10-25,2,89.89,In-Store,147,179.78
735,158,2045,2025-07-01,1,132.56,Online,67,132.56
736,107,2045,2024-12-20,1,110.76,Online,56,110.76
737,117,2045,2025-05-18,3,214.01,Online,65,642.03
738,184,2045,2024-11-20,3,120.25,Online,54,360.75
739,125,2045,2024-08-09,4,25.35,Online,49,101.4
740,133,2045,2025-06-06,4,129.42,In-Store,139,517.68
741,101,2045,2024-06-30,5,116.4,Online,48,582.0
742,138,2045,2025-02-14,4,115.15,Online,59,460.6
743,188,2045,2025-11-03,2,12.93,Online,72,25.86
744,144,2045,2025-07-16,3,22.73,Online,67,68.19
745,148,2045,2025-04-06,3,47.75,Social,211,143.25
746,121,2046,2023-06-25,1,126.42,In-Store,104,126.42
747,189,2046,2024-01-18,5,47.31,Online,39,236.55
748,157,2046,2025-10-02,4,140.43,Online,70,561.72
749,167,2046,2024-06-24,2,75.91,Online,47,151.82
750,190,2046,2024-08-28,3,121.42,Online,50,364.26
751,175,2046,2025-02-28,4,285.32,Online,59,1141.28
752,161,2046,2023-11-13,4,233.25,In-Store,110,933.0
753,187,2046,2023-12-03,1,95.73,Online,37,95.73
754,132,2046,2025-01-20,4,146.35,Online,58,585.4
755,122,2046,2024-08-20,2,224.2,Email,271,448.4
756,175,2046,2023-10-09,3,285.32,In-Store,107,855.96
757,159,2046,2025-01-17,1,21.52,Email,281,21.52
758,186,2046,2024-05-17,4,29.78,Online,45,119.12
759,152,2046,2023-12-15,4,72.34,Online,37,289.36
760,110,2046,2025-02-21,2,138.19,Online,60,276.38
761,158,2046,2024-06-30,4,132.56,Social,197,530.24
762,129,2046,2024-10-31,3,269.37,Online,54,808.11
763,127,2046,2023-07-07,4,184.65,Online,29,738.6
764,165,2046,2025-06-22,2,213.33,Online,66,426.66
765,101,2046,2024-07-15,5,116.4,In-Store,123,582.0
766,172,2046,2023-10-24,4,75.03,Online,34,300.12
767,101,2046,2025-04-21,1,116.4,In-Store,137,116.4
768,131,2047,2023-08-06,2,76.52,Online,31,153.04
769,173,2047,2023-12-22,2,100.75,Online,37,201.5
770,104,2047,2023-02-23,3,50.25,Online,21,150.75
771,143,2047,2023-08-16,4,18.47,Email,251,73.88
772,131,2047,2023-09-27,4,76.52,Social,184,306.08
773,153,2047,2023-08-21,1,44.91,In-Store,106,44.91
774,113,2047,2023-12-29,4,122.3,Online,37,489.2
775,174,2047,2023-06-26,1,89.89,TV,321,89.89
776,193,2047,2024-05-25,2,28.68,In-Store,120,57.36
777,177,2048,2025-10-19,2,296.45,In-Store,146,592.9
778,189,2048,2025-04-02,5,47.31,In-Store,137,236.55
779,147,2048,2025-10-30,3,193.11,Online,72,579.33
780,152,2048,2025-04-03,5,72.34,TV,353,361.70000000000005
781,170,2048,2025-07-04,1,124.94,Online,67,124.94
782,165,2048,2025-06-02,1,213.33,In-Store,140,213.33
783,164,2048,2025-11-24,4,91.03,Online,75,364.12
784,161,2048,2025-06-25,4,233.25,Online,66,933.0
785,122,2048,2025-06-16,2,224.2,Online,66,448.4
786,166,2048,2025-07-06,5,151.16,Online,67,755.8
787,123,2048,2025-08-07,4,28.54,In-Store,143,114.16
788,101,2048,2025-12-21,1,116.4,TV,365,116.4
789,196,2048,2025-02-18,1,162.21,In-Store,134,162.21
790,132,2048,2025-07-25,5,146.35,Email,290,731.75
791,192,2048,2025-02-16,5,22.56,In-Store,134,112.8
792,135,2048,2025-01-12,4,62.14,Online,58,248.56
793,159,2048,2025-08-16,1,21.52,Online,69,21.52
794,160,2048,2025-08-24,3,74.86,TV,360,224.57999999999998
795,177,2048,2025-08-21,4,296.45,Online,69,1185.8
796,195,2048,2025-07-06,5,109.44,Online,67,547.2
797,165,2048,2025-11-29,4,213.33,In-Store,148,853.32
798,133,2048,2024-12-29,4,129.42,Online,56,517.68
799,127,2048,2025-01-09,3,184.65,Social,206,553.95
800,157,2048,2025-09-18,5,140.43,Online,70,702.1500000000001
801,194,2048,2025-03-24,4,70.1,Online,61,280.4
802,142,2048,2025-07-15,4,298.93,Social,214,1195.72
803,147,2049,2025-07-13,4,193.11,TV,356,772.44
804,169,2049,2024-05-25,3,105.46,Online,46,316.38
805,119,2049,2025-02-19,2,193.28,Online,59,386.56
806,192,2049,2025-09-06,4,22.56,Social,217,90.24
807,185,2049,2025-09-02,5,143.79,Online,70,718.9499999999999
808,142,2049,2024-10-25,1,298.93,Online,53,298.93
809,120,2049,2023-12-11,5,186.86,Online,37,934.3000000000001
810,107,2049,2025-08-23,1,110.76,In-Store,143,110.76
811,177,2049,2023-12-25,2,296.45,TV,331,592.9
812,171,2049,2025-09-09,3,117.28,Online,70,351.84000000000003
813,181,2049,2025-09-28,3,231.25,Online,71,693.75
814,181,2049,2024-08-07,4,231.25,In-Store,124,925.0
815,177,2049,2025-10-05,1,296.45,Email,292,296.45
816,181,2049,2025-09-02,5,231.25,Social,217,1156.25
817,153,2050,2024-08-02,3,44.91,Online,49,134.73
818,174,2050,2024-07-01,1,89.89,Online,48,89.89
819,152,2050,2024-08-08,1,72.34,Online,49,72.34
820,160,2050,2024-07-23,2,74.86,Social,199,149.72
821,149,2051,2024-01-09,4,64.92,In-Store,113,259.68
822,102,2051,2025-03-06,1,175.2,Online,60,175.2
823,197,2051,2025-03-18,3,270.16,In-Store,136,810.48
824,143,2051,2025-05-21,2,18.47,Online,65,36.94
825,109,2051,2023-11-10,5,69.39,Social,186,346.95
826,105,2051,2023-07-08,3,45.85,Online,29,137.55
827,197,2051,2025-12-03,5,270.16,In-Store,149,1350.8000000000002
828,190,2051,2023-07-17,1,121.42,Online,30,121.42
829,153,2051,2025-10-05,2,44.91,Online,70,89.82
830,102,2051,2024-11-26,2,175.2,Online,55,350.4
831,102,2051,2023-08-20,2,175.2,Online,32,350.4
832,158,2051,2025-07-23,1,132.56,Online,67,132.56
833,133,2051,2025-12-13,4,129.42,In-Store,149,517.68
834,188,2051,2025-08-21,4,12.93,Email,290,51.72
835,168,2051,2024-04-05,3,151.07,TV,335,453.21
836,103,2051,2023-06-08,5,74.85,Online,28,374.25
837,192,2051,2024-01-05,4,22.56,Online,38,90.24
838,128,2051,2025-05-11,3,69.61,Social,212,208.82999999999998
839,107,2051,2023-06-18,4,110.76,Online,28,443.04
840,172,2051,2024-11-01,1,75.03,Online,54,75.03
841,188,2051,2023-01-18,3,12.93,In-Store,96,38.79
842,132,2051,2024-07-03,5,146.35,Online,48,731.75
843,140,2051,2023-01-10,3,139.7,Online,19,419.09999999999997
844,103,2051,2023-11-25,1,74.85,Online,36,74.85
845,108,2052,2024-11-30,1,127.37,Online,55,127.37
846,110,2052,2025-09-04,3,138.19,Online,70,414.57
847,181,2052,2025-07-04,2,231.25,In-Store,141,462.5
848,177,2052,2025-04-02,2,296.45,Online,61,592.9
849,167,2052,2024-11-08,5,75.91,Email,277,379.54999999999995
850,122,2052,2025-11-04,1,224.2,In-Store,147,224.2
851,111,2052,2025-08-13,4,78.12,Online,69,312.48
852,116,2052,2025-02-27,1,161.44,Social,209,161.44
853,110,2052,2025-05-30,3,138.19,Online,65,414.57
854,116,2052,2024-11-19,5,161.44,Online,54,807.2
855,190,2052,2025-04-01,1,121.42,Online,61,121.42
856,125,2052,2025-08-12,5,25.35,TV,358,126.75
857,101,2052,2025-12-27,2,116.4,Social,222,232.8
858,117,2052,2025-04-11,5,214.01,Email,284,1070.05
859,181,2052,2024-10-07,1,231.25,Online,52,231.25
860,182,2052,2024-11-04,4,73.37,In-Store,128,293.48
861,174,2053,2023-09-08,2,89.89,Online,32,179.78
862,111,2053,2023-11-27,3,78.12,In-Store,111,234.36
863,160,2053,2023-09-11,2,74.86,In-Store,107,149.72
864,128,2053,2023-09-18,2,69.61,Online,33,139.22
865,154,2053,2023-07-30,2,39.53,Online,30,79.06
866,113,2054,2024-01-02,1,122.3,Social,189,122.3
867,101,2054,2023-09-13,1,116.4,Online,32,116.4
868,182,2054,2023-10-30,1,73.37,Social,185,73.37
869,128,2054,2024-12-05,2,69.61,Online,55,139.22
870,143,2054,2023-08-16,3,18.47,Social,182,55.41
871,193,2054,2023-12-06,4,28.68,Online,36,114.72
872,149,2054,2023-06-30,1,64.92,Online,28,64.92
873,108,2054,2023-10-13,3,127.37,Social,185,382.11
874,148,2054,2024-01-07,1,47.75,Email,258,47.75
875,141,2054,2023-11-27,1,75.02,Online,36,75.02
876,163,2054,2024-02-05,1,115.65,Online,40,115.65
877,197,2055,2022-07-31,5,270.16,In-Store,87,1350.8000000000002
878,168,2055,2024-04-15,2,151.07,Email,263,302.14
879,131,2055,2025-06-06,2,76.52,Online,66,153.04
880,142,2055,2022-12-28,4,298.93,In-Store,95,1195.72
881,110,2055,2025-11-27,5,138.19,Online,74,690.95
882,142,2055,2024-11-02,3,298.93,Online,54,896.79
883,129,2055,2024-11-12,3,269.37,In-Store,129,808.11
884,199,2055,2022-08-16,2,105.38,In-Store,88,210.76
885,111,2055,2023-04-25,1,78.12,TV,320,78.12
886,116,2055,2022-07-01,2,161.44,Online,9,322.88
887,157,2055,2024-04-26,1,140.43,Online,43,140.43
888,150,2055,2025-06-21,5,66.48,Social,214,332.40000000000003
889,148,2055,2023-11-28,2,47.75,Social,187,95.5
890,144,2055,2022-10-02,2,22.73,Email,236,45.46
891,129,2055,2024-04-27,5,269.37,Online,44,1346.85
892,102,2055,2024-05-27,3,175.2,Online,46,525.5999999999999
893,133,2055,2023-11-19,5,129.42,In-Store,110,647.0999999999999
894,131,2055,2022-12-26,1,76.52,In-Store,96,76.52
895,133,2055,2023-07-05,4,129.42,Online,29,517.68
896,105,2055,2022-04-27,5,45.85,Online,5,229.25
897,196,2055,2023-08-25,5,162.21,Online,32,811.0500000000001
898,170,2055,2024-07-30,4,124.94,Online,49,499.76
899,183,2055,2025-01-03,4,127.82,Online,57,511.28
900,151,2055,2022-09-16,4,170.44,In-Store,90,681.76
901,124,2055,2024-07-12,2,174.26,Online,48,348.52
902,183,2055,2025-06-28,5,127.82,Online,66,639.0999999999999
903,124,2055,2024-08-03,1,174.26,In-Store,124,174.26
904,151,2055,2022-10-13,1,170.44,Social,165,170.44
905,133,2055,2025-05-21,1,129.42,Online,65,129.42
906,121,2055,2023-09-15,5,126.42,In-Store,107,632.1
907,111,2055,2024-06-05,1,78.12,Online,46,78.12
908,103,2055,2023-08-31,2,74.85,In-Store,106,149.7
909,127,2055,2024-02-09,5,184.65,Online,40,923.25
910,196,2055,2022-03-06,5,162.21,Email,225,811.0500000000001
911,197,2056,2024-11-25,2,270.16,Online,55,540.32
912,102,2056,2023-07-31,3,175.2,Social,181,525.5999999999999
913,120,2056,2023-12-26,4,186.86,Online,37,747.44
914,151,2056,2023-04-22,3,170.44,Social,177,511.32
915,125,2056,2024-02-23,1,25.35,In-Store,114,25.35
916,189,2056,2025-11-05,4,47.31,Social,220,189.24
917,168,2056,2025-11-02,1,151.07,In-Store,147,151.07
918,123,2056,2024-10-26,5,28.54,Online,53,142.7
919,152,2056,2024-01-05,1,72.34,Online,38,72.34
920,117,2056,2025-01-26,3,214.01,TV,350,642.03
921,129,2056,2024-08-19,3,269.37,Online,49,808.11
922,181,2056,2023-04-07,3,231.25,In-Store,100,693.75
923,166,2056,2025-11-26,5,151.16,In-Store,148,755.8
924,142,2056,2023-04-22,4,298.93,Social,177,1195.72
925,130,2056,2023-12-26,1,117.61,Online,37,117.61
926,159,2056,2025-08-09,1,21.52,Online,69,21.52
927,171,2056,2025-04-22,3,117.28,Social,211,351.84000000000003
928,142,2056,2025-09-16,5,298.93,Online,70,1494.65
929,168,2056,2025-02-22,4,151.07,In-Store,135,604.28
930,185,2056,2024-09-26,1,143.79,In-Store,125,143.79
931,122,2056,2025-02-11,1,224.2,Online,59,224.2
932,200,2056,2025-09-27,3,213.63,Online,71,640.89
933,104,2056,2023-03-28,2,50.25,Online,22,100.5
934,182,2056,2024-01-12,3,73.37,In-Store,112,220.11
935,157,2056,2024-02-07,3,140.43,Online,39,421.29
936,122,2056,2024-11-03,1,224.2,Online,53,224.2
937,139,2057,2023-11-23,3,162.16,Online,36,486.48
938,169,2057,2024-07-14,1,105.46,Online,48,105.46
939,161,2057,2023-12-08,3,233.25,In-Store,111,699.75
940,136,2057,2024-12-15,5,134.23,Online,56,671.15
941,105,2057,2023-10-16,2,45.85,TV,326,91.7
942,163,2057,2024-02-06,1,115.65,Online,39,115.65
943,155,2057,2023-08-21,3,71.21,Online,32,213.63
944,109,2057,2025-06-13,4,69.39,Online,65,277.56
945,187,2057,2023-10-28,3,95.73,In-Store,109,287.19
946,156,2057,2024-01-13,3,13.54,Social,189,40.62
947,174,2057,2023-12-09,2,89.89,Online,36,179.78
948,122,2057,2024-09-18,3,224.2,Online,51,672.5999999999999
949,144,2057,2024-05-19,4,22.73,Online,46,90.92
950,133,2057,2024-08-07,4,129.42,Online,49,517.68
951,172,2057,2025-01-09,3,75.03,Online,57,225.09
952,175,2057,2025-06-20,4,285.32,Online,66,1141.28
953,160,2057,2024-11-08,4,74.86,Online,54,299.44
954,196,2057,2025-02-11,4,162.21,Online,59,648.84
955,190,2058,2024-01-11,3,121.42,In-Store,113,364.26
956,169,2058,2023-09-01,3,105.46,Online,32,316.38
957,106,2058,2023-07-21,3,41.44,Online,30,124.32
958,143,2058,2024-01-16,4,18.47,Online,38,73.88
959,186,2058,2023-11-09,1,29.78,Online,35,29.78
960,188,2058,2023-08-26,4,12.93,Social,182,51.72
961,180,2058,2023-10-06,1,97.9,Online,33,97.9
962,171,2058,2023-11-02,1,117.28,Online,35,117.28
963,125,2059,2024-11-04,3,25.35,In-Store,128,76.05000000000001
964,171,2059,2024-10-30,3,117.28,Social,203,351.84000000000003
965,123,2059,2025-02-06,1,28.54,In-Store,134,28.54
966,128,2060,2022-10-26,5,69.61,Online,14,348.05
967,165,2060,2025-04-19,2,213.33,Online,63,426.66
968,124,2060,2024-04-06,1,174.26,Social,193,174.26
969,185,2060,2023-08-25,1,143.79,Online,32,143.79
970,191,2060,2023-03-14,2,196.98,Online,22,393.96
971,127,2060,2025-03-06,5,184.65,Online,60,923.25
972,165,2060,2022-10-31,3,213.33,Online,16,639.99
973,112,2060,2023-07-21,5,58.11,Online,30,290.55
974,104,2060,2025-12-15,5,50.25,Online,76,251.25
975,167,2060,2023-05-05,2,75.91,Online,25,151.82
976,191,2060,2023-11-14,5,196.98,Online,36,984.9
977,157,2060,2025-03-19,1,140.43,TV,352,140.43
978,122,2060,2025-04-14,3,224.2,Online,63,672.5999999999999
979,130,2060,2023-02-14,4,117.61,Online,20,470.44
980,166,2060,2024-02-10,5,151.16,Online,40,755.8
981,161,2060,2025-10-10,5,233.25,Online,71,1166.25
982,159,2060,2024-07-05,4,21.52,Social,198,86.08
983,198,2060,2025-02-02,2,167.93,Online,59,335.86
984,198,2060,2025-05-05,5,167.93,Online,64,839.6500000000001
985,136,2060,2022-11-15,2,134.23,Online,17,268.46
986,181,2060,2025-09-05,2,231.25,Online,69,462.5
987,172,2060,2024-03-21,1,75.03,Email,263,75.03
988,119,2060,2025-03-26,4,193.28,In-Store,137,773.12
989,197,2061,2025-06-28,5,270.16,Online,66,1350.8000000000002
990,153,2061,2024-12-22,5,44.91,Online,56,224.54999999999998
991,152,2061,2025-10-19,1,72.34,Online,71,72.34
992,116,2061,2024-07-06,1,161.44,Online,47,161.44
993,163,2061,2025-12-21,2,115.65,TV,366,231.3
994,118,2061,2024-09-24,2,128.58,In-Store,126,257.16
995,197,2061,2025-02-22,4,270.16,Email,282,1080.64
996,109,2061,2024-03-29,1,69.39,Online,42,69.39
997,106,2061,2024-04-09,3,41.44,In-Store,118,124.32
998,153,2061,2024-02-25,3,44.91,Online,40,134.73
999,182,2061,2025-04-30,5,73.37,In-Store,138,366.85
1000,168,2061,2024-08-13,4,151.07,In-Store,124,604.28
1001,116,2061,2024-09-12,2,161.44,Online,51,322.88
1002,142,2061,2025-07-20,2,298.93,Online,68,597.86
1003,138,2061,2024-02-19,1,115.15,Online,40,115.15
1004,121,2061,2024-06-17,3,126.42,In-Store,121,379.26
1005,187,2061,2025-08-29,1,95.73,Online,68,95.73
1006,132,2061,2025-12-24,5,146.35,Online,77,731.75
1007,116,2062,2025-06-15,5,161.44,Online,65,807.2
1008,162,2062,2025-08-03,2,23.29,Social,215,46.58
1009,189,2062,2025-01-31,4,47.31,Social,207,189.24
1010,183,2062,2025-06-13,5,127.82,Online,66,639.0999999999999
1011,143,2062,2024-03-08,1,18.47,In-Store,117,18.47
1012,110,2062,2024-10-12,3,138.19,Email,276,414.57
1013,174,2062,2024-07-23,3,89.89,Online,48,269.67
1014,154,2062,2024-04-18,1,39.53,Online,44,39.53
1015,135,2062,2024-07-13,5,62.14,Online,48,310.7
1016,188,2062,2024-12-21,5,12.93,In-Store,131,64.65
1017,126,2062,2024-03-01,3,62.9,In-Store,114,188.7
1018,142,2062,2023-12-12,3,298.93,Online,36,896.79
1019,157,2062,2025-12-31,2,140.43,Online,77,280.86
1020,127,2062,2025-11-29,1,184.65,Online,75,184.65
1021,200,2062,2024-01-22,5,213.63,Email,259,1068.15
1022,163,2062,2025-10-28,1,115.65,Online,73,115.65
1023,117,2062,2024-01-20,5,214.01,In-Store,113,1070.05
1024,161,2062,2024-01-30,4,233.25,Email,259,933.0
1025,134,2062,2024-08-12,1,113.57,Online,49,113.57
1026,190,2062,2025-04-11,3,121.42,Online,62,364.26
1027,189,2062,2024-09-14,2,47.31,Online,51,94.62
1028,124,2062,2024-01-04,2,174.26,Online,38,348.52
1029,137,2062,2024-12-01,1,90.95,In-Store,130,90.95
1030,193,2062,2024-01-01,4,28.68,In-Store,112,114.72
1031,183,2062,2025-01-22,5,127.82,Online,59,639.0999999999999
1032,102,2062,2025-01-30,5,175.2,TV,350,876.0
1033,106,2062,2024-11-19,3,41.44,Online,55,124.32
1034,127,2062,2024-01-07,1,184.65,In-Store,113,184.65
1035,144,2062,2024-06-28,5,22.73,In-Store,121,113.65
1036,195,2062,2023-11-24,2,109.44,Social,186,218.88
1037,127,2062,2024-01-26,4,184.65,Online,40,738.6
1038,111,2063,2024-05-22,2,78.12,TV,337,156.24
1039,131,2063,2023-10-09,4,76.52,In-Store,108,306.08
1040,181,2063,2025-04-01,3,231.25,Email,284,693.75
1041,154,2063,2023-12-26,3,39.53,Social,189,118.59
1042,118,2063,2025-10-25,3,128.58,Email,293,385.74
1043,121,2063,2025-08-05,2,126.42,Online,68,252.84
1044,140,2063,2024-02-27,5,139.7,Online,41,698.5
1045,196,2063,2023-07-24,4,162.21,In-Store,105,648.84
1046,105,2063,2025-02-24,1,45.85,Online,60,45.85
1047,173,2063,2023-10-17,5,100.75,Online,34,503.75
1048,124,2063,2025-06-27,1,174.26,Online,66,174.26
1049,110,2063,2025-09-11,1,138.19,TV,360,138.19
1050,193,2063,2025-05-14,4,28.68,TV,354,114.72
1051,132,2063,2023-06-20,1,146.35,Online,28,146.35
1052,111,2063,2025-01-21,1,78.12,Online,59,78.12
1053,110,2063,2025-10-21,4,138.19,Online,71,552.76
1054,170,2063,2024-06-24,1,124.94,Online,47,124.94
1055,132,2063,2024-06-21,4,146.35,Online,47,585.4
1056,175,2063,2025-04-05,5,285.32,In-Store,137,1426.6
1057,181,2063,2023-06-25,3,231.25,Email,249,693.75
1058,121,2064,2024-05-15,2,126.42,In-Store,120,252.84
1059,107,2064,2024-02-20,3,110.76,In-Store,114,332.28000000000003
1060,154,2064,2023-09-17,4,39.53,Social,184,158.12
1061,194,2064,2023-04-13,1,70.1,Social,177,70.1
1062,130,2064,2024-07-06,4,117.61,TV,338,470.44
1063,156,2064,2024-05-06,3,13.54,Social,195,40.62
1064,183,2064,2024-02-12,4,127.82,Online,40,511.28
1065,135,2064,2023-04-18,3,62.14,Online,24,186.42000000000002
1066,144,2065,2023-12-23,2,22.73,Online,37,45.46
1067,156,2065,2023-12-07,1,13.54,Online,36,13.54
1068,123,2065,2023-12-05,3,28.54,Online,36,85.62
1069,104,2065,2024-08-02,2,50.25,In-Store,124,100.5
1070,150,2065,2024-01-06,3,66.48,Online,38,199.44
1071,159,2065,2024-09-14,4,21.52,Online,51,86.08
1072,131,2066,2024-08-05,5,76.52,Online,49,382.59999999999997
1073,135,2066,2024-10-22,3,62.14,Social,202,186.42000000000002
1074,177,2066,2024-02-03,1,296.45,Online,40,296.45
1075,181,2066,2025-09-14,3,231.25,Online,70,693.75
1076,146,2066,2024-04-23,5,28.76,Email,263,143.8
1077,130,2066,2024-08-21,5,117.61,Online,50,588.05
1078,128,2066,2023-06-13,3,69.61,In-Store,103,208.82999999999998
1079,108,2066,2024-08-20,4,127.37,Online,50,509.48
1080,140,2066,2024-01-25,5,139.7,In-Store,113,698.5
1081,170,2066,2024-05-23,1,124.94,Online,46,124.94
1082,184,2066,2025-12-05,5,120.25,Online,74,601.25
1083,102,2066,2024-05-13,3,175.2,TV,337,525.5999999999999
1084,150,2066,2023-03-07,3,66.48,Online,22,199.44
1085,185,2066,2023-05-04,3,143.79,Online,24,431.37
1086,134,2066,2025-12-06,5,113.57,Online,74,567.8499999999999
1087,170,2066,2024-03-25,3,124.94,Social,192,374.82
1088,196,2066,2025-06-02,4,162.21,Social,213,648.84
1089,147,2066,2023-11-22,5,193.11,In-Store,110,965.5500000000001
1090,128,2066,2024-12-19,3,69.61,Online,56,208.82999999999998
1091,168,2066,2024-09-26,2,151.07,Online,51,302.14
1092,124,2066,2024-09-19,5,174.26,Online,51,871.3
1093,112,2066,2024-04-10,5,58.11,In-Store,119,290.55
1094,163,2067,2022-10-10,3,115.65,Email,237,346.95000000000005
1095,144,2067,2022-06-07,4,22.73,Social,160,90.92
1096,158,2067,2023-05-22,1,132.56,In-Store,102,132.56
1097,150,2067,2023-07-13,2,66.48,Online,29,132.96
1098,173,2067,2023-08-21,1,100.75,TV,324,100.75
1099,148,2068,2023-07-25,5,47.75,In-Store,105,238.75
1100,157,2068,2024-08-25,1,140.43,Social,200,140.43
1101,142,2068,2025-04-06,5,298.93,Online,62,1494.65
1102,177,2068,2025-03-31,3,296.45,Online,61,889.3499999999999
1103,118,2068,2025-07-13,2,128.58,Online,67,257.16
1104,191,2068,2024-05-02,3,196.98,In-Store,119,590.9399999999999
1105,108,2068,2022-12-14,4,127.37,In-Store,95,509.48
1106,123,2068,2024-08-08,3,28.54,In-Store,123,85.62
1107,175,2068,2022-09-25,4,285.32,In-Store,91,1141.28
1108,189,2068,2024-10-27,2,47.31,In-Store,128,94.62
1109,122,2068,2023-01-03,2,224.2,In-Store,96,448.4
1110,110,2068,2024-08-03,2,138.19,In-Store,123,276.38
1111,124,2068,2023-11-30,1,174.26,Online,36,174.26
1112,125,2068,2024-08-31,2,25.35,In-Store,125,50.7
1113,186,2068,2025-11-07,2,29.78,Social,220,59.56
1114,122,2068,2024-11-06,1,224.2,Online,53,224.2
1115,121,2068,2025-05-31,4,126.42,In-Store,139,505.68
1116,141,2068,2023-01-05,4,75.02,Online,19,300.08
1117,170,2068,2023-03-29,2,124.94,Online,22,249.88
1118,163,2068,2025-04-10,4,115.65,Online,61,462.6
1119,141,2068,2024-07-23,2,75.02,In-Store,123,150.04
1120,119,2068,2022-12-21,3,193.28,In-Store,95,579.84
1121,185,2068,2025-10-05,1,143.79,Online,70,143.79
1122,172,2068,2024-04-17,4,75.03,In-Store,118,300.12
1123,185,2068,2024-09-30,4,143.79,In-Store,126,575.16
1124,185,2069,2025-10-07,5,143.79,Online,71,718.9499999999999
1125,130,2069,2024-10-05,3,117.61,In-Store,127,352.83
1126,165,2069,2025-05-22,4,213.33,Online,64,853.32
1127,184,2069,2025-10-06,1,120.25,Online,70,120.25
1128,190,2069,2025-06-11,5,121.42,Online,66,607.1
1129,120,2069,2025-06-27,4,186.86,Online,66,747.44
1130,102,2069,2025-04-16,2,175.2,TV,352,350.4
1131,178,2069,2024-10-23,2,58.92,Online,53,117.84
1132,141,2069,2025-02-21,5,75.02,Online,59,375.09999999999997
1133,190,2069,2025-03-28,1,121.42,Online,61,121.42
1134,126,2069,2025-06-08,2,62.9,Online,65,125.8
1135,188,2069,2025-02-11,1,12.93,Email,282,12.93
1136,108,2069,2025-09-08,1,127.37,Online,69,127.37
1137,200,2069,2025-12-05,2,213.63,Online,75,427.26
1138,145,2069,2024-10-22,5,87.44,Online,53,437.2
1139,136,2069,2025-01-09,1,134.23,Online,58,134.23
1140,183,2069,2025-02-23,5,127.82,Online,59,639.0999999999999
1141,107,2069,2025-05-17,4,110.76,Online,65,443.04
1142,135,2070,2025-09-03,1,62.14,Online,69,62.14
1143,131,2070,2025-04-16,1,76.52,Social,211,76.52
1144,200,2070,2025-01-27,1,213.63,TV,349,213.63
1145,110,2070,2025-10-23,2,138.19,In-Store,146,276.38
1146,132,2070,2025-02-21,3,146.35,Online,60,439.04999999999995
1147,152,2070,2025-07-26,1,72.34,In-Store,142,72.34
1148,118,2070,2025-02-15,1,128.58,Online,59,128.58
1149,133,2070,2025-12-28,5,129.42,Online,77,647.0999999999999
1150,123,2070,2025-11-11,1,28.54,Email,294,28.54
1151,170,2070,2025-07-25,2,124.94,In-Store,142,249.88
1152,186,2070,2025-11-27,2,29.78,Online,75,59.56
1153,120,2070,2024-11-23,2,186.86,In-Store,130,373.72
1154,147,2070,2025-01-29,1,193.11,TV,350,193.11
1155,144,2070,2025-11-19,2,22.73,Online,74,45.46
1156,168,2070,2024-10-11,5,151.07,Online,52,755.3499999999999
1157,158,2070,2024-12-07,3,132.56,In-Store,131,397.68
1158,192,2070,2025-07-27,3,22.56,Online,67,67.67999999999999
1159,137,2070,2025-08-09,3,90.95,Social,215,272.85
1160,157,2071,2025-08-13,4,140.43,In-Store,143,561.72
1161,106,2071,2025-06-10,1,41.44,Online,66,41.44
1162,126,2071,2025-11-30,3,62.9,Online,75,188.7
1163,175,2071,2025-04-21,4,285.32,Online,63,1141.28
1164,194,2071,2025-04-30,1,70.1,Online,63,70.1
1165,165,2071,2025-03-27,4,213.33,Social,210,853.32
1166,184,2071,2025-11-21,4,120.25,In-Store,147,481.0
1167,190,2071,2024-09-19,5,121.42,Online,51,607.1
1168,188,2071,2025-11-14,1,12.93,In-Store,148,12.93
1169,102,2071,2025-02-17,3,175.2,Online,59,525.5999999999999
1170,139,2071,2025-10-24,4,162.16,Online,72,648.64
1171,185,2071,2024-10-02,2,143.79,Online,51,287.58
1172,108,2071,2025-10-29,4,127.37,Online,72,509.48
1173,125,2071,2025-06-25,5,25.35,Online,66,126.75
1174,139,2071,2025-07-22,5,162.16,In-Store,142,810.8
1175,193,2071,2024-11-10,1,28.68,TV,346,28.68
1176,189,2071,2024-09-15,1,47.31,In-Store,126,47.31
1177,118,2071,2025-02-22,5,128.58,Online,60,642.9000000000001
1178,144,2071,2024-09-30,3,22.73,Online,52,68.19
1179,186,2071,2024-11-24,4,29.78,Social,204,119.12
1180,181,2071,2024-12-31,2,231.25,Email,280,462.5
1181,183,2071,2025-02-21,5,127.82,In-Store,134,639.0999999999999
1182,136,2071,2025-12-30,1,134.23,In-Store,150,134.23
1183,117,2072,2025-03-24,4,214.01,Online,61,856.04
1184,129,2072,2024-01-01,2,269.37,In-Store,112,538.74
1185,140,2072,2023-10-20,1,139.7,Social,185,139.7
1186,175,2072,2024-07-13,2,285.32,Social,198,570.64
1187,131,2072,2023-12-05,1,76.52,Online,37,76.52
1188,170,2072,2024-09-28,5,124.94,In-Store,126,624.7
1189,170,2072,2023-04-07,5,124.94,In-Store,100,624.7
1190,183,2072,2023-07-03,3,127.82,In-Store,104,383.46
1191,199,2072,2024-10-18,1,105.38,Online,53,105.38
1192,133,2072,2024-12-26,3,129.42,TV,348,388.26
1193,189,2072,2025-08-24,3,47.31,Online,69,141.93
1194,169,2072,2023-08-30,5,105.46,Online,32,527.3
1195,197,2072,2024-01-04,5,270.16,Online,38,1350.8000000000002
1196,110,2072,2024-07-23,4,138.19,In-Store,123,552.76
1197,131,2072,2024-07-03,1,76.52,Online,48,76.52
1198,142,2072,2025-08-27,4,298.93,In-Store,143,1195.72
1199,193,2072,2024-12-02,5,28.68,Online,55,143.4
1200,132,2072,2024-02-27,1,146.35,Online,41,146.35
1201,177,2072,2023-05-13,4,296.45,In-Store,101,1185.8
1202,147,2072,2022-11-19,5,193.11,Social,168,965.5500000000001
1203,183,2072,2025-05-07,5,127.82,In-Store,138,639.0999999999999
1204,154,2072,2022-09-29,3,39.53,Online,13,118.59
1205,153,2072,2024-04-22,1,44.91,Online,43,44.91
1206,178,2072,2025-08-01,1,58.92,Online,68,58.92
1207,114,2072,2023-08-03,4,120.5,Online,30,482.0
1208,189,2073,2023-07-21,3,47.31,Online,30,141.93
1209,111,2073,2023-12-13,2,78.12,In-Store,111,156.24
1210,154,2073,2022-11-16,3,39.53,In-Store,93,118.59
1211,133,2073,2023-06-15,3,129.42,TV,321,388.26
1212,133,2073,2023-04-26,1,129.42,Email,245,129.42
1213,103,2074,2023-02-05,1,74.85,Online,20,74.85
1214,110,2074,2023-05-06,4,138.19,Social,177,552.76
1215,110,2074,2023-04-20,4,138.19,Online,24,552.76
1216,187,2074,2025-08-09,5,95.73,Online,69,478.65000000000003
1217,133,2074,2022-09-18,4,129.42,TV,310,517.68
1218,116,2074,2024-03-08,5,161.44,Social,192,807.2
1219,140,2074,2025-10-28,2,139.7,Online,73,279.4
1220,163,2074,2023-10-23,3,115.65,Online,34,346.95000000000005
1221,177,2074,2024-01-27,2,296.45,Email,259,592.9
1222,119,2074,2023-06-04,4,193.28,Online,28,773.12
1223,136,2074,2024-12-30,4,134.23,Online,58,536.92
1224,127,2074,2022-09-11,2,184.65,Online,12,369.3
1225,162,2074,2023-03-11,3,23.29,Online,22,69.87
1226,195,2074,2025-04-16,1,109.44,Online,63,109.44
1227,189,2074,2025-10-19,3,47.31,In-Store,146,141.93
1228,102,2074,2023-09-29,4,175.2,In-Store,108,700.8
1229,163,2074,2024-05-18,4,115.65,Email,265,462.6
1230,111,2074,2025-10-23,2,78.12,Online,72,156.24
1231,118,2074,2023-07-09,2,128.58,Online,29,257.16
1232,140,2075,2024-06-02,5,139.7,In-Store,120,698.5
1233,136,2075,2025-03-17,5,134.23,In-Store,136,671.15
1234,166,2075,2025-11-10,4,151.16,Online,73,604.64
1235,110,2075,2024-02-21,2,138.19,Online,41,276.38
1236,118,2075,2025-11-09,2,128.58,Online,73,257.16
1237,121,2075,2024-02-19,1,126.42,Online,40,126.42
1238,182,2075,2025-05-14,4,73.37,Online,63,293.48
1239,110,2075,2025-07-15,2,138.19,In-Store,141,276.38
1240,144,2075,2025-03-11,4,22.73,Online,60,90.92
1241,127,2075,2025-08-06,1,184.65,Social,215,184.65
1242,145,2075,2024-09-25,3,87.44,In-Store,126,262.32
1243,179,2075,2025-05-11,4,69.62,In-Store,139,278.48
1244,133,2075,2024-11-01,5,129.42,Social,203,647.0999999999999
1245,127,2075,2025-12-17,1,184.65,Social,222,184.65
1246,191,2075,2025-06-10,3,196.98,In-Store,139,590.9399999999999
1247,179,2075,2024-09-24,2,69.62,Online,52,139.24
1248,126,2075,2024-08-20,1,62.9,Online,50,62.9
1249,104,2075,2025-02-22,1,50.25,In-Store,135,50.25
1250,175,2075,2025-01-20,3,285.32,Email,281,855.96
1251,196,2075,2025-07-17,5,162.21,Online,67,811.0500000000001
1252,166,2075,2025-12-12,4,151.16,Online,76,604.64
1253,117,2076,2025-02-11,1,214.01,TV,350,214.01
1254,125,2076,2024-06-28,4,25.35,TV,339,101.4
1255,121,2076,2025-09-05,4,126.42,In-Store,144,505.68
1256,104,2076,2025-12-07,1,50.25,Online,76,50.25
1257,149,2076,2024-10-31,2,64.92,Social,203,129.84
1258,118,2076,2024-10-09,1,128.58,Online,52,128.58
1259,147,2076,2024-07-30,5,193.11,Online,49,965.5500000000001
1260,104,2076,2024-12-12,1,50.25,Online,56,50.25
1261,172,2076,2025-04-17,2,75.03,Email,285,150.06
1262,121,2076,2025-06-07,4,126.42,Online,66,505.68
1263,158,2076,2024-07-29,5,132.56,Online,49,662.8
1264,175,2076,2025-02-25,4,285.32,Online,59,1141.28
1265,156,2076,2024-12-17,4,13.54,Online,56,54.16
1266,158,2076,2024-05-31,5,132.56,Online,46,662.8
1267,183,2076,2025-05-12,1,127.82,In-Store,138,127.82
1268,181,2076,2025-09-14,1,231.25,Online,70,231.25
1269,185,2076,2024-08-24,5,143.79,In-Store,125,718.9499999999999
1270,110,2076,2024-06-17,1,138.19,Online,47,138.19
1271,175,2076,2025-06-15,2,285.32,Online,66,570.64
1272,129,2076,2024-12-09,2,269.37,Online,56,538.74
1273,128,2077,2023-07-06,2,69.61,Online,29,139.22
1274,164,2077,2022-11-21,1,91.03,In-Store,94,91.03
1275,107,2077,2022-12-27,2,110.76,Online,19,221.52
1276,159,2077,2022-11-10,1,21.52,Online,17,21.52
1277,156,2077,2022-12-28,1,13.54,Online,19,13.54
1278,146,2077,2022-08-19,2,28.76,Online,12,57.52
1279,107,2077,2023-07-27,2,110.76,Online,30,221.52
1280,145,2077,2024-03-07,2,87.44,Online,41,174.88
1281,133,2077,2023-03-31,2,129.42,Online,24,258.84
1282,137,2077,2022-08-25,3,90.95,Online,12,272.85
1283,171,2077,2022-11-10,3,117.28,In-Store,93,351.84000000000003
1284,133,2078,2025-09-26,5,129.42,In-Store,145,647.0999999999999
1285,102,2078,2024-11-20,3,175.2,Online,55,525.5999999999999
1286,145,2078,2025-04-12,3,87.44,Online,61,262.32
1287,122,2078,2023-08-21,4,224.2,Online,32,896.8
1288,166,2078,2023-02-07,2,151.16,Online,20,302.32
1289,126,2078,2025-01-27,3,62.9,In-Store,134,188.7
1290,180,2078,2025-10-03,3,97.9,In-Store,144,293.70000000000005
1291,160,2078,2025-12-26,1,74.86,Online,77,74.86
1292,191,2078,2025-02-13,1,196.98,Online,59,196.98
1293,140,2078,2024-06-18,4,139.7,Online,47,558.8
1294,107,2078,2022-07-30,5,110.76,Online,10,553.8000000000001
1295,183,2078,2025-09-07,4,127.82,Online,69,511.28
1296,122,2078,2023-10-27,3,224.2,In-Store,109,672.5999999999999
1297,119,2078,2025-02-28,3,193.28,Online,60,579.84
1298,172,2078,2023-10-08,5,75.03,Online,33,375.15
1299,107,2078,2024-11-04,5,110.76,Online,54,553.8000000000001
1300,157,2078,2022-08-13,2,140.43,Email,235,280.86
1301,193,2078,2025-10-20,5,28.68,Online,72,143.4
1302,157,2079,2022-10-18,3,140.43,In-Store,91,421.29
1303,155,2079,2022-04-26,3,71.21,In-Store,84,213.63
1304,132,2079,2022-10-22,4,146.35,Online,14,585.4
1305,196,2079,2024-08-06,2,162.21,Online,49,324.42
1306,158,2079,2022-12-24,1,132.56,Online,19,132.56
1307,107,2079,2023-02-26,2,110.76,Online,22,221.52
1308,109,2079,2025-02-16,3,69.39,Online,59,208.17000000000002
1309,129,2079,2022-11-28,4,269.37,Online,18,1077.48
1310,174,2079,2024-03-23,4,89.89,In-Store,117,359.56
1311,164,2079,2024-08-12,1,91.03,Online,49,91.03
1312,108,2079,2023-10-19,2,127.37,Online,34,254.74
1313,116,2079,2023-11-06,4,161.44,In-Store,109,645.76
1314,191,2079,2025-01-03,4,196.98,In-Store,132,787.92
1315,183,2079,2025-04-21,5,127.82,Online,62,639.0999999999999
1316,198,2079,2023-05-02,3,167.93,Online,24,503.79
1317,129,2079,2022-01-09,4,269.37,Email,223,1077.48
1318,157,2079,2025-08-20,4,140.43,Online,69,561.72
1319,183,2079,2023-03-14,1,127.82,Online,22,127.82
1320,102,2079,2025-09-06,2,175.2,Online,70,350.4
1321,103,2079,2024-03-08,4,74.85,Online,41,299.4
1322,196,2079,2024-05-18,4,162.21,In-Store,120,648.84
1323,125,2079,2022-08-11,1,25.35,Online,11,25.35
1324,194,2079,2022-08-01,4,70.1,Social,162,280.4
1325,118,2079,2022-01-31,2,128.58,In-Store,79,257.16
1326,109,2079,2024-03-02,1,69.39,Online,41,69.39
1327,163,2079,2025-10-09,1,115.65,Online,70,115.65
1328,143,2079,2023-06-19,1,18.47,In-Store,103,18.47
1329,163,2079,2024-07-16,4,115.65,In-Store,123,462.6
1330,168,2080,2024-03-24,2,151.07,TV,335,302.14
1331,133,2080,2025-02-28,1,129.42,Online,59,129.42
1332,189,2080,2024-01-27,5,47.31,Online,40,236.55
1333,135,2080,2025-01-25,4,62.14,Online,59,248.56
1334,151,2080,2024-10-14,1,170.44,Social,203,170.44
1335,161,2080,2024-10-05,5,233.25,In-Store,126,1166.25
1336,174,2080,2023-08-06,3,89.89,In-Store,106,269.67
1337,167,2080,2022-04-25,2,75.91,Online,6,151.82
1338,197,2080,2024-07-09,3,270.16,Online,48,810.48
1339,154,2080,2022-05-19,3,39.53,In-Store,84,118.59
1340,153,2080,2025-02-28,2,44.91,Online,60,89.82
1341,142,2080,2025-03-07,2,298.93,In-Store,135,597.86
1342,147,2080,2024-08-06,3,193.11,TV,341,579.33
1343,181,2080,2025-08-23,5,231.25,In-Store,143,1156.25
1344,151,2080,2022-05-30,3,170.44,Online,6,511.32
1345,184,2080,2025-08-06,1,120.25,Online,68,120.25
1346,124,2080,2022-08-16,3,174.26,Online,11,522.78
1347,162,2081,2025-04-07,1,23.29,Social,211,23.29
1348,127,2081,2025-10-04,2,184.65,In-Store,145,369.3
1349,173,2081,2025-05-24,5,100.75,Social,212,503.75
1350,148,2081,2025-03-24,1,47.75,Online,61,47.75
1351,136,2081,2025-11-14,4,134.23,Online,74,536.92
1352,127,2081,2025-01-24,1,184.65,In-Store,133,184.65
1353,144,2081,2025-01-19,3,22.73,Online,58,68.19
1354,142,2081,2025-02-15,4,298.93,In-Store,134,1195.72
1355,197,2081,2025-04-25,5,270.16,In-Store,138,1350.8000000000002
1356,181,2081,2025-06-08,2,231.25,Online,66,462.5
1357,168,2081,2025-06-15,5,151.07,Online,66,755.3499999999999
1358,138,2081,2025-11-01,5,115.15,Online,73,575.75
1359,195,2081,2025-08-20,5,109.44,Online,68,547.2
1360,164,2082,2025-01-19,2,91.03,Online,58,182.06
1361,102,2082,2025-11-27,2,175.2,In-Store,149,350.4
1362,121,2082,2024-07-17,5,126.42,TV,339,632.1
1363,155,2082,2025-11-02,3,71.21,Online,72,213.63
1364,142,2082,2025-03-07,3,298.93,Online,60,896.79
1365,117,2082,2025-09-24,5,214.01,In-Store,145,1070.05
1366,129,2082,2025-01-30,4,269.37,TV,350,1077.48
1367,130,2082,2023-03-29,3,117.61,In-Store,99,352.83
1368,108,2082,2025-11-11,4,127.37,Email,294,509.48
1369,131,2082,2023-11-06,1,76.52,Online,35,76.52
1370,119,2082,2024-05-02,1,193.28,In-Store,119,193.28
1371,187,2082,2024-02-10,4,95.73,In-Store,114,382.92
1372,186,2082,2025-01-30,4,29.78,Email,281,119.12
1373,132,2082,2024-09-03,3,146.35,In-Store,124,439.04999999999995
1374,192,2083,2023-06-11,3,22.56,TV,321,67.67999999999999
1375,190,2083,2023-05-09,3,121.42,Online,25,364.26
1376,105,2083,2023-12-07,3,45.85,Online,36,137.55
1377,155,2083,2023-11-12,1,71.21,Social,185,71.21
1378,174,2083,2023-03-24,2,89.89,In-Store,99,179.78
1379,199,2083,2024-03-20,2,105.38,Social,192,210.76
1380,182,2083,2023-08-05,2,73.37,Online,30,146.74
1381,194,2083,2023-05-19,1,70.1,Online,26,70.1
1382,162,2083,2023-04-06,1,23.29,Online,24,23.29
1383,183,2083,2023-05-10,2,127.82,In-Store,101,255.64
1384,128,2084,2022-11-20,4,69.61,TV,312,278.44
1385,158,2084,2024-08-20,1,132.56,In-Store,124,132.56
1386,117,2084,2023-02-10,5,214.01,TV,315,1070.05
1387,108,2084,2025-09-11,4,127.37,Email,291,509.48
1388,145,2084,2024-02-27,2,87.44,In-Store,115,174.88
1389,172,2084,2024-12-24,3,75.03,Online,56,225.09
1390,193,2084,2025-09-15,4,28.68,In-Store,144,114.72
1391,156,2084,2023-06-02,2,13.54,Online,26,27.08
1392,102,2084,2023-09-05,2,175.2,Online,32,350.4
1393,120,2084,2023-12-24,1,186.86,Online,37,186.86
1394,181,2084,2024-12-02,5,231.25,Online,56,1156.25
1395,117,2084,2023-09-10,4,214.01,Online,32,856.04
1396,152,2084,2022-12-16,3,72.34,Social,169,217.02
1397,183,2084,2023-03-25,1,127.82,Online,22,127.82
1398,146,2084,2022-07-08,4,28.76,Social,161,115.04
1399,124,2084,2024-12-20,1,174.26,In-Store,131,174.26
1400,133,2084,2023-10-17,5,129.42,Online,34,647.0999999999999
1401,117,2084,2025-09-27,5,214.01,In-Store,145,1070.05
1402,104,2084,2024-10-17,1,50.25,Online,52,50.25
1403,184,2084,2024-07-26,1,120.25,Online,49,120.25
1404,134,2084,2025-03-15,4,113.57,Online,60,454.28
1405,198,2084,2023-01-12,3,167.93,In-Store,97,503.79
1406,103,2084,2025-08-02,1,74.85,In-Store,142,74.85
1407,161,2084,2024-05-22,3,233.25,Online,46,699.75
1408,111,2084,2023-09-12,2,78.12,Online,33,156.24
1409,165,2084,2024-03-08,1,213.33,Online,41,213.33
1410,130,2084,2025-02-02,3,117.61,Online,59,352.83
1411,122,2084,2024-10-29,4,224.2,In-Store,128,896.8
1412,133,2085,2022-11-24,2,129.42,Online,17,258.84
1413,161,2085,2022-11-04,3,233.25,In-Store,92,699.75
1414,161,2085,2024-04-30,2,233.25,In-Store,119,466.5
1415,142,2085,2024-05-28,4,298.93,In-Store,120,1195.72
1416,136,2085,2023-07-25,2,134.23,Online,31,268.46
1417,134,2085,2024-05-02,3,113.57,In-Store,119,340.71
1418,113,2085,2022-11-08,5,122.3,Online,16,611.5
1419,183,2085,2025-12-21,3,127.82,In-Store,149,383.46
1420,181,2085,2025-08-05,5,231.25,Email,290,1156.25
1421,128,2085,2024-08-16,5,69.61,Social,200,348.05
1422,127,2085,2024-06-16,4,184.65,Social,196,738.6
1423,164,2085,2025-06-01,5,91.03,Online,65,455.15
1424,115,2085,2025-05-30,1,114.62,In-Store,139,114.62
1425,175,2085,2023-01-22,3,285.32,Online,19,855.96
1426,136,2085,2023-07-16,1,134.23,In-Store,105,134.23
1427,193,2085,2024-09-11,5,28.68,Email,273,143.4
1428,134,2085,2022-10-06,5,113.57,Social,166,567.8499999999999
1429,161,2085,2023-10-31,1,233.25,Online,34,233.25
1430,174,2085,2023-04-02,5,89.89,Online,24,449.45
1431,130,2085,2025-10-19,5,117.61,Social,219,588.05
1432,119,2085,2023-01-04,5,193.28,Online,19,966.4
1433,167,2085,2024-02-18,2,75.91,In-Store,115,151.82
1434,177,2085,2024-01-26,4,296.45,Online,40,1185.8
1435,145,2085,2024-03-09,1,87.44,In-Store,117,87.44
1436,151,2085,2023-01-20,2,170.44,Online,19,340.88
1437,129,2085,2023-01-14,2,269.37,In-Store,97,538.74
1438,160,2085,2025-12-15,1,74.86,Online,76,74.86
1439,166,2085,2022-12-25,1,151.16,Online,19,151.16
1440,156,2085,2023-05-08,4,13.54,Online,25,54.16
1441,150,2086,2025-02-08,3,66.48,In-Store,134,199.44
1442,152,2086,2025-08-14,1,72.34,In-Store,143,72.34
1443,117,2086,2025-06-04,2,214.01,In-Store,140,428.02
1444,123,2086,2025-09-11,4,28.54,TV,361,114.16
1445,196,2086,2025-02-26,5,162.21,Online,59,811.0500000000001
1446,191,2086,2025-09-09,5,196.98,Online,70,984.9
1447,186,2086,2025-03-15,3,29.78,Online,60,89.34
1448,142,2086,2025-07-20,3,298.93,In-Store,142,896.79
1449,132,2086,2025-07-05,4,146.35,Online,67,585.4
1450,178,2086,2025-11-12,4,58.92,Online,74,235.68
1451,195,2086,2025-07-08,2,109.44,Online,67,218.88
1452,120,2086,2025-11-14,3,186.86,Online,73,560.58
1453,183,2086,2025-06-04,5,127.82,Social,213,639.0999999999999
1454,135,2086,2025-01-28,2,62.14,Online,58,124.28
1455,127,2086,2025-07-04,5,184.65,Online,67,923.25
1456,161,2086,2025-10-06,5,233.25,Online,71,1166.25
1457,177,2086,2025-09-30,2,296.45,Online,71,592.9
1458,118,2086,2025-05-11,2,128.58,In-Store,138,257.16
1459,108,2086,2025-01-09,5,127.37,TV,349,636.85
1460,130,2086,2025-09-20,4,117.61,In-Store,144,470.44
1461,177,2086,2025-03-07,3,296.45,Online,60,889.3499999999999
1462,157,2086,2025-12-22,2,140.43,Online,76,280.86
1463,114,2086,2025-10-28,3,120.5,Online,72,361.5
1464,165,2086,2025-05-26,4,213.33,Online,65,853.32
1465,117,2086,2025-05-15,4,214.01,Online,63,856.04
1466,182,2087,2022-07-19,2,73.37,In-Store,87,146.74
1467,130,2087,2022-06-22,1,117.61,Social,160,117.61
1468,174,2087,2023-09-21,1,89.89,Online,33,89.89
1469,138,2087,2022-12-10,3,115.15,Online,18,345.45000000000005
1470,186,2087,2023-08-28,2,29.78,Online,32,59.56
1471,107,2087,2023-09-21,2,110.76,In-Store,107,221.52
1472,149,2087,2022-10-26,2,64.92,In-Store,92,129.84
1473,141,2087,2023-02-08,3,75.02,Online,21,225.06
1474,124,2088,2024-10-24,3,174.26,Online,53,522.78
1475,142,2088,2024-01-31,4,298.93,Email,260,1195.72
1476,184,2088,2025-01-24,1,120.25,In-Store,133,120.25
1477,179,2088,2024-06-30,4,69.62,Online,47,278.48
1478,168,2088,2025-02-07,1,151.07,Online,59,151.07
1479,166,2088,2025-03-12,5,151.16,Online,60,755.8
1480,124,2088,2025-12-28,4,174.26,Online,77,697.04
1481,181,2088,2025-07-03,4,231.25,Social,214,925.0
1482,118,2088,2025-11-07,3,128.58,In-Store,147,385.74
1483,120,2088,2024-12-23,2,186.86,Online,56,373.72
1484,194,2088,2024-12-07,3,70.1,In-Store,131,210.29999999999998
1485,198,2088,2025-09-10,1,167.93,Online,70,167.93
1486,190,2088,2025-07-24,3,121.42,TV,357,364.26
1487,182,2088,2024-05-31,4,73.37,In-Store,121,293.48
1488,166,2088,2024-01-02,4,151.16,Online,38,604.64
1489,142,2088,2024-06-01,3,298.93,Online,47,896.79
1490,150,2088,2025-07-01,2,66.48,Online,66,132.96
1491,178,2088,2024-07-21,4,58.92,In-Store,123,235.68
1492,175,2088,2025-09-25,5,285.32,Online,70,1426.6
1493,117,2089,2023-08-07,3,214.01,In-Store,105,642.03
1494,119,2089,2024-11-20,3,193.28,In-Store,128,579.84
1495,119,2089,2025-07-27,1,193.28,TV,357,193.28
1496,177,2089,2025-09-12,2,296.45,In-Store,144,592.9
1497,136,2089,2025-11-18,5,134.23,Email,293,671.15
1498,193,2089,2025-03-21,2,28.68,In-Store,136,57.36
1499,147,2089,2025-08-29,3,193.11,Online,69,579.33
1500,103,2089,2025-12-23,2,74.85,In-Store,149,149.7
1501,175,2089,2023-09-18,5,285.32,Online,33,1426.6
1502,199,2089,2024-12-27,4,105.38,Social,205,421.52
1503,184,2089,2024-08-20,1,120.25,In-Store,124,120.25
1504,136,2089,2024-08-08,2,134.23,Online,49,268.46
1505,183,2089,2023-12-07,2,127.82,In-Store,111,255.64
1506,110,2089,2025-08-30,4,138.19,In-Store,143,552.76
1507,138,2089,2024-01-27,5,115.15,Email,259,575.75
1508,106,2089,2025-12-23,5,41.44,Online,76,207.2
1509,185,2089,2025-09-04,3,143.79,Online,70,431.37
1510,138,2089,2023-08-01,1,115.15,In-Store,105,115.15
1511,158,2089,2025-01-09,1,132.56,Online,57,132.56
1512,125,2089,2024-05-23,2,25.35,Online,46,50.7
1513,105,2089,2023-12-20,3,45.85,Online,37,137.55
1514,178,2089,2024-02-13,1,58.92,Online,40,58.92
1515,129,2089,2024-09-28,4,269.37,Online,52,1077.48
1516,134,2090,2025-05-21,2,113.57,Online,65,227.14
1517,104,2090,2025-04-18,4,50.25,Online,62,201.0
1518,115,2090,2025-05-15,2,114.62,Online,64,229.24
1519,192,2090,2024-12-17,4,22.56,In-Store,130,90.24
1520,148,2090,2025-04-26,1,47.75,Online,63,47.75
1521,180,2090,2025-03-31,2,97.9,Online,61,195.8
1522,144,2090,2025-02-01,1,22.73,Online,58,22.73
1523,130,2090,2025-07-01,2,117.61,Online,67,235.22
1524,187,2090,2025-02-24,4,95.73,In-Store,135,382.92
1525,113,2091,2024-12-16,3,122.3,Online,56,366.9
1526,114,2091,2024-08-16,2,120.5,TV,341,241.0
1527,134,2091,2025-04-07,3,113.57,Online,61,340.71
1528,104,2091,2024-09-21,1,50.25,Email,273,50.25
1529,123,2091,2024-10-05,1,28.54,Online,52,28.54
1530,167,2091,2024-11-01,4,75.91,Online,53,303.64
1531,112,2091,2024-12-05,1,58.11,Online,56,58.11
1532,112,2091,2024-08-20,3,58.11,Social,200,174.32999999999998
1533,116,2092,2025-10-11,1,161.44,In-Store,145,161.44
1534,188,2092,2025-01-16,1,12.93,TV,349,12.93
1535,175,2092,2024-09-20,3,285.32,Online,51,855.96
1536,120,2092,2024-08-24,1,186.86,Online,49,186.86
1537,170,2092,2024-05-21,4,124.94,In-Store,120,499.76
1538,106,2092,2024-02-14,2,41.44,Social,191,82.88
1539,166,2092,2025-10-20,5,151.16,Online,72,755.8
1540,195,2092,2024-05-23,2,109.44,Email,266,218.88
1541,123,2092,2024-05-17,2,28.54,Online,46,57.08
1542,106,2092,2024-04-04,1,41.44,Online,43,41.44
1543,184,2092,2024-10-22,3,120.25,Email,274,360.75
1544,151,2092,2024-09-10,1,170.44,In-Store,125,170.44
1545,197,2092,2024-11-17,4,270.16,Online,55,1080.64
1546,196,2092,2024-05-09,1,162.21,Online,45,162.21
1547,103,2092,2025-08-17,2,74.85,Online,68,149.7
1548,124,2092,2023-12-29,2,174.26,Online,37,348.52
1549,135,2093,2024-03-01,4,62.14,TV,334,248.56
1550,162,2093,2025-05-09,5,23.29,Social,212,116.44999999999999
1551,118,2093,2023-11-07,4,128.58,Social,186,514.32
1552,181,2093,2024-07-27,5,231.25,Online,48,1156.25
1553,167,2093,2025-07-27,1,75.91,Online,67,75.91
1554,121,2093,2025-12-12,5,126.42,Online,76,632.1
1555,174,2093,2024-06-18,2,89.89,Online,47,179.78
1556,135,2093,2024-01-30,4,62.14,Online,39,248.56
1557,161,2093,2025-07-28,2,233.25,Online,68,466.5
1558,149,2093,2025-11-23,3,64.92,In-Store,148,194.76
1559,148,2093,2025-02-22,5,47.75,Online,60,238.75
1560,179,2093,2024-08-06,2,69.62,Online,49,139.24
1561,101,2093,2024-11-24,5,116.4,In-Store,130,582.0
1562,153,2093,2023-12-12,4,44.91,In-Store,111,179.64
1563,188,2093,2024-05-27,1,12.93,Online,46,12.93
1564,112,2093,2023-12-11,2,58.11,Online,37,116.22
1565,158,2093,2024-10-02,4,132.56,Online,51,530.24
1566,127,2093,2024-10-24,5,184.65,Online,53,923.25
1567,190,2093,2024-06-13,3,121.42,Online,46,364.26
1568,108,2093,2024-03-06,5,127.37,Email,261,636.85
1569,131,2093,2024-10-17,2,76.52,Online,53,153.04
1570,145,2093,2025-03-20,4,87.44,In-Store,136,349.76
1571,137,2093,2025-09-21,5,90.95,Online,70,454.75
1572,187,2093,2024-11-15,1,95.73,TV,346,95.73
1573,196,2093,2024-03-15,4,162.21,Social,192,648.84
1574,147,2093,2024-03-09,3,193.11,Online,41,579.33
1575,181,2093,2024-10-27,4,231.25,In-Store,128,925.0
1576,115,2093,2024-01-30,5,114.62,Online,40,573.1
1577,196,2093,2025-04-13,2,162.21,In-Store,138,324.42
1578,182,2093,2024-05-28,3,73.37,Online,46,220.11
1579,139,2093,2024-04-10,5,162.16,Online,43,810.8
1580,177,2093,2025-05-05,2,296.45,In-Store,138,592.9
1581,181,2093,2025-05-03,2,231.25,Online,64,462.5
1582,194,2093,2024-04-24,5,70.1,Online,43,350.5
1583,187,2093,2025-12-15,5,95.73,Email,294,478.65000000000003
1584,152,2093,2025-07-23,2,72.34,Online,67,144.68
1585,183,2093,2024-12-21,5,127.82,TV,347,639.0999999999999
1586,173,2094,2024-10-06,2,100.75,Online,52,201.5
1587,183,2094,2024-06-18,3,127.82,Email,267,383.46
1588,131,2094,2024-05-16,1,76.52,Online,45,76.52
1589,133,2094,2024-05-09,3,129.42,In-Store,119,388.26
1590,136,2094,2025-01-03,2,134.23,Online,57,268.46
1591,188,2094,2024-06-29,3,12.93,In-Store,121,38.79
1592,178,2094,2024-09-14,1,58.92,Online,51,58.92
1593,108,2094,2024-06-11,2,127.37,Online,46,254.74
1594,102,2095,2023-05-24,2,175.2,Online,26,350.4
1595,197,2095,2023-05-22,4,270.16,In-Store,102,1080.64
1596,169,2095,2023-11-21,1,105.46,Online,35,105.46
1597,147,2095,2024-01-16,4,193.11,Online,38,772.44
1598,167,2095,2025-10-11,2,75.91,Online,70,151.82
1599,121,2095,2023-04-17,3,126.42,Online,24,379.26
1600,121,2095,2023-02-25,5,126.42,Online,21,632.1
1601,170,2095,2025-11-06,4,124.94,Online,73,499.76
1602,108,2095,2023-03-12,5,127.37,Online,22,636.85
1603,103,2095,2022-11-21,3,74.85,Social,168,224.54999999999998
1604,158,2095,2022-09-21,3,132.56,Online,13,397.68
1605,176,2095,2025-02-09,2,98.45,Social,208,196.9
1606,111,2095,2025-03-23,2,78.12,Online,60,156.24
1607,195,2096,2024-12-30,3,109.44,In-Store,132,328.32
1608,174,2096,2025-01-02,3,89.89,Social,206,269.67
1609,187,2096,2024-12-17,1,95.73,Social,205,95.73
1610,129,2097,2024-09-23,1,269.37,Social,202,269.37
1611,160,2097,2023-11-16,3,74.86,Email,256,224.57999999999998
1612,128,2097,2025-11-23,4,69.61,In-Store,147,278.44
1613,114,2097,2023-09-18,1,120.5,Online,33,120.5
1614,161,2097,2025-01-10,4,233.25,Online,58,933.0
1615,128,2097,2024-09-26,1,69.61,TV,344,69.61
1616,107,2097,2025-01-15,5,110.76,Online,58,553.8000000000001
1617,170,2097,2025-03-19,4,124.94,Online,60,499.76
1618,189,2097,2022-11-28,1,47.31,In-Store,94,47.31
1619,192,2097,2022-12-18,2,22.56,Online,19,45.12
1620,107,2097,2025-09-09,4,110.76,In-Store,143,443.04
1621,119,2097,2022-07-12,4,193.28,Social,161,773.12
1622,192,2097,2025-07-09,1,22.56,Email,289,22.56
1623,143,2097,2025-10-29,4,18.47,In-Store,146,73.88
1624,166,2097,2022-06-13,2,151.16,Online,8,302.32
1625,110,2097,2024-02-24,4,138.19,Social,191,552.76
1626,114,2097,2024-11-12,3,120.5,Online,55,361.5
1627,158,2097,2024-03-26,2,132.56,Online,43,265.12
1628,110,2097,2022-07-28,3,138.19,In-Store,88,414.57
1629,179,2098,2025-05-03,3,69.62,In-Store,138,208.86
1630,106,2098,2024-11-20,3,41.44,In-Store,128,124.32
1631,146,2098,2024-10-18,2,28.76,Social,202,57.52
1632,174,2098,2025-01-12,1,89.89,Online,58,89.89
1633,145,2098,2024-10-15,2,87.44,Online,53,174.88
1634,169,2098,2024-09-14,3,105.46,Online,51,316.38
1635,128,2098,2024-10-04,1,69.61,In-Store,126,69.61
1636,145,2098,2024-09-01,3,87.44,In-Store,124,262.32
1637,145,2098,2024-09-05,2,87.44,In-Store,124,174.88
1638,115,2099,2024-02-06,3,114.62,Online,39,343.86
1639,160,2099,2023-02-06,2,74.86,Social,172,149.72
1640,123,2099,2023-04-15,2,28.54,In-Store,100,57.08
1641,138,2099,2024-02-29,1,115.15,Online,41,115.15
1642,135,2100,2022-10-12,3,62.14,Online,14,186.42000000000002
1643,109,2100,2022-07-11,3,69.39,In-Store,87,208.17000000000002
1644,158,2101,2025-11-27,5,132.56,In-Store,148,662.8
1645,127,2101,2024-01-01,5,184.65,Email,258,923.25
1646,143,2101,2025-02-26,2,18.47,In-Store,135,36.94
1647,111,2101,2025-11-16,2,78.12,Email,293,156.24
1648,167,2101,2023-06-21,3,75.91,In-Store,103,227.73
1649,181,2101,2023-05-08,2,231.25,Online,25,462.5
1650,157,2101,2023-02-12,2,140.43,In-Store,98,280.86
1651,108,2101,2024-06-03,2,127.37,Social,195,254.74
1652,191,2101,2024-02-12,2,196.98,Online,40,393.96
1653,108,2101,2024-02-06,3,127.37,Online,40,382.11
1654,162,2101,2023-01-02,4,23.29,Social,170,93.16
1655,126,2101,2025-03-18,5,62.9,Online,60,314.5
1656,193,2101,2023-12-07,5,28.68,Online,36,143.4
1657,179,2101,2025-01-21,3,69.62,Social,206,208.86
1658,156,2101,2024-05-13,3,13.54,Email,265,40.62
1659,185,2101,2024-03-15,3,143.79,Online,41,431.37
1660,121,2101,2023-08-23,2,126.42,In-Store,106,252.84
1661,166,2101,2023-08-11,5,151.16,In-Store,106,755.8
1662,158,2101,2025-11-21,5,132.56,Online,75,662.8
1663,176,2101,2024-11-03,5,98.45,Social,203,492.25
1664,163,2101,2024-02-22,5,115.65,Social,191,578.25
1665,112,2101,2025-06-20,4,58.11,In-Store,141,232.44
1666,166,2101,2023-04-02,2,151.16,Online,24,302.32
1667,179,2101,2025-05-27,1,69.62,Social,212,69.62
1668,143,2102,2023-06-06,3,18.47,Online,28,55.41
1669,137,2102,2023-09-06,3,90.95,Online,33,272.85
1670,145,2102,2023-08-25,3,87.44,Online,32,262.32
1671,192,2102,2023-05-28,2,22.56,Email,247,45.12
1672,192,2102,2023-10-20,3,22.56,Online,34,67.67999999999999
1673,130,2102,2023-11-17,3,117.61,Online,35,352.83
1674,158,2102,2023-12-04,3,132.56,In-Store,111,397.68
1675,137,2102,2023-11-12,1,90.95,TV,328,90.95
1676,186,2102,2023-10-13,1,29.78,In-Store,108,29.78
1677,136,2103,2024-07-27,5,134.23,In-Store,123,671.15
1678,126,2103,2025-09-17,2,62.9,In-Store,144,125.8
1679,156,2103,2024-08-17,5,13.54,Online,50,67.69999999999999
1680,163,2103,2024-11-14,1,115.65,In-Store,129,115.65
1681,154,2103,2025-10-31,2,39.53,In-Store,147,79.06
1682,160,2103,2024-04-04,2,74.86,Social,193,149.72
1683,132,2103,2023-01-11,4,146.35,In-Store,96,585.4
1684,200,2103,2024-09-21,4,213.63,In-Store,125,854.52
1685,117,2103,2025-01-13,4,214.01,In-Store,132,856.04
1686,156,2103,2023-08-22,2,13.54,Online,32,27.08
1687,108,2103,2024-11-08,4,127.37,Social,204,509.48
1688,166,2103,2025-08-31,3,151.16,Online,70,453.48
1689,169,2103,2024-02-19,1,105.46,Online,40,105.46
1690,189,2103,2023-05-23,1,47.31,Social,177,47.31
1691,164,2103,2023-03-16,1,91.03,In-Store,99,91.03
1692,133,2103,2023-05-26,5,129.42,Online,27,647.0999999999999
1693,164,2103,2024-09-11,1,91.03,Social,201,91.03
1694,159,2103,2024-12-18,2,21.52,Online,56,43.04
1695,108,2103,2025-08-28,2,127.37,TV,359,254.74
1696,159,2104,2025-06-12,5,21.52,Online,65,107.6
1697,148,2104,2024-01-11,2,47.75,Online,38,95.5
1698,161,2104,2025-10-24,1,233.25,In-Store,146,233.25
1699,153,2104,2025-01-14,1,44.91,Social,206,44.91
1700,186,2104,2024-05-28,1,29.78,Online,46,29.78
1701,127,2104,2024-01-14,2,184.65,Email,259,369.3
1702,102,2104,2024-12-04,2,175.2,TV,347,350.4
1703,133,2104,2024-06-23,5,129.42,Social,197,647.0999999999999
1704,101,2104,2025-09-23,1,116.4,In-Store,144,116.4
1705,200,2104,2023-09-19,3,213.63,Online,33,640.89
1706,196,2104,2025-10-28,4,162.21,Online,72,648.84
1707,111,2104,2023-09-12,4,78.12,Social,184,312.48
1708,182,2104,2025-05-19,5,73.37,Online,64,366.85
1709,133,2104,2024-12-27,3,129.42,Email,280,388.26
1710,153,2104,2025-02-09,5,44.91,Online,59,224.54999999999998
1711,109,2104,2025-08-27,2,69.39,Online,69,138.78
1712,126,2104,2023-11-29,2,62.9,Online,36,125.8
1713,176,2105,2025-09-10,1,98.45,Online,70,98.45
1714,118,2105,2025-12-09,5,128.58,Online,76,642.9000000000001
1715,183,2105,2025-08-26,3,127.82,In-Store,144,383.46
1716,174,2105,2024-09-18,1,89.89,Online,51,89.89
1717,196,2105,2024-10-23,5,162.21,In-Store,127,811.0500000000001
1718,118,2105,2025-01-17,1,128.58,Online,58,128.58
1719,177,2105,2024-09-10,4,296.45,Online,51,1185.8
1720,167,2105,2024-09-15,4,75.91,In-Store,125,303.64
1721,187,2105,2025-01-22,1,95.73,Email,281,95.73
1722,103,2105,2024-11-02,2,74.85,Social,203,149.7
1723,197,2105,2025-06-16,2,270.16,Online,66,540.32
1724,113,2105,2024-08-08,4,122.3,Online,49,489.2
1725,140,2105,2024-11-20,1,139.7,Email,278,139.7
1726,132,2105,2025-06-27,4,146.35,Social,213,585.4
1727,178,2105,2025-08-08,4,58.92,Online,69,235.68
1728,140,2105,2024-12-16,5,139.7,In-Store,130,698.5
1729,114,2105,2025-09-29,3,120.5,Online,70,361.5
1730,141,2105,2025-04-29,1,75.02,Online,63,75.02
1731,126,2105,2025-09-20,2,62.9,Social,218,125.8
1732,200,2105,2025-12-05,1,213.63,In-Store,149,213.63
1733,165,2105,2025-09-01,4,213.33,Online,70,853.32
1734,175,2105,2025-03-09,1,285.32,Online,60,285.32
1735,158,2106,2025-02-23,4,132.56,Online,60,530.24
1736,152,2106,2025-02-23,3,72.34,Online,59,217.02
1737,174,2106,2025-02-10,3,89.89,TV,351,269.67
1738,171,2106,2025-01-15,4,117.28,Online,58,469.12
1739,162,2106,2025-03-14,3,23.29,Online,60,69.87
1740,145,2106,2025-04-03,3,87.44,Online,61,262.32
1741,158,2106,2025-01-28,1,132.56,Online,59,132.56
1742,160,2106,2025-04-14,2,74.86,TV,352,149.72
1743,103,2106,2025-06-27,4,74.85,Online,66,299.4
1744,184,2106,2025-04-11,1,120.25,Online,61,120.25
1745,137,2106,2024-11-19,1,90.95,Online,54,90.95
1746,193,2106,2025-05-03,1,28.68,Social,212,28.68
1747,114,2106,2025-02-28,2,120.5,Online,59,241.0
1748,107,2106,2024-12-08,1,110.76,Online,56,110.76
1749,104,2106,2025-04-12,3,50.25,Online,61,150.75
1750,160,2107,2025-12-31,5,74.86,In-Store,150,374.3
1751,153,2107,2024-11-08,3,44.91,Online,55,134.73
1752,116,2107,2024-05-13,3,161.44,Social,195,484.32
1753,128,2107,2025-01-10,3,69.61,Online,58,208.82999999999998
1754,146,2107,2024-06-25,2,28.76,Email,268,57.52
1755,124,2107,2025-09-28,2,174.26,In-Store,145,348.52
1756,193,2107,2025-04-07,4,28.68,Online,62,114.72
1757,108,2107,2025-07-24,2,127.37,In-Store,142,254.74
1758,173,2107,2025-02-17,2,100.75,Online,59,201.5
1759,133,2107,2025-03-20,1,129.42,Online,60,129.42
1760,116,2107,2025-10-28,2,161.44,In-Store,146,322.88
1761,174,2107,2025-03-24,2,89.89,Email,283,179.78
1762,198,2107,2024-12-24,1,167.93,In-Store,131,167.93
1763,131,2107,2025-05-30,1,76.52,Social,213,76.52
1764,182,2107,2024-06-04,1,73.37,Online,47,73.37
1765,170,2107,2025-08-29,4,124.94,Online,69,499.76
1766,175,2107,2025-05-30,2,285.32,In-Store,139,570.64
1767,190,2107,2025-01-10,4,121.42,Online,58,485.68
1768,143,2107,2024-10-02,3,18.47,Online,51,55.41
1769,131,2107,2025-02-16,2,76.52,TV,350,153.04
1770,105,2107,2025-05-31,2,45.85,Online,65,91.7
1771,162,2107,2024-05-20,3,23.29,Online,46,69.87
1772,169,2108,2024-11-18,2,105.46,TV,346,210.92
1773,107,2108,2024-08-09,2,110.76,Social,199,221.52
1774,126,2108,2024-12-17,3,62.9,Online,56,188.7
1775,141,2108,2024-08-17,4,75.02,Online,50,300.08
1776,153,2108,2024-04-27,4,44.91,Online,44,179.64
1777,173,2108,2024-02-26,4,100.75,Online,40,403.0
1778,112,2108,2023-08-28,4,58.11,Online,32,232.44
1779,108,2108,2024-03-06,3,127.37,Online,42,382.11
1780,159,2108,2024-03-20,4,21.52,Online,42,86.08
1781,142,2109,2025-03-11,2,298.93,In-Store,136,597.86
1782,198,2109,2025-07-10,5,167.93,Social,214,839.6500000000001
1783,161,2109,2025-08-25,3,233.25,Online,69,699.75
1784,131,2109,2024-11-24,5,76.52,In-Store,130,382.59999999999997
1785,104,2109,2025-05-06,5,50.25,Online,63,251.25
1786,122,2109,2025-01-23,5,224.2,Social,207,1121.0
1787,186,2109,2025-07-31,4,29.78,Online,68,119.12
1788,132,2109,2025-09-29,2,146.35,Online,71,292.7
1789,118,2109,2024-12-26,5,128.58,In-Store,132,642.9000000000001
1790,191,2109,2025-08-18,2,196.98,Online,69,393.96
1791,169,2109,2025-05-23,2,105.46,In-Store,138,210.92
1792,157,2109,2025-11-13,5,140.43,Online,74,702.1500000000001
1793,142,2109,2024-08-08,1,298.93,Online,49,298.93
1794,113,2109,2024-07-11,1,122.3,Online,48,122.3
1795,191,2109,2024-10-03,3,196.98,Online,52,590.9399999999999
1796,171,2109,2024-12-04,3,117.28,Social,205,351.84000000000003
1797,140,2110,2024-12-31,4,139.7,Online,58,558.8
1798,139,2110,2024-08-09,1,162.16,Social,199,162.16
1799,101,2110,2024-07-24,2,116.4,Online,49,232.8
1800,122,2110,2024-06-12,5,224.2,Online,46,1121.0
1801,120,2110,2025-09-09,4,186.86,In-Store,143,747.44
1802,160,2110,2024-11-25,2,74.86,TV,346,149.72
1803,145,2110,2025-12-22,4,87.44,Online,76,349.76
1804,136,2110,2024-03-23,4,134.23,Online,43,536.92
1805,139,2110,2025-06-14,1,162.16,In-Store,140,162.16
1806,133,2110,2025-02-17,5,129.42,In-Store,134,647.0999999999999
1807,139,2110,2025-05-15,4,162.16,Email,286,648.64
1808,175,2110,2025-09-14,3,285.32,TV,361,855.96
1809,108,2110,2025-02-24,2,127.37,In-Store,135,254.74
1810,176,2110,2025-03-21,1,98.45,TV,352,98.45
1811,110,2110,2025-12-27,3,138.19,Online,76,414.57
1812,103,2110,2024-05-07,4,74.85,Online,45,299.4
1813,126,2110,2025-10-08,2,62.9,Online,71,125.8
1814,181,2110,2024-10-27,3,231.25,TV,345,693.75
1815,196,2110,2024-03-07,2,162.21,Online,41,324.42
1816,176,2110,2024-10-13,3,98.45,Online,52,295.35
1817,116,2111,2023-06-15,4,161.44,In-Store,103,645.76
1818,196,2111,2024-04-09,2,162.21,Social,194,324.42
1819,182,2111,2025-12-08,5,73.37,Online,75,366.85
1820,196,2111,2024-05-28,4,162.21,Online,46,648.84
1821,104,2111,2023-06-10,3,50.25,In-Store,103,150.75
1822,115,2111,2024-04-12,5,114.62,Social,192,573.1
1823,127,2111,2025-07-15,3,184.65,Online,67,553.95
1824,191,2111,2024-04-23,5,196.98,Online,43,984.9
1825,175,2111,2024-02-17,4,285.32,Email,260,1141.28
1826,180,2111,2023-07-30,3,97.9,Social,181,293.70000000000005
1827,122,2111,2025-11-07,2,224.2,Social,220,448.4
1828,165,2111,2023-08-22,2,213.33,Online,32,426.66
1829,160,2112,2024-05-18,2,74.86,In-Store,120,149.72
1830,160,2112,2024-07-15,1,74.86,Online,48,74.86
1831,173,2112,2024-10-05,1,100.75,In-Store,127,100.75
1832,114,2112,2024-06-10,3,120.5,Social,196,361.5
1833,186,2112,2024-11-06,1,29.78,Online,54,29.78
1834,143,2112,2023-12-31,4,18.47,In-Store,112,73.88
1835,135,2113,2023-06-12,1,62.14,In-Store,103,62.14
1836,132,2113,2023-12-21,1,146.35,Online,37,146.35
1837,177,2113,2023-05-14,2,296.45,Online,26,592.9
1838,166,2113,2023-04-19,5,151.16,Online,24,755.8
1839,192,2113,2023-12-17,4,22.56,In-Store,112,90.24
1840,135,2113,2023-11-24,5,62.14,Social,186,310.7
1841,109,2113,2023-03-13,5,69.39,Online,22,346.95
1842,126,2113,2023-11-03,3,62.9,Online,34,188.7
1843,192,2113,2025-11-22,2,22.56,In-Store,148,45.12
1844,198,2113,2023-04-12,3,167.93,In-Store,100,503.79
1845,120,2113,2024-02-17,5,186.86,Online,40,934.3000000000001
1846,160,2113,2025-03-01,3,74.86,Online,59,224.57999999999998
1847,155,2114,2024-01-26,2,71.21,In-Store,113,142.42
1848,192,2114,2024-01-18,3,22.56,Online,39,67.67999999999999
1849,192,2114,2024-08-13,3,22.56,Online,49,67.67999999999999
1850,186,2114,2023-12-10,1,29.78,Online,36,29.78
1851,150,2114,2024-01-25,1,66.48,Online,39,66.48
1852,150,2115,2024-09-23,4,66.48,Online,51,265.92
1853,120,2115,2025-10-23,1,186.86,Online,72,186.86
1854,109,2115,2025-07-29,5,69.39,In-Store,143,346.95
1855,126,2115,2024-09-29,3,62.9,Online,52,188.7
1856,103,2115,2025-11-27,3,74.85,In-Store,149,224.54999999999998
1857,179,2115,2025-06-09,2,69.62,Online,66,139.24
1858,102,2115,2025-01-14,3,175.2,Online,58,525.5999999999999
1859,120,2115,2025-11-08,4,186.86,Online,73,747.44
1860,167,2115,2025-11-11,2,75.91,In-Store,147,151.82
1861,133,2115,2025-08-22,1,129.42,Social,215,129.42
1862,195,2115,2025-06-13,2,109.44,Online,66,218.88
1863,137,2115,2024-08-07,2,90.95,Online,49,181.9
1864,136,2115,2025-01-28,1,134.23,Online,58,134.23
1865,185,2115,2024-12-24,2,143.79,Online,57,287.58
1866,132,2115,2025-08-29,5,146.35,Online,68,731.75
1867,132,2115,2025-02-03,4,146.35,Online,59,585.4
1868,143,2115,2025-01-03,1,18.47,Online,57,18.47
1869,116,2115,2024-11-09,3,161.44,In-Store,128,484.32
1870,116,2115,2025-05-16,5,161.44,Email,285,807.2
1871,184,2115,2025-03-02,1,120.25,TV,351,120.25
1872,139,2115,2025-01-02,3,162.16,In-Store,131,486.48
1873,128,2115,2025-10-06,5,69.61,Online,71,348.05
1874,185,2115,2025-05-08,3,143.79,Social,212,431.37
1875,105,2115,2024-12-02,4,45.85,Online,56,183.4
1876,155,2115,2025-10-24,2,71.21,Online,72,142.42
1877,191,2115,2025-06-23,3,196.98,In-Store,141,590.9399999999999
1878,105,2115,2025-11-23,5,45.85,Online,74,229.25
1879,112,2115,2025-06-28,2,58.11,TV,356,116.22
1880,109,2115,2025-03-15,5,69.39,Online,60,346.95
1881,146,2115,2025-04-05,4,28.76,Social,211,115.04
1882,186,2115,2025-06-09,1,29.78,Online,66,29.78
1883,112,2115,2024-12-22,1,58.11,Online,57,58.11
1884,180,2115,2025-11-09,3,97.9,Online,72,293.70000000000005
1885,188,2116,2023-12-13,3,12.93,In-Store,111,38.79
1886,192,2116,2024-11-27,1,22.56,Online,55,22.56
1887,181,2116,2024-02-13,3,231.25,Online,40,693.75
1888,138,2116,2025-07-28,3,115.15,TV,358,345.45000000000005
1889,188,2116,2025-08-01,5,12.93,Social,215,64.65
1890,146,2116,2023-12-27,2,28.76,TV,330,57.52
1891,198,2116,2023-07-17,1,167.93,In-Store,105,167.93
1892,183,2116,2023-12-17,5,127.82,Online,36,639.0999999999999
1893,110,2116,2024-12-22,1,138.19,Online,57,138.19
1894,142,2116,2024-01-05,1,298.93,Online,38,298.93
1895,200,2116,2025-03-25,4,213.63,In-Store,136,854.52
1896,154,2116,2023-09-11,4,39.53,In-Store,106,158.12
1897,194,2116,2025-05-10,1,70.1,Email,286,70.1
1898,197,2116,2025-06-03,5,270.16,Online,65,1350.8000000000002
1899,190,2116,2023-10-12,3,121.42,TV,326,364.26
1900,120,2116,2023-07-24,3,186.86,In-Store,105,560.58
1901,116,2116,2024-12-07,4,161.44,In-Store,130,645.76
1902,159,2116,2025-04-20,4,21.52,Online,63,86.08
1903,159,2116,2023-01-22,3,21.52,In-Store,96,64.56
1904,109,2116,2023-02-01,1,69.39,In-Store,97,69.39
1905,152,2116,2023-08-10,1,72.34,Online,32,72.34
1906,116,2116,2023-06-10,2,161.44,Online,28,322.88
1907,145,2117,2024-05-05,3,87.44,Online,45,262.32
1908,190,2117,2025-03-11,4,121.42,Online,60,485.68
1909,150,2117,2024-04-12,1,66.48,Online,43,66.48
1910,123,2117,2024-08-01,1,28.54,Online,49,28.54
1911,135,2117,2024-07-24,4,62.14,In-Store,123,248.56
1912,128,2117,2025-04-04,1,69.61,Social,210,69.61
1913,112,2117,2024-07-31,4,58.11,Online,49,232.44
1914,153,2117,2024-10-08,3,44.91,Online,52,134.73
1915,192,2117,2024-08-16,1,22.56,In-Store,124,22.56
1916,144,2117,2024-08-25,1,22.73,Online,50,22.73
1917,141,2117,2025-02-10,2,75.02,Online,59,150.04
1918,125,2117,2024-12-28,1,25.35,Online,57,25.35
1919,182,2117,2025-01-30,2,73.37,Email,281,146.74
1920,169,2117,2024-10-22,2,105.46,Online,53,210.92
1921,194,2117,2024-10-22,3,70.1,Online,53,210.29999999999998
1922,105,2118,2024-11-26,2,45.85,Online,55,91.7
1923,111,2118,2024-10-25,2,78.12,Online,53,156.24
1924,182,2118,2025-02-01,3,73.37,In-Store,134,220.11
1925,131,2118,2024-11-01,2,76.52,In-Store,128,153.04
1926,103,2118,2024-10-28,1,74.85,Online,53,74.85
1927,174,2118,2024-10-21,1,89.89,Online,53,89.89
1928,190,2118,2024-12-09,3,121.42,Online,56,364.26
1929,143,2119,2023-10-16,1,18.47,In-Store,109,18.47
1930,109,2119,2024-01-12,2,69.39,Online,39,138.78
1931,169,2119,2023-11-26,1,105.46,Online,36,105.46
1932,148,2119,2024-01-25,1,47.75,Online,39,47.75
1933,172,2119,2023-11-06,3,75.03,In-Store,110,225.09
1934,141,2119,2023-11-23,2,75.02,Online,36,150.04
1935,156,2119,2023-10-06,2,13.54,Online,33,27.08
1936,192,2120,2022-11-07,2,22.56,In-Store,93,45.12
1937,199,2120,2023-05-21,3,105.38,Online,25,316.14
1938,114,2120,2022-08-12,3,120.5,Social,162,361.5
1939,125,2120,2023-11-08,4,25.35,Online,35,101.4
1940,156,2120,2022-10-27,3,13.54,Online,16,40.62
1941,109,2120,2023-07-16,4,69.39,In-Store,105,277.56
1942,114,2120,2023-01-08,4,120.5,Online,19,482.0
1943,137,2121,2024-05-04,4,90.95,Social,195,363.8
1944,172,2121,2024-01-05,2,75.03,Online,38,150.06
1945,194,2121,2023-06-04,3,70.1,Social,178,210.29999999999998
1946,169,2121,2023-11-16,2,105.46,Social,186,210.92
1947,109,2121,2023-12-18,3,69.39,Online,36,208.17000000000002
1948,106,2121,2024-11-17,1,41.44,In-Store,128,41.44
1949,112,2121,2024-10-10,2,58.11,In-Store,127,116.22
1950,109,2121,2023-07-29,3,69.39,Online,30,208.17000000000002
1951,117,2122,2022-05-20,2,214.01,Social,159,428.02
1952,162,2122,2023-06-21,4,23.29,In-Store,104,93.16
1953,103,2122,2024-11-17,5,74.85,In-Store,129,374.25
1954,178,2122,2025-01-25,5,58.92,Online,58,294.6
1955,147,2122,2023-09-15,1,193.11,Social,183,193.11
1956,170,2122,2022-06-27,1,124.94,Email,231,124.94
1957,170,2122,2022-04-25,4,124.94,In-Store,84,499.76
1958,108,2122,2023-03-17,3,127.37,Online,22,382.11
1959,181,2122,2023-05-20,3,231.25,Online,25,693.75
1960,177,2122,2024-08-27,3,296.45,In-Store,124,889.3499999999999
1961,197,2122,2022-12-26,3,270.16,Online,19,810.48
1962,196,2122,2023-06-18,1,162.21,Social,179,162.21
1963,161,2122,2024-12-25,1,233.25,Online,56,233.25
1964,135,2122,2023-08-18,5,62.14,In-Store,106,310.7
1965,187,2123,2023-06-08,4,95.73,Online,28,382.92
1966,140,2123,2025-04-23,1,139.7,Online,63,139.7
1967,142,2123,2024-06-05,4,298.93,Online,46,1195.72
1968,170,2123,2024-09-03,1,124.94,In-Store,124,124.94
1969,130,2123,2023-06-30,3,117.61,In-Store,104,352.83
1970,124,2123,2025-05-21,3,174.26,Online,65,522.78
1971,117,2123,2024-02-18,2,214.01,Online,40,428.02
1972,103,2123,2024-08-16,1,74.85,Social,200,74.85
1973,193,2123,2025-09-17,5,28.68,TV,361,143.4
1974,106,2123,2024-09-27,1,41.44,Online,52,41.44
1975,184,2123,2023-08-14,4,120.25,Social,182,481.0
1976,121,2123,2024-11-23,3,126.42,In-Store,129,379.26
1977,183,2123,2024-11-19,3,127.82,Online,54,383.46
1978,189,2123,2024-12-30,4,47.31,TV,349,189.24
1979,121,2123,2025-07-09,4,126.42,In-Store,141,505.68
1980,154,2123,2024-07-06,4,39.53,Online,47,158.12
1981,148,2123,2024-01-30,3,47.75,Email,260,143.25
1982,147,2123,2025-03-06,5,193.11,Social,209,965.5500000000001
1983,197,2123,2023-10-31,3,270.16,Online,35,810.48
1984,161,2123,2025-10-12,2,233.25,In-Store,146,466.5
1985,139,2124,2023-11-16,5,162.16,Online,35,810.8
1986,110,2124,2024-02-19,4,138.19,Online,40,552.76
1987,189,2124,2025-05-01,5,47.31,Online,64,236.55
1988,185,2124,2025-11-23,1,143.79,Online,74,143.79
1989,159,2124,2023-11-27,3,21.52,Online,36,64.56
1990,160,2124,2024-10-21,3,74.86,Online,53,224.57999999999998
1991,180,2124,2025-03-12,4,97.9,Online,60,391.6
1992,132,2124,2024-12-13,1,146.35,Online,56,146.35
1993,108,2124,2025-07-11,2,127.37,In-Store,142,254.74
1994,176,2124,2025-10-23,4,98.45,Online,72,393.8
1995,186,2124,2023-05-21,3,29.78,Online,26,89.34
1996,200,2124,2025-04-04,2,213.63,Online,62,427.26
1997,145,2124,2023-07-10,2,87.44,Online,29,174.88
1998,121,2124,2023-02-26,2,126.42,Online,22,252.84
1999,161,2124,2023-05-20,4,233.25,TV,320,933.0
2000,104,2124,2025-05-07,4,50.25,Online,63,201.0
2001,147,2124,2024-08-30,3,193.11,Online,50,579.33
2002,199,2124,2025-05-20,4,105.38,In-Store,139,421.52
2003,128,2124,2023-03-20,1,69.61,Online,22,69.61
2004,200,2124,2024-12-13,4,213.63,Social,205,854.52
2005,120,2124,2025-02-17,1,186.86,Online,59,186.86
2006,173,2125,2024-10-08,4,100.75,TV,344,403.0
2007,151,2125,2024-12-07,4,170.44,In-Store,131,681.76
2008,130,2125,2023-04-16,5,117.61,Online,24,588.05
2009,114,2125,2024-03-06,1,120.5,Online,41,120.5
2010,165,2125,2024-09-10,4,213.33,Online,51,853.32
2011,121,2125,2024-07-16,4,126.42,Online,48,505.68
2012,129,2125,2025-02-07,2,269.37,In-Store,134,538.74
2013,172,2125,2022-12-17,4,75.03,Online,19,300.12
2014,186,2125,2023-10-27,5,29.78,Online,35,148.9
2015,170,2125,2025-10-22,1,124.94,Online,72,124.94
2016,186,2125,2023-06-18,4,29.78,Online,28,119.12
2017,147,2125,2025-05-03,2,193.11,Online,64,386.22
2018,101,2125,2024-08-29,2,116.4,TV,341,232.8
2019,168,2125,2023-03-27,4,151.07,Online,22,604.28
2020,151,2125,2024-12-22,2,170.44,In-Store,131,340.88
2021,196,2125,2023-01-18,2,162.21,Online,19,324.42
2022,108,2125,2025-07-27,4,127.37,Social,214,509.48
2023,139,2125,2023-06-15,2,162.16,Online,28,324.32
2024,198,2125,2025-12-16,4,167.93,Online,76,671.72
2025,197,2125,2025-03-19,5,270.16,Social,210,1350.8000000000002
2026,153,2125,2024-11-13,1,44.91,Online,54,44.91
2027,127,2125,2022-12-28,5,184.65,In-Store,96,923.25
2028,166,2125,2023-03-07,3,151.16,Social,173,453.48
2029,169,2125,2024-10-22,5,105.46,Email,274,527.3
2030,178,2126,2023-09-02,2,58.92,Online,32,117.84
2031,189,2126,2024-05-18,2,47.31,Online,46,94.62
2032,133,2126,2024-12-01,2,129.42,In-Store,130,258.84
2033,163,2126,2024-02-09,4,115.65,In-Store,114,462.6
2034,186,2126,2023-10-27,3,29.78,In-Store,108,89.34
2035,101,2126,2024-09-26,4,116.4,Online,52,465.6
2036,108,2126,2024-05-14,2,127.37,In-Store,120,254.74
2037,173,2126,2023-11-10,1,100.75,In-Store,110,100.75
2038,181,2127,2023-09-17,4,231.25,Online,33,925.0
2039,148,2127,2023-03-22,1,47.75,Online,23,47.75
2040,148,2127,2024-05-17,1,47.75,Online,46,47.75
2041,140,2127,2023-08-27,2,139.7,Social,183,279.4
2042,127,2127,2024-01-31,4,184.65,Online,39,738.6
2043,185,2127,2024-02-01,4,143.79,In-Store,114,575.16
2044,184,2127,2025-12-02,1,120.25,Online,74,120.25
2045,186,2127,2023-08-07,2,29.78,Social,182,59.56
2046,147,2127,2023-04-08,1,193.11,In-Store,100,193.11
2047,124,2127,2024-04-08,4,174.26,Social,192,697.04
2048,131,2127,2024-11-29,3,76.52,Online,55,229.56
2049,181,2127,2025-04-22,3,231.25,In-Store,138,693.75
2050,140,2127,2023-01-15,3,139.7,Online,19,419.09999999999997
2051,151,2127,2024-02-23,2,170.44,Online,40,340.88
2052,111,2127,2025-09-28,2,78.12,Online,70,156.24
2053,190,2127,2025-10-22,1,121.42,Online,71,121.42
2054,181,2127,2023-01-22,5,231.25,Online,20,1156.25
2055,124,2127,2023-09-14,1,174.26,Online,33,174.26
2056,102,2127,2025-02-02,3,175.2,Online,59,525.5999999999999
2057,137,2127,2025-11-20,3,90.95,Social,221,272.85
2058,163,2128,2024-12-17,4,115.65,Online,57,462.6
2059,159,2128,2024-09-19,2,21.52,Online,51,43.04
2060,187,2128,2024-11-24,1,95.73,In-Store,129,95.73
2061,156,2128,2024-08-26,3,13.54,Online,49,40.62
2062,105,2128,2024-10-15,1,45.85,Online,52,45.85
2063,189,2128,2024-10-11,3,47.31,Email,275,141.93
2064,134,2128,2024-07-04,3,113.57,In-Store,121,340.71
2065,179,2128,2025-02-28,2,69.62,Online,59,139.24
2066,111,2128,2024-12-16,3,78.12,Email,279,234.36
2067,113,2128,2024-06-24,2,122.3,Online,47,244.6
2068,152,2128,2024-12-13,3,72.34,Online,56,217.02
2069,123,2128,2024-09-21,3,28.54,Online,51,85.62
2070,162,2128,2024-09-29,4,23.29,Online,51,93.16
2071,195,2129,2024-03-25,3,109.44,In-Store,118,328.32
2072,145,2129,2024-04-12,3,87.44,Social,192,262.32
2073,149,2129,2024-05-04,1,64.92,Social,195,64.92
2074,134,2129,2024-04-28,3,113.57,Online,44,340.71
2075,158,2129,2024-09-17,3,132.56,In-Store,126,397.68
2076,190,2129,2024-07-21,3,121.42,Online,48,364.26
2077,106,2129,2024-05-05,2,41.44,Online,45,82.88
2078,163,2129,2024-05-29,2,115.65,In-Store,120,231.3
2079,112,2130,2024-10-30,2,58.11,In-Store,128,116.22
2080,116,2130,2025-10-15,2,161.44,Social,218,322.88
2081,113,2130,2025-05-28,4,122.3,Online,65,489.2
2082,136,2130,2024-10-09,4,134.23,Online,52,536.92
2083,122,2130,2024-06-03,1,224.2,Online,47,224.2
2084,112,2130,2025-01-25,4,58.11,Online,59,232.44
2085,194,2130,2024-07-17,3,70.1,Email,269,210.29999999999998
2086,133,2130,2025-04-15,5,129.42,In-Store,137,647.0999999999999
2087,167,2130,2024-10-15,4,75.91,Online,53,303.64
2088,133,2130,2024-02-27,4,129.42,In-Store,115,517.68
2089,173,2130,2025-05-07,3,100.75,Online,64,302.25
2090,132,2130,2024-07-09,1,146.35,Online,48,146.35
2091,118,2130,2024-03-17,5,128.58,Online,42,642.9000000000001
2092,108,2130,2024-05-15,4,127.37,Online,46,509.48
2093,167,2130,2025-11-12,1,75.91,Online,73,75.91
2094,166,2131,2024-12-29,2,151.16,Online,56,302.32
2095,114,2131,2025-12-14,3,120.5,Email,294,361.5
2096,131,2131,2025-03-18,2,76.52,Online,60,153.04
2097,133,2131,2025-11-09,2,129.42,Online,72,258.84
2098,120,2131,2025-04-17,5,186.86,Online,62,934.3000000000001
2099,120,2131,2024-09-01,5,186.86,TV,343,934.3000000000001
2100,154,2131,2024-12-22,1,39.53,Online,57,39.53
2101,127,2131,2025-05-11,4,184.65,In-Store,139,738.6
2102,135,2131,2024-09-14,3,62.14,Online,51,186.42000000000002
2103,111,2131,2024-11-20,4,78.12,In-Store,129,312.48
2104,159,2131,2025-11-25,4,21.52,Online,75,86.08
2105,152,2131,2024-07-01,4,72.34,In-Store,122,289.36
2106,127,2131,2025-06-17,4,184.65,Social,213,738.6
2107,157,2131,2025-04-14,3,140.43,Online,62,421.29
2108,154,2131,2025-08-06,5,39.53,Online,68,197.65
2109,104,2131,2024-04-11,5,50.25,Online,43,251.25
2110,184,2131,2025-06-16,3,120.25,Online,66,360.75
2111,173,2131,2024-06-08,4,100.75,Online,46,403.0
2112,133,2131,2025-05-08,3,129.42,Online,63,388.26
2113,200,2131,2024-12-26,3,213.63,Social,206,640.89
2114,170,2131,2025-04-13,4,124.94,TV,352,499.76
2115,147,2131,2025-10-18,1,193.11,Online,71,193.11
2116,148,2131,2024-04-12,3,47.75,Online,43,143.25
2117,164,2131,2024-04-10,4,91.03,Email,263,364.12
2118,116,2131,2024-06-20,3,161.44,Online,47,484.32
2119,101,2131,2025-03-31,3,116.4,Online,61,349.20000000000005
2120,151,2131,2024-09-09,5,170.44,In-Store,125,852.2
2121,132,2131,2025-11-24,2,146.35,Social,220,292.7
2122,129,2131,2025-04-15,2,269.37,Online,62,538.74
2123,122,2131,2024-08-30,5,224.2,Online,51,1121.0
2124,141,2131,2024-06-10,3,75.02,Online,47,225.06
2125,185,2131,2025-01-15,4,143.79,Online,58,575.16
2126,200,2131,2024-09-27,3,213.63,Online,52,640.89
2127,134,2132,2024-12-20,1,113.57,In-Store,131,113.57
2128,154,2132,2024-12-07,3,39.53,In-Store,130,118.59
2129,114,2132,2024-10-21,3,120.5,Online,53,361.5
2130,181,2133,2025-02-28,2,231.25,Online,59,462.5
2131,171,2133,2024-07-10,1,117.28,Online,48,117.28
2132,129,2133,2024-04-04,2,269.37,Online,43,538.74
2133,191,2133,2025-04-09,3,196.98,In-Store,137,590.9399999999999
2134,118,2133,2024-05-27,2,128.58,Online,46,257.16
2135,170,2133,2023-12-31,2,124.94,In-Store,111,249.88
2136,117,2133,2025-05-31,5,214.01,Online,65,1070.05
2137,181,2133,2024-02-19,2,231.25,Online,40,462.5
2138,153,2133,2024-05-30,2,44.91,Social,195,89.82
2139,119,2133,2025-01-02,3,193.28,Online,58,579.84
2140,191,2133,2025-04-01,1,196.98,In-Store,136,196.98
2141,169,2133,2024-06-05,1,105.46,Online,46,105.46
2142,190,2133,2025-01-12,3,121.42,Online,58,364.26
2143,135,2133,2025-05-07,4,62.14,In-Store,138,248.56
2144,177,2133,2025-02-08,4,296.45,TV,350,1185.8
2145,106,2133,2025-06-07,5,41.44,In-Store,140,207.2
2146,105,2133,2025-02-09,5,45.85,Email,281,229.25
2147,189,2133,2024-06-10,4,47.31,Online,46,189.24
2148,177,2133,2024-01-29,5,296.45,TV,333,1482.25
2149,120,2133,2024-10-23,4,186.86,Online,53,747.44
2150,159,2133,2024-10-24,3,21.52,Online,53,64.56
2151,143,2134,2023-10-23,2,18.47,Online,34,36.94
2152,148,2134,2023-10-04,2,47.75,Online,33,95.5
2153,101,2134,2023-10-10,2,116.4,In-Store,107,232.8
2154,125,2134,2024-05-29,3,25.35,Online,46,76.05000000000001
2155,167,2134,2022-12-21,2,75.91,Online,18,151.82
2156,104,2134,2023-12-19,2,50.25,Email,257,100.5
2157,131,2134,2024-04-08,3,76.52,Online,43,229.56
2158,172,2134,2025-01-02,4,75.03,In-Store,132,300.12
2159,188,2134,2023-07-06,3,12.93,Social,180,38.79
2160,141,2134,2024-02-23,4,75.02,Online,40,300.08
2161,172,2134,2023-06-08,1,75.03,Online,27,75.03
2162,147,2135,2024-10-02,1,193.11,Online,51,193.11
2163,132,2135,2025-07-21,4,146.35,Online,67,585.4
2164,200,2135,2025-04-18,5,213.63,In-Store,137,1068.15
2165,185,2135,2024-08-01,4,143.79,Online,49,575.16
2166,129,2135,2025-05-26,5,269.37,Online,65,1346.85
2167,120,2135,2024-10-02,5,186.86,Online,52,934.3000000000001
2168,197,2135,2024-07-16,5,270.16,Online,48,1350.8000000000002
2169,179,2135,2025-09-23,5,69.62,Online,70,348.1
2170,166,2135,2025-05-21,1,151.16,Social,213,151.16
2171,181,2135,2024-10-25,4,231.25,Online,53,925.0
2172,132,2135,2025-11-29,5,146.35,In-Store,149,731.75
2173,119,2135,2025-11-21,2,193.28,Email,293,386.56
2174,120,2135,2025-07-12,4,186.86,In-Store,142,747.44
2175,121,2135,2025-03-21,2,126.42,Online,61,252.84
2176,183,2135,2025-07-19,2,127.82,Online,67,255.64
2177,120,2135,2025-04-27,2,186.86,Online,63,373.72
2178,184,2135,2025-01-05,2,120.25,Online,58,240.5
2179,107,2135,2025-03-09,2,110.76,Online,60,221.52
2180,108,2135,2024-08-27,1,127.37,Online,49,127.37
2181,124,2136,2023-11-03,2,174.26,Email,254,348.52
2182,110,2136,2025-01-14,4,138.19,Social,206,552.76
2183,114,2136,2024-08-12,3,120.5,Social,200,361.5
2184,102,2136,2024-05-18,5,175.2,Social,195,876.0
2185,123,2136,2025-12-08,3,28.54,Online,76,85.62
2186,104,2136,2025-07-11,5,50.25,Online,67,251.25
2187,113,2136,2024-06-08,2,122.3,Online,47,244.6
2188,137,2136,2023-09-19,3,90.95,Online,33,272.85
2189,133,2136,2025-01-30,4,129.42,Online,59,517.68
2190,185,2136,2025-04-24,3,143.79,Online,62,431.37
2191,139,2136,2024-01-26,2,162.16,Social,190,324.32
2192,127,2136,2024-05-08,2,184.65,Email,265,369.3
2193,181,2136,2025-08-11,3,231.25,Online,69,693.75
2194,131,2136,2024-10-10,3,76.52,Online,53,229.56
2195,113,2136,2024-05-02,4,122.3,Email,265,489.2
2196,198,2136,2025-07-06,3,167.93,Email,289,503.79
2197,152,2136,2023-10-25,4,72.34,Online,34,289.36
2198,117,2136,2024-12-24,3,214.01,Email,279,642.03
2199,197,2136,2023-12-27,4,270.16,Social,189,1080.64
2200,175,2136,2025-01-12,4,285.32,In-Store,132,1141.28
2201,111,2137,2023-04-11,2,78.12,Online,24,156.24
2202,108,2137,2023-09-17,2,127.37,Online,33,254.74
2203,146,2137,2022-12-16,3,28.76,In-Store,95,86.28
2204,156,2137,2023-11-12,1,13.54,Online,36,13.54
2205,128,2137,2024-11-02,1,69.61,In-Store,128,69.61
2206,182,2137,2023-02-23,1,73.37,Online,20,73.37
2207,184,2137,2023-03-07,4,120.25,Online,21,481.0
2208,194,2137,2024-03-28,1,70.1,Email,263,70.1
2209,171,2137,2023-11-04,2,117.28,TV,327,234.56
2210,101,2138,2024-05-03,1,116.4,Online,45,116.4
2211,109,2138,2023-09-22,2,69.39,TV,325,138.78
2212,104,2138,2023-11-23,2,50.25,In-Store,110,100.5
2213,146,2139,2024-06-22,3,28.76,Online,47,86.28
2214,144,2139,2024-02-16,3,22.73,Online,40,68.19
2215,156,2139,2024-01-04,1,13.54,Social,189,13.54
2216,128,2139,2024-06-29,2,69.61,Online,47,139.22
2217,113,2139,2024-01-12,3,122.3,Online,38,366.9
2218,186,2139,2023-12-20,1,29.78,In-Store,112,29.78
2219,173,2139,2024-05-31,1,100.75,In-Store,121,100.75
2220,145,2139,2024-01-06,2,87.44,Social,189,174.88
2221,167,2140,2023-12-11,2,75.91,In-Store,111,151.82
2222,114,2140,2023-10-28,3,120.5,Social,185,361.5
2223,182,2140,2024-03-20,1,73.37,Social,192,73.37
2224,138,2140,2023-07-14,2,115.15,Online,30,230.3
2225,138,2140,2023-05-17,2,115.15,In-Store,102,230.3
2226,128,2140,2024-02-17,2,69.61,Online,40,139.22
2227,196,2141,2025-06-30,5,162.21,Online,66,811.0500000000001
2228,158,2141,2024-11-05,3,132.56,In-Store,128,397.68
2229,173,2141,2025-12-31,4,100.75,Online,77,403.0
2230,116,2141,2025-06-24,4,161.44,Online,66,645.76
2231,139,2141,2024-09-16,3,162.16,In-Store,126,486.48
2232,183,2141,2024-08-22,2,127.82,In-Store,125,255.64
2233,110,2141,2024-02-26,5,138.19,Social,191,690.95
2234,158,2141,2024-06-19,4,132.56,Online,47,530.24
2235,117,2141,2024-04-04,3,214.01,In-Store,118,642.03
2236,102,2141,2025-09-04,4,175.2,Online,70,700.8
2237,107,2141,2024-05-24,5,110.76,In-Store,120,553.8000000000001
2238,120,2141,2024-11-24,2,186.86,Social,204,373.72
2239,117,2141,2025-11-21,2,214.01,Online,75,428.02
2240,181,2141,2025-01-07,1,231.25,Social,206,231.25
2241,150,2141,2024-10-04,4,66.48,Online,52,265.92
2242,173,2141,2025-03-02,3,100.75,Online,60,302.25
2243,161,2141,2024-12-19,4,233.25,In-Store,131,933.0
2244,185,2141,2025-08-22,2,143.79,Online,68,287.58
2245,168,2141,2024-07-06,4,151.07,Online,47,604.28
2246,161,2141,2024-12-27,2,233.25,Online,56,466.5
2247,156,2141,2025-09-29,3,13.54,Email,291,40.62
2248,168,2141,2024-07-22,1,151.07,In-Store,123,151.07
2249,189,2141,2025-01-05,3,47.31,Online,57,141.93
2250,185,2141,2024-05-06,5,143.79,Online,45,718.9499999999999
2251,120,2141,2024-06-19,5,186.86,Online,47,934.3000000000001
2252,140,2141,2025-02-23,5,139.7,In-Store,135,698.5
2253,158,2141,2025-10-07,1,132.56,Online,71,132.56
2254,186,2141,2025-09-16,5,29.78,TV,361,148.9
2255,198,2142,2024-04-15,4,167.93,In-Store,118,671.72
2256,178,2142,2023-01-17,4,58.92,Email,240,235.68
2257,200,2142,2025-11-25,3,213.63,Social,220,640.89
2258,103,2142,2023-12-11,3,74.85,Social,188,224.54999999999998
2259,164,2142,2022-11-29,5,91.03,Online,17,455.15
2260,129,2142,2024-03-07,2,269.37,Online,41,538.74
2261,124,2142,2025-03-19,1,174.26,Online,61,174.26
2262,190,2142,2023-02-13,3,121.42,Online,21,364.26
2263,193,2142,2025-10-04,1,28.68,Online,71,28.68
2264,156,2142,2024-05-30,1,13.54,Online,46,13.54
2265,122,2142,2025-12-12,5,224.2,Online,76,1121.0
2266,116,2142,2023-05-06,4,161.44,In-Store,101,645.76
2267,132,2142,2024-07-14,2,146.35,Online,48,292.7
2268,142,2142,2025-02-06,2,298.93,Email,281,597.86
2269,124,2142,2022-10-23,3,174.26,Online,14,522.78
2270,174,2143,2024-04-18,2,89.89,Online,43,179.78
2271,148,2143,2024-06-02,2,47.75,Online,47,95.5
2272,192,2143,2024-06-16,1,22.56,Online,47,22.56
2273,186,2143,2024-03-05,2,29.78,Online,42,59.56
2274,131,2144,2024-11-05,1,76.52,TV,345,76.52
2275,191,2144,2025-10-04,1,196.98,TV,361,196.98
2276,104,2144,2023-06-30,3,50.25,TV,322,150.75
2277,141,2144,2023-08-18,3,75.02,Online,32,225.06
2278,141,2144,2025-06-16,5,75.02,Online,66,375.09999999999997
2279,141,2144,2023-08-27,5,75.02,Online,32,375.09999999999997
2280,156,2144,2023-07-18,1,13.54,Online,29,13.54
2281,110,2144,2024-05-25,5,138.19,Email,266,690.95
2282,119,2144,2025-05-05,5,193.28,Social,212,966.4
2283,197,2144,2025-07-14,1,270.16,Online,67,270.16
2284,120,2144,2024-04-08,5,186.86,Online,43,934.3000000000001
2285,105,2144,2025-11-25,3,45.85,Online,75,137.55
2286,156,2144,2025-09-13,4,13.54,Online,70,54.16
2287,161,2144,2024-09-29,4,233.25,Online,51,933.0
2288,108,2144,2023-11-04,4,127.37,In-Store,109,509.48
2289,170,2144,2025-05-28,2,124.94,Social,212,249.88
2290,110,2144,2025-12-05,4,138.19,In-Store,149,552.76
2291,192,2144,2024-08-04,3,22.56,Online,49,67.67999999999999
2292,136,2144,2023-06-05,2,134.23,Online,27,268.46
2293,132,2144,2024-04-21,3,146.35,In-Store,118,439.04999999999995
2294,122,2144,2024-06-22,1,224.2,TV,338,224.2
2295,160,2145,2023-11-06,1,74.86,Online,35,74.86
2296,109,2145,2024-03-25,1,69.39,In-Store,117,69.39
2297,164,2145,2024-01-13,1,91.03,In-Store,112,91.03
2298,112,2145,2024-01-15,4,58.11,Online,38,232.44
2299,194,2145,2024-04-20,3,70.1,Online,44,210.29999999999998
2300,199,2145,2024-04-11,1,105.38,In-Store,119,105.38
2301,111,2145,2023-12-03,3,78.12,Online,36,234.36
2302,130,2145,2024-07-29,4,117.61,Online,49,470.44
2303,136,2145,2024-02-09,1,134.23,Online,40,134.23
2304,156,2145,2024-03-04,3,13.54,In-Store,117,40.62
2305,169,2145,2023-07-06,2,105.46,In-Store,104,210.92
2306,111,2145,2024-04-01,4,78.12,TV,335,312.48
2307,155,2145,2023-05-05,3,71.21,Online,25,213.63
2308,180,2146,2024-10-08,1,97.9,TV,344,97.9
2309,192,2146,2024-10-27,3,22.56,Online,53,67.67999999999999
2310,103,2146,2024-11-19,3,74.85,In-Store,128,224.54999999999998
2311,192,2146,2024-06-21,4,22.56,Online,47,90.24
2312,138,2146,2024-03-05,3,115.15,Online,42,345.45000000000005
2313,187,2146,2024-08-09,1,95.73,Social,199,95.73
2314,114,2146,2024-04-20,1,120.5,Online,44,120.5
2315,137,2146,2024-01-27,1,90.95,TV,333,90.95
2316,159,2146,2024-06-21,3,21.52,Online,47,64.56
2317,137,2146,2024-08-29,1,90.95,Online,50,90.95
2318,174,2146,2023-11-21,2,89.89,In-Store,110,179.78
2319,158,2147,2022-06-26,5,132.56,In-Store,87,662.8
2320,154,2147,2022-08-28,5,39.53,Email,235,197.65
2321,127,2147,2025-04-09,5,184.65,In-Store,137,923.25
2322,132,2147,2022-10-09,1,146.35,Online,14,146.35
2323,196,2147,2024-07-25,3,162.21,Online,48,486.63
2324,122,2147,2022-07-02,1,224.2,Email,232,224.2
2325,139,2147,2025-07-04,4,162.16,Online,67,648.64
2326,175,2147,2024-03-26,1,285.32,Online,43,285.32
2327,171,2147,2025-07-10,2,117.28,Online,67,234.56
2328,132,2147,2023-02-25,5,146.35,In-Store,98,731.75
2329,110,2147,2022-10-16,1,138.19,Online,14,138.19
2330,139,2147,2022-12-02,5,162.16,Online,17,810.8
2331,191,2147,2024-06-30,5,196.98,Social,198,984.9
2332,189,2147,2025-06-11,2,47.31,Online,65,94.62
2333,122,2147,2023-07-18,2,224.2,In-Store,105,448.4
2334,185,2147,2024-05-21,5,143.79,Online,46,718.9499999999999
2335,108,2147,2022-12-21,5,127.37,Online,18,636.85
2336,190,2147,2025-06-14,2,121.42,In-Store,139,242.84
2337,192,2147,2022-11-28,3,22.56,In-Store,94,67.67999999999999
2338,127,2147,2024-12-31,1,184.65,Online,56,184.65
2339,150,2148,2023-06-30,2,66.48,In-Store,104,132.96
2340,128,2148,2023-09-22,3,69.61,Online,33,208.82999999999998
2341,193,2148,2023-05-16,3,28.68,In-Store,102,86.03999999999999
2342,112,2148,2024-07-02,3,58.11,Online,48,174.32999999999998
2343,131,2148,2023-07-29,3,76.52,Online,31,229.56
2344,186,2149,2024-05-18,1,29.78,In-Store,120,29.78
2345,105,2149,2024-06-05,4,45.85,Online,46,183.4
2346,186,2149,2024-10-19,2,29.78,Online,53,59.56
2347,154,2149,2024-09-25,1,39.53,In-Store,126,39.53
2348,113,2149,2024-09-04,2,122.3,In-Store,125,244.6
2349,193,2149,2024-08-13,1,28.68,Online,49,28.68
2350,173,2149,2024-07-10,3,100.75,Online,48,302.25
2351,189,2149,2025-01-04,2,47.31,Online,58,94.62
2352,105,2149,2024-04-19,1,45.85,Social,193,45.85
2353,141,2149,2024-08-19,3,75.02,TV,342,225.06
2354,173,2149,2024-06-29,4,100.75,In-Store,122,403.0
2355,155,2150,2023-03-12,2,71.21,In-Store,99,142.42
2356,103,2150,2023-08-28,3,74.85,Online,32,224.54999999999998
2357,163,2150,2023-04-29,2,115.65,Online,24,231.3
2358,107,2150,2023-06-27,3,110.76,Social,179,332.28000000000003
2359,162,2151,2024-08-06,2,23.29,Online,49,46.58
2360,115,2151,2024-08-19,2,114.62,Online,50,229.24
2361,111,2151,2024-08-11,2,78.12,Online,49,156.24
2362,134,2151,2024-08-07,2,113.57,Online,49,227.14
2363,153,2152,2024-03-30,5,44.91,Online,43,224.54999999999998
2364,196,2152,2025-03-27,3,162.21,Online,61,486.63
2365,151,2152,2024-11-10,1,170.44,Online,54,170.44
2366,161,2152,2025-07-24,4,233.25,Online,68,933.0
2367,139,2152,2025-11-18,2,162.16,In-Store,148,324.32
2368,105,2152,2024-11-06,4,45.85,Online,53,183.4
2369,198,2152,2025-06-03,2,167.93,Online,66,335.86
2370,149,2152,2024-09-25,4,64.92,Online,52,259.68
2371,136,2152,2025-08-15,2,134.23,Online,69,268.46
2372,192,2152,2025-02-11,1,22.56,Online,59,22.56
2373,184,2152,2025-12-03,3,120.25,In-Store,149,360.75
2374,116,2152,2024-02-18,1,161.44,Online,40,161.44
2375,132,2152,2024-11-13,2,146.35,In-Store,128,292.7
2376,152,2152,2025-12-13,5,72.34,In-Store,149,361.70000000000005
2377,127,2152,2025-07-24,4,184.65,TV,357,738.6
2378,122,2152,2024-02-01,1,224.2,Online,40,224.2
2379,131,2152,2025-08-18,3,76.52,Online,69,229.56
2380,120,2152,2024-08-14,3,186.86,In-Store,124,560.58
2381,170,2152,2025-04-08,3,124.94,In-Store,137,374.82
2382,117,2152,2025-11-02,5,214.01,In-Store,147,1070.05
2383,132,2152,2025-01-28,4,146.35,In-Store,134,585.4
2384,170,2152,2024-10-05,3,124.94,Online,52,374.82
2385,135,2152,2024-10-01,4,62.14,Online,51,248.56
2386,165,2152,2025-08-26,1,213.33,Online,68,213.33
2387,116,2152,2024-06-17,1,161.44,Online,47,161.44
2388,140,2152,2025-03-26,1,139.7,Online,61,139.7
2389,174,2152,2025-08-12,2,89.89,Online,69,179.78
2390,140,2152,2024-09-04,1,139.7,Online,51,139.7
2391,165,2152,2024-02-09,4,213.33,Online,40,853.32
2392,101,2153,2023-06-29,3,116.4,Social,180,349.20000000000005
2393,170,2153,2023-04-29,1,124.94,Online,24,124.94
2394,131,2153,2023-06-20,1,76.52,In-Store,103,76.52
2395,180,2153,2023-07-01,1,97.9,Social,179,97.9
2396,131,2153,2023-03-16,3,76.52,Online,22,229.56
2397,190,2154,2024-11-27,3,121.42,Online,55,364.26
2398,171,2154,2024-04-01,4,117.28,Social,193,469.12
2399,174,2154,2024-11-02,3,89.89,Online,53,269.67
2400,125,2154,2025-08-23,5,25.35,Online,68,126.75
2401,150,2154,2025-06-06,3,66.48,In-Store,139,199.44
2402,103,2154,2025-10-16,1,74.85,In-Store,146,74.85
2403,127,2154,2025-12-28,3,184.65,Online,77,553.95
2404,191,2154,2024-09-02,1,196.98,In-Store,124,196.98
2405,152,2154,2024-10-12,2,72.34,Online,53,144.68
2406,133,2154,2025-07-10,4,129.42,Online,67,517.68
2407,158,2154,2024-08-10,2,132.56,Online,49,265.12
2408,196,2154,2025-01-26,4,162.21,Online,58,648.84
2409,118,2154,2024-05-29,2,128.58,Online,46,257.16
2410,139,2154,2024-04-02,1,162.16,Online,43,162.16
2411,108,2154,2025-05-30,2,127.37,Online,65,254.74
2412,167,2154,2024-08-30,4,75.91,Online,49,303.64
2413,142,2154,2024-09-12,5,298.93,In-Store,125,1494.65
2414,106,2154,2025-09-20,5,41.44,Social,217,207.2
2415,144,2154,2025-11-15,4,22.73,Online,74,90.92
2416,126,2154,2025-11-24,5,62.9,Online,75,314.5
2417,139,2154,2025-06-28,5,162.16,Social,213,810.8
2418,147,2154,2025-06-24,3,193.11,In-Store,141,579.33
2419,113,2154,2024-04-15,3,122.3,Online,43,366.9
2420,138,2154,2025-09-25,1,115.15,Social,218,115.15
2421,184,2154,2024-07-22,2,120.25,Email,268,240.5
2422,130,2154,2024-11-16,5,117.61,Email,277,588.05
2423,107,2155,2024-07-05,4,110.76,Online,48,443.04
2424,183,2155,2024-04-02,2,127.82,Online,43,255.64
2425,135,2155,2023-07-19,2,62.14,Online,29,124.28
2426,184,2155,2023-09-11,2,120.25,In-Store,106,240.5
2427,120,2156,2024-01-05,5,186.86,Online,38,934.3000000000001
2428,136,2156,2024-01-29,5,134.23,Online,40,671.15
2429,144,2156,2025-05-05,3,22.73,Online,63,68.19
2430,170,2156,2025-05-30,2,124.94,Online,65,249.88
2431,187,2156,2025-03-31,2,95.73,Online,61,191.46
2432,141,2156,2024-06-27,1,75.02,Online,47,75.02
2433,185,2156,2025-08-15,4,143.79,In-Store,143,575.16
2434,196,2156,2025-05-27,3,162.21,Online,65,486.63
2435,108,2156,2025-10-12,3,127.37,Online,71,382.11
2436,182,2156,2023-11-26,1,73.37,Social,186,73.37
2437,108,2156,2025-11-24,3,127.37,Online,75,382.11
2438,106,2156,2025-12-14,5,41.44,Online,76,207.2
2439,158,2156,2025-10-19,1,132.56,Online,72,132.56
2440,102,2156,2025-05-19,1,175.2,In-Store,138,175.2
2441,153,2156,2025-12-20,1,44.91,In-Store,149,44.91
2442,177,2156,2024-11-10,1,296.45,In-Store,129,296.45
2443,198,2157,2024-10-14,3,167.93,Online,52,503.79
2444,153,2157,2023-12-28,5,44.91,Online,37,224.54999999999998
2445,117,2157,2024-10-09,1,214.01,Online,52,214.01
2446,193,2157,2024-10-12,1,28.68,Online,53,28.68
2447,121,2157,2025-10-16,4,126.42,Online,71,505.68
2448,105,2157,2023-05-30,1,45.85,In-Store,102,45.85
2449,135,2157,2024-07-16,3,62.14,Online,48,186.42000000000002
2450,104,2157,2024-09-14,4,50.25,Online,51,201.0
2451,181,2157,2023-11-07,2,231.25,In-Store,110,462.5
2452,108,2157,2024-06-09,3,127.37,In-Store,120,382.11
2453,136,2157,2025-03-19,2,134.23,In-Store,136,268.46
2454,122,2157,2025-04-07,5,224.2,In-Store,137,1121.0
2455,136,2157,2025-10-18,2,134.23,Online,72,268.46
2456,161,2157,2025-09-28,1,233.25,In-Store,144,233.25
2457,109,2158,2023-09-01,2,69.39,Online,32,138.78
2458,146,2158,2023-11-16,1,28.76,Online,36,28.76
2459,152,2158,2023-10-08,1,72.34,Email,253,72.34
2460,194,2158,2024-06-16,4,70.1,Online,47,280.4
2461,199,2158,2023-09-25,1,105.38,Social,184,105.38
2462,146,2158,2023-01-11,1,28.76,Online,19,28.76
2463,104,2158,2024-09-09,3,50.25,TV,343,150.75
2464,182,2158,2023-11-23,2,73.37,Online,36,146.74
2465,164,2158,2023-03-19,4,91.03,Online,23,364.12
2466,156,2158,2023-09-17,2,13.54,Online,33,27.08
2467,131,2158,2023-05-23,4,76.52,In-Store,102,306.08
2468,106,2158,2023-05-01,2,41.44,Online,24,82.88
2469,109,2158,2023-01-14,1,69.39,Online,19,69.39
2470,189,2158,2023-12-09,2,47.31,Online,36,94.62
2471,160,2158,2024-06-13,1,74.86,Online,47,74.86
2472,133,2158,2023-01-30,4,129.42,In-Store,97,517.68
2473,149,2158,2023-04-17,3,64.92,In-Store,100,194.76
2474,107,2158,2023-10-20,3,110.76,Online,34,332.28000000000003
2475,131,2158,2023-09-30,2,76.52,Online,33,153.04
2476,108,2158,2024-01-11,4,127.37,In-Store,113,509.48
2477,112,2159,2023-08-27,3,58.11,In-Store,106,174.32999999999998
2478,154,2160,2023-03-06,2,39.53,Online,22,79.06
2479,126,2160,2023-10-12,3,62.9,Online,33,188.7
2480,173,2160,2023-11-19,1,100.75,Social,187,100.75
2481,138,2160,2023-08-24,3,115.15,Email,252,345.45000000000005
2482,136,2160,2022-12-16,4,134.23,Online,18,536.92
2483,193,2160,2024-05-01,3,28.68,In-Store,119,86.03999999999999
2484,186,2160,2023-01-03,1,29.78,Online,19,29.78
2485,146,2160,2023-02-25,2,28.76,In-Store,98,57.52
2486,172,2160,2024-12-27,3,75.03,Online,56,225.09
2487,167,2160,2024-03-14,2,75.91,Online,41,151.82
2488,123,2160,2023-03-12,1,28.54,In-Store,99,28.54
2489,109,2160,2022-11-14,4,69.39,Online,16,277.56
2490,155,2161,2024-02-17,3,71.21,Social,190,213.63
2491,195,2161,2024-07-10,1,109.44,In-Store,123,109.44
2492,144,2161,2024-08-10,1,22.73,Online,49,22.73
2493,114,2161,2024-08-06,2,120.5,Social,199,241.0
2494,199,2161,2024-07-10,3,105.38,Online,48,316.14
2495,136,2161,2024-05-04,2,134.23,Online,45,268.46
2496,188,2161,2024-04-24,1,12.93,In-Store,119,12.93
2497,195,2162,2024-08-07,1,109.44,TV,340,109.44
2498,113,2162,2024-08-10,2,122.3,Online,49,244.6
2499,117,2162,2024-12-19,5,214.01,Online,57,1070.05
2500,137,2162,2024-09-28,1,90.95,Online,51,90.95
2501,102,2162,2024-03-21,1,175.2,Online,42,175.2
2502,125,2162,2025-07-11,1,25.35,Online,67,25.35
2503,124,2162,2024-02-02,1,174.26,In-Store,113,174.26
2504,152,2162,2024-02-01,2,72.34,Online,40,144.68
2505,115,2162,2024-10-14,1,114.62,Social,203,114.62
2506,101,2162,2023-03-04,1,116.4,Email,243,116.4
2507,192,2162,2025-10-22,3,22.56,TV,363,67.67999999999999
2508,140,2162,2023-07-06,5,139.7,Social,180,698.5
2509,191,2162,2025-12-01,1,196.98,Email,294,196.98
2510,193,2162,2024-02-23,1,28.68,In-Store,115,28.68
2511,184,2162,2024-11-07,1,120.25,Online,54,120.25
2512,186,2162,2025-11-29,2,29.78,In-Store,149,59.56
2513,171,2162,2024-11-05,4,117.28,Online,53,469.12
2514,140,2162,2024-07-25,5,139.7,Online,49,698.5
2515,184,2162,2025-04-21,5,120.25,In-Store,138,601.25
2516,158,2162,2025-03-04,3,132.56,Online,60,397.68
2517,136,2162,2023-04-20,5,134.23,Online,24,671.15
2518,137,2162,2023-09-01,5,90.95,Online,32,454.75
2519,136,2162,2025-12-31,2,134.23,Online,77,268.46
2520,151,2162,2025-08-26,1,170.44,In-Store,143,170.44
2521,116,2162,2025-04-05,2,161.44,Email,283,322.88
2522,133,2162,2025-10-23,2,129.42,Online,72,258.84
2523,113,2162,2024-11-08,1,122.3,Online,55,122.3
2524,125,2163,2023-02-08,3,25.35,Online,20,76.05000000000001
2525,126,2163,2024-06-24,4,62.9,Email,268,251.6
2526,193,2163,2023-08-15,1,28.68,Social,182,28.68
2527,184,2163,2022-11-13,1,120.25,In-Store,93,120.25
2528,193,2163,2023-02-05,3,28.68,Online,21,86.03999999999999
2529,179,2163,2023-10-23,4,69.62,Online,34,278.48
2530,194,2163,2023-01-31,1,70.1,Online,20,70.1
2531,126,2163,2023-08-30,1,62.9,Online,32,62.9
2532,149,2163,2022-10-05,2,64.92,Online,14,129.84
2533,195,2163,2023-01-18,1,109.44,Email,241,109.44
2534,143,2163,2024-04-04,2,18.47,Social,192,36.94
2535,155,2163,2023-03-17,1,71.21,Online,22,71.21
2536,188,2163,2025-01-20,2,12.93,Online,58,25.86
2537,103,2163,2023-02-18,4,74.85,Social,173,299.4
2538,159,2163,2023-09-10,1,21.52,Social,184,21.52
2539,161,2164,2025-06-02,4,233.25,Online,65,933.0
2540,122,2164,2025-12-03,2,224.2,In-Store,149,448.4
2541,179,2164,2025-03-27,3,69.62,Online,61,208.86
2542,166,2164,2025-06-25,2,151.16,Online,66,302.32
2543,121,2164,2025-01-11,4,126.42,Online,58,505.68
2544,137,2164,2025-08-31,2,90.95,In-Store,144,181.9
2545,168,2164,2025-08-12,3,151.07,In-Store,143,453.21
2546,129,2164,2024-12-07,3,269.37,Social,205,808.11
2547,164,2164,2024-11-19,4,91.03,In-Store,129,364.12
2548,158,2164,2025-05-11,4,132.56,Social,212,530.24
2549,129,2164,2025-08-25,5,269.37,Online,69,1346.85
2550,168,2164,2024-12-10,3,151.07,In-Store,131,453.21
2551,196,2164,2025-01-19,3,162.21,Online,58,486.63
2552,196,2164,2025-11-07,1,162.21,Online,73,162.21
2553,194,2164,2025-09-02,1,70.1,Social,217,70.1
2554,134,2164,2025-04-12,1,113.57,In-Store,137,113.57
2555,178,2164,2025-07-06,5,58.92,Social,214,294.6
2556,180,2164,2025-06-11,5,97.9,In-Store,140,489.5
2557,133,2164,2025-10-03,5,129.42,In-Store,145,647.0999999999999
2558,186,2164,2025-05-28,3,29.78,Social,213,89.34
2559,198,2164,2025-10-11,5,167.93,In-Store,145,839.6500000000001
2560,143,2165,2023-07-20,4,18.47,Online,30,73.88
2561,172,2165,2024-02-12,3,75.03,Online,40,225.09
2562,173,2165,2023-02-27,3,100.75,In-Store,98,302.25
2563,186,2165,2023-08-15,2,29.78,Online,32,59.56
2564,109,2165,2024-02-10,1,69.39,Online,40,69.39
2565,183,2165,2023-01-24,3,127.82,In-Store,96,383.46
2566,193,2165,2023-07-31,2,28.68,TV,322,57.36
2567,146,2165,2023-08-23,2,28.76,Online,32,57.52
2568,183,2166,2023-06-04,2,127.82,In-Store,102,255.64
2569,116,2166,2024-08-01,5,161.44,TV,341,807.2
2570,115,2166,2022-06-25,1,114.62,TV,305,114.62
2571,183,2166,2024-10-28,1,127.82,Online,53,127.82
2572,178,2166,2024-07-07,1,58.92,In-Store,123,58.92
2573,191,2166,2023-02-24,3,196.98,In-Store,98,590.9399999999999
2574,168,2166,2023-06-15,2,151.07,Online,28,302.14
2575,117,2166,2025-11-20,3,214.01,In-Store,148,642.03
2576,151,2166,2025-02-02,5,170.44,In-Store,134,852.2
2577,133,2166,2023-10-09,3,129.42,TV,326,388.26
2578,136,2166,2025-11-23,2,134.23,Email,294,268.46
2579,191,2166,2025-05-07,3,196.98,Online,64,590.9399999999999
2580,168,2166,2022-12-31,3,151.07,Online,19,453.21
2581,198,2166,2022-12-30,3,167.93,Online,19,503.79
2582,124,2166,2025-04-05,4,174.26,Online,61,697.04
2583,133,2166,2025-09-15,2,129.42,Online,70,258.84
2584,183,2166,2024-11-15,1,127.82,In-Store,129,127.82
2585,125,2166,2022-12-28,5,25.35,Online,19,126.75
2586,104,2166,2024-01-23,1,50.25,Online,39,50.25
2587,119,2166,2023-04-02,4,193.28,Online,24,773.12
2588,190,2166,2023-07-10,3,121.42,Social,180,364.26
2589,138,2166,2023-09-12,1,115.15,Social,184,115.15
2590,166,2166,2023-02-04,2,151.16,Online,21,302.32
2591,105,2166,2025-12-01,4,45.85,In-Store,149,183.4
2592,198,2166,2024-05-10,1,167.93,Online,45,167.93
2593,164,2166,2024-05-05,1,91.03,Online,45,91.03
2594,164,2166,2023-04-04,3,91.03,Social,176,273.09000000000003
2595,113,2166,2022-04-26,1,122.3,Online,5,122.3
2596,187,2166,2022-06-27,3,95.73,Online,8,287.19
2597,143,2166,2025-09-14,3,18.47,Online,70,55.41
2598,147,2166,2024-06-17,5,193.11,Online,47,965.5500000000001
2599,105,2167,2025-02-02,2,45.85,Online,59,91.7
2600,181,2167,2024-09-02,3,231.25,Online,51,693.75
2601,161,2167,2025-05-20,5,233.25,Online,65,1166.25
2602,110,2167,2023-07-08,4,138.19,Social,180,552.76
2603,124,2167,2024-11-12,4,174.26,In-Store,129,697.04
2604,140,2167,2025-12-13,1,139.7,In-Store,149,139.7
2605,199,2167,2023-02-14,4,105.38,In-Store,98,421.52
2606,137,2167,2025-04-07,1,90.95,TV,353,90.95
2607,175,2167,2025-10-10,5,285.32,Online,71,1426.6
2608,121,2167,2024-01-31,5,126.42,In-Store,113,632.1
2609,116,2167,2024-01-30,2,161.44,Online,40,322.88
2610,191,2167,2025-02-24,2,196.98,TV,351,393.96
2611,144,2167,2024-05-14,2,22.73,Online,46,45.46
2612,120,2167,2024-11-08,5,186.86,Email,277,934.3000000000001
2613,121,2167,2025-03-17,2,126.42,In-Store,136,252.84
2614,181,2167,2023-01-17,1,231.25,Online,19,231.25
2615,139,2167,2023-11-01,2,162.16,Social,186,324.32
2616,108,2167,2024-05-21,4,127.37,Online,46,509.48
2617,193,2167,2024-07-16,2,28.68,Online,48,57.36
2618,162,2167,2023-01-09,5,23.29,Online,19,116.44999999999999
2619,179,2167,2024-02-02,2,69.62,Social,190,139.24
2620,165,2167,2024-06-01,4,213.33,Online,46,853.32
2621,151,2167,2022-11-06,1,170.44,Online,15,170.44
2622,142,2167,2024-03-15,2,298.93,Online,42,597.86
2623,141,2168,2023-11-04,1,75.02,Online,34,75.02
2624,171,2168,2024-04-06,1,117.28,Email,263,117.28
2625,173,2168,2024-02-03,4,100.75,In-Store,113,403.0
2626,138,2168,2024-11-24,4,115.15,In-Store,129,460.6
2627,114,2168,2023-11-19,2,120.5,Email,255,241.0
2628,107,2168,2024-10-11,1,110.76,Online,52,110.76
2629,193,2168,2024-12-17,2,28.68,In-Store,130,57.36
2630,101,2168,2024-02-13,4,116.4,Social,191,465.6
2631,135,2168,2024-02-14,2,62.14,Online,40,124.28
2632,136,2168,2024-04-13,2,134.23,Online,43,268.46
2633,162,2168,2024-04-25,4,23.29,Online,44,93.16
2634,141,2168,2024-09-20,3,75.02,In-Store,126,225.06
2635,123,2168,2024-08-20,4,28.54,In-Store,124,114.16
2636,115,2168,2024-07-28,4,114.62,Online,49,458.48
2637,173,2169,2024-06-21,5,100.75,Online,47,503.75
2638,112,2169,2024-02-22,2,58.11,Online,40,116.22
2639,199,2169,2024-09-18,3,105.38,Online,51,316.14
2640,121,2169,2025-12-04,1,126.42,Online,74,126.42
2641,152,2169,2025-10-16,4,72.34,Online,72,289.36
2642,146,2169,2024-02-26,1,28.76,Online,41,28.76
2643,190,2169,2025-03-19,4,121.42,Online,60,485.68
2644,117,2169,2024-03-26,1,214.01,Online,43,214.01
2645,143,2169,2023-10-30,2,18.47,Online,35,36.94
2646,117,2169,2024-04-20,3,214.01,Online,43,642.03
2647,133,2169,2024-04-08,4,129.42,In-Store,118,517.68
2648,160,2169,2025-09-02,3,74.86,Online,70,224.57999999999998
2649,175,2169,2025-01-28,3,285.32,Online,59,855.96
2650,117,2169,2024-03-29,5,214.01,In-Store,118,1070.05
2651,182,2170,2025-03-14,1,73.37,TV,351,73.37
2652,158,2170,2025-01-03,2,132.56,Online,57,265.12
2653,173,2170,2024-11-30,4,100.75,TV,346,403.0
2654,172,2170,2025-02-25,1,75.03,In-Store,135,75.03
2655,130,2170,2024-12-15,3,117.61,Online,57,352.83
2656,130,2170,2025-03-30,3,117.61,In-Store,137,352.83
2657,173,2170,2024-11-24,1,100.75,TV,346,100.75
2658,128,2170,2025-01-07,2,69.61,Social,206,139.22
2659,186,2171,2024-02-18,5,29.78,In-Store,114,148.9
2660,176,2171,2023-11-07,5,98.45,Online,35,492.25
2661,155,2171,2025-03-22,3,71.21,Online,60,213.63
2662,151,2171,2024-01-09,3,170.44,Social,190,511.32
2663,136,2171,2024-02-25,5,134.23,Online,41,671.15
2664,110,2171,2024-12-20,1,138.19,Online,56,138.19
2665,175,2171,2024-06-21,5,285.32,Online,47,1426.6
2666,144,2171,2025-06-23,1,22.73,In-Store,141,22.73
2667,151,2171,2024-06-10,2,170.44,Online,46,340.88
2668,119,2171,2024-09-24,4,193.28,Online,52,773.12
2669,179,2171,2024-09-19,2,69.62,Online,51,139.24
2670,141,2171,2024-12-06,4,75.02,In-Store,131,300.08
2671,154,2171,2025-11-27,4,39.53,Online,74,158.12
2672,107,2171,2024-09-11,5,110.76,Online,51,553.8000000000001
2673,190,2171,2024-12-14,4,121.42,Online,57,485.68
2674,152,2171,2025-03-21,2,72.34,Online,61,144.68
2675,133,2171,2024-10-27,1,129.42,In-Store,128,129.42
2676,198,2171,2024-09-11,5,167.93,Online,51,839.6500000000001
2677,119,2171,2025-01-03,2,193.28,Online,58,386.56
2678,103,2172,2024-08-16,3,74.85,In-Store,124,224.54999999999998
2679,111,2172,2025-08-20,5,78.12,Online,68,390.6
2680,124,2172,2025-10-27,1,174.26,In-Store,146,174.26
2681,166,2172,2025-01-04,5,151.16,Online,57,755.8
2682,184,2172,2025-07-02,3,120.25,Online,67,360.75
2683,162,2172,2025-08-23,4,23.29,Online,69,93.16
2684,174,2172,2025-07-13,5,89.89,Online,67,449.45
2685,192,2172,2025-03-26,2,22.56,In-Store,136,45.12
2686,199,2172,2025-04-18,2,105.38,Social,211,210.76
2687,170,2172,2025-02-01,5,124.94,Email,281,624.7
2688,123,2172,2025-06-30,3,28.54,Online,66,85.62
2689,136,2172,2025-06-17,3,134.23,In-Store,141,402.68999999999994
2690,136,2172,2025-11-23,3,134.23,Online,75,402.68999999999994
2691,138,2172,2025-01-08,5,115.15,Online,57,575.75
2692,129,2172,2025-03-01,5,269.37,In-Store,135,1346.85
2693,168,2172,2025-07-30,5,151.07,Online,67,755.3499999999999
2694,111,2172,2025-08-21,1,78.12,TV,360,78.12
2695,184,2172,2025-11-30,4,120.25,Email,294,481.0
2696,185,2172,2025-06-14,3,143.79,In-Store,139,431.37
2697,186,2172,2025-05-07,2,29.78,Online,64,59.56
2698,104,2172,2025-05-26,1,50.25,Social,213,50.25
2699,198,2172,2025-12-23,1,167.93,Email,295,167.93
2700,156,2172,2024-11-09,5,13.54,Online,54,67.69999999999999
2701,190,2172,2024-09-03,3,121.42,In-Store,124,364.26
2702,106,2172,2025-04-18,1,41.44,Social,211,41.44
2703,157,2172,2025-02-17,1,140.43,Online,59,140.43
2704,177,2172,2025-10-24,3,296.45,Online,72,889.3499999999999
2705,144,2172,2025-02-23,3,22.73,In-Store,134,68.19
2706,163,2173,2025-07-27,5,115.65,Online,67,578.25
2707,182,2173,2025-08-03,3,73.37,Online,68,220.11
2708,113,2173,2025-02-20,2,122.3,In-Store,135,244.6
2709,198,2173,2024-09-12,1,167.93,Online,51,167.93
2710,151,2173,2025-05-21,4,170.44,In-Store,138,681.76
2711,124,2173,2024-09-25,5,174.26,Online,51,871.3
2712,104,2173,2024-07-24,2,50.25,In-Store,123,100.5
2713,168,2173,2024-05-30,2,151.07,Online,46,302.14
2714,184,2173,2025-11-01,3,120.25,Online,72,360.75
2715,126,2173,2024-10-11,5,62.9,Social,202,314.5
2716,134,2173,2025-08-05,3,113.57,Social,215,340.71
2717,103,2173,2025-10-24,4,74.85,Online,72,299.4
2718,113,2173,2025-03-06,2,122.3,Online,60,244.6
2719,131,2173,2025-05-04,3,76.52,Online,63,229.56
2720,133,2173,2025-05-06,4,129.42,TV,354,517.68
2721,188,2173,2025-04-13,5,12.93,Online,63,64.65
2722,138,2174,2025-01-31,1,115.15,TV,350,115.15
2723,104,2174,2025-10-18,3,50.25,Online,71,150.75
2724,141,2174,2025-12-19,1,75.02,Online,76,75.02
2725,129,2174,2025-10-13,2,269.37,In-Store,145,538.74
2726,165,2174,2025-11-21,2,213.33,Online,75,426.66
2727,119,2174,2025-11-21,1,193.28,In-Store,148,193.28
2728,175,2174,2025-11-16,2,285.32,Online,73,570.64
2729,186,2174,2025-02-19,5,29.78,Online,59,148.9
2730,137,2174,2025-07-19,2,90.95,In-Store,141,181.9
2731,121,2174,2025-01-21,5,126.42,Online,58,632.1
2732,114,2174,2025-03-13,5,120.5,TV,352,602.5
2733,165,2174,2025-05-07,2,213.33,Online,64,426.66
2734,104,2174,2025-12-02,4,50.25,In-Store,149,201.0
2735,135,2174,2025-01-25,2,62.14,In-Store,134,124.28
2736,179,2174,2024-11-03,5,69.62,TV,346,348.1
2737,121,2174,2025-08-24,3,126.42,Online,68,379.26
2738,193,2175,2023-11-18,1,28.68,Online,35,28.68
2739,187,2175,2023-09-15,2,95.73,In-Store,107,191.46
2740,118,2175,2024-07-31,1,128.58,In-Store,123,128.58
2741,149,2175,2023-02-02,2,64.92,Social,173,129.84
2742,158,2175,2023-07-06,2,132.56,Online,29,265.12
2743,135,2175,2023-01-20,2,62.14,Social,171,124.28
2744,118,2175,2023-02-05,1,128.58,In-Store,97,128.58
2745,186,2175,2023-06-01,1,29.78,Online,27,29.78
2746,169,2175,2023-01-17,1,105.46,Social,171,105.46
2747,138,2175,2025-01-05,2,115.15,Online,58,230.3
2748,104,2175,2022-10-03,4,50.25,Online,13,201.0
2749,164,2175,2023-05-11,4,91.03,Online,26,364.12
2750,173,2175,2023-04-04,2,100.75,In-Store,100,201.5
2751,178,2175,2024-06-05,4,58.92,Online,47,235.68
2752,190,2175,2023-09-23,1,121.42,In-Store,107,121.42
2753,190,2176,2023-05-08,4,121.42,Online,25,485.68
2754,116,2176,2023-10-18,3,161.44,In-Store,108,484.32
2755,186,2176,2023-10-29,4,29.78,Online,34,119.12
2756,157,2176,2025-07-15,3,140.43,Online,67,421.29
2757,182,2176,2022-11-03,4,73.37,Online,15,293.48
2758,200,2176,2025-06-10,1,213.63,Online,66,213.63
2759,198,2176,2025-06-01,4,167.93,TV,355,671.72
2760,193,2176,2025-12-14,1,28.68,Online,76,28.68
2761,118,2176,2023-07-17,2,128.58,Email,250,257.16
2762,152,2176,2025-08-08,1,72.34,Online,68,72.34
2763,119,2176,2023-04-21,5,193.28,Email,245,966.4
2764,135,2176,2023-07-15,2,62.14,TV,322,124.28
2765,170,2176,2024-09-23,5,124.94,Online,51,624.7
2766,121,2176,2024-01-13,5,126.42,Online,39,632.1
2767,124,2176,2023-04-09,3,174.26,In-Store,100,522.78
2768,161,2176,2023-09-15,5,233.25,Online,33,1166.25
2769,169,2176,2025-06-14,3,105.46,Online,65,316.38
2770,164,2176,2025-01-28,4,91.03,In-Store,133,364.12
2771,147,2176,2025-02-05,4,193.11,Online,59,772.44
2772,144,2176,2022-06-12,3,22.73,Social,160,68.19
2773,122,2176,2025-07-28,4,224.2,In-Store,142,896.8
2774,177,2176,2022-12-27,4,296.45,In-Store,95,1185.8
2775,170,2177,2025-12-13,2,124.94,In-Store,149,249.88
2776,116,2177,2025-02-25,1,161.44,Online,60,161.44
2777,184,2177,2025-04-24,4,120.25,In-Store,138,481.0
2778,197,2177,2023-11-20,3,270.16,Online,35,810.48
2779,186,2177,2025-10-25,5,29.78,Online,72,148.9
2780,136,2177,2023-07-10,1,134.23,Online,29,134.23
2781,199,2177,2024-09-23,1,105.38,Online,51,105.38
2782,102,2177,2023-08-28,1,175.2,Online,32,175.2
2783,199,2177,2025-10-17,4,105.38,Online,72,421.52
2784,189,2177,2025-07-10,4,47.31,Online,67,189.24
2785,121,2177,2023-11-13,3,126.42,In-Store,110,379.26
2786,108,2177,2024-09-08,5,127.37,Online,51,636.85
2787,116,2177,2023-01-10,1,161.44,Online,19,161.44
2788,159,2177,2024-03-30,2,21.52,Email,263,43.04
2789,132,2177,2023-02-22,5,146.35,Online,21,731.75
2790,181,2177,2025-04-07,2,231.25,TV,353,462.5
2791,177,2177,2025-11-19,1,296.45,Online,74,296.45
2792,149,2177,2023-07-10,2,64.92,In-Store,104,129.84
2793,188,2177,2025-12-22,1,12.93,Online,77,12.93
2794,186,2177,2023-10-20,5,29.78,Online,34,148.9
2795,188,2177,2023-10-15,5,12.93,Online,34,64.65
2796,198,2177,2025-04-27,5,167.93,Online,63,839.6500000000001
2797,198,2177,2023-05-01,1,167.93,In-Store,100,167.93
2798,161,2177,2023-07-15,2,233.25,Online,29,466.5
2799,107,2177,2025-04-07,2,110.76,Online,62,221.52
2800,122,2177,2023-03-09,4,224.2,Online,22,896.8
2801,175,2177,2023-05-31,1,285.32,Online,26,285.32
2802,109,2177,2022-11-12,3,69.39,In-Store,93,208.17000000000002
2803,152,2177,2025-08-26,2,72.34,Online,68,144.68
2804,181,2177,2023-11-20,5,231.25,Online,35,1156.25
2805,111,2178,2022-11-14,1,78.12,Online,17,78.12
2806,141,2178,2023-01-06,3,75.02,Online,19,225.06
2807,105,2178,2022-12-04,3,45.85,Social,167,137.55
2808,173,2178,2022-10-10,2,100.75,In-Store,91,201.5
2809,126,2178,2022-04-20,1,62.9,Online,5,62.9
2810,188,2178,2022-09-01,2,12.93,Online,12,25.86
2811,145,2179,2022-09-16,4,87.44,In-Store,90,349.76
2812,128,2179,2023-05-15,1,69.61,In-Store,101,69.61
2813,130,2179,2024-05-30,2,117.61,In-Store,120,235.22
2814,197,2179,2024-09-08,5,270.16,Online,51,1350.8000000000002
2815,104,2179,2024-08-21,3,50.25,In-Store,124,150.75
2816,149,2179,2022-12-14,1,64.92,Social,170,64.92
2817,176,2179,2023-10-14,5,98.45,In-Store,108,492.25
2818,149,2179,2023-04-20,5,64.92,Online,24,324.6
2819,126,2179,2022-09-04,2,62.9,TV,310,125.8
2820,127,2179,2023-03-31,2,184.65,Online,23,369.3
2821,179,2179,2024-08-05,5,69.62,Online,49,348.1
2822,111,2179,2024-04-20,2,78.12,Online,44,156.24
2823,117,2179,2022-09-25,1,214.01,Social,164,214.01
2824,191,2179,2023-06-16,4,196.98,Email,248,787.92
2825,152,2180,2025-03-18,4,72.34,Online,61,289.36
2826,132,2180,2025-05-25,2,146.35,In-Store,139,292.7
2827,114,2180,2024-10-15,1,120.5,Online,53,120.5
2828,162,2180,2025-11-29,4,23.29,Online,74,93.16
2829,145,2180,2024-11-17,5,87.44,In-Store,129,437.2
2830,183,2180,2025-12-19,3,127.82,Online,77,383.46
2831,108,2180,2025-11-30,1,127.37,Online,75,127.37
2832,174,2180,2025-09-12,1,89.89,Online,70,89.89
2833,151,2180,2024-11-16,3,170.44,Email,277,511.32
2834,101,2180,2025-04-09,5,116.4,Email,283,582.0
2835,127,2180,2025-08-07,4,184.65,Social,215,738.6
2836,188,2180,2025-02-18,3,12.93,Online,60,38.79
2837,179,2180,2025-08-26,3,69.62,Online,68,208.86
2838,195,2180,2025-04-19,2,109.44,Online,63,218.88
2839,183,2180,2025-11-18,3,127.82,Online,74,383.46
2840,198,2180,2024-09-15,5,167.93,Online,51,839.6500000000001
2841,140,2180,2024-11-13,5,139.7,Online,55,698.5
2842,141,2181,2025-03-20,1,75.02,Online,61,75.02
2843,197,2181,2024-10-31,1,270.16,Online,53,270.16
2844,168,2181,2025-03-31,5,151.07,Online,61,755.3499999999999
2845,192,2181,2024-05-01,3,22.56,Online,45,67.67999999999999
2846,166,2181,2024-06-22,1,151.16,TV,339,151.16
2847,173,2181,2024-03-25,2,100.75,Online,43,201.5
2848,129,2181,2025-03-16,2,269.37,Online,60,538.74
2849,185,2181,2024-09-13,1,143.79,Social,201,143.79
2850,159,2181,2024-11-12,5,21.52,TV,346,107.6
2851,158,2181,2025-06-09,4,132.56,Online,65,530.24
2852,165,2181,2024-08-11,5,213.33,Online,49,1066.65
2853,196,2181,2025-01-14,5,162.21,In-Store,133,811.0500000000001
2854,129,2181,2025-04-24,4,269.37,In-Store,137,1077.48
2855,197,2181,2025-06-14,1,270.16,In-Store,139,270.16
2856,185,2181,2024-12-29,2,143.79,In-Store,131,287.58
2857,186,2182,2023-06-09,4,29.78,Email,247,119.12
2858,126,2182,2024-08-13,4,62.9,Social,200,251.6
2859,190,2182,2023-07-01,4,121.42,Social,179,485.68
2860,182,2182,2024-11-10,1,73.37,Online,55,73.37
2861,160,2182,2022-10-07,1,74.86,Online,13,74.86
2862,170,2183,2025-09-03,1,124.94,TV,360,124.94
2863,192,2183,2025-04-09,1,22.56,Online,62,22.56
2864,184,2183,2024-11-11,1,120.25,In-Store,129,120.25
2865,140,2183,2023-08-31,5,139.7,Online,32,698.5
2866,190,2183,2025-08-19,3,121.42,Online,68,364.26
2867,123,2183,2024-06-25,5,28.54,In-Store,121,142.7
2868,178,2183,2023-05-24,5,58.92,In-Store,102,294.6
2869,136,2183,2024-07-10,3,134.23,Online,48,402.68999999999994
2870,196,2183,2023-05-19,2,162.21,Online,25,324.42
2871,113,2183,2025-10-28,5,122.3,Online,72,611.5
2872,151,2183,2025-10-18,4,170.44,In-Store,146,681.76
2873,152,2183,2025-12-23,2,72.34,In-Store,149,144.68
2874,193,2183,2024-02-15,4,28.68,In-Store,114,114.72
2875,162,2183,2025-05-03,5,23.29,In-Store,138,116.44999999999999
2876,197,2183,2023-08-02,4,270.16,TV,323,1080.64
2877,121,2183,2023-11-05,3,126.42,TV,327,379.26
2878,126,2183,2025-09-24,3,62.9,Online,70,188.7
2879,143,2183,2023-12-27,4,18.47,Online,38,73.88
2880,178,2183,2025-11-25,5,58.92,Online,75,294.6
2881,173,2183,2023-08-26,4,100.75,Social,182,403.0
2882,144,2183,2023-05-22,3,22.73,Online,25,68.19
2883,103,2183,2025-06-05,2,74.85,Online,65,149.7
2884,161,2183,2025-08-18,4,233.25,Social,215,933.0
2885,168,2183,2023-12-22,4,151.07,Online,37,604.28
2886,111,2183,2023-11-25,1,78.12,In-Store,110,78.12
2887,102,2183,2024-06-19,5,175.2,Email,268,876.0
2888,119,2183,2023-06-25,5,193.28,In-Store,104,966.4
2889,101,2184,2025-08-09,2,116.4,Social,215,232.8
2890,149,2184,2024-03-14,1,64.92,In-Store,116,64.92
2891,119,2184,2025-06-22,5,193.28,TV,356,966.4
2892,195,2184,2025-10-27,1,109.44,TV,362,109.44
2893,185,2184,2025-01-31,3,143.79,Online,59,431.37
2894,134,2184,2024-06-01,4,113.57,Email,267,454.28
2895,158,2184,2024-12-18,2,132.56,In-Store,131,265.12
2896,105,2184,2025-03-14,3,45.85,Online,60,137.55
2897,137,2184,2023-12-31,1,90.95,Social,188,90.95
2898,104,2184,2024-09-10,4,50.25,Online,51,201.0
2899,148,2184,2025-04-17,2,47.75,Social,211,95.5
2900,115,2184,2025-01-12,3,114.62,In-Store,133,343.86
2901,115,2184,2024-03-22,1,114.62,Email,263,114.62
2902,156,2184,2025-05-26,5,13.54,Online,65,67.69999999999999
2903,120,2184,2024-06-06,4,186.86,In-Store,121,747.44
2904,151,2184,2025-05-19,4,170.44,In-Store,139,681.76
2905,127,2184,2025-11-05,4,184.65,In-Store,147,738.6
2906,120,2184,2024-02-09,5,186.86,Online,40,934.3000000000001
2907,102,2184,2025-12-19,1,175.2,In-Store,149,175.2
2908,118,2184,2025-02-25,4,128.58,Online,60,514.32
2909,149,2184,2025-07-07,2,64.92,Online,67,129.84
2910,191,2184,2025-11-09,5,196.98,In-Store,147,984.9
2911,101,2184,2024-11-25,3,116.4,Online,55,349.20000000000005
2912,167,2185,2023-06-22,4,75.91,Online,29,303.64
2913,167,2185,2023-12-19,1,75.91,Social,188,75.91
2914,163,2185,2023-12-10,4,115.65,In-Store,111,462.6
2915,112,2185,2023-08-24,3,58.11,Social,182,174.32999999999998
2916,106,2185,2023-02-02,4,41.44,Online,20,165.76
2917,184,2185,2023-08-04,2,120.25,In-Store,106,240.5
2918,190,2185,2023-06-19,4,121.42,Online,28,485.68
2919,162,2185,2023-11-18,4,23.29,Online,36,93.16
2920,141,2185,2023-11-01,2,75.02,Online,35,150.04
2921,187,2185,2023-09-07,1,95.73,Online,33,95.73
2922,145,2185,2023-11-28,3,87.44,Online,36,262.32
2923,133,2185,2023-06-21,2,129.42,Online,28,258.84
2924,143,2185,2023-06-18,3,18.47,In-Store,103,55.41
2925,171,2186,2025-11-09,5,117.28,Online,72,586.4
2926,181,2186,2024-12-22,5,231.25,TV,347,1156.25
2927,142,2186,2025-04-14,4,298.93,Online,61,1195.72
2928,127,2186,2025-09-04,1,184.65,Social,217,184.65
2929,183,2186,2025-03-02,4,127.82,Online,60,511.28
2930,182,2186,2025-09-17,5,73.37,Online,70,366.85
2931,196,2186,2025-01-02,1,162.21,Online,57,162.21
2932,118,2186,2025-01-28,1,128.58,In-Store,133,128.58
2933,165,2186,2025-12-28,5,213.33,In-Store,150,1066.65
2934,139,2186,2025-03-15,2,162.16,In-Store,136,324.32
2935,190,2186,2025-02-15,4,121.42,In-Store,135,485.68
2936,181,2186,2024-12-22,2,231.25,Online,56,462.5
2937,117,2186,2025-05-01,5,214.01,Online,64,1070.05
2938,110,2186,2025-06-10,1,138.19,Email,287,138.19
2939,197,2186,2025-06-24,3,270.16,In-Store,141,810.48
2940,151,2187,2024-05-08,1,170.44,Online,45,170.44
2941,170,2187,2023-01-22,3,124.94,Online,20,374.82
2942,167,2187,2025-03-20,1,75.91,Online,61,75.91
2943,177,2187,2025-08-06,1,296.45,In-Store,142,296.45
2944,167,2187,2023-08-05,5,75.91,Online,30,379.54999999999995
2945,194,2187,2025-12-12,5,70.1,Online,76,350.5
2946,101,2187,2022-11-24,4,116.4,Social,167,465.6
2947,129,2187,2023-09-12,1,269.37,Online,32,269.37
2948,103,2187,2025-03-15,1,74.85,In-Store,136,74.85
2949,193,2187,2024-09-17,4,28.68,In-Store,126,114.72
2950,160,2187,2024-05-14,5,74.86,In-Store,120,374.3
2951,187,2187,2024-04-11,5,95.73,Online,43,478.65000000000003
2952,104,2187,2025-12-18,5,50.25,Online,76,251.25
2953,198,2187,2024-08-19,1,167.93,Online,50,167.93
2954,174,2187,2024-05-06,1,89.89,Online,45,89.89
2955,109,2187,2023-08-22,2,69.39,Online,32,138.78
2956,162,2187,2025-07-24,2,23.29,In-Store,142,46.58
2957,198,2187,2025-01-08,1,167.93,Online,57,167.93
2958,151,2187,2023-04-12,4,170.44,In-Store,100,681.76
2959,139,2187,2023-03-25,5,162.16,Online,23,810.8
2960,192,2187,2025-12-30,2,22.56,Online,77,45.12
2961,126,2187,2024-04-11,2,62.9,Online,43,125.8
2962,158,2187,2024-05-04,5,132.56,Online,44,662.8
2963,181,2187,2025-08-09,1,231.25,In-Store,142,231.25
2964,161,2187,2024-07-27,3,233.25,Online,49,699.75
2965,136,2188,2023-06-04,1,134.23,Online,28,134.23
2966,114,2188,2023-02-14,2,120.5,TV,315,241.0
2967,112,2188,2023-01-25,3,58.11,Social,172,174.32999999999998
2968,178,2188,2022-12-30,3,58.92,Social,170,176.76
2969,194,2189,2023-11-19,4,70.1,Online,36,280.4
2970,109,2189,2023-09-26,1,69.39,Online,33,69.39
2971,173,2189,2024-07-01,4,100.75,Online,48,403.0
2972,187,2189,2023-08-07,1,95.73,Social,182,95.73
2973,158,2189,2024-08-27,3,132.56,Online,49,397.68
2974,133,2189,2022-09-15,3,129.42,Online,13,388.26
2975,163,2189,2023-09-01,4,115.65,Online,32,462.6
2976,108,2189,2023-10-12,1,127.37,In-Store,108,127.37
2977,111,2189,2022-08-31,3,78.12,In-Store,90,234.36
2978,130,2189,2023-12-05,2,117.61,Online,37,235.22
2979,179,2189,2023-05-10,1,69.62,Online,25,69.62
2980,190,2189,2022-09-01,2,121.42,Social,163,242.84
2981,161,2190,2025-07-06,2,233.25,Social,214,466.5
2982,179,2190,2024-11-22,3,69.62,In-Store,129,208.86
2983,117,2190,2024-07-12,3,214.01,In-Store,123,642.03
2984,158,2190,2025-05-08,1,132.56,Online,63,132.56
2985,124,2190,2025-07-27,2,174.26,Online,67,348.52
2986,191,2190,2024-10-20,4,196.98,Online,53,787.92
2987,103,2190,2025-09-19,4,74.85,Online,70,299.4
2988,145,2190,2024-10-02,5,87.44,Online,51,437.2
2989,190,2190,2024-06-15,2,121.42,Online,47,242.84
2990,200,2190,2024-08-28,5,213.63,Social,200,1068.15
2991,169,2190,2025-01-30,5,105.46,In-Store,134,527.3
2992,170,2190,2024-07-18,5,124.94,Online,48,624.7
2993,163,2190,2025-09-15,4,115.65,Online,70,462.6
2994,132,2190,2025-10-06,2,146.35,Online,70,292.7
2995,181,2190,2024-08-07,5,231.25,Social,199,1156.25
2996,192,2190,2025-05-19,1,22.56,Email,286,22.56
2997,157,2190,2025-02-21,4,140.43,In-Store,135,561.72
2998,194,2190,2024-11-02,4,70.1,Online,53,280.4
2999,143,2191,2024-03-26,2,18.47,Online,42,36.94
3000,187,2191,2023-08-11,3,95.73,Online,32,287.19
3001,178,2191,2023-08-23,4,58.92,Online,32,235.68
3002,195,2191,2024-04-10,4,109.44,Online,43,437.76
3003,193,2191,2024-05-05,4,28.68,Social,195,114.72
3004,158,2191,2023-12-18,1,132.56,Online,37,132.56
3005,130,2191,2024-06-27,3,117.61,TV,339,352.83
3006,114,2191,2024-06-14,2,120.5,Online,47,241.0
3007,118,2191,2024-06-02,3,128.58,Email,267,385.74
3008,137,2191,2024-04-29,2,90.95,Online,45,181.9
3009,193,2191,2024-05-03,1,28.68,In-Store,119,28.68
3010,155,2191,2023-08-30,2,71.21,Online,32,142.42
3011,114,2191,2024-11-06,3,120.5,Online,54,361.5
3012,158,2191,2023-11-24,3,132.56,Online,36,397.68
3013,200,2192,2025-01-11,3,213.63,Online,58,640.89
3014,177,2192,2025-03-29,2,296.45,Social,211,592.9
3015,132,2192,2023-01-20,2,146.35,Online,19,292.7
3016,116,2192,2025-02-17,5,161.44,In-Store,135,807.2
3017,192,2192,2025-05-18,5,22.56,In-Store,138,112.8
3018,167,2192,2023-02-05,4,75.91,In-Store,97,303.64
3019,135,2192,2023-12-26,2,62.14,Online,37,124.28
3020,102,2192,2022-10-17,5,175.2,Online,15,876.0
3021,197,2192,2023-07-29,4,270.16,Online,31,1080.64
3022,110,2192,2022-09-10,1,138.19,Social,164,138.19
3023,154,2192,2022-12-31,4,39.53,TV,314,158.12
3024,133,2192,2022-11-09,2,129.42,Online,16,258.84
3025,157,2192,2023-11-29,5,140.43,Online,36,702.1500000000001
3026,142,2192,2023-06-08,2,298.93,Online,27,597.86
3027,155,2192,2023-11-29,1,71.21,Online,36,71.21
3028,199,2192,2023-03-16,4,105.38,Online,22,421.52
3029,113,2192,2025-06-15,1,122.3,Social,213,122.3
3030,142,2192,2024-07-23,3,298.93,Online,49,896.79
3031,181,2192,2024-08-21,4,231.25,Online,49,925.0
3032,133,2192,2025-08-08,5,129.42,Social,215,647.0999999999999
3033,188,2193,2025-01-22,2,12.93,Online,59,25.86
3034,157,2193,2025-12-05,1,140.43,In-Store,149,140.43
3035,165,2193,2025-07-21,3,213.33,Online,68,639.99
3036,132,2193,2025-05-26,5,146.35,Online,65,731.75
3037,185,2193,2025-02-19,3,143.79,Social,208,431.37
3038,181,2193,2025-10-15,5,231.25,In-Store,146,1156.25
3039,181,2193,2024-12-02,5,231.25,Online,56,1156.25
3040,194,2193,2024-02-29,5,70.1,Online,40,350.5
3041,174,2193,2024-08-11,2,89.89,Social,200,179.78
3042,127,2193,2024-01-09,4,184.65,In-Store,112,738.6
3043,169,2193,2024-06-09,1,105.46,Social,196,105.46
3044,153,2193,2025-10-09,5,44.91,In-Store,145,224.54999999999998
3045,177,2193,2024-10-18,2,296.45,Online,52,592.9
3046,101,2193,2024-04-19,2,116.4,In-Store,118,232.8
3047,139,2193,2024-03-08,2,162.16,In-Store,116,324.32
3048,161,2193,2024-01-07,1,233.25,TV,331,233.25
3049,199,2193,2025-07-30,1,105.38,Online,67,105.38
3050,172,2193,2024-03-02,5,75.03,Online,41,375.15
3051,106,2193,2024-03-18,5,41.44,Email,263,207.2
3052,106,2193,2025-09-21,2,41.44,Online,70,82.88
3053,183,2194,2023-10-20,2,127.82,Online,34,255.64
3054,168,2194,2023-02-27,5,151.07,Online,21,755.3499999999999
3055,178,2194,2025-07-30,1,58.92,Email,289,58.92
3056,102,2194,2025-12-29,5,175.2,In-Store,150,876.0
3057,175,2194,2025-11-03,1,285.32,Online,72,285.32
3058,120,2194,2023-08-13,2,186.86,Online,31,373.72
3059,132,2194,2023-09-01,2,146.35,Social,183,292.7
3060,107,2194,2024-10-07,2,110.76,In-Store,127,221.52
3061,126,2194,2023-08-16,1,62.9,In-Store,106,62.9
3062,199,2194,2024-09-10,5,105.38,In-Store,125,526.9
3063,142,2194,2024-03-28,4,298.93,Social,193,1195.72
3064,173,2194,2024-12-01,1,100.75,Online,55,100.75
3065,138,2194,2024-04-04,1,115.15,Online,43,115.15
3066,192,2194,2025-05-30,1,22.56,Online,65,22.56
3067,171,2195,2024-07-18,5,117.28,Online,48,586.4
3068,175,2195,2025-12-17,1,285.32,Email,295,285.32
3069,144,2195,2023-10-02,4,22.73,Online,33,90.92
3070,191,2195,2023-11-18,4,196.98,Email,256,787.92
3071,158,2195,2024-06-17,1,132.56,In-Store,121,132.56
3072,171,2195,2024-04-02,1,117.28,Social,193,117.28
3073,113,2195,2025-02-20,4,122.3,In-Store,135,489.2
3074,108,2195,2025-04-12,5,127.37,Online,62,636.85
3075,148,2195,2025-02-01,3,47.75,In-Store,134,143.25
3076,113,2195,2025-10-02,4,122.3,Online,70,489.2
3077,103,2195,2024-06-12,4,74.85,Online,46,299.4
3078,171,2195,2025-03-19,4,117.28,Online,61,469.12
3079,114,2195,2025-04-28,1,120.5,Online,63,120.5
3080,125,2195,2025-02-18,5,25.35,Online,60,126.75
3081,179,2195,2025-05-27,4,69.62,Online,65,278.48
3082,184,2195,2025-07-14,4,120.25,In-Store,141,481.0
3083,156,2195,2023-10-29,3,13.54,Social,185,40.62
3084,151,2195,2024-10-28,4,170.44,Social,203,681.76
3085,135,2195,2025-03-21,4,62.14,Online,60,248.56
3086,151,2195,2025-04-15,1,170.44,Email,284,170.44
3087,127,2195,2023-12-29,3,184.65,Online,37,553.95
3088,176,2195,2025-05-23,5,98.45,Social,212,492.25
3089,151,2196,2024-06-15,1,170.44,In-Store,121,170.44
3090,152,2196,2024-06-05,5,72.34,Online,46,361.70000000000005
3091,138,2196,2024-10-20,4,115.15,Online,53,460.6
3092,122,2196,2025-11-04,1,224.2,Online,73,224.2
3093,170,2196,2025-09-10,1,124.94,In-Store,144,124.94
3094,173,2196,2024-10-19,4,100.75,In-Store,128,403.0
3095,196,2196,2024-08-15,5,162.21,Online,50,811.0500000000001
3096,195,2196,2024-09-02,5,109.44,Online,51,547.2
3097,101,2196,2024-10-19,2,116.4,Online,53,232.8
3098,181,2196,2025-10-01,5,231.25,Online,70,1156.25
3099,200,2196,2024-07-24,3,213.63,In-Store,123,640.89
3100,120,2196,2025-06-10,2,186.86,Online,66,373.72
3101,175,2196,2025-12-18,3,285.32,Online,77,855.96
3102,165,2196,2024-07-16,5,213.33,Online,48,1066.65
3103,102,2196,2024-10-22,3,175.2,Online,53,525.5999999999999
3104,175,2197,2025-08-06,1,285.32,Online,68,285.32
3105,170,2197,2025-02-07,3,124.94,Online,59,374.82
3106,188,2197,2024-02-19,2,12.93,Social,191,25.86
3107,155,2197,2024-10-07,4,71.21,TV,344,284.84
3108,142,2197,2025-05-25,5,298.93,In-Store,139,1494.65
3109,119,2197,2024-10-08,1,193.28,Online,52,193.28
3110,114,2197,2025-10-24,5,120.5,Online,72,602.5
3111,121,2197,2025-12-01,4,126.42,Online,75,505.68
3112,169,2197,2024-05-14,1,105.46,Online,46,105.46
3113,183,2197,2025-07-04,3,127.82,Online,67,383.46
3114,142,2197,2024-03-03,3,298.93,Email,262,896.79
3115,113,2197,2025-10-13,1,122.3,Online,72,122.3
3116,173,2197,2025-08-06,1,100.75,In-Store,142,100.75
3117,133,2197,2025-04-14,1,129.42,TV,352,129.42
3118,166,2197,2025-10-29,2,151.16,Online,73,302.32
3119,106,2198,2022-05-08,2,41.44,Email,228,82.88
3120,121,2198,2024-07-29,5,126.42,Online,49,632.1
3121,197,2198,2022-05-08,1,270.16,Social,157,270.16
3122,108,2198,2025-06-07,1,127.37,Online,65,127.37
3123,139,2198,2024-10-25,1,162.16,Social,203,162.16
3124,156,2198,2025-04-28,5,13.54,In-Store,137,67.69999999999999
3125,185,2198,2023-10-01,2,143.79,In-Store,108,287.58
3126,109,2198,2025-01-11,5,69.39,In-Store,132,346.95
3127,190,2198,2023-04-20,4,121.42,Online,24,485.68
3128,181,2198,2025-06-10,4,231.25,In-Store,139,925.0
3129,169,2198,2024-06-03,1,105.46,TV,337,105.46
3130,183,2198,2024-12-28,4,127.82,Online,56,511.28
3131,194,2198,2023-11-06,1,70.1,Online,35,70.1
3132,127,2198,2022-07-02,3,184.65,Online,9,553.95
3133,200,2198,2024-01-29,5,213.63,Online,39,1068.15
3134,170,2198,2025-12-11,4,124.94,Social,221,499.76
3135,102,2198,2023-04-20,3,175.2,Online,24,525.5999999999999
3136,149,2198,2025-01-16,2,64.92,Online,58,129.84
3137,187,2198,2022-12-15,1,95.73,Online,19,95.73
3138,200,2198,2023-08-21,4,213.63,Online,32,854.52
3139,139,2198,2024-07-06,5,162.16,Online,48,810.8
3140,125,2198,2023-07-07,5,25.35,Online,29,126.75
3141,147,2198,2025-03-04,2,193.11,Online,60,386.22
3142,185,2198,2023-05-20,3,143.79,Online,25,431.37
3143,188,2198,2022-11-17,3,12.93,Online,17,38.79
3144,172,2198,2024-08-08,3,75.03,In-Store,123,225.09
3145,185,2198,2024-04-23,5,143.79,Online,44,718.9499999999999
3146,182,2198,2022-07-21,4,73.37,Online,9,293.48
3147,161,2198,2025-04-09,1,233.25,In-Store,137,233.25
3148,175,2199,2025-05-05,3,285.32,Online,63,855.96
3149,167,2199,2025-10-16,3,75.91,In-Store,146,227.73
3150,123,2199,2024-09-10,1,28.54,TV,343,28.54
3151,159,2199,2024-09-08,5,21.52,Email,273,107.6
3152,172,2199,2024-09-03,1,75.03,Online,50,75.03
3153,122,2199,2025-03-27,4,224.2,In-Store,136,896.8
3154,141,2199,2024-07-23,2,75.02,Online,49,150.04
3155,138,2199,2024-06-22,5,115.15,Online,47,575.75
3156,133,2199,2025-01-23,3,129.42,In-Store,133,388.26
3157,194,2199,2024-08-22,1,70.1,Social,200,70.1
3158,139,2199,2024-10-14,3,162.16,In-Store,127,486.48
3159,112,2199,2025-12-29,1,58.11,Online,77,58.11
3160,110,2199,2025-07-30,1,138.19,Online,67,138.19
3161,200,2199,2024-09-19,2,213.63,Email,273,427.26
3162,167,2199,2025-05-19,5,75.91,Online,65,379.54999999999995
3163,142,2199,2025-05-11,3,298.93,Online,63,896.79
3164,118,2199,2025-10-15,4,128.58,In-Store,146,514.32
3165,173,2199,2024-10-08,5,100.75,Online,52,503.75
3166,155,2199,2025-05-26,5,71.21,In-Store,139,356.04999999999995
3167,148,2199,2024-06-26,1,47.75,Online,47,47.75
3168,168,2199,2025-07-05,5,151.07,Online,67,755.3499999999999
3169,121,2199,2025-04-05,1,126.42,Online,62,126.42
3170,118,2199,2024-09-27,3,128.58,Online,51,385.74
3171,101,2199,2024-06-30,4,116.4,Online,47,465.6
3172,177,2199,2025-03-16,5,296.45,Online,60,1482.25
3173,136,2199,2024-09-02,3,134.23,Social,200,402.68999999999994
3174,134,2200,2023-08-15,3,113.57,Online,32,340.71
3175,127,2200,2024-01-04,5,184.65,Online,37,923.25
3176,186,2200,2022-11-25,1,29.78,Online,17,29.78
3177,163,2200,2024-12-05,5,115.65,Email,278,578.25
3178,115,2200,2022-09-19,4,114.62,In-Store,91,458.48
3179,168,2200,2025-09-18,5,151.07,Online,70,755.3499999999999
3180,144,2200,2025-02-08,1,22.73,In-Store,134,22.73
3181,184,2200,2023-12-31,5,120.25,Online,37,601.25
3182,193,2200,2023-05-07,2,28.68,In-Store,101,57.36
3183,182,2200,2025-11-03,3,73.37,In-Store,147,220.11
3184,115,2200,2024-09-29,1,114.62,Online,52,114.62
3185,137,2200,2025-05-25,2,90.95,Online,65,181.9
3186,177,2200,2022-09-09,3,296.45,Social,164,889.3499999999999
3187,115,2200,2023-01-20,4,114.62,Online,20,458.48
3188,119,2200,2023-05-17,2,193.28,Online,26,386.56
3189,146,2200,2025-03-21,2,28.76,In-Store,136,57.52
3190,149,2200,2023-09-10,5,64.92,In-Store,106,324.6
3191,121,2200,2023-06-26,2,126.42,Online,29,252.84
3192,170,2200,2023-03-07,1,124.94,In-Store,99,124.94
3193,157,2200,2025-01-03,1,140.43,Online,57,140.43
3194,178,2200,2022-09-04,5,58.92,In-Store,90,294.6
3195,135,2200,2024-12-18,2,62.14,Online,57,124.28
3196,133,2200,2023-04-19,4,129.42,Online,24,517.68
3197,108,2200,2023-05-29,1,127.37,Online,27,127.37
3198,140,2200,2024-07-09,4,139.7,Online,48,558.8
3199,154,2201,2024-10-29,3,39.53,In-Store,128,118.59
3200,170,2201,2024-09-01,3,124.94,Online,50,374.82
3201,136,2201,2025-01-12,3,134.23,Social,206,402.68999999999994
3202,195,2201,2024-10-21,1,109.44,Online,53,109.44
3203,141,2201,2024-10-10,3,75.02,In-Store,127,225.06
3204,176,2201,2024-09-20,2,98.45,Online,51,196.9
3205,199,2201,2024-09-16,2,105.38,Online,51,210.76
3206,180,2201,2024-11-15,1,97.9,Online,55,97.9
3207,163,2202,2023-08-06,2,115.65,Online,31,231.3
3208,138,2202,2024-07-29,1,115.15,Online,49,115.15
3209,108,2202,2025-03-10,5,127.37,Online,60,636.85
3210,200,2202,2025-02-01,3,213.63,Social,207,640.89
3211,197,2202,2023-11-10,5,270.16,Online,36,1350.8000000000002
3212,187,2202,2023-08-27,2,95.73,Online,32,191.46
3213,132,2202,2023-07-21,5,146.35,In-Store,105,731.75
3214,142,2202,2025-07-09,4,298.93,In-Store,142,1195.72
3215,124,2202,2024-08-23,4,174.26,Online,50,697.04
3216,110,2202,2023-03-22,2,138.19,Online,23,276.38
3217,129,2202,2024-06-15,1,269.37,In-Store,121,269.37
3218,156,2202,2024-05-06,4,13.54,In-Store,119,54.16
3219,139,2202,2025-03-25,1,162.16,Online,60,162.16
3220,158,2202,2025-06-28,1,132.56,In-Store,141,132.56
3221,101,2202,2024-06-30,4,116.4,Online,48,465.6
3222,162,2202,2025-12-23,1,23.29,Online,76,23.29
3223,142,2202,2024-09-11,2,298.93,Online,51,597.86
3224,108,2202,2025-11-08,2,127.37,Social,220,254.74
3225,183,2202,2024-02-21,3,127.82,Social,191,383.46
3226,163,2202,2023-02-17,2,115.65,Online,21,231.3
3227,191,2203,2023-05-09,2,196.98,In-Store,101,393.96
3228,165,2203,2025-11-21,2,213.33,In-Store,147,426.66
3229,177,2203,2023-09-22,2,296.45,Online,33,592.9
3230,158,2203,2022-12-09,4,132.56,TV,313,530.24
3231,161,2203,2023-08-17,5,233.25,In-Store,106,1166.25
3232,168,2203,2022-10-24,3,151.07,In-Store,91,453.21
3233,124,2203,2023-07-17,2,174.26,In-Store,105,348.52
3234,158,2203,2022-07-07,2,132.56,TV,306,265.12
3235,104,2203,2023-12-30,2,50.25,Online,38,100.5
3236,119,2203,2023-03-06,4,193.28,Online,21,773.12
3237,132,2203,2023-02-26,1,146.35,Online,21,146.35
3238,183,2203,2023-07-13,2,127.82,Online,29,255.64
3239,158,2203,2024-10-13,1,132.56,Online,52,132.56
3240,175,2203,2024-08-29,1,285.32,Online,49,285.32
3241,200,2203,2025-10-11,4,213.63,Online,70,854.52
3242,125,2203,2024-06-08,5,25.35,Online,46,126.75
3243,117,2203,2025-06-15,1,214.01,In-Store,141,214.01
3244,184,2203,2023-05-08,1,120.25,Online,25,120.25
3245,169,2203,2022-11-09,4,105.46,Social,167,421.84
3246,134,2203,2022-09-02,2,113.57,In-Store,90,227.14
3247,191,2203,2025-06-02,1,196.98,Online,66,196.98
3248,104,2203,2025-06-23,1,50.25,In-Store,141,50.25
3249,122,2203,2024-08-21,5,224.2,Online,49,1121.0
3250,190,2203,2023-07-31,4,121.42,Online,30,485.68
3251,102,2203,2025-04-02,4,175.2,In-Store,136,700.8
3252,114,2204,2024-09-10,4,120.5,Social,201,482.0
3253,141,2204,2024-05-31,4,75.02,Online,46,300.08
3254,103,2204,2024-05-22,1,74.85,Online,46,74.85
3255,144,2204,2024-11-20,4,22.73,Email,277,90.92
3256,190,2204,2024-10-05,1,121.42,In-Store,126,121.42
3257,186,2204,2023-12-06,4,29.78,Online,37,119.12
3258,196,2205,2025-09-03,3,162.21,Online,70,486.63
3259,129,2205,2024-11-28,4,269.37,Online,56,1077.48
3260,101,2205,2025-02-18,5,116.4,In-Store,135,582.0
3261,158,2205,2025-11-12,4,132.56,Online,74,530.24
3262,177,2205,2025-04-13,4,296.45,Online,61,1185.8
3263,122,2205,2025-02-15,2,224.2,Online,59,448.4
3264,198,2205,2025-06-20,1,167.93,Online,66,167.93
3265,122,2205,2025-01-24,4,224.2,In-Store,134,896.8
3266,117,2205,2025-11-23,5,214.01,In-Store,148,1070.05
3267,170,2205,2025-03-26,1,124.94,In-Store,136,124.94
3268,190,2205,2025-07-30,1,121.42,Online,67,121.42
3269,125,2205,2025-07-20,5,25.35,TV,357,126.75
3270,120,2206,2025-02-10,2,186.86,In-Store,134,373.72
3271,200,2206,2023-04-21,5,213.63,In-Store,101,1068.15
3272,119,2206,2024-04-21,5,193.28,Online,43,966.4
3273,149,2206,2024-03-03,3,64.92,Email,261,194.76
3274,185,2206,2023-11-16,1,143.79,Online,35,143.79
3275,127,2206,2024-02-25,3,184.65,Email,260,553.95
3276,186,2206,2023-01-09,2,29.78,Online,19,59.56
3277,130,2206,2024-11-17,5,117.61,Online,55,588.05
3278,115,2206,2022-12-26,3,114.62,Online,19,343.86
3279,158,2206,2025-06-12,4,132.56,Email,286,530.24
3280,182,2206,2025-12-27,4,73.37,Online,76,293.48
3281,134,2206,2025-05-15,3,113.57,In-Store,139,340.71
3282,105,2206,2024-09-16,3,45.85,TV,344,137.55
3283,189,2206,2025-04-11,4,47.31,TV,353,189.24
3284,191,2206,2024-05-06,5,196.98,In-Store,119,984.9
3285,165,2206,2024-12-20,1,213.33,Online,56,213.33
3286,120,2206,2024-05-26,2,186.86,Online,46,373.72
3287,165,2206,2024-11-25,1,213.33,In-Store,130,213.33
3288,165,2206,2024-07-18,3,213.33,Online,48,639.99
3289,106,2206,2025-01-24,3,41.44,In-Store,133,124.32
3290,130,2206,2024-11-28,4,117.61,Online,55,470.44
3291,197,2206,2025-05-01,2,270.16,Online,64,540.32
3292,114,2207,2023-08-02,3,120.5,Online,30,361.5
3293,169,2207,2023-02-25,3,105.46,In-Store,98,316.38
3294,192,2207,2023-07-25,1,22.56,Online,30,22.56
3295,141,2207,2023-11-27,4,75.02,Online,36,300.08
3296,188,2207,2023-07-06,3,12.93,Online,29,38.79
3297,131,2207,2023-10-12,3,76.52,In-Store,108,229.56
3298,136,2207,2024-02-27,2,134.23,Online,40,268.46
3299,188,2207,2023-04-11,2,12.93,Email,244,25.86
3300,107,2207,2024-06-12,1,110.76,Online,47,110.76
3301,170,2207,2023-08-06,3,124.94,Social,182,374.82
3302,140,2208,2025-11-26,5,139.7,Online,75,698.5
3303,144,2208,2025-09-09,2,22.73,Online,69,45.46
3304,159,2208,2025-09-21,1,21.52,Online,70,21.52
3305,163,2208,2025-09-24,4,115.65,Email,291,462.6
3306,164,2208,2025-12-02,2,91.03,Online,75,182.06
3307,166,2208,2024-12-08,5,151.16,Online,56,755.8
3308,127,2208,2025-07-20,2,184.65,Online,67,369.3
3309,188,2208,2025-11-29,3,12.93,In-Store,148,38.79
3310,147,2208,2025-01-06,5,193.11,In-Store,132,965.5500000000001
3311,200,2208,2025-02-17,4,213.63,Online,59,854.52
3312,133,2208,2025-06-19,2,129.42,Social,213,258.84
3313,188,2209,2024-01-06,3,12.93,Online,37,38.79
3314,138,2209,2023-11-23,3,115.15,Online,36,345.45000000000005
3315,126,2209,2023-12-26,2,62.9,Social,189,125.8
3316,178,2209,2024-01-30,1,58.92,Online,39,58.92
3317,114,2209,2023-12-20,2,120.5,Online,37,241.0
3318,159,2209,2024-07-22,1,21.52,In-Store,123,21.52
3319,164,2209,2024-04-19,2,91.03,In-Store,119,182.06
3320,160,2209,2023-12-02,2,74.86,Online,36,149.72
3321,152,2209,2024-04-04,2,72.34,Online,43,144.68
3322,138,2210,2024-08-21,1,115.15,Email,272,115.15
3323,146,2210,2025-06-19,4,28.76,Email,287,115.04
3324,161,2210,2024-08-22,3,233.25,Online,50,699.75
3325,147,2210,2025-12-02,1,193.11,Online,74,193.11
3326,114,2210,2024-11-21,2,120.5,In-Store,130,241.0
3327,177,2210,2024-08-25,3,296.45,Online,50,889.3499999999999
3328,132,2210,2025-01-04,1,146.35,In-Store,132,146.35
3329,113,2210,2025-02-06,1,122.3,In-Store,134,122.3
3330,134,2210,2025-01-27,5,113.57,Social,207,567.8499999999999
3331,159,2210,2024-09-15,2,21.52,Email,274,43.04
3332,198,2210,2025-01-08,4,167.93,In-Store,132,671.72
3333,151,2210,2025-06-13,5,170.44,In-Store,139,852.2
3334,130,2210,2024-12-16,1,117.61,In-Store,130,117.61
3335,123,2210,2024-12-26,4,28.54,In-Store,132,114.16
3336,175,2210,2025-06-06,3,285.32,TV,355,855.96
3337,124,2210,2025-06-14,2,174.26,Email,286,348.52
3338,151,2210,2024-11-17,4,170.44,Online,55,681.76
3339,192,2210,2024-12-30,5,22.56,In-Store,132,112.8
3340,147,2210,2024-06-20,4,193.11,In-Store,121,772.44
3341,152,2211,2023-07-24,2,72.34,Online,30,144.68
3342,123,2211,2024-09-08,5,28.54,Online,51,142.7
3343,174,2211,2022-07-06,1,89.89,Email,232,89.89
3344,183,2211,2025-05-28,1,127.82,Online,65,127.82
3345,140,2211,2024-06-30,1,139.7,In-Store,121,139.7
3346,119,2211,2023-03-16,2,193.28,Online,22,386.56
3347,175,2211,2022-11-14,1,285.32,Online,17,285.32
3348,189,2211,2022-11-16,5,47.31,Online,17,236.55
3349,127,2211,2025-06-12,2,184.65,In-Store,139,369.3
3350,123,2211,2025-01-29,4,28.54,Email,281,114.16
3351,172,2211,2023-10-14,3,75.03,In-Store,108,225.09
3352,175,2211,2024-12-30,4,285.32,In-Store,132,1141.28
3353,129,2211,2023-01-19,2,269.37,TV,315,538.74
3354,161,2211,2023-03-04,2,233.25,Email,242,466.5
3355,139,2211,2025-03-02,1,162.16,In-Store,135,162.16
3356,139,2211,2023-12-15,2,162.16,Online,36,324.32
3357,165,2211,2025-06-28,2,213.33,Online,67,426.66
3358,183,2211,2024-04-19,4,127.82,Online,44,511.28
3359,194,2211,2025-10-12,3,70.1,Online,71,210.29999999999998
3360,124,2211,2025-12-29,4,174.26,Online,77,697.04
3361,107,2211,2025-11-17,4,110.76,Social,220,443.04
3362,139,2211,2023-09-09,1,162.16,Online,32,162.16
3363,156,2211,2023-11-03,4,13.54,Online,34,54.16
3364,134,2212,2024-07-20,3,113.57,Online,48,340.71
3365,107,2212,2025-05-22,5,110.76,Online,65,553.8000000000001
3366,181,2212,2024-07-27,1,231.25,Online,48,231.25
3367,139,2212,2025-08-12,1,162.16,Online,69,162.16
3368,179,2212,2025-05-03,2,69.62,In-Store,138,139.24
3369,119,2212,2025-11-10,4,193.28,Online,74,773.12
3370,108,2212,2025-04-23,1,127.37,Online,63,127.37
3371,183,2212,2025-03-28,2,127.82,Email,283,255.64
3372,131,2212,2024-09-20,4,76.52,TV,344,306.08
3373,129,2212,2025-04-14,5,269.37,In-Store,137,1346.85
3374,136,2212,2025-06-29,3,134.23,Online,66,402.68999999999994
3375,107,2212,2024-10-15,4,110.76,In-Store,127,443.04
3376,157,2212,2025-02-15,4,140.43,Online,59,561.72
3377,188,2212,2025-07-15,1,12.93,Online,67,12.93
3378,129,2212,2024-07-14,1,269.37,Online,48,269.37
3379,136,2212,2025-10-02,1,134.23,Online,70,134.23
3380,113,2212,2025-12-04,1,122.3,Online,75,122.3
3381,200,2212,2024-09-27,5,213.63,Online,52,1068.15
3382,150,2212,2025-09-27,5,66.48,Online,71,332.40000000000003
3383,179,2212,2025-10-21,5,69.62,TV,362,348.1
3384,181,2212,2025-11-11,2,231.25,Online,72,462.5
3385,116,2212,2025-11-21,5,161.44,TV,365,807.2
3386,121,2212,2025-01-19,4,126.42,In-Store,133,505.68
3387,140,2212,2024-08-11,3,139.7,In-Store,123,419.09999999999997
3388,181,2212,2025-11-12,4,231.25,Online,74,925.0
3389,121,2212,2025-02-11,5,126.42,Email,281,632.1
3390,108,2212,2025-05-26,5,127.37,Online,65,636.85
3391,118,2212,2025-08-09,2,128.58,Online,68,257.16
3392,171,2212,2025-12-20,5,117.28,In-Store,149,586.4
3393,104,2213,2024-01-02,1,50.25,Online,37,50.25
3394,160,2213,2023-10-11,2,74.86,Online,34,149.72
3395,156,2213,2023-02-11,1,13.54,Online,20,13.54
3396,125,2214,2024-03-09,4,25.35,Online,41,101.4
3397,197,2214,2023-10-26,4,270.16,In-Store,108,1080.64
3398,198,2214,2023-10-28,1,167.93,Online,34,167.93
3399,188,2214,2024-08-03,4,12.93,Online,49,51.72
3400,177,2214,2023-12-19,4,296.45,Online,36,1185.8
3401,144,2214,2023-11-25,5,22.73,Online,36,113.65
3402,159,2214,2023-12-19,1,21.52,Online,36,21.52
3403,161,2214,2023-05-12,3,233.25,Online,26,699.75
3404,161,2214,2022-06-03,3,233.25,Online,6,699.75
3405,102,2214,2024-07-05,3,175.2,In-Store,122,525.5999999999999
3406,185,2214,2024-11-13,5,143.79,In-Store,129,718.9499999999999
3407,112,2214,2023-10-04,5,58.11,Online,33,290.55
3408,129,2214,2024-11-01,1,269.37,Social,203,269.37
3409,164,2214,2025-05-27,2,91.03,In-Store,139,182.06
3410,157,2214,2024-05-12,2,140.43,Online,46,280.86
3411,130,2214,2024-04-23,1,117.61,Online,43,117.61
3412,112,2215,2024-11-22,4,58.11,Online,55,232.44
3413,163,2215,2024-12-15,2,115.65,TV,347,231.3
3414,170,2215,2025-11-11,3,124.94,Email,293,374.82
3415,167,2215,2025-07-15,5,75.91,In-Store,142,379.54999999999995
3416,114,2215,2025-07-11,3,120.5,Online,67,361.5
3417,120,2215,2025-04-11,3,186.86,In-Store,137,560.58
3418,145,2215,2025-11-22,3,87.44,In-Store,148,262.32
3419,157,2215,2025-02-05,1,140.43,In-Store,134,140.43
3420,140,2215,2025-02-04,4,139.7,In-Store,134,558.8
3421,112,2215,2025-07-06,5,58.11,Online,67,290.55
3422,174,2215,2025-08-28,3,89.89,Online,69,269.67
3423,140,2215,2025-04-19,5,139.7,Social,211,698.5
3424,103,2215,2025-11-24,1,74.85,Online,75,74.85
3425,172,2215,2025-08-13,5,75.03,Online,69,375.15
3426,181,2215,2024-12-24,3,231.25,Online,56,693.75
3427,180,2215,2024-11-05,4,97.9,In-Store,128,391.6
3428,112,2215,2024-12-21,5,58.11,In-Store,131,290.55
3429,144,2215,2025-11-26,3,22.73,Online,74,68.19
3430,157,2215,2024-11-20,1,140.43,TV,346,140.43
3431,145,2215,2025-09-25,2,87.44,Online,70,174.88
3432,132,2215,2024-11-28,4,146.35,In-Store,130,585.4
3433,116,2215,2025-05-04,5,161.44,Online,63,807.2
3434,125,2216,2024-02-29,3,25.35,In-Store,114,76.05000000000001
3435,143,2216,2024-03-02,2,18.47,Online,41,36.94
3436,111,2216,2024-03-27,3,78.12,Online,43,234.36
3437,162,2216,2024-03-04,1,23.29,Online,41,23.29
3438,112,2216,2024-05-23,1,58.11,Online,46,58.11
3439,111,2216,2024-07-31,2,78.12,In-Store,123,156.24
3440,115,2217,2024-04-20,4,114.62,Email,264,458.48
3441,176,2217,2024-08-09,2,98.45,In-Store,123,196.9
3442,155,2217,2023-11-06,2,71.21,In-Store,110,142.42
3443,114,2217,2023-10-22,1,120.5,Online,34,120.5
3444,109,2217,2023-11-06,3,69.39,Online,35,208.17000000000002
3445,160,2217,2023-09-16,1,74.86,Online,33,74.86
3446,179,2217,2023-08-04,4,69.62,Online,31,278.48
3447,162,2217,2024-01-23,4,23.29,Social,190,93.16
3448,111,2217,2024-07-22,4,78.12,Online,48,312.48
3449,123,2217,2024-03-05,3,28.54,In-Store,116,85.62
3450,148,2217,2024-02-20,4,47.75,TV,333,191.0
3451,137,2217,2024-11-21,4,90.95,TV,346,363.8
3452,146,2218,2024-07-30,3,28.76,In-Store,123,86.28
3453,174,2218,2024-03-27,1,89.89,Online,42,89.89
3454,115,2218,2024-09-12,2,114.62,In-Store,125,229.24
3455,104,2218,2024-03-29,1,50.25,Online,43,50.25
3456,159,2218,2024-06-15,2,21.52,Online,47,43.04
3457,133,2219,2023-03-16,1,129.42,Online,22,129.42
3458,111,2219,2023-07-30,3,78.12,Online,30,234.36
3459,141,2219,2023-05-28,2,75.02,Online,26,150.04
3460,170,2219,2023-06-22,2,124.94,Online,28,249.88
3461,105,2219,2024-02-23,4,45.85,Online,41,183.4
3462,125,2219,2022-11-05,2,25.35,Online,16,50.7
3463,141,2219,2023-09-21,2,75.02,Online,33,150.04
3464,122,2220,2024-05-12,2,224.2,In-Store,119,448.4
3465,161,2220,2023-11-26,4,233.25,In-Store,111,933.0
3466,105,2220,2025-01-05,4,45.85,In-Store,132,183.4
3467,130,2220,2025-05-13,1,117.61,In-Store,139,117.61
3468,170,2220,2025-09-03,2,124.94,In-Store,144,249.88
3469,197,2220,2024-08-20,5,270.16,TV,341,1350.8000000000002
3470,109,2220,2024-04-11,1,69.39,In-Store,119,69.39
3471,105,2220,2025-03-19,3,45.85,Online,60,137.55
3472,165,2220,2024-08-02,1,213.33,Online,49,213.33
3473,177,2220,2024-09-28,2,296.45,Online,51,592.9
3474,156,2220,2024-11-16,2,13.54,Online,54,27.08
3475,138,2220,2025-06-01,3,115.15,Online,65,345.45000000000005
3476,190,2220,2024-10-18,3,121.42,In-Store,127,364.26
3477,160,2220,2025-12-17,2,74.86,Online,76,149.72
3478,101,2220,2024-03-22,2,116.4,In-Store,117,232.8
3479,181,2220,2024-07-03,1,231.25,Online,48,231.25
3480,128,2220,2024-12-21,1,69.61,Online,57,69.61
3481,119,2220,2023-11-17,2,193.28,Online,35,386.56
3482,154,2221,2024-01-24,4,39.53,Online,39,158.12
3483,167,2221,2023-11-12,1,75.91,In-Store,110,75.91
3484,136,2221,2023-07-16,4,134.23,In-Store,105,536.92
3485,174,2221,2024-09-10,3,89.89,Email,273,269.67
3486,160,2221,2025-01-10,1,74.86,Online,58,74.86
3487,164,2221,2024-05-23,4,91.03,Online,46,364.12
3488,103,2221,2023-10-02,4,74.85,In-Store,108,299.4
3489,155,2221,2023-07-19,3,71.21,In-Store,104,213.63
3490,173,2221,2023-09-09,3,100.75,Online,33,302.25
3491,154,2221,2024-02-10,1,39.53,Online,40,39.53
3492,190,2221,2023-08-28,3,121.42,Online,32,364.26
3493,183,2221,2024-04-02,1,127.82,Email,263,127.82
3494,144,2221,2024-06-06,2,22.73,Email,267,45.46
3495,155,2221,2024-12-05,3,71.21,Social,205,213.63
3496,192,2221,2023-10-23,2,22.56,Online,34,45.12
3497,111,2221,2025-01-13,2,78.12,Online,58,156.24
3498,113,2221,2023-09-29,2,122.3,Online,33,244.6
3499,164,2221,2024-01-22,3,91.03,Online,39,273.09000000000003
3500,125,2221,2024-02-15,1,25.35,Online,40,25.35
3501,173,2222,2023-05-16,2,100.75,Online,26,201.5
3502,139,2222,2024-07-19,4,162.16,Email,268,648.64
3503,186,2222,2023-11-28,5,29.78,Online,36,148.9
3504,195,2222,2023-01-10,4,109.44,In-Store,96,437.76
3505,124,2222,2025-03-26,3,174.26,Online,61,522.78
3506,126,2222,2025-12-11,5,62.9,Email,295,314.5
3507,138,2222,2023-06-25,1,115.15,Online,28,115.15
3508,140,2222,2025-06-29,4,139.7,Online,67,558.8
3509,159,2222,2025-01-31,3,21.52,Online,59,64.56
3510,158,2222,2022-10-25,3,132.56,In-Store,92,397.68
3511,134,2222,2025-09-25,3,113.57,Online,70,340.71
3512,108,2222,2025-06-13,3,127.37,Email,287,382.11
3513,167,2222,2023-04-13,4,75.91,Online,24,303.64
3514,135,2222,2023-07-05,1,62.14,In-Store,103,62.14
3515,113,2222,2023-01-06,1,122.3,TV,314,122.3
3516,172,2222,2023-02-15,5,75.03,Online,20,375.15
3517,145,2222,2024-05-25,5,87.44,Online,46,437.2
3518,117,2222,2025-11-24,1,214.01,Online,74,214.01
3519,133,2222,2022-09-25,4,129.42,Online,13,517.68
3520,143,2222,2022-08-28,2,18.47,In-Store,89,36.94
3521,185,2222,2024-06-06,5,143.79,In-Store,121,718.9499999999999
3522,120,2222,2024-06-11,3,186.86,In-Store,120,560.58
3523,168,2222,2023-01-26,2,151.07,Online,20,302.14
3524,147,2223,2025-04-14,2,193.11,Online,62,386.22
3525,116,2223,2025-06-21,1,161.44,Online,66,161.44
3526,124,2223,2025-01-03,1,174.26,Online,57,174.26
3527,132,2223,2025-04-02,3,146.35,In-Store,137,439.04999999999995
3528,161,2223,2025-04-08,2,233.25,Email,283,466.5
3529,128,2223,2024-03-14,2,69.61,Online,42,139.22
3530,118,2223,2025-01-03,4,128.58,Social,206,514.32
3531,119,2223,2024-03-31,5,193.28,Online,42,966.4
3532,111,2223,2025-11-16,3,78.12,Online,73,234.36
3533,129,2223,2025-07-01,2,269.37,Online,67,538.74
3534,110,2223,2025-03-31,4,138.19,In-Store,137,552.76
3535,168,2223,2025-03-05,3,151.07,Online,60,453.21
3536,177,2223,2025-06-14,5,296.45,In-Store,140,1482.25
3537,157,2223,2024-09-15,2,140.43,Online,51,280.86
3538,161,2223,2025-11-15,4,233.25,Online,74,933.0
3539,126,2223,2024-09-18,4,62.9,Online,51,251.6
3540,181,2223,2024-09-03,3,231.25,In-Store,125,693.75
3541,141,2223,2024-03-30,4,75.02,Online,42,300.08
3542,136,2223,2024-06-06,5,134.23,Online,46,671.15
3543,106,2223,2025-03-25,2,41.44,Online,60,82.88
3544,183,2223,2024-12-30,3,127.82,Email,280,383.46
3545,108,2223,2025-05-07,2,127.37,In-Store,138,254.74
3546,109,2223,2025-01-30,5,69.39,Online,58,346.95
3547,165,2223,2025-06-02,2,213.33,In-Store,139,426.66
3548,144,2223,2024-09-05,3,22.73,In-Store,124,68.19
3549,175,2223,2024-09-13,4,285.32,Online,51,1141.28
3550,143,2223,2024-12-03,1,18.47,In-Store,130,18.47
3551,108,2223,2025-09-28,2,127.37,Online,71,254.74
3552,124,2223,2024-06-30,5,174.26,In-Store,121,871.3
3553,119,2223,2024-04-23,5,193.28,Online,44,966.4
3554,172,2223,2024-10-28,2,75.03,Online,53,150.06
3555,120,2223,2025-12-30,2,186.86,Online,77,373.72
3556,105,2223,2024-09-06,3,45.85,In-Store,124,137.55
3557,180,2224,2024-08-07,1,97.9,In-Store,124,97.9
3558,182,2224,2024-07-20,2,73.37,Social,199,146.74
3559,128,2224,2024-05-21,4,69.61,Online,46,278.44
3560,180,2224,2024-09-11,4,97.9,Online,51,391.6
3561,171,2224,2024-07-12,1,117.28,Online,48,117.28
3562,169,2224,2025-02-01,1,105.46,Online,59,105.46
3563,179,2224,2024-04-05,3,69.62,In-Store,118,208.86
3564,144,2224,2024-08-19,1,22.73,Online,49,22.73
3565,135,2224,2024-10-13,3,62.14,In-Store,127,186.42000000000002
3566,116,2225,2025-11-23,4,161.44,Online,75,645.76
3567,177,2225,2025-08-28,4,296.45,Online,69,1185.8
3568,152,2225,2025-09-08,3,72.34,Online,70,217.02
3569,108,2225,2025-12-26,4,127.37,Online,77,509.48
3570,148,2225,2025-07-06,1,47.75,In-Store,141,47.75
3571,127,2225,2025-12-19,3,184.65,In-Store,149,553.95
3572,114,2225,2025-02-09,4,120.5,Social,208,482.0
3573,119,2225,2025-03-15,2,193.28,Online,60,386.56
3574,118,2225,2025-12-02,3,128.58,Online,74,385.74
3575,132,2225,2025-04-22,1,146.35,Online,63,146.35
3576,157,2225,2025-08-19,5,140.43,In-Store,143,702.1500000000001
3577,130,2225,2025-12-07,1,117.61,Online,75,117.61
3578,186,2225,2025-10-24,4,29.78,In-Store,146,119.12
3579,177,2225,2025-10-14,3,296.45,In-Store,145,889.3499999999999
3580,147,2225,2025-09-09,2,193.11,Online,69,386.22
3581,191,2225,2025-03-25,5,196.98,Online,61,984.9
3582,163,2225,2025-04-05,4,115.65,Online,62,462.6
3583,187,2225,2025-12-26,2,95.73,In-Store,149,191.46
3584,185,2225,2025-01-14,2,143.79,In-Store,132,287.58
3585,196,2225,2025-09-16,5,162.21,Online,70,811.0500000000001
3586,151,2225,2025-02-01,1,170.44,Online,59,170.44
3587,117,2225,2025-03-15,5,214.01,Social,210,1070.05
3588,165,2226,2024-01-13,5,213.33,In-Store,112,1066.65
3589,182,2226,2025-03-14,5,73.37,Online,60,366.85
3590,171,2226,2025-08-12,1,117.28,Online,68,117.28
3591,179,2226,2025-02-22,4,69.62,Online,60,278.48
3592,115,2226,2025-04-24,2,114.62,Social,212,229.24
3593,129,2226,2024-07-11,2,269.37,Social,198,538.74
3594,199,2226,2025-06-08,4,105.38,In-Store,140,421.52
3595,198,2226,2024-08-07,4,167.93,Online,49,671.72
3596,189,2226,2024-04-06,1,47.31,Social,192,47.31
3597,189,2226,2025-07-20,4,47.31,Online,67,189.24
3598,183,2226,2025-04-21,4,127.82,In-Store,138,511.28
3599,102,2226,2024-05-02,1,175.2,Online,45,175.2
3600,197,2226,2025-11-21,2,270.16,Online,75,540.32
3601,192,2226,2024-08-30,2,22.56,Online,51,45.12
3602,139,2226,2025-07-18,2,162.16,Online,67,324.32
3603,150,2226,2024-07-21,5,66.48,In-Store,123,332.40000000000003
3604,150,2226,2024-03-16,3,66.48,In-Store,116,199.44
3605,142,2226,2025-12-29,4,298.93,Online,77,1195.72
3606,113,2226,2024-04-18,4,122.3,In-Store,118,489.2
3607,129,2226,2025-01-25,2,269.37,Online,59,538.74
3608,133,2226,2025-07-16,3,129.42,Online,67,388.26
3609,101,2226,2024-03-28,4,116.4,In-Store,118,465.6
3610,197,2226,2025-03-06,5,270.16,In-Store,135,1350.8000000000002
3611,158,2226,2025-01-06,4,132.56,In-Store,131,530.24
3612,142,2226,2025-07-11,5,298.93,In-Store,142,1494.65
3613,186,2226,2025-01-04,2,29.78,In-Store,131,59.56
3614,123,2226,2024-01-29,2,28.54,In-Store,114,57.08
3615,174,2227,2024-05-08,3,89.89,TV,336,269.67
3616,188,2227,2024-01-13,2,12.93,Online,39,25.86
3617,170,2227,2024-07-04,1,124.94,In-Store,122,124.94
3618,190,2227,2024-11-10,2,121.42,In-Store,128,242.84
3619,152,2227,2024-01-06,1,72.34,Online,38,72.34
3620,126,2227,2024-06-05,2,62.9,Online,47,125.8
3621,111,2227,2024-07-03,3,78.12,Online,47,234.36
3622,133,2227,2024-04-16,3,129.42,Social,192,388.26
3623,164,2227,2024-01-29,1,91.03,Online,40,91.03
3624,144,2228,2024-04-19,1,22.73,In-Store,118,22.73
3625,140,2228,2024-06-10,5,139.7,Social,196,698.5
3626,198,2228,2022-11-24,4,167.93,Online,17,671.72
3627,171,2228,2025-01-29,3,117.28,Online,59,351.84000000000003
3628,140,2228,2025-03-23,4,139.7,Online,61,558.8
3629,119,2228,2025-12-03,5,193.28,Online,74,966.4
3630,190,2228,2025-07-24,3,121.42,In-Store,142,364.26
3631,191,2228,2025-12-21,3,196.98,Online,76,590.9399999999999
3632,190,2228,2025-08-16,5,121.42,Social,215,607.1
3633,139,2228,2024-06-19,4,162.16,Online,47,648.64
3634,183,2228,2025-05-04,3,127.82,Online,63,383.46
3635,192,2228,2025-10-11,1,22.56,TV,362,22.56
3636,128,2228,2024-05-30,5,69.61,Online,46,348.05
3637,175,2228,2024-05-24,5,285.32,Online,46,1426.6
3638,108,2228,2025-08-28,1,127.37,Online,69,127.37
3639,121,2228,2023-09-24,1,126.42,Online,33,126.42
3640,140,2229,2025-08-05,4,139.7,Online,68,558.8
3641,104,2229,2025-10-18,1,50.25,Social,219,50.25
3642,133,2229,2025-03-15,3,129.42,Online,61,388.26
3643,193,2229,2025-02-05,1,28.68,In-Store,134,28.68
3644,195,2229,2025-09-16,2,109.44,Social,217,218.88
3645,177,2229,2025-01-04,3,296.45,In-Store,131,889.3499999999999
3646,144,2229,2025-09-16,5,22.73,In-Store,144,113.65
3647,102,2229,2025-08-13,1,175.2,In-Store,143,175.2
3648,103,2229,2025-07-14,2,74.85,Online,67,149.7
3649,109,2229,2025-07-30,1,69.39,Online,67,69.39
3650,108,2229,2025-04-01,3,127.37,In-Store,136,382.11
3651,134,2229,2025-11-26,5,113.57,Social,221,567.8499999999999
3652,158,2229,2025-10-15,2,132.56,Online,71,265.12
3653,198,2229,2025-06-15,1,167.93,In-Store,140,167.93
3654,116,2229,2025-09-29,4,161.44,TV,361,645.76
3655,177,2229,2025-11-19,3,296.45,Online,74,889.3499999999999
3656,142,2229,2025-10-01,4,298.93,Email,292,1195.72
3657,158,2229,2024-12-23,5,132.56,Online,56,662.8
3658,126,2230,2025-11-30,1,62.9,Online,75,62.9
3659,125,2230,2024-09-06,1,25.35,Online,50,25.35
3660,118,2230,2024-11-14,3,128.58,Email,277,385.74
3661,122,2230,2024-10-26,5,224.2,Email,276,1121.0
3662,158,2230,2025-03-19,3,132.56,TV,352,397.68
3663,103,2230,2025-09-05,4,74.85,Social,216,299.4
3664,140,2230,2025-02-28,1,139.7,Online,59,139.7
3665,119,2230,2024-06-19,3,193.28,In-Store,121,579.84
3666,160,2230,2025-05-02,2,74.86,Online,64,149.72
3667,119,2230,2025-04-21,2,193.28,Email,284,386.56
3668,158,2230,2024-08-14,1,132.56,Online,49,132.56
3669,127,2230,2024-09-18,3,184.65,Online,51,553.95
3670,139,2230,2024-03-12,3,162.16,Online,41,486.48
3671,147,2230,2025-03-15,3,193.11,In-Store,136,579.33
3672,189,2230,2025-01-09,2,47.31,In-Store,132,94.62
3673,181,2230,2025-01-10,2,231.25,Online,58,462.5
3674,133,2230,2024-12-27,1,129.42,TV,349,129.42
3675,196,2230,2024-12-01,3,162.21,Online,55,486.63
3676,190,2230,2024-07-30,5,121.42,Online,49,607.1
3677,180,2230,2024-10-23,2,97.9,Email,276,195.8
3678,200,2230,2024-04-20,4,213.63,Online,43,854.52
3679,166,2230,2025-11-27,4,151.16,Online,74,604.64
3680,159,2231,2025-03-19,5,21.52,In-Store,136,107.6
3681,153,2231,2025-06-04,3,44.91,In-Store,140,134.73
3682,181,2231,2024-12-07,3,231.25,Online,56,693.75
3683,175,2231,2025-06-04,3,285.32,Online,66,855.96
3684,172,2231,2024-10-11,3,75.03,Online,52,225.09
3685,105,2231,2024-09-09,1,45.85,Online,51,45.85
3686,172,2231,2024-08-07,1,75.03,Online,49,75.03
3687,140,2231,2024-09-17,4,139.7,Online,51,558.8
3688,177,2231,2025-10-10,3,296.45,In-Store,146,889.3499999999999
3689,187,2231,2025-06-15,3,95.73,Online,65,287.19
3690,165,2231,2025-12-08,3,213.33,Online,75,639.99
3691,151,2231,2025-09-30,5,170.44,Online,71,852.2
3692,147,2231,2025-09-28,3,193.11,Social,218,579.33
3693,151,2231,2025-01-09,2,170.44,Online,57,340.88
3694,108,2231,2025-12-14,2,127.37,Online,76,254.74
3695,107,2231,2025-01-23,1,110.76,In-Store,133,110.76
3696,149,2231,2025-02-15,5,64.92,Email,282,324.6
3697,118,2231,2024-12-18,1,128.58,Online,56,128.58
3698,189,2231,2025-11-15,2,47.31,Social,220,94.62
3699,124,2231,2024-08-23,2,174.26,Online,50,348.52
3700,133,2231,2025-10-14,3,129.42,Social,219,388.26
3701,113,2231,2025-09-03,1,122.3,Online,69,122.3
3702,187,2231,2024-10-18,3,95.73,Online,53,287.19
3703,133,2231,2025-01-18,2,129.42,Online,58,258.84
3704,118,2231,2025-11-21,5,128.58,In-Store,148,642.9000000000001
3705,101,2232,2024-05-14,4,116.4,In-Store,120,465.6
3706,123,2232,2023-09-29,2,28.54,Online,33,57.08
3707,149,2232,2024-03-02,4,64.92,Online,42,259.68
3708,169,2233,2025-08-12,2,105.46,In-Store,143,210.92
3709,172,2233,2025-07-20,1,75.03,TV,357,75.03
3710,190,2233,2025-04-22,4,121.42,Online,62,485.68
3711,149,2233,2025-11-03,4,64.92,In-Store,146,259.68
3712,168,2233,2025-08-06,3,151.07,Online,68,453.21
3713,192,2233,2025-10-25,1,22.56,In-Store,147,22.56
3714,191,2233,2025-02-24,5,196.98,In-Store,135,984.9
3715,170,2233,2025-08-31,1,124.94,Online,70,124.94
3716,125,2233,2025-04-27,3,25.35,Online,63,76.05000000000001
3717,190,2233,2025-12-24,5,121.42,Online,77,607.1
3718,151,2233,2025-09-22,3,170.44,Online,70,511.32
3719,130,2233,2025-05-28,5,117.61,In-Store,139,588.05
3720,193,2233,2025-05-30,5,28.68,In-Store,139,143.4
3721,161,2233,2025-10-23,2,233.25,In-Store,146,466.5
3722,116,2233,2025-07-06,4,161.44,Online,67,645.76
3723,192,2233,2025-12-27,5,22.56,Online,76,112.8
3724,174,2233,2025-09-20,5,89.89,Online,70,449.45
3725,190,2233,2025-03-12,5,121.42,Online,60,607.1
3726,151,2233,2025-09-30,1,170.44,Social,218,170.44
3727,126,2233,2025-05-31,2,62.9,In-Store,139,125.8
3728,130,2233,2025-08-17,4,117.61,Online,69,470.44
3729,131,2233,2025-06-15,5,76.52,Online,65,382.59999999999997
3730,129,2233,2025-05-12,1,269.37,In-Store,139,269.37
3731,187,2233,2025-04-13,2,95.73,Online,62,191.46
3732,130,2234,2024-09-09,1,117.61,Online,51,117.61
3733,190,2234,2024-12-26,2,121.42,In-Store,131,242.84
3734,192,2234,2024-06-28,2,22.56,Online,47,45.12
3735,172,2234,2025-01-11,3,75.03,In-Store,133,225.09
3736,162,2234,2024-03-21,1,23.29,In-Store,118,23.29
3737,131,2234,2024-10-26,2,76.52,In-Store,128,153.04
3738,190,2234,2024-10-13,4,121.42,Social,202,485.68
3739,112,2235,2023-09-12,3,58.11,In-Store,107,174.32999999999998
3740,138,2235,2024-01-23,1,115.15,In-Store,113,115.15
3741,125,2235,2024-03-30,2,25.35,Social,192,50.7
3742,154,2235,2023-10-04,4,39.53,Online,33,158.12
3743,193,2235,2023-12-26,1,28.68,Online,37,28.68
3744,131,2236,2023-03-03,2,76.52,Email,243,153.04
3745,195,2236,2023-05-26,3,109.44,Online,27,328.32
3746,109,2236,2023-12-16,2,69.39,Online,37,138.78
3747,192,2236,2023-07-09,3,22.56,Online,29,67.67999999999999
3748,143,2237,2024-11-30,1,18.47,In-Store,130,18.47
3749,148,2237,2024-11-26,2,47.75,TV,346,95.5
3750,174,2237,2024-10-11,1,89.89,In-Store,126,89.89
3751,189,2237,2024-11-17,3,47.31,Online,54,141.93
3752,186,2237,2024-10-30,1,29.78,In-Store,128,29.78
3753,187,2237,2024-12-27,1,95.73,In-Store,131,95.73
3754,138,2237,2024-10-01,1,115.15,Online,52,115.15
3755,126,2238,2024-12-21,3,62.9,Online,56,188.7
3756,111,2238,2024-11-28,1,78.12,TV,346,78.12
3757,182,2238,2025-01-04,3,73.37,Online,57,220.11
3758,163,2238,2024-12-22,3,115.65,TV,348,346.95000000000005
3759,186,2238,2024-12-15,2,29.78,Online,56,59.56
3760,116,2239,2024-07-04,4,161.44,Online,47,645.76
3761,194,2239,2023-09-11,3,70.1,Social,184,210.29999999999998
3762,117,2239,2025-10-06,5,214.01,In-Store,146,1070.05
3763,132,2239,2023-08-25,1,146.35,Social,182,146.35
3764,181,2239,2024-05-14,4,231.25,Online,45,925.0
3765,172,2239,2023-09-22,5,75.03,Online,33,375.15
3766,135,2239,2024-08-04,2,62.14,Email,271,124.28
3767,175,2239,2023-10-01,3,285.32,Online,33,855.96
3768,133,2239,2025-03-17,2,129.42,Online,61,258.84
3769,112,2239,2024-03-16,1,58.11,In-Store,118,58.11
3770,170,2239,2025-04-14,3,124.94,TV,353,374.82
3771,183,2239,2025-08-20,4,127.82,Online,68,511.28
3772,112,2239,2025-04-21,4,58.11,In-Store,138,232.44
3773,160,2239,2023-10-09,4,74.86,Social,184,299.44
3774,173,2239,2024-03-14,5,100.75,Online,41,503.75
3775,144,2239,2024-07-02,1,22.73,Online,47,22.73
3776,133,2239,2024-05-05,5,129.42,Online,45,647.0999999999999
3777,111,2239,2023-11-27,2,78.12,Online,36,156.24
3778,107,2239,2024-01-15,2,110.76,Online,39,221.52
3779,123,2239,2024-09-16,4,28.54,Online,51,114.16
3780,109,2239,2024-06-28,3,69.39,Online,47,208.17000000000002
3781,114,2240,2022-11-09,2,120.5,Online,16,241.0
3782,162,2240,2022-08-31,3,23.29,In-Store,90,69.87
3783,188,2240,2024-02-20,1,12.93,Online,41,12.93
3784,143,2240,2022-10-28,1,18.47,In-Store,92,18.47
3785,144,2240,2023-03-21,3,22.73,Online,23,68.19
3786,186,2241,2025-09-15,3,29.78,Online,70,89.34
3787,181,2241,2025-09-16,4,231.25,Social,217,925.0
3788,170,2241,2022-05-22,1,124.94,Online,6,124.94
3789,119,2241,2025-11-25,1,193.28,Online,74,193.28
3790,185,2241,2023-05-08,2,143.79,Online,25,287.58
3791,143,2241,2023-04-27,5,18.47,Social,177,92.35
3792,163,2241,2023-08-17,3,115.65,Online,32,346.95000000000005
3793,195,2241,2025-02-11,2,109.44,In-Store,134,218.88
3794,166,2241,2023-05-02,5,151.16,Online,24,755.8
3795,172,2241,2022-05-26,4,75.03,Online,6,300.12
3796,107,2241,2025-11-05,1,110.76,In-Store,147,110.76
3797,187,2241,2023-02-13,3,95.73,Email,241,287.19
3798,114,2241,2025-01-01,3,120.5,Social,206,361.5
3799,124,2241,2024-02-12,2,174.26,Social,190,348.52
3800,198,2241,2023-12-29,4,167.93,Online,37,671.72
3801,129,2241,2024-11-25,3,269.37,Social,204,808.11
3802,102,2241,2022-04-08,4,175.2,Social,157,700.8
3803,163,2241,2025-04-15,1,115.65,In-Store,138,115.65
3804,157,2241,2023-09-01,1,140.43,Online,32,140.43
3805,103,2241,2023-04-26,5,74.85,Email,246,374.25
3806,138,2241,2024-12-28,5,115.15,Online,56,575.75
3807,196,2241,2025-10-21,5,162.21,Online,71,811.0500000000001
3808,123,2242,2024-04-25,2,28.54,Online,43,57.08
3809,114,2242,2024-06-18,2,120.5,Online,47,241.0
3810,144,2242,2024-07-04,2,22.73,Online,48,45.46
3811,187,2243,2024-02-15,3,95.73,Online,40,287.19
3812,190,2243,2024-06-18,1,121.42,Email,267,121.42
3813,153,2243,2024-04-27,2,44.91,Online,44,89.82
3814,125,2243,2023-12-19,3,25.35,Social,188,76.05000000000001
3815,178,2243,2024-03-21,1,58.92,Online,42,58.92
3816,109,2243,2024-01-18,1,69.39,Online,39,69.39
3817,131,2243,2024-02-14,2,76.52,Online,40,153.04
3818,153,2244,2022-12-28,1,44.91,In-Store,96,44.91
3819,182,2244,2023-09-22,2,73.37,Social,184,146.74
3820,187,2244,2022-12-19,3,95.73,Online,18,287.19
3821,165,2244,2023-07-10,3,213.33,Online,29,639.99
3822,158,2244,2023-02-01,4,132.56,In-Store,97,530.24
3823,200,2244,2024-04-18,2,213.63,Online,43,427.26
3824,165,2244,2024-11-07,2,213.33,Social,204,426.66
3825,168,2244,2023-03-12,4,151.07,In-Store,99,604.28
3826,113,2244,2024-07-03,2,122.3,Online,47,244.6
3827,101,2244,2024-04-28,4,116.4,Online,45,465.6
3828,132,2244,2025-11-24,4,146.35,TV,364,585.4
3829,136,2245,2025-06-08,2,134.23,Online,66,268.46
3830,153,2245,2024-09-27,3,44.91,In-Store,125,134.73
3831,198,2245,2024-11-20,3,167.93,Social,204,503.79
3832,155,2245,2025-08-08,2,71.21,Online,69,142.42
3833,161,2245,2024-10-08,5,233.25,Online,52,1166.25
3834,170,2245,2024-11-24,5,124.94,Online,55,624.7
3835,182,2245,2025-08-05,1,73.37,Online,68,73.37
3836,134,2245,2024-11-02,4,113.57,In-Store,128,454.28
3837,157,2245,2024-11-12,2,140.43,In-Store,129,280.86
3838,171,2245,2024-09-03,2,117.28,Online,51,234.56
3839,123,2245,2025-10-02,2,28.54,Online,70,57.08
3840,118,2245,2025-02-18,5,128.58,In-Store,134,642.9000000000001
3841,127,2245,2024-08-23,4,184.65,In-Store,125,738.6
3842,113,2245,2024-09-02,4,122.3,Online,50,489.2
3843,146,2245,2025-02-04,5,28.76,TV,350,143.8
3844,131,2245,2024-08-31,2,76.52,In-Store,124,153.04
3845,177,2245,2024-10-02,1,296.45,In-Store,126,296.45
3846,165,2245,2024-11-13,1,213.33,Online,55,213.33
3847,168,2245,2025-10-08,1,151.07,In-Store,145,151.07
3848,194,2245,2025-04-16,4,70.1,Online,61,280.4
3849,157,2245,2024-11-21,3,140.43,Online,55,421.29
3850,130,2245,2025-12-03,3,117.61,In-Store,149,352.83
3851,151,2245,2025-09-27,4,170.44,Online,71,681.76
3852,127,2245,2024-11-11,1,184.65,Online,54,184.65
3853,189,2245,2024-08-21,3,47.31,Online,49,141.93
3854,163,2245,2024-09-14,2,115.65,Social,202,231.3
3855,190,2245,2025-09-10,2,121.42,Online,70,242.84
3856,147,2245,2024-10-30,4,193.11,Online,53,772.44
3857,108,2245,2025-02-09,5,127.37,Online,59,636.85
3858,135,2246,2025-06-28,1,62.14,In-Store,141,62.14
3859,180,2246,2024-04-16,4,97.9,In-Store,118,391.6
3860,176,2246,2024-10-06,4,98.45,In-Store,126,393.8
3861,103,2246,2024-01-08,4,74.85,In-Store,113,299.4
3862,122,2246,2024-06-04,2,224.2,Email,267,448.4
3863,136,2246,2024-10-02,4,134.23,In-Store,126,536.92
3864,192,2246,2024-04-11,1,22.56,TV,335,22.56
3865,124,2246,2025-05-02,3,174.26,Social,212,522.78
3866,194,2246,2024-06-10,3,70.1,Online,46,210.29999999999998
3867,140,2246,2023-07-16,1,139.7,In-Store,105,139.7
3868,166,2246,2023-09-30,5,151.16,In-Store,107,755.8
3869,140,2246,2025-10-17,4,139.7,Online,72,558.8
3870,160,2246,2024-07-27,3,74.86,In-Store,124,224.57999999999998
3871,115,2246,2025-09-07,4,114.62,Online,69,458.48
3872,195,2246,2024-12-29,5,109.44,In-Store,131,547.2
3873,120,2246,2023-10-16,4,186.86,TV,326,747.44
3874,127,2246,2025-12-24,5,184.65,Online,77,923.25
3875,118,2246,2024-09-18,5,128.58,In-Store,126,642.9000000000001
3876,141,2246,2024-08-30,5,75.02,TV,343,375.09999999999997
3877,170,2246,2025-01-07,1,124.94,Online,58,124.94
3878,175,2247,2025-03-16,4,285.32,Online,60,1141.28
3879,144,2247,2023-10-04,5,22.73,Email,254,113.65
3880,167,2247,2025-10-08,2,75.91,Online,70,151.82
3881,174,2247,2025-08-30,2,89.89,In-Store,143,179.78
3882,191,2247,2024-04-05,3,196.98,Online,43,590.9399999999999
3883,180,2247,2024-05-16,1,97.9,Online,45,97.9
3884,168,2247,2023-12-12,5,151.07,Online,37,755.3499999999999
3885,115,2247,2024-05-20,2,114.62,In-Store,120,229.24
3886,168,2247,2023-08-23,2,151.07,Online,32,302.14
3887,111,2247,2025-08-27,2,78.12,Social,216,156.24
3888,190,2247,2024-08-15,1,121.42,Social,200,121.42
3889,113,2247,2025-10-01,1,122.3,Online,71,122.3
3890,132,2247,2025-02-25,2,146.35,In-Store,135,292.7
3891,156,2247,2025-09-13,4,13.54,Online,70,54.16
3892,170,2247,2025-04-12,1,124.94,Online,61,124.94
3893,111,2247,2025-01-28,5,78.12,TV,350,390.6
3894,113,2247,2023-12-16,4,122.3,In-Store,111,489.2
3895,160,2247,2023-09-06,1,74.86,Online,32,74.86
3896,132,2247,2025-09-23,2,146.35,Social,218,292.7
3897,120,2247,2024-01-03,2,186.86,Email,259,373.72
3898,182,2247,2025-09-11,5,73.37,Email,291,366.85
3899,136,2247,2025-03-27,5,134.23,Online,60,671.15
3900,136,2247,2023-08-23,3,134.23,Online,32,402.68999999999994
3901,165,2247,2025-12-23,5,213.33,Online,77,1066.65
3902,194,2247,2024-05-04,1,70.1,Online,44,70.1
3903,172,2248,2024-07-22,3,75.03,In-Store,123,225.09
3904,174,2248,2024-10-15,2,89.89,Online,52,179.78
3905,170,2248,2025-01-18,1,124.94,In-Store,133,124.94
3906,107,2248,2024-08-18,2,110.76,TV,342,221.52
3907,173,2248,2025-03-09,1,100.75,Email,282,100.75
3908,105,2248,2024-07-28,1,45.85,Online,48,45.85
3909,163,2248,2024-11-01,3,115.65,In-Store,128,346.95000000000005
3910,190,2248,2025-01-24,3,121.42,Online,59,364.26
3911,159,2248,2024-09-22,3,21.52,Online,51,64.56
3912,113,2248,2025-04-30,1,122.3,Online,63,122.3
3913,164,2248,2024-10-31,3,91.03,Social,203,273.09000000000003
3914,148,2248,2024-12-17,1,47.75,Online,56,47.75
3915,173,2248,2024-09-02,2,100.75,Online,50,201.5
3916,105,2248,2025-03-03,2,45.85,Online,60,91.7
3917,135,2248,2024-08-07,4,62.14,Online,49,248.56
3918,178,2249,2022-09-13,3,58.92,In-Store,90,176.76
3919,149,2249,2023-03-25,2,64.92,Online,22,129.84
3920,123,2249,2023-01-30,3,28.54,Online,20,85.62
3921,179,2249,2022-12-14,2,69.62,Online,18,139.24
3922,150,2249,2023-09-19,1,66.48,In-Store,107,66.48
3923,126,2249,2023-04-22,1,62.9,Online,25,62.9
3924,159,2250,2025-10-16,2,21.52,In-Store,146,43.04
3925,122,2250,2025-08-24,5,224.2,Online,68,1121.0
3926,109,2250,2025-01-30,5,69.39,Online,58,346.95
3927,136,2250,2025-12-18,1,134.23,Online,76,134.23
3928,198,2250,2025-06-09,5,167.93,Online,65,839.6500000000001
3929,126,2250,2024-12-26,3,62.9,Email,279,188.7
3930,102,2250,2025-07-18,3,175.2,In-Store,142,525.5999999999999
3931,181,2250,2025-02-27,2,231.25,TV,351,462.5
3932,121,2250,2025-03-14,4,126.42,Online,60,505.68
3933,157,2250,2025-04-20,5,140.43,Online,63,702.1500000000001
3934,124,2250,2025-12-21,2,174.26,In-Store,149,348.52
3935,157,2250,2025-05-09,1,140.43,In-Store,138,140.43
3936,105,2250,2024-12-26,3,45.85,Online,56,137.55
3937,127,2250,2024-11-30,4,184.65,Online,56,738.6
3938,139,2250,2024-12-07,5,162.16,Online,55,810.8
3939,177,2250,2024-12-19,4,296.45,Online,56,1185.8
3940,113,2250,2025-01-03,2,122.3,Online,58,244.6
3941,200,2250,2025-07-13,1,213.63,In-Store,141,213.63
3942,114,2250,2025-12-07,2,120.5,TV,365,241.0
3943,116,2251,2025-08-09,1,161.44,Online,69,161.44
3944,154,2251,2025-02-23,3,39.53,Online,59,118.59
3945,192,2251,2025-08-11,3,22.56,Online,68,67.67999999999999
3946,124,2251,2025-02-17,1,174.26,TV,351,174.26
3947,197,2251,2025-04-06,2,270.16,TV,353,540.32
3948,156,2251,2025-08-01,3,13.54,Online,68,40.62
3949,117,2251,2024-06-23,1,214.01,Online,47,214.01
3950,136,2251,2024-06-05,2,134.23,TV,337,268.46
3951,196,2251,2025-04-10,2,162.21,Online,62,324.42
3952,192,2251,2025-05-22,4,22.56,Online,64,90.24
3953,125,2251,2025-07-22,2,25.35,Email,289,50.7
3954,103,2251,2024-09-09,2,74.85,Social,201,149.7
3955,183,2252,2024-11-06,1,127.82,Online,54,127.82
3956,193,2252,2025-07-05,4,28.68,Email,289,114.72
3957,107,2252,2025-06-16,2,110.76,Online,66,221.52
3958,197,2252,2024-07-20,5,270.16,Social,198,1350.8000000000002
3959,126,2252,2025-06-25,4,62.9,Online,66,251.6
3960,151,2252,2025-02-03,3,170.44,Online,59,511.32
3961,136,2252,2024-07-24,5,134.23,Online,48,671.15
3962,188,2252,2024-12-01,1,12.93,Online,55,12.93
3963,175,2252,2024-08-22,3,285.32,Online,49,855.96
3964,162,2252,2025-09-09,2,23.29,Online,70,46.58
3965,123,2252,2025-03-19,2,28.54,Online,60,57.08
3966,117,2252,2025-03-13,4,214.01,Online,60,856.04
3967,120,2252,2024-08-24,3,186.86,In-Store,124,560.58
3968,133,2252,2025-07-20,5,129.42,In-Store,142,647.0999999999999
3969,197,2252,2025-05-02,3,270.16,In-Store,138,810.48
3970,108,2252,2024-10-26,4,127.37,In-Store,128,509.48
3971,172,2252,2025-02-10,1,75.03,In-Store,134,75.03
3972,175,2252,2024-08-14,5,285.32,Online,49,1426.6
3973,101,2252,2024-11-19,1,116.4,Online,55,116.4
3974,116,2252,2025-08-20,4,161.44,Online,68,645.76
3975,168,2252,2024-12-19,5,151.07,In-Store,131,755.3499999999999
3976,123,2253,2025-06-06,1,28.54,Online,65,28.54
3977,199,2253,2024-10-18,4,105.38,Online,53,421.52
3978,147,2253,2025-02-26,1,193.11,Online,59,193.11
3979,172,2253,2024-04-18,1,75.03,Online,43,75.03
3980,169,2253,2024-06-21,3,105.46,Online,47,316.38
3981,169,2253,2025-11-11,1,105.46,Social,220,105.46
3982,122,2253,2024-07-17,1,224.2,Online,48,224.2
3983,127,2253,2025-02-23,5,184.65,In-Store,134,923.25
3984,149,2253,2025-07-02,2,64.92,Online,66,129.84
3985,111,2253,2024-04-20,5,78.12,Online,43,390.6
3986,161,2253,2024-03-08,1,233.25,TV,334,233.25
3987,119,2253,2024-08-02,4,193.28,In-Store,123,773.12
3988,194,2253,2025-09-06,1,70.1,Online,70,70.1
3989,110,2253,2024-10-17,1,138.19,Online,53,138.19
3990,193,2253,2025-05-09,2,28.68,Online,64,57.36
3991,136,2253,2025-12-15,1,134.23,In-Store,149,134.23
3992,151,2253,2025-04-30,5,170.44,Online,63,852.2
3993,152,2253,2024-04-25,4,72.34,Social,194,289.36
3994,110,2254,2025-12-14,5,138.19,TV,365,690.95
3995,184,2254,2024-09-15,3,120.25,Online,51,360.75
3996,183,2254,2025-07-17,4,127.82,Social,215,511.28
3997,162,2254,2025-02-04,1,23.29,In-Store,134,23.29
3998,139,2254,2024-09-28,4,162.16,Online,51,648.64
3999,200,2254,2025-02-08,1,213.63,Online,59,213.63
4000,168,2254,2025-12-05,5,151.07,In-Store,149,755.3499999999999
4001,197,2254,2025-10-22,1,270.16,Online,72,270.16
4002,111,2254,2025-09-23,1,78.12,In-Store,145,78.12
4003,191,2254,2025-04-16,4,196.98,Online,61,787.92
4004,151,2254,2024-09-03,5,170.44,Online,50,852.2
4005,123,2254,2025-07-01,2,28.54,Online,66,57.08
4006,148,2254,2024-12-01,5,47.75,In-Store,130,238.75
4007,191,2254,2025-03-04,4,196.98,In-Store,136,787.92
4008,198,2254,2025-05-21,3,167.93,Social,213,503.79
4009,129,2254,2024-09-09,4,269.37,In-Store,124,1077.48
4010,142,2254,2024-10-13,1,298.93,Online,52,298.93
4011,143,2254,2025-01-13,5,18.47,Online,58,92.35
4012,122,2255,2024-11-24,2,224.2,In-Store,129,448.4
4013,178,2255,2025-11-04,2,58.92,In-Store,147,117.84
4014,139,2255,2022-11-06,4,162.16,TV,312,648.64
4015,186,2255,2023-01-01,1,29.78,Online,19,29.78
4016,187,2255,2022-04-21,4,95.73,In-Store,84,382.92
4017,195,2255,2024-03-27,4,109.44,Online,43,437.76
4018,140,2255,2025-10-29,4,139.7,Social,220,558.8
4019,183,2255,2025-12-01,1,127.82,Online,75,127.82
4020,191,2255,2025-12-17,5,196.98,Social,222,984.9
4021,119,2255,2024-02-19,2,193.28,Online,40,386.56
4022,188,2255,2022-05-26,4,12.93,Social,159,51.72
4023,154,2255,2022-11-27,1,39.53,Online,18,39.53
4024,165,2255,2022-02-22,3,213.33,Online,3,639.99
4025,131,2255,2025-09-23,3,76.52,Social,218,229.56
4026,197,2255,2022-12-20,2,270.16,In-Store,95,540.32
4027,142,2255,2025-12-27,5,298.93,Social,222,1494.65
4028,158,2255,2025-05-01,5,132.56,Social,212,662.8
4029,117,2255,2024-11-29,1,214.01,Online,55,214.01
4030,188,2255,2022-09-10,5,12.93,Social,163,64.65
4031,189,2255,2022-07-05,3,47.31,Social,161,141.93
4032,170,2255,2022-05-09,3,124.94,Email,229,374.82
4033,155,2255,2024-03-16,3,71.21,In-Store,117,213.63
4034,195,2255,2025-03-05,3,109.44,Online,60,328.32
4035,102,2255,2023-06-19,5,175.2,Social,179,876.0
4036,136,2256,2024-05-07,1,134.23,Online,45,134.23
4037,104,2256,2023-08-15,3,50.25,Online,32,150.75
4038,186,2256,2023-11-13,1,29.78,Social,185,29.78
4039,133,2256,2023-02-25,3,129.42,Email,242,388.26
4040,146,2256,2022-11-27,4,28.76,Online,17,115.04
4041,187,2256,2023-12-04,2,95.73,Online,36,191.46
4042,114,2257,2025-07-12,1,120.5,Online,67,120.5
4043,193,2257,2023-08-19,3,28.68,In-Store,106,86.03999999999999
4044,124,2257,2022-11-14,1,174.26,Email,238,174.26
4045,142,2257,2025-01-04,1,298.93,Online,58,298.93
4046,121,2257,2025-07-26,5,126.42,Online,68,632.1
4047,116,2257,2022-10-19,3,161.44,Online,15,484.32
4048,197,2257,2025-10-31,5,270.16,Online,72,1350.8000000000002
4049,155,2257,2023-07-10,1,71.21,Online,29,71.21
4050,158,2257,2023-11-21,3,132.56,In-Store,110,397.68
4051,106,2257,2024-08-13,4,41.44,Online,49,165.76
4052,157,2257,2024-04-03,1,140.43,Online,43,140.43
4053,196,2257,2023-05-22,5,162.21,Online,26,811.0500000000001
4054,192,2257,2024-04-10,3,22.56,In-Store,118,67.67999999999999
4055,167,2257,2024-12-10,2,75.91,Online,56,151.82
4056,190,2257,2022-08-04,4,121.42,Online,11,485.68
4057,104,2257,2023-07-12,2,50.25,Social,181,100.5
4058,179,2257,2023-11-29,3,69.62,Online,36,208.86
4059,157,2257,2024-01-25,2,140.43,Online,40,280.86
4060,112,2257,2023-02-26,3,58.11,Online,22,174.32999999999998
4061,140,2257,2024-06-16,4,139.7,TV,338,558.8
4062,191,2257,2024-10-10,5,196.98,Social,202,984.9
4063,161,2257,2022-07-03,4,233.25,Online,8,933.0
4064,154,2257,2022-04-22,4,39.53,In-Store,84,158.12
4065,199,2257,2023-01-20,1,105.38,Social,171,105.38
4066,194,2258,2024-12-28,2,70.1,Online,57,140.2
4067,134,2258,2024-10-18,3,113.57,TV,345,340.71
4068,159,2258,2024-10-02,2,21.52,Online,52,43.04
4069,136,2258,2024-09-18,3,134.23,Online,51,402.68999999999994
4070,158,2258,2024-08-28,3,132.56,Online,50,397.68
4071,160,2259,2023-06-15,4,74.86,In-Store,103,299.44
4072,180,2259,2023-04-21,4,97.9,In-Store,101,391.6
4073,145,2259,2023-01-04,4,87.44,Social,171,349.76
4074,195,2259,2023-01-25,1,109.44,In-Store,97,109.44
4075,155,2259,2023-07-03,4,71.21,In-Store,104,284.84
4076,141,2259,2023-12-06,2,75.02,Online,36,150.04
4077,186,2259,2023-06-14,3,29.78,In-Store,103,89.34
4078,118,2259,2022-12-16,2,128.58,Online,18,257.16
4079,145,2259,2023-06-27,3,87.44,In-Store,103,262.32
4080,113,2259,2022-11-01,2,122.3,Online,16,244.6
4081,170,2259,2023-01-12,4,124.94,In-Store,97,499.76
4082,187,2259,2023-11-20,3,95.73,In-Store,110,287.19
4083,144,2259,2023-09-22,4,22.73,Online,33,90.92
4084,154,2259,2023-10-07,3,39.53,In-Store,108,118.59
4085,105,2259,2023-07-30,3,45.85,Online,30,137.55
4086,112,2259,2022-12-17,3,58.11,Online,18,174.32999999999998
4087,145,2260,2025-10-14,4,87.44,Online,72,349.76
4088,168,2260,2025-01-11,2,151.07,Online,58,302.14
4089,153,2260,2023-07-24,1,44.91,Online,31,44.91
4090,161,2260,2024-08-01,2,233.25,Online,49,466.5
4091,179,2260,2025-05-21,2,69.62,Online,65,139.24
4092,122,2260,2024-04-14,2,224.2,Online,44,448.4
4093,166,2260,2023-12-15,1,151.16,In-Store,112,151.16
4094,158,2260,2025-09-25,4,132.56,Online,70,530.24
4095,195,2260,2023-10-22,1,109.44,Online,34,109.44
4096,144,2260,2023-06-14,2,22.73,In-Store,103,45.46
4097,129,2260,2025-03-19,3,269.37,Social,209,808.11
4098,157,2260,2025-05-24,2,140.43,Online,65,280.86
4099,189,2260,2024-02-11,4,47.31,TV,333,189.24
4100,165,2260,2023-03-05,2,213.33,Online,22,426.66
4101,160,2261,2025-10-31,5,74.86,In-Store,146,374.3
4102,185,2261,2023-10-12,3,143.79,Online,33,431.37
4103,166,2261,2024-11-08,1,151.16,Online,54,151.16
4104,147,2261,2025-04-09,1,193.11,Online,62,193.11
4105,129,2261,2025-11-13,2,269.37,Social,220,538.74
4106,103,2261,2023-12-19,2,74.85,Online,37,149.7
4107,175,2261,2025-12-03,3,285.32,In-Store,149,855.96
4108,124,2261,2023-10-31,2,174.26,Online,34,348.52
4109,149,2261,2024-11-24,2,64.92,Online,55,129.84
4110,172,2261,2024-07-10,2,75.03,Social,198,150.06
4111,132,2261,2024-12-22,3,146.35,In-Store,131,439.04999999999995
4112,121,2261,2024-12-14,5,126.42,Online,56,632.1
4113,186,2261,2024-05-12,1,29.78,In-Store,120,29.78
4114,122,2261,2025-11-10,3,224.2,Online,74,672.5999999999999
4115,169,2261,2024-09-20,5,105.46,Social,202,527.3
4116,139,2261,2025-04-13,5,162.16,Online,63,810.8
4117,183,2261,2025-06-08,4,127.82,In-Store,140,511.28
4118,136,2261,2025-11-12,5,134.23,Social,220,671.15
4119,112,2261,2024-03-09,1,58.11,Social,192,58.11
4120,177,2261,2024-05-12,1,296.45,Online,45,296.45
4121,169,2261,2025-11-26,4,105.46,Online,75,421.84
4122,125,2261,2024-12-11,4,25.35,Online,56,101.4
4123,159,2261,2024-09-01,4,21.52,Social,200,86.08
4124,169,2261,2025-04-16,3,105.46,TV,353,316.38
4125,146,2261,2025-05-22,5,28.76,In-Store,139,143.8
4126,189,2262,2024-04-08,1,47.31,Online,43,47.31
4127,190,2262,2023-11-29,1,121.42,Online,36,121.42
4128,104,2262,2024-01-22,4,50.25,Online,39,201.0
4129,125,2262,2023-01-29,1,25.35,Online,20,25.35
4130,192,2262,2024-08-21,4,22.56,TV,342,90.24
4131,130,2262,2022-07-19,4,117.61,Social,161,470.44
4132,112,2262,2023-10-13,1,58.11,Online,34,58.11
4133,115,2262,2022-10-11,1,114.62,In-Store,92,114.62
4134,107,2262,2023-04-15,1,110.76,In-Store,100,110.76
4135,148,2262,2023-12-04,2,47.75,In-Store,110,95.5
4136,121,2262,2024-02-04,2,126.42,Online,39,252.84
4137,114,2262,2022-09-04,1,120.5,Email,235,120.5
4138,153,2262,2023-01-05,3,44.91,Social,170,134.73
4139,188,2263,2023-05-14,1,12.93,Online,26,12.93
4140,156,2263,2022-12-06,3,13.54,In-Store,95,40.62
4141,189,2263,2022-11-22,1,47.31,In-Store,94,47.31
4142,134,2263,2023-07-17,1,113.57,Social,181,113.57
4143,116,2264,2024-08-08,2,161.44,Online,49,322.88
4144,166,2264,2024-07-13,1,151.16,Online,48,151.16
4145,154,2264,2025-02-10,3,39.53,Online,59,118.59
4146,170,2264,2024-03-24,2,124.94,TV,335,249.88
4147,133,2264,2024-11-09,1,129.42,Online,54,129.42
4148,121,2264,2025-03-13,5,126.42,Social,210,632.1
4149,120,2264,2024-11-10,2,186.86,In-Store,128,373.72
4150,129,2264,2024-10-01,2,269.37,Online,51,538.74
4151,198,2264,2024-10-02,2,167.93,In-Store,126,335.86
4152,136,2264,2024-06-07,5,134.23,Online,46,671.15
4153,152,2264,2025-08-23,5,72.34,TV,358,361.70000000000005
4154,116,2264,2024-09-16,3,161.44,In-Store,126,484.32
4155,140,2264,2024-04-25,5,139.7,Online,43,698.5
4156,173,2264,2024-12-30,4,100.75,Online,58,403.0
4157,177,2264,2025-10-11,2,296.45,TV,362,592.9
4158,133,2264,2024-05-23,4,129.42,Online,46,517.68
4159,173,2264,2024-04-10,3,100.75,In-Store,118,302.25
4160,140,2264,2024-11-03,1,139.7,Online,53,139.7
4161,115,2265,2023-12-28,2,114.62,In-Store,111,229.24
4162,136,2265,2024-02-29,3,134.23,Online,41,402.68999999999994
4163,137,2265,2024-05-27,2,90.95,Online,46,181.9
4164,169,2265,2024-03-28,1,105.46,In-Store,118,105.46
4165,149,2265,2024-08-06,1,64.92,Online,49,64.92
4166,185,2266,2025-03-26,3,143.79,Online,60,431.37
4167,196,2266,2025-06-22,4,162.21,Social,214,648.84
4168,159,2266,2025-04-18,2,21.52,In-Store,137,43.04
4169,105,2266,2025-08-16,4,45.85,Online,68,183.4
4170,136,2266,2025-01-20,2,134.23,In-Store,133,268.46
4171,163,2266,2025-10-12,4,115.65,Social,219,462.6
4172,139,2266,2025-03-26,5,162.16,In-Store,137,810.8
4173,154,2266,2025-11-01,5,39.53,Email,293,197.65
4174,195,2266,2025-05-09,3,109.44,Online,63,328.32
4175,162,2266,2025-02-22,1,23.29,Online,60,23.29
4176,165,2266,2025-03-26,3,213.33,Online,60,639.99
4177,127,2266,2025-01-16,2,184.65,Online,58,369.3
4178,151,2266,2025-10-22,2,170.44,In-Store,146,340.88
4179,167,2266,2024-12-24,4,75.91,Online,57,303.64
4180,182,2267,2024-12-20,2,73.37,Online,56,146.74
4181,178,2267,2024-09-06,2,58.92,Online,50,117.84
4182,126,2267,2024-11-22,3,62.9,Social,205,188.7
4183,183,2267,2024-12-31,2,127.82,TV,348,255.64
4184,190,2267,2024-08-04,2,121.42,In-Store,123,242.84
4185,143,2267,2024-12-31,3,18.47,In-Store,131,55.41
4186,112,2267,2024-08-02,3,58.11,In-Store,124,174.32999999999998
4187,190,2267,2025-05-09,1,121.42,In-Store,138,121.42
4188,186,2267,2025-02-27,1,29.78,Online,60,29.78
4189,172,2267,2024-12-21,4,75.03,Online,56,300.12
4190,113,2267,2024-09-22,4,122.3,Online,51,489.2
4191,153,2267,2024-08-18,4,44.91,Social,200,179.64
4192,144,2267,2025-03-21,2,22.73,TV,351,45.46
4193,146,2267,2024-08-03,2,28.76,In-Store,123,57.52
4194,190,2267,2024-11-24,4,121.42,Online,55,485.68
4195,130,2267,2024-12-05,3,117.61,Social,205,352.83
4196,196,2268,2024-02-10,5,162.21,In-Store,114,811.0500000000001
4197,121,2268,2024-11-10,5,126.42,Online,54,632.1
4198,174,2268,2025-01-21,3,89.89,In-Store,134,269.67
4199,198,2268,2025-02-18,5,167.93,Online,60,839.6500000000001
4200,142,2268,2025-10-26,4,298.93,In-Store,146,1195.72
4201,120,2268,2024-12-26,2,186.86,Online,57,373.72
4202,129,2268,2025-01-26,4,269.37,Online,58,1077.48
4203,194,2268,2025-04-14,3,70.1,Online,61,210.29999999999998
4204,160,2268,2024-04-02,3,74.86,In-Store,118,224.57999999999998
4205,163,2268,2023-11-15,4,115.65,Online,36,462.6
4206,124,2268,2024-02-03,3,174.26,Online,39,522.78
4207,119,2268,2023-12-11,3,193.28,In-Store,111,579.84
4208,182,2268,2025-07-04,4,73.37,Online,66,293.48
4209,119,2268,2024-06-27,5,193.28,Online,47,966.4
4210,154,2268,2025-04-19,2,39.53,In-Store,138,79.06
4211,114,2268,2023-11-25,2,120.5,In-Store,111,241.0
4212,123,2268,2024-05-02,1,28.54,Online,45,28.54
4213,127,2268,2025-04-03,1,184.65,In-Store,136,184.65
4214,104,2268,2025-05-06,4,50.25,Online,64,201.0
4215,136,2268,2025-12-23,1,134.23,Online,76,134.23
4216,196,2268,2024-10-06,3,162.21,Social,202,486.63
4217,154,2268,2023-10-17,3,39.53,Online,33,118.59
4218,183,2268,2024-03-01,3,127.82,In-Store,114,383.46
4219,168,2268,2023-09-13,5,151.07,Online,32,755.3499999999999
4220,118,2268,2025-09-18,5,128.58,Online,70,642.9000000000001
4221,112,2268,2024-09-07,5,58.11,In-Store,124,290.55
4222,158,2268,2024-01-09,4,132.56,Online,39,530.24
4223,151,2268,2025-04-22,1,170.44,In-Store,137,170.44
4224,196,2268,2024-10-27,5,162.21,Online,53,811.0500000000001
4225,144,2268,2025-01-03,3,22.73,Online,57,68.19
4226,113,2268,2024-10-07,4,122.3,Social,202,489.2
4227,101,2268,2023-10-20,4,116.4,Social,185,465.6
4228,158,2268,2024-09-28,5,132.56,In-Store,126,662.8
4229,110,2268,2024-08-21,5,138.19,Online,50,690.95
4230,142,2269,2024-03-20,1,298.93,Online,42,298.93
4231,155,2269,2024-11-06,2,71.21,In-Store,128,142.42
4232,162,2269,2024-03-26,2,23.29,In-Store,118,46.58
4233,200,2269,2023-12-24,5,213.63,Online,37,1068.15
4234,185,2269,2025-08-27,4,143.79,Online,68,575.16
4235,108,2269,2024-03-20,4,127.37,Online,42,509.48
4236,122,2269,2025-12-12,2,224.2,Online,76,448.4
4237,192,2269,2024-12-16,4,22.56,Online,57,90.24
4238,189,2269,2024-12-29,1,47.31,Online,56,47.31
4239,121,2269,2025-08-07,3,126.42,In-Store,142,379.26
4240,141,2269,2024-02-29,1,75.02,Social,191,75.02
4241,125,2269,2024-11-09,4,25.35,Online,54,101.4
4242,139,2269,2024-08-11,5,162.16,Online,49,810.8
4243,101,2269,2023-11-25,4,116.4,In-Store,111,465.6
4244,139,2269,2025-03-29,3,162.16,In-Store,136,486.48
4245,141,2269,2023-10-10,3,75.02,In-Store,107,225.06
4246,139,2269,2024-11-26,3,162.16,Online,55,486.48
4247,198,2269,2025-01-18,3,167.93,Online,58,503.79
4248,133,2269,2025-11-05,2,129.42,Online,73,258.84
4249,197,2269,2024-09-30,4,270.16,In-Store,126,1080.64
4250,189,2270,2024-12-14,3,47.31,In-Store,130,141.93
4251,115,2270,2025-07-11,4,114.62,Social,214,458.48
4252,126,2270,2024-11-15,5,62.9,Online,54,314.5
4253,117,2270,2025-10-19,5,214.01,Online,71,1070.05
4254,183,2270,2025-03-27,1,127.82,TV,352,127.82
4255,141,2270,2024-07-01,2,75.02,Online,48,150.04
4256,191,2270,2025-06-08,3,196.98,Online,66,590.9399999999999
4257,147,2270,2025-03-29,4,193.11,In-Store,137,772.44
4258,151,2270,2025-02-23,5,170.44,In-Store,134,852.2
4259,184,2270,2024-07-31,2,120.25,Online,49,240.5
4260,120,2270,2024-09-15,4,186.86,Online,51,747.44
4261,114,2270,2025-11-10,4,120.5,In-Store,147,482.0
4262,168,2270,2025-04-24,5,151.07,TV,354,755.3499999999999
4263,185,2270,2025-12-15,2,143.79,Online,76,287.58
4264,162,2270,2025-08-07,1,23.29,Online,68,23.29
4265,118,2270,2025-10-03,3,128.58,Social,219,385.74
4266,182,2270,2025-03-17,4,73.37,Online,60,293.48
4267,148,2270,2025-07-30,4,47.75,In-Store,142,191.0
4268,134,2270,2024-09-04,3,113.57,Social,201,340.71
4269,174,2270,2024-09-25,5,89.89,In-Store,126,449.45
4270,184,2270,2024-08-01,2,120.25,Online,49,240.5
4271,141,2270,2024-12-15,1,75.02,Online,56,75.02
4272,166,2270,2025-12-09,1,151.16,In-Store,149,151.16
4273,119,2270,2025-07-27,2,193.28,Online,67,386.56
4274,147,2270,2025-09-09,1,193.11,Online,69,193.11
4275,130,2271,2025-03-09,5,117.61,Online,60,588.05
4276,129,2271,2025-01-11,4,269.37,In-Store,132,1077.48
4277,166,2271,2025-01-11,4,151.16,Online,58,604.64
4278,144,2271,2024-10-10,2,22.73,Online,53,45.46
4279,162,2271,2024-12-13,4,23.29,Email,279,93.16
4280,146,2271,2025-03-23,5,28.76,Online,61,143.8
4281,116,2271,2025-11-15,5,161.44,Online,73,807.2
4282,144,2271,2025-01-18,3,22.73,In-Store,133,68.19
4283,187,2271,2024-07-26,2,95.73,In-Store,123,191.46
4284,120,2271,2025-01-04,2,186.86,In-Store,132,373.72
4285,123,2271,2025-11-06,4,28.54,Online,73,114.16
4286,132,2271,2025-04-27,3,146.35,Social,211,439.04999999999995
4287,107,2271,2025-04-14,2,110.76,Social,211,221.52
4288,165,2271,2025-09-18,5,213.33,Online,70,1066.65
4289,181,2271,2024-08-27,4,231.25,In-Store,124,925.0
4290,158,2271,2025-09-05,4,132.56,Online,69,530.24
4291,148,2271,2024-08-10,4,47.75,In-Store,123,191.0
4292,109,2271,2024-06-24,5,69.39,In-Store,121,346.95
4293,109,2271,2025-11-12,1,69.39,In-Store,147,69.39
4294,154,2272,2025-10-12,4,39.53,Online,71,158.12
4295,131,2272,2024-09-15,3,76.52,TV,343,229.56
4296,149,2272,2024-11-05,2,64.92,Online,54,129.84
4297,129,2272,2025-07-23,1,269.37,Online,67,269.37
4298,110,2272,2025-02-20,2,138.19,Online,59,276.38
4299,129,2272,2025-02-03,2,269.37,In-Store,134,538.74
4300,183,2272,2025-12-07,2,127.82,TV,364,255.64
4301,161,2272,2024-07-09,2,233.25,TV,338,466.5
4302,151,2272,2025-02-14,5,170.44,In-Store,135,852.2
4303,157,2272,2024-08-04,5,140.43,In-Store,124,702.1500000000001
4304,184,2272,2025-06-13,4,120.25,In-Store,139,481.0
4305,174,2272,2024-06-15,5,89.89,Online,47,449.45
4306,172,2272,2024-04-13,5,75.03,Online,43,375.15
4307,139,2272,2025-01-14,5,162.16,In-Store,133,810.8
4308,143,2272,2025-01-20,2,18.47,Social,207,36.94
4309,111,2272,2024-09-08,1,78.12,Online,51,78.12
4310,144,2273,2024-01-04,2,22.73,Online,38,45.46
4311,172,2273,2024-02-25,1,75.03,Online,41,75.03
4312,162,2274,2024-03-24,1,23.29,Online,42,23.29
4313,138,2274,2025-08-31,1,115.15,Online,69,115.15
4314,175,2274,2024-02-15,5,285.32,Email,260,1426.6
4315,144,2274,2023-07-03,5,22.73,Online,29,113.65
4316,124,2274,2022-09-19,4,174.26,In-Store,91,697.04
4317,162,2274,2023-05-08,5,23.29,TV,320,116.44999999999999
4318,154,2274,2025-01-07,1,39.53,Online,58,39.53
4319,198,2274,2022-12-23,5,167.93,In-Store,96,839.6500000000001
4320,103,2274,2022-11-19,1,74.85,Online,17,74.85
4321,175,2274,2024-12-17,2,285.32,In-Store,131,570.64
4322,124,2274,2025-01-12,3,174.26,Social,206,522.78
4323,165,2274,2025-08-29,1,213.33,In-Store,144,213.33
4324,172,2274,2022-10-25,5,75.03,Online,15,375.15
4325,162,2274,2025-12-15,5,23.29,Online,76,116.44999999999999
4326,155,2274,2025-04-29,1,71.21,Online,63,71.21
4327,181,2274,2025-09-25,5,231.25,In-Store,145,1156.25
4328,169,2274,2024-11-12,2,105.46,In-Store,129,210.92
4329,197,2274,2024-12-25,1,270.16,In-Store,131,270.16
4330,110,2274,2025-09-06,1,138.19,Online,69,138.19
4331,126,2275,2024-05-21,1,62.9,In-Store,120,62.9
4332,167,2275,2024-06-02,1,75.91,TV,338,75.91
4333,159,2275,2024-09-26,2,21.52,Online,52,43.04
4334,131,2275,2024-07-05,2,76.52,Online,47,153.04
4335,176,2275,2024-06-18,1,98.45,Online,47,98.45
4336,172,2276,2024-09-14,3,75.03,In-Store,126,225.09
4337,103,2276,2024-08-25,3,74.85,Online,49,224.54999999999998
4338,125,2276,2024-08-16,3,25.35,In-Store,124,76.05000000000001
4339,115,2276,2025-01-12,2,114.62,Social,206,229.24
4340,169,2276,2024-09-15,1,105.46,Online,51,105.46
4341,170,2276,2024-07-18,3,124.94,In-Store,123,374.82
4342,136,2276,2024-10-11,3,134.23,Email,274,402.68999999999994
4343,109,2276,2024-08-06,1,69.39,Online,49,69.39
4344,121,2276,2024-09-30,3,126.42,Social,202,379.26
4345,156,2277,2022-11-16,2,13.54,TV,312,27.08
4346,111,2277,2025-05-05,1,78.12,Online,63,78.12
4347,105,2277,2024-04-06,4,45.85,Social,194,183.4
4348,122,2277,2023-02-06,4,224.2,In-Store,97,896.8
4349,120,2277,2025-04-15,3,186.86,Online,61,560.58
4350,140,2277,2024-07-21,3,139.7,Online,48,419.09999999999997
4351,119,2277,2024-10-04,4,193.28,Online,52,773.12
4352,175,2277,2023-03-20,4,285.32,In-Store,99,1141.28
4353,195,2277,2024-05-01,2,109.44,Social,194,218.88
4354,154,2277,2024-04-18,5,39.53,Online,44,197.65
4355,182,2277,2023-06-09,5,73.37,Online,28,366.85
4356,158,2277,2025-07-25,3,132.56,Online,68,397.68
4357,196,2278,2024-09-17,2,162.21,TV,344,324.42
4358,186,2278,2024-03-17,4,29.78,Online,42,119.12
4359,179,2278,2024-11-10,5,69.62,TV,346,348.1
4360,168,2278,2024-09-14,1,151.07,Online,51,151.07
4361,122,2278,2025-03-11,4,224.2,TV,352,896.8
4362,188,2278,2025-12-16,2,12.93,Online,76,25.86
4363,134,2278,2023-09-14,2,113.57,In-Store,107,227.14
4364,142,2278,2024-08-24,4,298.93,In-Store,125,1195.72
4365,139,2278,2023-12-03,4,162.16,Online,36,648.64
4366,114,2278,2024-10-31,5,120.5,In-Store,128,602.5
4367,170,2278,2024-01-22,3,124.94,Online,39,374.82
4368,114,2278,2025-03-20,5,120.5,In-Store,136,602.5
4369,127,2278,2023-12-30,5,184.65,In-Store,111,923.25
4370,112,2278,2025-08-14,2,58.11,Online,69,116.22
4371,109,2278,2025-02-10,4,69.39,In-Store,134,277.56
4372,178,2278,2024-11-11,4,58.92,In-Store,128,235.68
4373,106,2278,2024-08-09,4,41.44,Online,49,165.76
4374,151,2278,2023-11-26,5,170.44,Online,36,852.2
4375,157,2278,2025-01-10,3,140.43,Social,206,421.29
4376,183,2278,2025-11-03,3,127.82,Online,73,383.46
4377,194,2278,2025-01-15,5,70.1,Online,58,350.5
4378,104,2278,2023-12-01,1,50.25,Online,36,50.25
4379,177,2279,2024-09-17,4,296.45,Email,273,1185.8
4380,194,2279,2023-11-13,1,70.1,TV,328,70.1
4381,126,2279,2024-10-02,2,62.9,Social,202,125.8
4382,174,2279,2024-08-21,5,89.89,Online,49,449.45
4383,190,2279,2024-09-23,2,121.42,Online,51,242.84
4384,113,2279,2025-10-28,5,122.3,Online,73,611.5
4385,171,2279,2023-03-25,5,117.28,Online,22,586.4
4386,128,2279,2024-11-17,4,69.61,Online,54,278.44
4387,102,2279,2023-10-21,1,175.2,Online,34,175.2
4388,116,2279,2023-11-22,2,161.44,Online,35,322.88
4389,116,2279,2024-05-06,4,161.44,TV,336,645.76
4390,168,2279,2025-06-11,1,151.07,In-Store,140,151.07
4391,159,2279,2024-07-04,5,21.52,Online,47,107.6
4392,187,2280,2024-03-04,1,95.73,In-Store,115,95.73
4393,153,2280,2024-06-01,3,44.91,Online,46,134.73
4394,169,2280,2023-12-03,2,105.46,Social,188,210.92
4395,180,2280,2024-09-25,1,97.9,Online,52,97.9
4396,104,2280,2024-11-09,3,50.25,Online,55,150.75
4397,137,2280,2023-11-13,1,90.95,Online,35,90.95
4398,167,2280,2024-02-27,4,75.91,Online,41,303.64
4399,188,2280,2024-03-31,4,12.93,In-Store,118,51.72
4400,194,2280,2024-05-05,4,70.1,Online,45,280.4
4401,174,2280,2023-10-13,3,89.89,Social,185,269.67
4402,190,2280,2024-01-17,1,121.42,Online,39,121.42
4403,118,2280,2023-12-08,3,128.58,Online,37,385.74
4404,156,2280,2023-10-21,1,13.54,In-Store,109,13.54
4405,131,2280,2024-02-21,3,76.52,Online,40,229.56
4406,103,2280,2025-02-19,1,74.85,In-Store,135,74.85
4407,154,2280,2024-05-10,4,39.53,In-Store,119,158.12
4408,112,2280,2024-08-29,3,58.11,Social,201,174.32999999999998
4409,105,2281,2024-10-28,4,45.85,Online,53,183.4
4410,113,2281,2024-12-27,3,122.3,Online,57,366.9
4411,132,2281,2025-05-04,5,146.35,In-Store,138,731.75
4412,162,2281,2025-01-01,2,23.29,In-Store,132,46.58
4413,156,2281,2025-12-02,5,13.54,In-Store,148,67.69999999999999
4414,155,2281,2024-11-07,5,71.21,Online,54,356.04999999999995
4415,159,2281,2025-01-17,2,21.52,Online,58,43.04
4416,163,2281,2025-01-04,3,115.65,Online,58,346.95000000000005
4417,142,2281,2025-05-19,5,298.93,Online,65,1494.65
4418,103,2281,2025-02-17,1,74.85,Online,59,74.85
4419,169,2281,2025-07-02,2,105.46,In-Store,141,210.92
4420,150,2281,2025-03-12,1,66.48,In-Store,136,66.48
4421,195,2281,2025-05-30,1,109.44,In-Store,139,109.44
4422,190,2281,2025-08-09,4,121.42,In-Store,142,485.68
4423,111,2281,2025-09-19,3,78.12,Online,70,234.36
4424,132,2281,2025-09-22,2,146.35,Social,217,292.7
4425,124,2281,2025-08-01,3,174.26,Online,68,522.78
4426,178,2281,2025-01-08,1,58.92,In-Store,133,58.92
4427,143,2281,2024-11-08,3,18.47,Online,55,55.41
4428,127,2281,2025-03-27,1,184.65,In-Store,136,184.65
4429,113,2281,2025-11-19,4,122.3,Online,74,489.2
4430,173,2282,2023-02-21,3,100.75,Online,21,302.25
4431,130,2282,2023-07-10,2,117.61,Online,29,235.22
4432,115,2282,2024-01-17,3,114.62,Online,38,343.86
4433,103,2282,2023-08-22,2,74.85,Online,32,149.7
4434,173,2282,2023-08-07,2,100.75,Social,182,201.5
4435,143,2282,2023-12-26,1,18.47,Online,37,18.47
4436,152,2283,2024-06-27,2,72.34,Social,196,144.68
4437,184,2283,2024-10-05,1,120.25,In-Store,127,120.25
4438,112,2283,2024-06-11,3,58.11,Social,196,174.32999999999998
4439,103,2283,2024-07-06,1,74.85,Online,47,74.85
4440,162,2283,2024-08-09,1,23.29,TV,340,23.29
4441,107,2283,2024-11-26,2,110.76,In-Store,129,221.52
4442,104,2283,2024-07-23,2,50.25,Online,49,100.5
4443,152,2284,2024-01-09,1,72.34,In-Store,113,72.34
4444,188,2284,2024-01-25,3,12.93,Online,40,38.79
4445,155,2284,2023-11-24,1,71.21,In-Store,111,71.21
4446,184,2284,2024-05-18,3,120.25,In-Store,120,360.75
4447,154,2284,2023-11-19,1,39.53,Online,35,39.53
4448,133,2284,2023-09-28,3,129.42,In-Store,107,388.26
4449,190,2284,2023-11-10,3,121.42,Email,255,364.26
4450,144,2284,2024-08-05,3,22.73,TV,340,68.19
4451,134,2284,2024-02-26,3,113.57,Online,40,340.71
4452,142,2285,2025-08-10,4,298.93,Online,68,1195.72
4453,194,2285,2025-09-14,1,70.1,TV,361,70.1
4454,110,2285,2025-05-21,4,138.19,In-Store,139,552.76
4455,112,2285,2025-02-20,2,58.11,Online,60,116.22
4456,200,2285,2025-06-08,1,213.63,Email,286,213.63
4457,123,2285,2025-09-12,3,28.54,Online,70,85.62
4458,130,2285,2024-11-17,5,117.61,Email,277,588.05
4459,121,2285,2025-12-02,4,126.42,Online,75,505.68
4460,143,2285,2025-07-23,5,18.47,In-Store,142,92.35
4461,111,2285,2024-11-28,1,78.12,TV,346,78.12
4462,157,2285,2025-11-08,5,140.43,Online,73,702.1500000000001
4463,193,2285,2025-11-12,3,28.68,Social,220,86.03999999999999
4464,140,2285,2024-12-17,2,139.7,Social,205,279.4
4465,177,2285,2025-05-19,3,296.45,Online,65,889.3499999999999
4466,200,2285,2025-08-17,1,213.63,Online,69,213.63
4467,180,2285,2025-12-21,2,97.9,In-Store,149,195.8
4468,121,2285,2025-01-03,4,126.42,Online,58,505.68
4469,176,2285,2025-06-27,2,98.45,Online,66,196.9
4470,108,2285,2025-04-16,4,127.37,In-Store,138,509.48
4471,121,2285,2025-07-08,3,126.42,Online,67,379.26
4472,113,2286,2025-06-10,1,122.3,Social,213,122.3
4473,135,2286,2025-09-20,2,62.14,Email,291,124.28
4474,139,2286,2025-01-16,1,162.16,Online,58,162.16
4475,200,2286,2025-10-24,5,213.63,In-Store,146,1068.15
4476,108,2286,2025-10-16,3,127.37,Online,71,382.11
4477,124,2286,2025-11-17,4,174.26,TV,364,697.04
4478,172,2286,2024-12-14,2,75.03,Online,56,150.06
4479,177,2286,2025-10-02,4,296.45,Email,291,1185.8
4480,185,2286,2025-04-12,1,143.79,Online,61,143.79
4481,200,2286,2025-04-22,5,213.63,Online,62,1068.15
4482,160,2286,2024-12-13,5,74.86,Email,279,374.3
4483,142,2286,2024-10-11,4,298.93,Online,52,1195.72
4484,177,2286,2024-11-01,1,296.45,Online,53,296.45
4485,162,2286,2024-10-29,2,23.29,Online,54,46.58
4486,187,2286,2024-10-12,2,95.73,In-Store,127,191.46
4487,175,2286,2025-09-01,4,285.32,Online,69,1141.28
4488,186,2286,2024-10-12,5,29.78,Online,53,148.9
4489,197,2286,2025-12-22,1,270.16,In-Store,149,270.16
4490,165,2286,2024-12-31,2,213.33,In-Store,131,426.66
4491,186,2287,2023-09-01,2,29.78,Online,32,59.56
4492,107,2287,2023-02-05,3,110.76,Online,21,332.28000000000003
4493,131,2287,2023-09-08,2,76.52,In-Store,106,153.04
4494,195,2287,2023-11-24,4,109.44,In-Store,111,437.76
4495,180,2287,2023-04-14,4,97.9,In-Store,100,391.6
4496,146,2287,2023-08-29,3,28.76,Online,32,86.28
4497,107,2287,2024-02-19,1,110.76,In-Store,115,110.76
4498,163,2287,2024-08-04,2,115.65,TV,341,231.3
4499,179,2287,2023-04-19,1,69.62,Online,24,69.62
4500,189,2288,2024-04-17,2,47.31,Online,44,94.62
4501,187,2288,2024-09-03,2,95.73,Online,50,191.46
4502,186,2288,2024-07-29,2,29.78,Email,270,59.56
4503,192,2288,2024-08-27,3,22.56,Online,50,67.67999999999999
4504,187,2288,2024-07-27,2,95.73,TV,339,191.46
4505,131,2288,2024-05-19,3,76.52,TV,337,229.56
4506,148,2288,2024-06-09,1,47.75,Online,47,47.75
4507,148,2288,2024-04-10,3,47.75,In-Store,118,143.25
4508,156,2288,2024-09-19,3,13.54,Online,51,40.62
4509,135,2288,2024-06-05,2,62.14,Email,267,124.28
4510,108,2288,2024-05-03,1,127.37,Online,45,127.37
4511,106,2288,2024-04-27,1,41.44,In-Store,119,41.44
4512,103,2289,2024-06-14,1,74.85,In-Store,121,74.85
4513,169,2289,2025-03-26,4,105.46,Online,61,421.84
4514,130,2289,2024-09-30,3,117.61,Online,51,352.83
4515,135,2289,2025-02-13,3,62.14,Social,208,186.42000000000002
4516,141,2289,2025-02-17,3,75.02,In-Store,134,225.06
4517,173,2289,2024-12-30,4,100.75,TV,349,403.0
4518,113,2289,2024-11-15,2,122.3,Social,204,244.6
4519,105,2289,2024-05-05,3,45.85,Online,45,137.55
4520,141,2289,2024-10-15,4,75.02,In-Store,127,300.08
4521,149,2289,2024-09-11,1,64.92,Online,51,64.92
4522,123,2290,2024-10-29,1,28.54,Online,54,28.54
4523,136,2290,2025-02-07,4,134.23,Online,59,536.92
4524,194,2290,2024-06-17,4,70.1,Social,196,280.4
4525,159,2290,2023-11-10,3,21.52,Online,35,64.56
4526,174,2290,2024-12-23,1,89.89,Online,57,89.89
4527,169,2290,2024-05-29,3,105.46,Online,46,316.38
4528,154,2290,2024-06-07,2,39.53,In-Store,121,79.06
4529,162,2290,2024-10-11,4,23.29,Online,52,93.16
4530,194,2290,2024-04-18,2,70.1,Online,44,140.2
4531,111,2290,2023-11-25,1,78.12,Online,36,78.12
4532,178,2290,2024-08-12,3,58.92,Online,49,176.76
4533,171,2290,2024-03-29,3,117.28,TV,335,351.84000000000003
4534,160,2290,2024-08-15,1,74.86,Online,50,74.86
4535,170,2290,2024-08-12,2,124.94,In-Store,123,249.88
4536,187,2290,2024-10-02,1,95.73,Online,52,95.73
4537,132,2291,2025-05-05,3,146.35,Online,64,439.04999999999995
4538,133,2291,2025-09-13,2,129.42,Online,70,258.84
4539,185,2291,2025-04-28,2,143.79,In-Store,137,287.58
4540,160,2291,2025-05-01,3,74.86,Online,63,224.57999999999998
4541,190,2291,2025-06-05,3,121.42,Online,66,364.26
4542,136,2291,2025-11-08,4,134.23,In-Store,147,536.92
4543,146,2291,2025-05-07,1,28.76,In-Store,138,28.76
4544,170,2291,2025-12-06,5,124.94,In-Store,149,624.7
4545,131,2291,2025-08-24,3,76.52,Social,216,229.56
4546,138,2291,2025-06-20,4,115.15,Online,66,460.6
4547,190,2291,2025-01-27,2,121.42,Social,206,242.84
4548,172,2291,2025-11-25,3,75.03,In-Store,148,225.09
4549,172,2291,2025-09-07,5,75.03,TV,360,375.15
4550,190,2291,2025-06-04,1,121.42,In-Store,140,121.42
4551,151,2291,2025-03-29,4,170.44,Social,210,681.76
4552,170,2291,2025-12-04,3,124.94,Online,75,374.82
4553,142,2291,2024-11-28,1,298.93,In-Store,130,298.93
4554,197,2291,2025-02-16,3,270.16,Online,59,810.48
4555,158,2291,2025-03-28,2,132.56,In-Store,137,265.12
4556,122,2291,2025-09-30,2,224.2,In-Store,145,448.4
4557,118,2291,2025-02-01,4,128.58,Online,58,514.32
4558,122,2291,2024-12-15,5,224.2,Email,279,1121.0
4559,110,2291,2025-05-08,2,138.19,Social,212,276.38
4560,148,2291,2025-07-18,5,47.75,In-Store,142,238.75
4561,161,2291,2025-04-06,4,233.25,Email,284,933.0
4562,108,2291,2025-10-09,2,127.37,Online,70,254.74
4563,193,2291,2025-08-25,2,28.68,Online,68,57.36
4564,123,2291,2025-03-27,1,28.54,In-Store,137,28.54
4565,109,2291,2025-04-02,1,69.39,Online,61,69.39
4566,117,2291,2025-10-06,2,214.01,Online,70,428.02
4567,188,2292,2025-01-08,4,12.93,In-Store,133,51.72
4568,170,2292,2025-11-24,5,124.94,Online,74,624.7
4569,196,2292,2025-10-12,3,162.21,Social,219,486.63
4570,165,2292,2025-05-07,3,213.33,Online,63,639.99
4571,140,2292,2025-07-08,4,139.7,Online,67,558.8
4572,165,2292,2024-08-15,2,213.33,Online,49,426.66
4573,167,2292,2024-06-08,4,75.91,In-Store,120,303.64
4574,200,2292,2025-02-11,2,213.63,Online,59,427.26
4575,179,2292,2025-08-21,2,69.62,Email,290,139.24
4576,152,2292,2025-10-22,4,72.34,Online,72,289.36
4577,158,2292,2024-08-21,5,132.56,In-Store,124,662.8
4578,109,2292,2024-07-09,4,69.39,Email,269,277.56
4579,190,2292,2025-10-07,4,121.42,Online,70,485.68
4580,176,2292,2025-12-28,2,98.45,Online,77,196.9
4581,108,2292,2024-07-10,3,127.37,Online,48,382.11
4582,182,2292,2025-11-02,2,73.37,In-Store,147,146.74
4583,185,2292,2024-08-30,1,143.79,In-Store,125,143.79
4584,180,2292,2025-04-05,2,97.9,Social,211,195.8
4585,166,2292,2025-03-08,4,151.16,Online,60,604.64
4586,176,2292,2025-06-15,4,98.45,Online,66,393.8
4587,107,2292,2024-10-24,1,110.76,Social,203,110.76
4588,146,2292,2025-08-19,1,28.76,Social,216,28.76
4589,133,2293,2025-02-16,5,129.42,In-Store,134,647.0999999999999
4590,136,2293,2024-11-09,4,134.23,Social,204,536.92
4591,123,2293,2024-04-30,1,28.54,Online,45,28.54
4592,147,2293,2025-05-15,5,193.11,Online,63,965.5500000000001
4593,183,2293,2024-01-11,2,127.82,TV,331,255.64
4594,194,2293,2025-07-29,5,70.1,In-Store,142,350.5
4595,121,2293,2023-04-17,5,126.42,Online,24,632.1
4596,160,2293,2024-08-16,1,74.86,Social,200,74.86
4597,102,2293,2024-01-09,4,175.2,In-Store,113,700.8
4598,110,2293,2025-04-21,2,138.19,Online,62,276.38
4599,104,2293,2024-02-08,3,50.25,Social,190,150.75
4600,122,2293,2023-06-05,2,224.2,In-Store,103,448.4
4601,168,2293,2025-11-06,1,151.07,In-Store,147,151.07
4602,108,2293,2023-06-11,3,127.37,In-Store,103,382.11
4603,113,2293,2024-10-05,1,122.3,Online,52,122.3
4604,196,2293,2023-04-08,4,162.21,Online,24,648.84
4605,124,2293,2023-10-10,2,174.26,Social,185,348.52
4606,187,2293,2025-11-01,3,95.73,Email,293,287.19
4607,181,2293,2024-07-16,2,231.25,Online,48,462.5
4608,159,2293,2025-06-11,4,21.52,Online,65,86.08
4609,115,2293,2025-09-26,5,114.62,Online,70,573.1
4610,170,2293,2023-07-31,5,124.94,In-Store,105,624.7
4611,122,2293,2025-07-26,5,224.2,TV,357,1121.0
4612,151,2293,2024-06-26,5,170.44,Online,47,852.2
4613,127,2293,2023-04-16,2,184.65,In-Store,100,369.3
4614,169,2294,2025-01-23,3,105.46,Online,59,316.38
4615,117,2294,2024-11-15,3,214.01,Online,54,642.03
4616,105,2294,2025-05-17,5,45.85,Online,64,229.25
4617,144,2294,2024-07-04,5,22.73,In-Store,123,113.65
4618,140,2294,2024-05-07,5,139.7,Online,45,698.5
4619,132,2294,2023-04-10,4,146.35,Online,24,585.4
4620,130,2294,2024-05-15,1,117.61,Social,195,117.61
4621,189,2294,2023-06-06,2,47.31,Online,28,94.62
4622,174,2294,2024-05-04,1,89.89,Online,45,89.89
4623,125,2294,2024-03-02,3,25.35,In-Store,116,76.05000000000001
4624,114,2294,2025-03-07,3,120.5,Online,60,361.5
4625,159,2294,2025-02-16,4,21.52,Online,59,86.08
4626,128,2294,2025-05-15,4,69.61,Online,65,278.44
4627,165,2294,2025-12-21,4,213.33,Online,76,853.32
4628,119,2294,2023-04-12,4,193.28,Online,24,773.12
4629,178,2295,2025-08-11,5,58.92,Social,215,294.6
4630,167,2295,2024-03-22,3,75.91,Online,43,227.73
4631,138,2295,2024-06-23,3,115.15,Online,47,345.45000000000005
4632,177,2295,2023-11-24,3,296.45,Online,36,889.3499999999999
4633,121,2295,2025-07-25,5,126.42,Online,67,632.1
4634,116,2295,2024-03-27,2,161.44,Online,42,322.88
4635,144,2295,2024-07-18,4,22.73,Online,48,90.92
4636,185,2295,2025-07-31,3,143.79,Social,215,431.37
4637,161,2295,2025-11-02,1,233.25,Online,73,233.25
4638,111,2295,2024-02-04,1,78.12,Social,190,78.12
4639,111,2295,2024-03-29,3,78.12,Online,43,234.36
4640,141,2295,2024-01-01,4,75.02,Online,37,300.08
4641,184,2296,2023-12-20,3,120.25,In-Store,111,360.75
4642,138,2296,2023-11-16,2,115.15,Online,36,230.3
4643,152,2296,2023-11-26,3,72.34,In-Store,111,217.02
4644,111,2296,2024-09-18,2,78.12,Online,51,156.24
4645,154,2297,2025-04-17,5,39.53,Online,63,197.65
4646,151,2297,2025-07-31,5,170.44,Social,215,852.2
4647,129,2297,2023-08-15,3,269.37,TV,323,808.11
4648,110,2297,2025-12-23,2,138.19,Online,77,276.38
4649,121,2297,2024-05-18,3,126.42,Online,46,379.26
4650,170,2297,2023-02-06,3,124.94,In-Store,97,374.82
4651,112,2297,2024-12-24,4,58.11,Online,56,232.44
4652,152,2297,2025-09-20,1,72.34,In-Store,145,72.34
4653,184,2297,2025-08-28,2,120.25,In-Store,143,240.5
4654,152,2297,2022-12-20,5,72.34,Social,170,361.70000000000005
4655,119,2297,2025-12-09,4,193.28,Online,76,773.12
4656,191,2297,2024-04-08,1,196.98,Social,192,196.98
4657,130,2297,2023-05-15,5,117.61,In-Store,101,588.05
4658,142,2297,2023-08-25,3,298.93,In-Store,106,896.79
4659,143,2297,2022-12-17,3,18.47,Online,18,55.41
4660,127,2297,2024-02-20,4,184.65,In-Store,115,738.6
4661,177,2297,2025-07-03,4,296.45,Online,66,1185.8
4662,163,2297,2024-11-29,1,115.65,In-Store,130,115.65
4663,186,2298,2023-01-29,2,29.78,In-Store,97,59.56
4664,187,2298,2022-08-16,3,95.73,Online,12,287.19
4665,114,2299,2023-09-30,1,120.5,Online,33,120.5
4666,113,2299,2023-08-21,2,122.3,Social,182,244.6
4667,194,2299,2024-04-16,3,70.1,In-Store,118,210.29999999999998
4668,103,2299,2023-12-25,4,74.85,In-Store,111,299.4
4669,188,2299,2024-07-31,3,12.93,Online,49,38.79
4670,106,2300,2023-07-18,2,41.44,Online,29,82.88
4671,177,2300,2024-07-30,3,296.45,In-Store,123,889.3499999999999
4672,143,2300,2024-04-13,3,18.47,Online,43,55.41
4673,147,2300,2024-07-11,3,193.11,Email,269,579.33
4674,168,2300,2023-05-07,4,151.07,Online,25,604.28
4675,136,2300,2022-03-09,2,134.23,Social,155,268.46
4676,187,2300,2023-05-15,1,95.73,Online,26,95.73
4677,105,2300,2025-02-20,1,45.85,Online,60,45.85
4678,196,2300,2024-12-23,2,162.21,Social,205,324.42
4679,104,2300,2024-03-13,5,50.25,Online,41,251.25
4680,114,2300,2025-08-30,1,120.5,Email,290,120.5
4681,132,2300,2023-01-10,4,146.35,In-Store,96,585.4
4682,133,2300,2023-05-28,1,129.42,Online,27,129.42
4683,125,2300,2024-12-27,1,25.35,TV,349,25.35
4684,132,2300,2023-02-17,5,146.35,Online,21,731.75
4685,170,2300,2024-07-28,3,124.94,Social,199,374.82
4686,138,2301,2025-06-14,1,115.15,In-Store,139,115.15
4687,196,2301,2025-03-29,4,162.21,TV,352,648.84
4688,139,2301,2025-04-27,3,162.16,Online,63,486.48
4689,113,2301,2025-11-29,4,122.3,Online,75,489.2
4690,104,2301,2024-04-05,1,50.25,TV,335,50.25
4691,157,2301,2025-03-21,1,140.43,Social,210,140.43
4692,147,2301,2025-10-16,5,193.11,Online,72,965.5500000000001
4693,165,2301,2025-04-30,4,213.33,In-Store,138,853.32
4694,157,2301,2025-04-04,3,140.43,Online,62,421.29
4695,161,2301,2025-05-26,4,233.25,Online,65,933.0
4696,139,2301,2025-03-27,3,162.16,In-Store,137,486.48
4697,177,2301,2024-12-07,5,296.45,Online,56,1482.25
4698,151,2301,2024-02-17,4,170.44,Online,40,681.76
4699,132,2301,2024-02-12,4,146.35,In-Store,115,585.4
4700,124,2301,2024-03-13,5,174.26,Online,42,871.3
4701,174,2301,2024-08-17,5,89.89,Social,200,449.45
4702,190,2301,2025-03-23,5,121.42,In-Store,136,607.1
4703,170,2301,2025-03-16,4,124.94,Social,210,499.76
4704,160,2301,2025-11-21,5,74.86,In-Store,147,374.3
4705,130,2301,2025-12-24,4,117.61,Online,76,470.44
4706,198,2301,2024-10-26,5,167.93,Online,53,839.6500000000001
4707,165,2301,2024-01-10,5,213.33,Online,38,1066.65
4708,184,2301,2025-01-15,5,120.25,In-Store,133,601.25
4709,188,2301,2024-10-11,2,12.93,Online,53,25.86
4710,173,2301,2025-09-03,4,100.75,In-Store,143,403.0
4711,154,2301,2025-05-25,1,39.53,Online,65,39.53
4712,158,2301,2024-07-30,4,132.56,Online,49,530.24
4713,125,2302,2025-09-13,2,25.35,TV,360,50.7
4714,198,2302,2025-01-28,4,167.93,Online,59,671.72
4715,166,2302,2025-11-27,1,151.16,In-Store,149,151.16
4716,170,2302,2025-02-25,3,124.94,Online,60,374.82
4717,130,2302,2024-08-29,3,117.61,Online,49,352.83
4718,115,2302,2024-08-19,1,114.62,Online,50,114.62
4719,149,2302,2025-03-01,3,64.92,Online,60,194.76
4720,186,2302,2025-05-31,5,29.78,Online,65,148.9
4721,114,2302,2024-11-01,3,120.5,Online,53,361.5
4722,155,2302,2025-11-23,1,71.21,In-Store,147,71.21
4723,196,2302,2025-03-06,3,162.21,Social,209,486.63
4724,172,2302,2025-02-05,4,75.03,Online,59,300.12
4725,111,2302,2025-08-23,5,78.12,In-Store,143,390.6
4726,191,2302,2024-08-24,4,196.98,Social,200,787.92
4727,126,2302,2025-10-21,5,62.9,Online,72,314.5
4728,117,2302,2024-12-09,3,214.01,Social,205,642.03
4729,148,2302,2025-04-16,5,47.75,Online,61,238.75
4730,155,2302,2025-09-11,5,71.21,Social,217,356.04999999999995
4731,186,2302,2024-08-11,2,29.78,Social,199,59.56
4732,132,2302,2025-09-23,4,146.35,TV,361,585.4
4733,117,2302,2024-08-08,2,214.01,Email,271,428.02
4734,153,2302,2025-06-08,4,44.91,Online,66,179.64
4735,141,2302,2025-02-15,3,75.02,In-Store,134,225.06
4736,104,2302,2025-12-09,2,50.25,In-Store,149,100.5
4737,162,2302,2024-12-14,2,23.29,Online,57,46.58
4738,180,2302,2025-08-23,2,97.9,In-Store,143,195.8
4739,183,2302,2024-12-03,1,127.82,Online,55,127.82
4740,157,2303,2025-03-08,2,140.43,Online,60,280.86
4741,117,2303,2025-03-04,3,214.01,Online,60,642.03
4742,159,2303,2025-04-21,3,21.52,Online,62,64.56
4743,119,2303,2025-12-19,4,193.28,Online,77,773.12
4744,102,2303,2025-08-21,3,175.2,Online,68,525.5999999999999
4745,139,2303,2025-05-29,3,162.16,Online,65,486.48
4746,118,2303,2024-09-03,5,128.58,Online,51,642.9000000000001
4747,193,2303,2025-02-15,4,28.68,Online,59,114.72
4748,153,2303,2024-08-26,4,44.91,Online,50,179.64
4749,158,2303,2024-05-14,2,132.56,Online,46,265.12
4750,144,2303,2024-08-05,5,22.73,Online,49,113.65
4751,199,2303,2025-02-18,1,105.38,Online,60,105.38
4752,166,2303,2025-03-04,4,151.16,Online,60,604.64
4753,152,2303,2024-06-29,3,72.34,Social,198,217.02
4754,159,2303,2024-11-25,4,21.52,Online,55,86.08
4755,118,2303,2024-09-09,2,128.58,Online,51,257.16
4756,141,2303,2025-02-20,2,75.02,TV,351,150.04
4757,114,2303,2024-05-30,4,120.5,TV,338,482.0
4758,184,2304,2022-12-21,5,120.25,Online,18,601.25
4759,113,2304,2023-11-09,2,122.3,Online,35,244.6
4760,155,2304,2025-05-05,5,71.21,In-Store,138,356.04999999999995
4761,187,2304,2025-02-18,1,95.73,Online,60,95.73
4762,141,2304,2024-07-24,2,75.02,Online,48,150.04
4763,127,2304,2022-12-26,2,184.65,Online,19,369.3
4764,142,2304,2024-01-15,5,298.93,Online,38,1494.65
4765,133,2304,2023-03-19,2,129.42,In-Store,99,258.84
4766,124,2304,2025-03-07,4,174.26,Online,60,697.04
4767,121,2304,2022-11-24,4,126.42,In-Store,94,505.68
4768,166,2304,2024-08-22,3,151.16,Online,49,453.48
4769,161,2304,2025-01-25,3,233.25,Online,58,699.75
4770,175,2304,2023-09-23,3,285.32,Online,33,855.96
4771,160,2304,2024-07-05,3,74.86,Online,48,224.57999999999998
4772,166,2304,2024-07-12,4,151.16,Social,198,604.64
4773,122,2304,2023-06-04,2,224.2,Online,28,448.4
4774,161,2304,2023-07-11,1,233.25,In-Store,104,233.25
4775,135,2304,2024-10-21,4,62.14,Social,202,248.56
4776,111,2304,2024-09-06,2,78.12,In-Store,124,156.24
4777,160,2304,2025-07-13,4,74.86,Social,215,299.44
4778,162,2304,2024-04-12,3,23.29,In-Store,118,69.87
4779,190,2304,2022-12-14,5,121.42,Online,18,607.1
4780,113,2304,2023-10-23,3,122.3,Online,34,366.9
4781,136,2304,2023-12-22,3,134.23,In-Store,112,402.68999999999994
4782,171,2305,2024-01-06,2,117.28,Social,189,234.56
4783,193,2305,2024-03-08,2,28.68,Online,41,57.36
4784,104,2305,2024-02-13,1,50.25,Online,40,50.25
4785,176,2305,2024-01-16,3,98.45,Online,39,295.35
4786,160,2305,2024-09-05,1,74.86,Online,51,74.86
4787,117,2306,2023-11-27,3,214.01,Online,36,642.03
4788,101,2306,2023-01-24,4,116.4,Online,20,465.6
4789,122,2306,2023-09-15,1,224.2,Online,33,224.2
4790,138,2306,2025-11-22,5,115.15,Online,74,575.75
4791,185,2306,2024-05-15,2,143.79,Social,194,287.58
4792,133,2306,2022-08-22,5,129.42,Online,11,647.0999999999999
4793,169,2306,2023-12-18,4,105.46,Online,36,421.84
4794,132,2306,2025-06-23,5,146.35,Social,214,731.75
4795,139,2306,2025-05-30,1,162.16,In-Store,139,162.16
4796,105,2306,2025-08-07,2,45.85,Online,68,91.7
4797,103,2306,2023-10-02,3,74.85,Online,33,224.54999999999998
4798,165,2306,2022-12-16,4,213.33,Online,19,853.32
4799,124,2306,2024-11-27,1,174.26,Email,277,174.26
4800,131,2306,2022-09-05,5,76.52,Online,12,382.59999999999997
4801,127,2306,2025-02-25,5,184.65,In-Store,135,923.25
4802,157,2306,2025-07-15,3,140.43,Online,67,421.29
4803,140,2306,2025-02-21,4,139.7,In-Store,134,558.8
4804,158,2306,2022-08-10,4,132.56,Social,162,530.24
4805,183,2306,2023-09-15,1,127.82,Online,33,127.82
4806,117,2306,2024-01-27,2,214.01,Online,40,428.02
4807,177,2306,2022-10-13,2,296.45,Online,14,592.9
4808,129,2306,2025-05-30,3,269.37,TV,355,808.11
4809,159,2306,2024-06-22,1,21.52,In-Store,121,21.52
4810,198,2306,2023-05-15,1,167.93,Online,26,167.93
4811,124,2306,2023-06-16,4,174.26,Online,28,697.04
4812,151,2306,2023-03-05,3,170.44,Online,21,511.32
4813,194,2306,2025-11-23,1,70.1,Online,75,70.1
4814,169,2306,2024-11-05,2,105.46,Online,54,210.92
4815,161,2306,2025-07-04,2,233.25,Social,214,466.5
4816,181,2306,2024-02-26,3,231.25,Online,41,693.75
4817,140,2306,2025-11-20,2,139.7,Online,74,279.4
4818,140,2306,2024-09-17,1,139.7,Online,51,139.7
4819,149,2307,2024-08-25,1,64.92,In-Store,124,64.92
4820,168,2307,2025-03-28,2,151.07,Online,60,302.14
4821,102,2307,2024-10-20,2,175.2,Online,53,350.4
4822,160,2307,2025-12-20,1,74.86,In-Store,149,74.86
4823,122,2307,2024-12-18,5,224.2,Online,57,1121.0
4824,189,2307,2025-09-03,3,47.31,Online,69,141.93
4825,151,2307,2025-05-16,4,170.44,Online,65,681.76
4826,159,2307,2025-05-10,4,21.52,In-Store,139,86.08
4827,147,2307,2025-01-02,5,193.11,Online,58,965.5500000000001
4828,185,2307,2025-01-22,1,143.79,In-Store,134,143.79
4829,147,2307,2025-07-09,4,193.11,In-Store,142,772.44
4830,184,2307,2025-11-05,2,120.25,Online,72,240.5
4831,116,2307,2025-07-13,4,161.44,Social,215,645.76
4832,188,2307,2025-07-08,1,12.93,Online,67,12.93
4833,156,2307,2025-01-06,4,13.54,Online,57,54.16
4834,115,2307,2025-06-14,1,114.62,Online,65,114.62
4835,172,2307,2025-08-12,3,75.03,In-Store,143,225.09
4836,183,2307,2025-12-14,4,127.82,Online,76,511.28
4837,166,2307,2024-10-24,3,151.16,Online,53,453.48
4838,193,2307,2025-08-27,3,28.68,Online,69,86.03999999999999
4839,156,2307,2025-10-04,3,13.54,Email,292,40.62
4840,182,2308,2024-04-01,3,73.37,Online,43,220.11
4841,152,2308,2024-08-19,1,72.34,Online,49,72.34
4842,125,2308,2024-04-01,3,25.35,In-Store,118,76.05000000000001
4843,137,2308,2024-09-29,3,90.95,In-Store,125,272.85
4844,163,2308,2024-06-11,2,115.65,Online,46,231.3
4845,107,2308,2024-05-08,3,110.76,Social,194,332.28000000000003
4846,154,2308,2024-03-10,3,39.53,In-Store,116,118.59
4847,141,2309,2024-05-23,1,75.02,Online,46,75.02
4848,152,2309,2023-12-27,1,72.34,Social,188,72.34
4849,104,2309,2024-02-14,3,50.25,In-Store,114,150.75
4850,108,2309,2024-03-10,2,127.37,Online,42,254.74
4851,129,2310,2024-07-24,4,269.37,Online,48,1077.48
4852,184,2310,2025-06-17,4,120.25,TV,355,481.0
4853,101,2310,2025-12-17,3,116.4,Online,76,349.20000000000005
4854,194,2310,2024-07-01,3,70.1,Online,47,210.29999999999998
4855,108,2310,2025-04-19,5,127.37,Online,62,636.85
4856,132,2310,2023-06-18,5,146.35,Online,28,731.75
4857,141,2310,2025-07-13,2,75.02,In-Store,141,150.04
4858,170,2310,2025-12-15,1,124.94,Online,76,124.94
4859,105,2310,2024-11-17,5,45.85,Online,55,229.25
4860,173,2310,2025-02-06,5,100.75,In-Store,134,503.75
4861,118,2310,2025-06-25,2,128.58,Online,66,257.16
4862,126,2310,2024-01-23,4,62.9,Online,39,251.6
4863,188,2310,2023-10-29,1,12.93,Email,255,12.93
4864,190,2310,2024-06-05,4,121.42,Social,195,485.68
4865,174,2310,2025-12-31,1,89.89,In-Store,149,89.89
4866,183,2310,2023-09-05,3,127.82,In-Store,107,383.46
4867,185,2310,2023-07-22,1,143.79,TV,322,143.79
4868,124,2310,2025-02-15,5,174.26,In-Store,135,871.3
4869,189,2310,2025-05-16,3,47.31,In-Store,138,141.93
4870,138,2310,2023-09-14,2,115.15,Online,33,230.3
4871,108,2310,2024-07-22,4,127.37,Online,49,509.48
4872,129,2310,2023-12-19,4,269.37,Online,37,1077.48
4873,129,2310,2024-07-30,4,269.37,Social,199,1077.48
4874,152,2310,2024-05-13,1,72.34,TV,336,72.34
4875,183,2310,2023-07-05,4,127.82,In-Store,104,511.28
4876,167,2310,2025-01-15,5,75.91,Online,58,379.54999999999995
4877,131,2310,2025-03-11,1,76.52,Online,60,76.52
4878,147,2310,2025-12-24,3,193.11,Online,77,579.33
4879,147,2310,2023-07-08,4,193.11,Online,29,772.44
4880,109,2311,2025-11-23,1,69.39,Online,74,69.39
4881,118,2311,2025-09-28,5,128.58,Online,70,642.9000000000001
4882,121,2311,2025-05-15,1,126.42,Online,63,126.42
4883,127,2311,2024-05-18,3,184.65,Online,46,553.95
4884,188,2311,2025-08-05,4,12.93,In-Store,142,51.72
4885,156,2311,2024-04-21,3,13.54,Online,44,40.62
4886,113,2311,2024-01-04,5,122.3,Online,38,611.5
4887,168,2311,2025-08-31,1,151.07,TV,359,151.07
4888,150,2311,2024-12-11,2,66.48,Online,56,132.96
4889,162,2311,2024-06-07,1,23.29,Online,46,23.29
4890,111,2311,2023-10-04,5,78.12,In-Store,108,390.6
4891,162,2311,2025-05-20,1,23.29,In-Store,139,23.29
4892,119,2311,2023-11-11,2,193.28,Social,185,386.56
4893,124,2311,2023-11-02,5,174.26,Social,186,871.3
4894,194,2311,2024-11-24,1,70.1,Online,55,70.1
4895,149,2311,2025-04-03,1,64.92,Social,210,64.92
4896,159,2312,2024-11-14,1,21.52,Online,54,21.52
4897,125,2312,2024-09-28,1,25.35,TV,344,25.35
4898,169,2312,2024-11-20,1,105.46,Online,54,105.46
4899,155,2312,2024-08-23,3,71.21,Email,271,213.63
4900,104,2312,2024-08-19,2,50.25,In-Store,124,100.5
4901,165,2313,2022-08-14,2,213.33,Online,11,426.66
4902,161,2313,2022-08-17,5,233.25,TV,308,1166.25
4903,199,2313,2022-10-27,5,105.38,Online,16,526.9
4904,130,2313,2025-05-01,1,117.61,Online,64,117.61
4905,190,2313,2024-12-23,1,121.42,In-Store,131,121.42
4906,191,2313,2022-12-07,2,196.98,In-Store,95,393.96
4907,153,2313,2022-10-31,3,44.91,Email,238,134.73
4908,113,2313,2022-05-17,3,122.3,Email,229,366.9
4909,117,2313,2022-04-22,5,214.01,In-Store,84,1070.05
4910,175,2313,2025-12-15,1,285.32,Online,76,285.32
4911,193,2313,2025-04-10,3,28.68,Online,62,86.03999999999999
4912,186,2313,2024-12-31,1,29.78,In-Store,131,29.78
4913,191,2313,2025-09-09,4,196.98,Online,69,787.92
4914,183,2313,2025-02-21,4,127.82,Online,59,511.28
4915,121,2313,2024-09-07,1,126.42,Online,50,126.42
4916,185,2313,2022-09-24,4,143.79,Online,13,575.16
4917,141,2313,2022-11-27,4,75.02,Online,18,300.08
4918,169,2313,2025-07-09,2,105.46,Online,67,210.92
4919,122,2313,2023-02-18,3,224.2,Social,173,672.5999999999999
4920,141,2313,2022-09-16,1,75.02,Email,236,75.02
4921,110,2313,2023-07-04,4,138.19,In-Store,103,552.76
4922,117,2313,2024-09-17,2,214.01,Online,51,428.02
4923,135,2313,2024-07-24,3,62.14,Online,49,186.42000000000002
4924,166,2313,2024-02-04,4,151.16,In-Store,114,604.64
4925,175,2313,2022-09-14,3,285.32,Online,13,855.96
4926,164,2313,2022-08-25,4,91.03,In-Store,89,364.12
4927,187,2313,2025-08-19,3,95.73,Online,69,287.19
4928,110,2313,2024-04-18,5,138.19,Online,44,690.95
4929,106,2313,2025-06-24,5,41.44,Online,66,207.2
4930,122,2313,2022-08-11,1,224.2,In-Store,89,224.2
4931,126,2314,2022-07-05,3,62.9,Online,9,188.7
4932,156,2314,2023-02-22,2,13.54,Online,21,27.08
4933,170,2314,2023-06-25,3,124.94,Email,249,374.82
4934,195,2314,2022-03-01,1,109.44,Online,3,109.44
4935,182,2314,2022-02-12,3,73.37,Online,3,220.11
4936,153,2314,2022-05-12,1,44.91,Social,158,44.91
4937,128,2315,2025-01-04,1,69.61,Online,58,69.61
4938,136,2315,2025-01-04,4,134.23,Online,58,536.92
4939,156,2315,2024-07-01,3,13.54,Online,47,40.62
4940,186,2315,2024-04-19,1,29.78,Online,43,29.78
4941,173,2315,2024-05-04,1,100.75,Online,44,100.75
4942,193,2315,2024-05-05,1,28.68,Online,45,28.68
4943,199,2315,2024-07-24,3,105.38,Online,49,316.14
4944,152,2315,2024-05-07,2,72.34,Online,45,144.68
4945,188,2316,2025-02-20,4,12.93,Social,209,51.72
4946,136,2316,2023-09-30,5,134.23,Online,33,671.15
4947,127,2316,2022-11-11,1,184.65,TV,312,184.65
4948,111,2316,2024-08-05,5,78.12,Online,49,390.6
4949,126,2316,2023-10-23,1,62.9,Online,34,62.9
4950,140,2316,2025-04-17,4,139.7,Online,62,558.8
4951,106,2316,2023-05-13,1,41.44,Online,25,41.44
4952,102,2316,2025-12-25,2,175.2,Online,76,350.4
4953,168,2316,2023-02-12,5,151.07,Online,21,755.3499999999999
4954,146,2316,2022-05-11,4,28.76,Online,6,115.04
4955,162,2316,2023-02-27,3,23.29,TV,317,69.87
4956,102,2316,2025-08-07,1,175.2,Online,68,175.2
4957,139,2316,2022-10-20,5,162.16,Online,15,810.8
4958,166,2316,2025-09-05,2,151.16,Online,70,302.32
4959,129,2316,2022-11-09,2,269.37,Online,16,538.74
4960,186,2316,2022-06-14,3,29.78,Online,7,89.34
4961,150,2316,2024-10-08,2,66.48,In-Store,126,132.96
4962,188,2316,2025-04-05,1,12.93,In-Store,137,12.93
4963,166,2316,2024-09-25,3,151.16,TV,344,453.48
4964,195,2316,2025-05-28,5,109.44,In-Store,139,547.2
4965,139,2316,2025-03-23,2,162.16,Email,283,324.32
4966,132,2316,2022-05-20,1,146.35,Social,159,146.35
4967,110,2316,2022-11-10,3,138.19,Online,16,414.57
4968,137,2316,2022-09-20,2,90.95,In-Store,90,181.9
4969,155,2316,2025-02-23,1,71.21,Email,282,71.21
4970,121,2316,2023-10-04,5,126.42,Online,33,632.1
4971,161,2316,2024-10-31,2,233.25,In-Store,128,466.5
4972,108,2317,2025-06-01,5,127.37,Email,286,636.85
4973,133,2317,2024-03-30,2,129.42,In-Store,118,258.84
4974,170,2317,2025-01-05,5,124.94,In-Store,131,624.7
4975,161,2317,2023-09-09,2,233.25,Online,32,466.5
4976,116,2317,2025-04-05,2,161.44,Online,61,322.88
4977,174,2317,2025-12-05,4,89.89,Online,75,359.56
4978,172,2317,2024-04-16,4,75.03,In-Store,118,300.12
4979,181,2317,2023-08-29,3,231.25,In-Store,107,693.75
4980,151,2317,2024-08-01,3,170.44,In-Store,123,511.32
4981,192,2317,2024-06-23,1,22.56,Online,47,22.56
4982,108,2317,2024-05-25,1,127.37,Social,195,127.37
4983,177,2317,2025-04-23,5,296.45,In-Store,137,1482.25
4984,139,2317,2025-07-21,2,162.16,Online,68,324.32
4985,198,2317,2025-11-12,1,167.93,Online,73,167.93
4986,158,2317,2025-08-29,3,132.56,Online,68,397.68
4987,181,2317,2024-04-17,3,231.25,Online,44,693.75
4988,113,2317,2023-09-28,3,122.3,Online,33,366.9
4989,161,2317,2024-10-12,2,233.25,Online,53,466.5
4990,170,2317,2025-03-10,5,124.94,Social,210,624.7
4991,106,2318,2023-09-08,2,41.44,Online,32,82.88
4992,104,2318,2023-09-14,1,50.25,Online,33,50.25
4993,114,2318,2024-01-22,1,120.5,Online,39,120.5
4994,196,2319,2025-12-26,5,162.21,Social,222,811.0500000000001
4995,196,2319,2024-03-14,4,162.21,In-Store,117,648.84
4996,136,2319,2025-05-04,2,134.23,Online,64,268.46
4997,122,2319,2022-08-05,2,224.2,Online,11,448.4
4998,170,2319,2023-05-02,2,124.94,Online,25,249.88
4999,177,2319,2025-06-01,1,296.45,Online,65,296.45
5000,149,2319,2025-02-02,3,64.92,Online,59,194.76
5001,133,2319,2024-05-25,4,129.42,In-Store,120,517.68
5002,151,2319,2024-05-18,3,170.44,Online,45,511.32
5003,163,2319,2025-10-27,4,115.65,Online,72,462.6
5004,152,2319,2025-05-04,4,72.34,Online,63,289.36
5005,161,2319,2024-02-06,4,233.25,Online,39,933.0
5006,116,2319,2023-09-27,2,161.44,In-Store,107,322.88
5007,175,2319,2024-06-09,3,285.32,Online,46,855.96
5008,162,2319,2023-10-16,3,23.29,In-Store,108,69.87
5009,174,2319,2023-04-29,2,89.89,Online,24,179.78
5010,124,2319,2022-08-28,2,174.26,In-Store,89,348.52
5011,117,2319,2024-09-28,5,214.01,In-Store,126,1070.05
5012,120,2319,2025-01-09,4,186.86,Online,58,747.44
5013,111,2319,2023-06-04,2,78.12,Online,26,156.24
5014,113,2319,2023-01-12,5,122.3,Email,240,611.5
5015,187,2319,2023-07-15,3,95.73,In-Store,105,287.19
5016,161,2319,2025-11-08,4,233.25,Online,72,933.0
5017,199,2320,2024-10-20,1,105.38,Online,53,105.38
5018,105,2320,2024-04-21,2,45.85,Social,194,91.7
5019,164,2320,2024-10-03,1,91.03,TV,344,91.03
5020,171,2320,2024-06-20,1,117.28,Social,196,117.28
5021,186,2320,2024-10-31,2,29.78,Online,53,59.56
5022,156,2320,2024-07-08,3,13.54,Online,48,40.62
5023,144,2320,2024-07-28,3,22.73,Online,48,68.19
5024,183,2320,2024-06-25,2,127.82,Online,47,255.64
5025,156,2320,2024-05-21,1,13.54,In-Store,120,13.54
5026,196,2321,2025-06-16,2,162.21,Online,66,324.42
5027,139,2321,2025-09-11,5,162.16,Online,70,810.8
5028,140,2321,2025-08-11,1,139.7,In-Store,143,139.7
5029,158,2321,2023-04-04,3,132.56,Online,24,397.68
5030,168,2321,2024-05-03,3,151.07,Online,44,453.21
5031,135,2321,2023-10-20,1,62.14,Online,34,62.14
5032,195,2321,2024-04-16,5,109.44,Online,44,547.2
5033,168,2321,2024-09-29,5,151.07,Social,202,755.3499999999999
5034,124,2321,2023-01-10,3,174.26,In-Store,96,522.78
5035,123,2321,2024-02-26,2,28.54,Online,40,57.08
5036,191,2321,2023-07-16,4,196.98,In-Store,105,787.92
5037,148,2321,2024-11-07,5,47.75,In-Store,128,238.75
5038,197,2322,2025-06-09,3,270.16,Social,213,810.48
5039,151,2322,2025-07-14,1,170.44,In-Store,141,170.44
5040,167,2322,2025-12-21,5,75.91,In-Store,149,379.54999999999995
5041,188,2322,2025-01-21,4,12.93,TV,349,51.72
5042,136,2322,2025-07-06,4,134.23,Online,67,536.92
5043,127,2322,2025-05-24,4,184.65,In-Store,139,738.6
5044,160,2322,2025-12-22,2,74.86,Online,76,149.72
5045,136,2322,2025-09-19,1,134.23,Social,218,134.23
5046,140,2322,2025-10-26,5,139.7,Online,72,698.5
5047,161,2322,2025-11-03,5,233.25,Online,73,1166.25
5048,120,2322,2025-02-04,1,186.86,Online,59,186.86
5049,143,2322,2025-10-15,4,18.47,Online,71,73.88
5050,143,2322,2025-10-17,4,18.47,Online,71,73.88
5051,185,2322,2025-04-03,2,143.79,In-Store,137,287.58
5052,175,2322,2025-01-31,5,285.32,Online,58,1426.6
5053,114,2322,2025-02-07,5,120.5,In-Store,134,602.5
5054,159,2322,2025-10-26,4,21.52,Online,72,86.08
5055,142,2322,2025-08-10,3,298.93,Social,215,896.79
5056,198,2322,2025-10-05,1,167.93,Online,70,167.93
5057,126,2323,2024-06-21,3,62.9,In-Store,122,188.7
5058,124,2323,2024-06-22,5,174.26,In-Store,121,871.3
5059,198,2323,2025-09-27,2,167.93,In-Store,144,335.86
5060,185,2323,2023-12-28,3,143.79,Online,37,431.37
5061,121,2323,2025-06-19,5,126.42,Social,214,632.1
5062,108,2323,2024-11-07,2,127.37,TV,346,254.74
5063,109,2323,2025-11-26,3,69.39,Online,74,208.17000000000002
5064,164,2323,2025-08-19,4,91.03,Online,68,364.12
5065,200,2323,2025-05-20,3,213.63,Social,212,640.89
5066,110,2323,2025-04-03,1,138.19,Online,61,138.19
5067,164,2323,2024-07-22,1,91.03,Social,198,91.03
5068,133,2323,2024-10-10,4,129.42,Online,53,517.68
5069,188,2323,2024-04-20,2,12.93,Social,194,25.86
5070,200,2323,2024-10-26,2,213.63,Online,53,427.26
5071,181,2323,2024-07-27,3,231.25,Online,49,693.75
5072,156,2323,2024-06-25,3,13.54,In-Store,121,40.62
5073,144,2323,2024-08-31,4,22.73,In-Store,124,90.92
5074,198,2323,2024-12-08,4,167.93,Online,55,671.72
5075,147,2324,2024-05-01,5,193.11,Online,45,965.5500000000001
5076,128,2324,2024-11-30,1,69.61,Online,55,69.61
5077,191,2324,2025-08-21,1,196.98,TV,359,196.98
5078,198,2324,2025-07-04,5,167.93,Online,66,839.6500000000001
5079,104,2324,2024-12-16,3,50.25,Social,205,150.75
5080,162,2324,2024-04-14,1,23.29,Social,193,23.29
5081,111,2324,2024-03-28,4,78.12,In-Store,118,312.48
5082,117,2324,2024-05-21,2,214.01,In-Store,120,428.02
5083,151,2324,2025-11-08,4,170.44,In-Store,147,681.76
5084,147,2324,2024-06-27,3,193.11,Social,196,579.33
5085,175,2324,2024-02-02,1,285.32,Online,40,285.32
5086,112,2324,2025-09-22,1,58.11,Online,70,58.11
5087,170,2324,2024-06-07,4,124.94,Online,47,499.76
5088,142,2324,2025-10-26,1,298.93,Online,72,298.93
5089,109,2324,2024-11-07,5,69.39,Online,54,346.95
5090,143,2324,2024-04-08,5,18.47,Online,43,92.35
5091,142,2324,2025-09-21,1,298.93,Online,70,298.93
5092,107,2324,2025-09-15,2,110.76,Online,70,221.52
5093,163,2324,2025-02-25,2,115.65,In-Store,135,231.3
5094,175,2324,2024-06-04,2,285.32,In-Store,121,570.64
5095,122,2324,2025-06-23,3,224.2,Online,66,672.5999999999999
5096,147,2324,2025-11-23,4,193.11,Online,75,772.44
5097,160,2324,2025-12-06,4,74.86,Online,74,299.44
5098,139,2325,2025-07-24,5,162.16,Online,68,810.8
5099,116,2325,2023-09-10,2,161.44,Social,184,322.88
5100,161,2325,2025-12-29,1,233.25,Social,222,233.25
5101,125,2325,2025-09-12,3,25.35,Online,70,76.05000000000001
5102,117,2325,2024-06-06,3,214.01,In-Store,121,642.03
5103,117,2325,2025-03-15,2,214.01,Online,60,428.02
5104,137,2325,2024-12-11,4,90.95,Online,56,363.8
5105,200,2325,2025-11-22,5,213.63,In-Store,147,1068.15
5106,102,2325,2025-01-28,1,175.2,In-Store,133,175.2
5107,147,2325,2024-09-30,3,193.11,In-Store,126,579.33
5108,139,2325,2024-05-22,3,162.16,Social,195,486.48
5109,127,2325,2025-05-11,5,184.65,TV,355,923.25
5110,183,2325,2024-11-08,1,127.82,Online,54,127.82
5111,124,2325,2024-03-16,5,174.26,Online,41,871.3
5112,134,2325,2023-12-10,2,113.57,Online,36,227.14
5113,157,2325,2025-12-28,1,140.43,Online,77,140.43
5114,122,2325,2024-08-10,1,224.2,Online,49,224.2
5115,135,2325,2025-11-19,1,62.14,Online,74,62.14
5116,118,2325,2023-10-25,5,128.58,In-Store,108,642.9000000000001
5117,184,2326,2023-11-18,3,120.25,In-Store,110,360.75
5118,108,2326,2023-06-22,2,127.37,Online,28,254.74
5119,160,2326,2023-01-18,1,74.86,Online,19,74.86
5120,144,2326,2023-08-26,1,22.73,Online,32,22.73
5121,130,2326,2022-11-16,1,117.61,Online,17,117.61
5122,159,2326,2023-03-03,2,21.52,Social,173,43.04
5123,122,2327,2023-05-07,2,224.2,Online,25,448.4
5124,140,2327,2025-10-26,5,139.7,In-Store,147,698.5
5125,190,2327,2024-10-28,3,121.42,Online,53,364.26
5126,168,2327,2022-06-06,5,151.07,In-Store,86,755.3499999999999
5127,179,2327,2022-09-23,5,69.62,Email,236,348.1
5128,158,2327,2024-04-15,1,132.56,Online,44,132.56
5129,107,2327,2024-09-04,1,110.76,Online,51,110.76
5130,151,2327,2025-07-23,4,170.44,In-Store,142,681.76
5131,170,2327,2025-10-31,5,124.94,Online,72,624.7
5132,168,2327,2025-04-13,2,151.07,Online,61,302.14
5133,191,2327,2022-09-22,1,196.98,Online,13,196.98
5134,153,2327,2024-05-01,5,44.91,TV,336,224.54999999999998
5135,108,2327,2022-10-13,5,127.37,Online,15,636.85
5136,172,2327,2024-04-23,5,75.03,In-Store,119,375.15
5137,136,2327,2025-01-26,2,134.23,Online,58,268.46
5138,190,2327,2022-07-08,1,121.42,In-Store,87,121.42
5139,171,2328,2024-02-26,5,117.28,Online,40,586.4
5140,110,2328,2023-05-09,5,138.19,Online,25,690.95
5141,111,2328,2024-03-28,4,78.12,In-Store,118,312.48
5142,150,2328,2025-05-07,3,66.48,TV,354,199.44
5143,139,2328,2023-09-04,5,162.16,In-Store,107,810.8
5144,185,2328,2025-02-21,2,143.79,Online,59,287.58
5145,161,2328,2025-12-26,4,233.25,Email,296,933.0
5146,198,2328,2024-12-28,1,167.93,Online,56,167.93
5147,153,2328,2024-02-21,3,44.91,Email,261,134.73
5148,158,2328,2024-09-08,5,132.56,Social,201,662.8
5149,101,2328,2022-04-24,2,116.4,Online,5,232.8
5150,158,2328,2025-03-06,2,132.56,Email,283,265.12
5151,118,2328,2024-11-17,4,128.58,Online,55,514.32
5152,143,2328,2025-06-06,2,18.47,Online,65,36.94
5153,104,2328,2022-09-05,1,50.25,Online,12,50.25
5154,137,2328,2022-12-29,3,90.95,Email,239,272.85
5155,121,2328,2024-09-05,2,126.42,Online,50,252.84
5156,106,2328,2025-05-04,2,41.44,Email,285,82.88
5157,162,2328,2022-05-01,5,23.29,Email,229,116.44999999999999
5158,178,2328,2022-12-28,1,58.92,In-Store,95,58.92
5159,178,2328,2023-07-18,2,58.92,TV,322,117.84
5160,123,2329,2024-09-03,1,28.54,Online,51,28.54
5161,174,2329,2025-06-28,2,89.89,Online,67,179.78
5162,198,2329,2025-04-20,5,167.93,Email,284,839.6500000000001
5163,142,2329,2023-12-01,5,298.93,Online,36,1494.65
5164,135,2329,2024-08-07,2,62.14,Online,49,124.28
5165,147,2329,2025-09-05,3,193.11,Online,70,579.33
5166,116,2329,2024-03-09,4,161.44,Online,42,645.76
5167,121,2329,2025-04-05,3,126.42,In-Store,137,379.26
5168,141,2329,2024-09-18,4,75.02,TV,343,300.08
5169,183,2329,2023-08-16,4,127.82,Email,252,511.28
5170,109,2329,2025-04-05,4,69.39,Online,61,277.56
5171,170,2329,2024-05-19,4,124.94,Online,46,499.76
5172,183,2329,2024-06-23,4,127.82,Online,47,511.28
5173,116,2329,2023-06-22,4,161.44,Online,29,645.76
5174,198,2329,2024-01-07,3,167.93,Online,39,503.79
5175,146,2329,2025-01-30,2,28.76,Online,59,57.52
5176,159,2329,2025-09-01,2,21.52,TV,360,43.04
5177,132,2329,2024-06-03,3,146.35,Online,47,439.04999999999995
5178,170,2329,2024-08-23,2,124.94,Online,50,249.88
5179,142,2329,2023-08-10,3,298.93,Online,32,896.79
5180,121,2329,2025-02-08,4,126.42,Online,59,505.68
5181,185,2330,2024-10-14,4,143.79,Online,52,575.16
5182,157,2330,2022-09-29,5,140.43,Online,14,702.1500000000001
5183,140,2330,2023-12-13,1,139.7,Online,37,139.7
5184,166,2330,2024-04-30,2,151.16,Online,43,302.32
5185,122,2330,2022-04-11,2,224.2,Online,5,448.4
5186,173,2330,2025-03-31,2,100.75,In-Store,137,201.5
5187,167,2330,2024-09-24,5,75.91,Online,51,379.54999999999995
5188,117,2330,2025-03-23,2,214.01,Online,60,428.02
5189,156,2330,2023-09-22,2,13.54,Online,33,27.08
5190,106,2330,2022-08-09,1,41.44,Online,10,41.44
5191,141,2330,2024-05-13,1,75.02,Social,195,75.02
5192,129,2330,2024-04-05,5,269.37,Email,263,1346.85
5193,188,2330,2025-08-28,3,12.93,In-Store,143,38.79
5194,105,2330,2023-06-14,1,45.85,Social,179,45.85
5195,174,2330,2022-08-14,4,89.89,In-Store,88,359.56
5196,107,2330,2025-10-16,3,110.76,Online,72,332.28000000000003
5197,102,2330,2025-01-04,4,175.2,Online,58,700.8
5198,165,2330,2023-08-02,5,213.33,Email,250,1066.65
5199,141,2330,2024-11-24,3,75.02,Online,55,225.06
5200,140,2331,2023-12-08,4,139.7,In-Store,111,558.8
5201,127,2331,2023-08-17,4,184.65,In-Store,106,738.6
5202,191,2331,2024-12-07,1,196.98,In-Store,131,196.98
5203,175,2331,2025-01-14,2,285.32,Online,58,570.64
5204,190,2331,2023-10-14,2,121.42,In-Store,108,242.84
5205,132,2331,2024-04-02,3,146.35,Social,193,439.04999999999995
5206,113,2331,2024-05-11,2,122.3,Social,194,244.6
5207,184,2331,2023-08-24,1,120.25,In-Store,106,120.25
5208,106,2331,2023-06-09,5,41.44,In-Store,103,207.2
5209,112,2331,2023-07-07,5,58.11,Online,29,290.55
5210,175,2331,2023-03-01,3,285.32,Social,174,855.96
5211,191,2331,2023-05-24,2,196.98,Online,26,393.96
5212,108,2331,2024-09-14,5,127.37,Social,202,636.85
5213,177,2331,2024-02-25,1,296.45,In-Store,115,296.45
5214,183,2331,2024-06-07,3,127.82,In-Store,121,383.46
5215,184,2331,2025-08-18,1,120.25,Online,68,120.25
5216,161,2331,2025-06-26,5,233.25,Email,288,1166.25
5217,188,2331,2023-04-13,1,12.93,Online,24,12.93
5218,197,2331,2023-11-29,4,270.16,Online,36,1080.64
5219,161,2331,2025-02-05,5,233.25,Online,59,1166.25
5220,114,2331,2025-09-18,3,120.5,In-Store,144,361.5
5221,169,2331,2023-03-01,2,105.46,Online,22,210.92
5222,190,2331,2023-08-21,3,121.42,In-Store,106,364.26
5223,193,2332,2023-05-18,2,28.68,Online,25,57.36
5224,149,2332,2023-08-21,4,64.92,Online,32,259.68
5225,135,2332,2022-11-22,2,62.14,In-Store,94,124.28
5226,182,2332,2023-01-13,3,73.37,TV,314,220.11
5227,182,2332,2022-12-18,1,73.37,In-Store,95,73.37
5228,170,2332,2023-02-02,1,124.94,In-Store,97,124.94
5229,188,2332,2022-12-02,2,12.93,In-Store,94,25.86
5230,190,2332,2022-09-07,2,121.42,Online,13,242.84
5231,163,2332,2022-11-14,4,115.65,In-Store,93,462.6
5232,101,2332,2023-02-27,3,116.4,In-Store,98,349.20000000000005
5233,174,2332,2023-06-01,1,89.89,Online,26,89.89
5234,149,2333,2023-12-31,2,64.92,In-Store,111,129.84
5235,145,2333,2024-02-22,1,87.44,Online,40,87.44
5236,143,2333,2024-05-11,2,18.47,Online,46,36.94
5237,145,2333,2024-02-11,1,87.44,In-Store,114,87.44
5238,167,2334,2024-03-08,2,75.91,Online,42,151.82
5239,167,2334,2025-12-02,3,75.91,Online,74,227.73
5240,153,2334,2025-03-12,2,44.91,Online,60,89.82
5241,165,2334,2025-03-22,2,213.33,Online,61,426.66
5242,184,2334,2025-05-24,5,120.25,Social,213,601.25
5243,147,2334,2025-11-09,2,193.11,Online,72,386.22
5244,197,2334,2025-03-13,4,270.16,TV,352,1080.64
5245,121,2334,2024-10-16,5,126.42,Email,275,632.1
5246,135,2334,2025-12-26,1,62.14,Online,76,62.14
5247,190,2334,2024-04-29,5,121.42,Online,43,607.1
5248,166,2334,2023-09-24,5,151.16,Online,33,755.8
5249,166,2334,2025-07-30,3,151.16,TV,357,453.48
5250,124,2334,2025-10-01,1,174.26,Online,70,174.26
5251,106,2334,2024-01-09,3,41.44,TV,331,124.32
5252,142,2334,2025-12-14,1,298.93,Email,295,298.93
5253,165,2334,2024-08-07,4,213.33,Online,49,853.32
5254,170,2334,2025-02-21,5,124.94,In-Store,134,624.7
5255,162,2334,2023-05-13,2,23.29,In-Store,101,46.58
5256,106,2334,2024-12-11,3,41.44,Social,205,124.32
5257,197,2334,2025-12-19,1,270.16,In-Store,149,270.16
5258,117,2334,2024-09-12,1,214.01,Online,51,214.01
5259,138,2335,2025-02-15,1,115.15,Online,59,115.15
5260,186,2335,2024-10-30,2,29.78,Online,53,59.56
5261,155,2335,2024-09-03,2,71.21,Online,50,142.42
5262,135,2335,2025-04-14,4,62.14,In-Store,137,248.56
5263,149,2335,2024-04-08,4,64.92,Online,43,259.68
5264,135,2335,2024-08-01,4,62.14,TV,341,248.56
5265,107,2335,2024-07-18,2,110.76,In-Store,123,221.52
5266,192,2335,2024-02-14,2,22.56,In-Store,115,45.12
5267,154,2335,2024-03-30,1,39.53,Online,42,39.53
5268,148,2335,2024-07-30,2,47.75,Online,49,95.5
5269,148,2335,2024-08-03,1,47.75,Online,49,47.75
5270,154,2335,2024-03-20,4,39.53,Social,192,158.12
5271,190,2335,2024-03-17,1,121.42,Online,42,121.42
5272,109,2335,2024-11-28,2,69.39,In-Store,130,138.78
5273,192,2335,2024-12-31,1,22.56,Online,56,22.56
5274,108,2335,2024-04-07,3,127.37,Online,43,382.11
5275,193,2335,2024-11-19,2,28.68,Online,55,57.36
5276,156,2336,2025-04-14,1,13.54,In-Store,137,13.54
5277,180,2336,2024-09-26,1,97.9,Online,51,97.9
5278,149,2336,2025-05-31,1,64.92,Email,286,64.92
5279,133,2336,2025-11-07,2,129.42,Email,294,258.84
5280,102,2336,2025-08-17,2,175.2,Online,69,350.4
5281,149,2336,2025-11-04,3,64.92,Online,73,194.76
5282,117,2336,2025-10-28,3,214.01,TV,362,642.03
5283,157,2336,2025-09-10,4,140.43,Social,218,561.72
5284,122,2336,2025-09-06,3,224.2,Online,69,672.5999999999999
5285,184,2336,2025-08-23,3,120.25,Email,291,360.75
5286,144,2336,2025-08-31,4,22.73,Online,70,90.92
5287,164,2336,2025-09-21,4,91.03,In-Store,144,364.12
5288,162,2336,2025-03-22,3,23.29,Email,283,69.87
5289,175,2336,2025-01-08,1,285.32,Online,58,285.32
5290,125,2336,2025-08-19,5,25.35,TV,358,126.75
5291,109,2336,2025-08-23,3,69.39,Email,290,208.17000000000002
5292,165,2336,2025-06-08,3,213.33,Online,65,639.99
5293,198,2336,2025-10-25,2,167.93,In-Store,147,335.86
5294,162,2336,2025-03-17,4,23.29,In-Store,136,93.16
5295,200,2336,2025-11-29,4,213.63,Online,74,854.52
5296,140,2336,2025-04-06,5,139.7,Online,61,698.5
5297,170,2336,2024-12-05,4,124.94,Online,55,499.76
5298,140,2336,2025-06-13,5,139.7,Email,286,698.5
5299,111,2337,2024-02-13,4,78.12,In-Store,115,312.48
5300,123,2337,2025-05-20,3,28.54,Online,64,85.62
5301,157,2337,2025-09-19,5,140.43,In-Store,144,702.1500000000001
5302,181,2337,2025-03-05,1,231.25,In-Store,135,231.25
5303,158,2337,2025-11-21,1,132.56,Online,74,132.56
5304,108,2337,2025-09-11,2,127.37,Online,70,254.74
5305,183,2337,2024-10-18,1,127.82,Online,52,127.82
5306,116,2337,2024-03-23,5,161.44,In-Store,118,807.2
5307,127,2337,2025-04-06,4,184.65,Online,62,738.6
5308,179,2337,2025-09-29,2,69.62,Social,218,139.24
5309,110,2337,2025-04-30,3,138.19,In-Store,138,414.57
5310,119,2337,2025-08-06,5,193.28,Email,290,966.4
5311,123,2337,2023-11-07,3,28.54,In-Store,110,85.62
5312,117,2337,2024-08-28,1,214.01,In-Store,125,214.01
5313,184,2337,2025-08-09,1,120.25,Online,69,120.25
5314,191,2337,2024-08-20,2,196.98,TV,342,393.96
5315,190,2337,2023-12-09,3,121.42,Online,37,364.26
5316,197,2337,2023-11-09,4,270.16,In-Store,110,1080.64
5317,130,2337,2025-11-02,2,117.61,Social,220,235.22
5318,114,2337,2025-10-11,3,120.5,Online,70,361.5
5319,137,2338,2024-03-28,1,90.95,Online,43,90.95
5320,118,2338,2023-08-08,2,128.58,In-Store,105,257.16
5321,130,2338,2023-11-06,1,117.61,Online,35,117.61
5322,105,2338,2023-08-03,2,45.85,Online,30,91.7
5323,159,2338,2023-07-10,2,21.52,Social,180,43.04
5324,190,2338,2023-11-07,3,121.42,Online,34,364.26
5325,133,2338,2023-06-10,4,129.42,Social,179,517.68
5326,142,2339,2024-06-20,3,298.93,Online,47,896.79
5327,117,2339,2024-02-06,4,214.01,Online,39,856.04
5328,172,2339,2024-06-30,3,75.03,Online,47,225.09
5329,154,2339,2024-11-30,3,39.53,In-Store,130,118.59
5330,110,2339,2025-03-01,5,138.19,Social,209,690.95
5331,157,2339,2025-09-16,2,140.43,Online,70,280.86
5332,178,2339,2024-03-05,3,58.92,Online,42,176.76
5333,120,2339,2024-12-16,2,186.86,In-Store,131,373.72
5334,119,2339,2025-11-30,4,193.28,Online,75,773.12
5335,157,2339,2024-06-23,1,140.43,Online,47,140.43
5336,196,2339,2024-07-07,3,162.21,Online,47,486.63
5337,114,2339,2024-05-07,3,120.5,Social,194,361.5
5338,189,2339,2025-01-02,2,47.31,In-Store,131,94.62
5339,133,2340,2023-04-02,4,129.42,Online,24,517.68
5340,174,2340,2024-02-16,5,89.89,TV,333,449.45
5341,104,2340,2025-02-28,1,50.25,In-Store,136,50.25
5342,141,2340,2023-01-06,2,75.02,Online,19,150.04
5343,197,2340,2025-02-06,2,270.16,Email,282,540.32
5344,142,2340,2024-07-26,4,298.93,In-Store,123,1195.72
5345,122,2340,2023-01-06,1,224.2,In-Store,96,224.2
5346,142,2340,2025-12-28,2,298.93,Email,296,597.86
5347,113,2340,2025-01-11,1,122.3,Email,280,122.3
5348,127,2340,2023-11-21,2,184.65,Social,187,369.3
5349,161,2340,2025-08-29,5,233.25,TV,360,1166.25
5350,186,2340,2024-05-30,1,29.78,In-Store,121,29.78
5351,121,2340,2023-07-15,3,126.42,In-Store,105,379.26
5352,163,2340,2024-01-16,3,115.65,Online,39,346.95000000000005
5353,130,2341,2024-08-16,3,117.61,Online,49,352.83
5354,121,2341,2024-06-15,3,126.42,Online,47,379.26
5355,105,2341,2024-02-29,1,45.85,Online,41,45.85
5356,172,2341,2024-07-06,2,75.03,Online,48,150.06
5357,143,2341,2024-05-09,2,18.47,Online,45,36.94
5358,175,2342,2025-08-20,1,285.32,In-Store,143,285.32
5359,104,2342,2023-11-17,3,50.25,In-Store,110,150.75
5360,186,2342,2023-04-29,5,29.78,Social,177,148.9
5361,138,2342,2023-05-17,2,115.15,Online,25,230.3
5362,116,2342,2025-09-07,1,161.44,Social,217,161.44
5363,152,2342,2025-11-24,5,72.34,Online,75,361.70000000000005
5364,193,2342,2022-11-26,1,28.68,Online,17,28.68
5365,166,2342,2024-07-10,5,151.16,Online,48,755.8
5366,129,2342,2024-11-09,4,269.37,Email,277,1077.48
5367,170,2342,2024-02-21,4,124.94,Online,40,499.76
5368,141,2342,2023-02-22,4,75.02,Online,20,300.08
5369,196,2342,2025-09-06,1,162.21,In-Store,143,162.21
5370,136,2342,2024-12-23,5,134.23,Online,56,671.15
5371,178,2343,2024-10-18,2,58.92,Online,52,117.84
5372,109,2343,2024-10-29,1,69.39,In-Store,128,69.39
5373,154,2343,2024-10-09,4,39.53,Online,52,158.12
5374,136,2343,2024-08-21,4,134.23,Online,49,536.92
5375,156,2343,2024-11-24,4,13.54,Online,55,54.16
5376,172,2343,2025-02-21,1,75.03,Online,60,75.03
5377,123,2343,2025-03-11,4,28.54,Online,60,114.16
5378,190,2343,2024-09-29,4,121.42,In-Store,126,485.68
5379,178,2344,2023-09-06,3,58.92,In-Store,106,176.76
5380,178,2344,2024-03-11,3,58.92,Online,41,176.76
5381,136,2344,2023-09-08,1,134.23,Online,32,134.23
5382,158,2344,2023-04-11,2,132.56,Online,24,265.12
5383,190,2344,2023-06-28,1,121.42,Social,180,121.42
5384,173,2344,2023-09-23,1,100.75,Online,33,100.75
5385,149,2344,2023-09-13,3,64.92,Online,32,194.76
5386,101,2345,2023-07-28,2,116.4,In-Store,105,232.8
5387,141,2345,2023-12-28,1,75.02,Social,188,75.02
5388,154,2345,2022-11-19,3,39.53,In-Store,93,118.59
5389,101,2345,2023-10-08,1,116.4,Online,33,116.4
5390,184,2345,2024-02-01,3,120.25,Online,39,360.75
5391,121,2345,2023-06-26,4,126.42,In-Store,104,505.68
5392,163,2345,2022-11-23,1,115.65,Online,17,115.65
5393,121,2345,2023-04-13,1,126.42,Online,24,126.42
5394,148,2345,2024-08-17,2,47.75,Online,49,95.5
5395,193,2345,2023-06-24,4,28.68,In-Store,103,114.72
5396,109,2345,2023-06-01,3,69.39,In-Store,103,208.17000000000002
5397,148,2345,2023-10-24,2,47.75,Online,34,95.5
5398,138,2345,2024-02-24,4,115.15,Online,41,460.6
5399,101,2345,2023-07-12,1,116.4,Online,29,116.4
5400,154,2345,2022-10-13,2,39.53,Social,165,79.06
5401,184,2345,2023-06-18,2,120.25,Online,28,240.5
5402,163,2345,2023-07-12,1,115.65,Online,29,115.65
5403,170,2346,2022-11-25,1,124.94,Online,17,124.94
5404,101,2346,2022-07-28,3,116.4,Online,10,349.20000000000005
5405,113,2346,2024-06-25,1,122.3,Online,47,122.3
5406,190,2346,2024-01-03,2,121.42,Online,37,242.84
5407,135,2346,2024-02-08,1,62.14,Online,40,62.14
5408,138,2346,2023-02-04,2,115.15,Online,20,230.3
5409,159,2346,2024-02-06,2,21.52,Online,40,43.04
5410,189,2346,2024-07-15,2,47.31,In-Store,123,94.62
5411,148,2346,2023-12-05,1,47.75,Social,188,47.75
5412,108,2346,2023-07-21,4,127.37,Online,30,509.48
5413,146,2346,2024-02-09,4,28.76,Online,40,115.04
5414,162,2346,2023-03-21,1,23.29,Online,22,23.29
5415,113,2346,2022-09-14,1,122.3,In-Store,90,122.3
5416,103,2346,2024-04-30,4,74.85,TV,336,299.4
5417,190,2346,2023-08-28,4,121.42,In-Store,106,485.68
5418,104,2346,2024-01-12,4,50.25,In-Store,112,201.0
5419,141,2347,2024-02-29,4,75.02,Online,40,300.08
5420,177,2347,2023-06-08,3,296.45,Online,27,889.3499999999999
5421,190,2347,2024-01-10,1,121.42,In-Store,112,121.42
5422,193,2347,2024-08-19,4,28.68,Online,49,114.72
5423,166,2347,2023-12-25,3,151.16,Social,188,453.48
5424,130,2347,2023-05-20,5,117.61,Social,178,588.05
5425,121,2347,2024-03-15,2,126.42,Online,42,252.84
5426,119,2347,2024-10-14,1,193.28,Social,202,193.28
5427,132,2347,2024-12-10,5,146.35,Online,56,731.75
5428,121,2347,2025-02-08,3,126.42,Email,281,379.26
5429,161,2347,2024-06-25,2,233.25,In-Store,122,466.5
5430,170,2347,2024-04-08,1,124.94,In-Store,118,124.94
5431,113,2347,2024-07-29,1,122.3,Online,49,122.3
5432,132,2347,2024-07-21,1,146.35,In-Store,123,146.35
5433,140,2347,2025-03-13,4,139.7,In-Store,136,558.8
5434,169,2347,2025-09-04,5,105.46,Online,70,527.3
5435,124,2347,2023-08-09,4,174.26,In-Store,106,697.04
5436,120,2347,2024-05-16,4,186.86,Online,46,747.44
5437,183,2347,2025-12-09,3,127.82,Online,75,383.46
5438,161,2347,2024-08-03,5,233.25,Social,199,1166.25
5439,106,2347,2024-10-10,3,41.44,Social,202,124.32
5440,142,2348,2025-09-02,3,298.93,In-Store,144,896.79
5441,183,2348,2025-12-30,3,127.82,In-Store,149,383.46
5442,177,2348,2025-11-21,4,296.45,Online,74,1185.8
5443,102,2348,2025-09-01,3,175.2,TV,360,525.5999999999999
5444,118,2348,2024-10-20,4,128.58,Online,53,514.32
5445,151,2348,2024-10-13,2,170.44,In-Store,126,340.88
5446,147,2348,2024-10-16,3,193.11,Online,52,579.33
5447,133,2348,2024-10-21,5,129.42,In-Store,127,647.0999999999999
5448,109,2348,2024-12-09,4,69.39,Online,55,277.56
5449,131,2348,2024-09-07,4,76.52,Online,50,306.08
5450,199,2348,2025-05-27,4,105.38,In-Store,139,421.52
5451,186,2348,2025-11-30,1,29.78,Online,75,29.78
5452,110,2348,2025-06-03,2,138.19,Online,66,276.38
5453,121,2348,2025-01-14,4,126.42,In-Store,132,505.68
5454,173,2348,2025-12-09,4,100.75,In-Store,149,403.0
5455,172,2348,2025-08-13,3,75.03,In-Store,143,225.09
5456,109,2348,2024-11-25,2,69.39,In-Store,129,138.78
5457,149,2348,2025-08-21,5,64.92,Online,68,324.6
5458,113,2348,2025-07-20,1,122.3,Online,67,122.3
5459,116,2348,2025-06-27,1,161.44,Online,66,161.44
5460,139,2349,2024-12-31,2,162.16,In-Store,132,324.32
5461,131,2349,2023-05-06,2,76.52,Online,25,153.04
5462,200,2349,2023-10-07,1,213.63,Online,33,213.63
5463,177,2349,2022-12-31,1,296.45,Online,19,296.45
5464,113,2349,2025-02-17,4,122.3,Online,59,489.2
5465,161,2349,2025-05-25,5,233.25,In-Store,139,1166.25
5466,140,2349,2025-07-24,5,139.7,In-Store,142,698.5
5467,121,2349,2023-03-16,2,126.42,Online,22,252.84
5468,185,2349,2023-08-01,5,143.79,Social,181,718.9499999999999
5469,182,2349,2024-10-07,3,73.37,Online,52,220.11
5470,175,2349,2023-06-02,5,285.32,In-Store,103,1426.6
5471,171,2349,2022-12-09,4,117.28,Online,18,469.12
5472,154,2350,2024-02-21,3,39.53,Online,40,118.59
5473,189,2350,2023-11-03,2,47.31,Online,34,94.62
5474,111,2350,2024-03-03,4,78.12,Online,42,312.48
5475,184,2350,2024-04-26,1,120.25,Online,43,120.25
5476,125,2350,2023-07-14,4,25.35,TV,322,101.4
5477,134,2350,2023-08-21,3,113.57,Social,182,340.71
5478,183,2350,2023-06-20,4,127.82,Social,179,511.28
5479,150,2350,2024-04-14,4,66.48,Online,43,265.92
5480,146,2350,2023-12-13,3,28.76,In-Store,111,86.28
5481,143,2350,2024-04-23,2,18.47,Online,44,36.94
5482,180,2350,2023-04-21,1,97.9,Online,24,97.9
5483,112,2350,2024-01-14,2,58.11,Online,39,116.22
5484,150,2351,2022-11-20,3,66.48,In-Store,93,199.44
5485,105,2351,2023-02-24,3,45.85,Online,20,137.55
5486,189,2351,2022-10-05,3,47.31,TV,311,141.93
5487,125,2351,2022-11-24,1,25.35,In-Store,94,25.35
5488,187,2351,2022-07-08,1,95.73,In-Store,87,95.73
5489,159,2351,2023-02-06,3,21.52,Social,173,64.56
5490,149,2351,2023-03-04,2,64.92,Online,21,129.84
5491,130,2351,2023-01-10,2,117.61,Online,19,235.22
5492,107,2351,2024-06-30,3,110.76,In-Store,122,332.28000000000003
5493,172,2352,2023-05-17,1,75.03,Social,177,75.03
5494,133,2352,2022-07-18,3,129.42,Online,9,388.26
5495,115,2352,2023-03-02,1,114.62,Social,173,114.62
5496,106,2353,2023-01-08,2,41.44,In-Store,96,82.88
5497,114,2353,2023-03-05,3,120.5,Online,21,361.5
5498,106,2354,2024-01-07,1,41.44,Online,37,41.44
5499,138,2354,2024-02-27,3,115.15,Social,191,345.45000000000005
5500,146,2354,2024-04-12,1,28.76,Online,43,28.76
5501,118,2354,2024-05-17,1,128.58,In-Store,120,128.58
5502,133,2354,2023-11-11,3,129.42,Online,35,388.26
5503,182,2355,2024-03-28,2,73.37,Online,42,146.74
5504,114,2355,2022-10-17,2,120.5,In-Store,92,241.0
5505,190,2355,2023-11-30,1,121.42,In-Store,110,121.42
5506,183,2355,2023-07-30,3,127.82,Online,31,383.46
5507,126,2355,2023-03-18,1,62.9,Online,22,62.9
5508,178,2355,2023-02-22,2,58.92,TV,316,117.84
5509,123,2355,2023-07-11,1,28.54,In-Store,104,28.54
5510,156,2355,2023-12-07,1,13.54,Online,36,13.54
5511,132,2356,2025-06-02,3,146.35,Online,66,439.04999999999995
5512,136,2356,2025-10-12,2,134.23,Online,71,268.46
5513,141,2356,2025-01-12,3,75.02,Social,206,225.06
5514,187,2356,2025-07-12,1,95.73,Social,214,95.73
5515,194,2356,2025-03-12,4,70.1,Social,210,280.4
5516,173,2356,2025-02-09,4,100.75,Online,59,403.0
5517,147,2356,2025-10-11,3,193.11,Online,70,579.33
5518,138,2356,2025-03-25,5,115.15,Online,60,575.75
5519,196,2356,2025-04-07,4,162.21,Online,62,648.84
5520,165,2356,2025-01-04,1,213.33,Social,206,213.33
5521,165,2356,2025-08-06,5,213.33,In-Store,142,1066.65
5522,146,2356,2025-05-30,5,28.76,Online,65,143.8
5523,103,2356,2025-10-05,3,74.85,Online,71,224.54999999999998
5524,139,2356,2025-10-01,2,162.16,In-Store,145,324.32
5525,119,2356,2025-12-17,5,193.28,In-Store,149,966.4
5526,162,2356,2025-03-09,4,23.29,Online,60,93.16
5527,160,2357,2023-07-11,1,74.86,Online,29,74.86
5528,160,2357,2024-02-17,1,74.86,Online,40,74.86
5529,108,2357,2023-03-27,3,127.37,Online,24,382.11
5530,159,2357,2023-05-08,1,21.52,Online,25,21.52
5531,184,2357,2023-07-30,3,120.25,Online,30,360.75
5532,189,2358,2024-10-17,4,47.31,Online,53,189.24
5533,148,2358,2024-12-27,2,47.75,Online,56,95.5
5534,156,2358,2024-12-24,2,13.54,In-Store,131,27.08
5535,148,2358,2024-10-01,1,47.75,In-Store,126,47.75
5536,159,2358,2024-10-16,2,21.52,Online,52,43.04
5537,130,2358,2024-10-13,2,117.61,In-Store,127,235.22
5538,194,2358,2025-02-10,3,70.1,Online,59,210.29999999999998
5539,138,2358,2025-03-08,2,115.15,Social,209,230.3
5540,149,2358,2025-02-26,1,64.92,Online,60,64.92
5541,189,2358,2025-04-18,2,47.31,Online,63,94.62
5542,103,2358,2024-10-30,2,74.85,Online,53,149.7
5543,159,2358,2024-09-30,3,21.52,Email,274,64.56
5544,172,2358,2024-08-23,1,75.03,Social,200,75.03
5545,106,2358,2024-12-10,1,41.44,In-Store,130,41.44
5546,167,2359,2024-03-10,3,75.91,Online,41,227.73
5547,106,2359,2024-05-30,3,41.44,Online,46,124.32
5548,183,2359,2024-06-30,1,127.82,Online,48,127.82
5549,167,2359,2024-09-17,3,75.91,Online,51,227.73
5550,144,2359,2024-09-14,3,22.73,Online,51,68.19
5551,143,2359,2024-08-19,3,18.47,Online,50,55.41
5552,186,2359,2024-07-12,3,29.78,In-Store,123,89.34
5553,148,2359,2024-03-29,1,47.75,Online,43,47.75
5554,172,2360,2024-06-25,2,75.03,In-Store,122,150.06
5555,170,2360,2024-06-07,2,124.94,Online,46,249.88
5556,131,2360,2024-07-30,2,76.52,Online,49,153.04
5557,186,2360,2024-06-12,3,29.78,Online,46,89.34
5558,192,2361,2024-09-07,3,22.56,Online,51,67.67999999999999
5559,104,2361,2024-05-30,1,50.25,Social,195,50.25
5560,184,2361,2024-10-27,4,120.25,Online,53,481.0
5561,112,2361,2025-03-06,3,58.11,Social,209,174.32999999999998
5562,152,2361,2025-03-13,2,72.34,Online,60,144.68
5563,134,2361,2025-01-03,3,113.57,TV,348,340.71
5564,130,2361,2024-08-23,1,117.61,Online,49,117.61
5565,143,2361,2024-08-16,2,18.47,Online,49,36.94
5566,128,2361,2024-08-26,1,69.61,In-Store,124,69.61
5567,171,2362,2024-06-13,1,117.28,Online,46,117.28
5568,128,2362,2024-06-15,1,69.61,Online,47,69.61
5569,187,2362,2024-02-18,2,95.73,In-Store,114,191.46
5570,103,2362,2024-07-05,1,74.85,In-Store,123,74.85
5571,131,2362,2024-02-19,3,76.52,TV,334,229.56
5572,158,2362,2024-02-15,1,132.56,In-Store,115,132.56
5573,173,2362,2024-02-17,1,100.75,Online,40,100.75
5574,135,2362,2023-12-10,2,62.14,In-Store,111,124.28
5575,144,2363,2025-03-07,4,22.73,In-Store,135,90.92
5576,168,2363,2025-06-29,3,151.07,Online,67,453.21
5577,120,2363,2024-10-29,5,186.86,Online,53,934.3000000000001
5578,120,2363,2025-08-29,5,186.86,In-Store,144,934.3000000000001
5579,187,2363,2023-11-10,1,95.73,Social,186,95.73
5580,120,2363,2025-07-18,3,186.86,Online,68,560.58
5581,195,2363,2025-02-25,2,109.44,Online,59,218.88
5582,116,2363,2024-05-19,2,161.44,Online,46,322.88
5583,147,2363,2023-11-06,2,193.11,Online,35,386.22
5584,125,2363,2024-02-29,5,25.35,In-Store,116,126.75
5585,191,2363,2025-12-28,2,196.98,Online,77,393.96
5586,165,2363,2023-08-10,5,213.33,Online,32,1066.65
5587,154,2363,2025-11-07,1,39.53,Online,73,39.53
5588,140,2363,2025-06-30,3,139.7,Online,67,419.09999999999997
5589,146,2363,2024-01-08,2,28.76,Online,38,57.52
5590,102,2363,2025-01-22,5,175.2,Online,58,876.0
5591,190,2364,2023-07-28,1,121.42,In-Store,105,121.42
5592,161,2364,2024-01-05,5,233.25,In-Store,111,1166.25
5593,124,2364,2024-12-30,3,174.26,In-Store,131,522.78
5594,102,2364,2024-10-02,1,175.2,Online,51,175.2
5595,167,2364,2024-06-16,5,75.91,Social,197,379.54999999999995
5596,116,2364,2024-06-06,2,161.44,Online,46,322.88
5597,141,2364,2022-08-08,4,75.02,Online,11,300.08
5598,151,2364,2022-04-25,1,170.44,Social,157,170.44
5599,140,2364,2024-12-30,1,139.7,In-Store,132,139.7
5600,191,2364,2025-05-13,2,196.98,In-Store,139,393.96
5601,197,2364,2024-08-13,3,270.16,TV,341,810.48
5602,186,2365,2024-12-01,5,29.78,TV,347,148.9
5603,182,2365,2025-01-27,5,73.37,In-Store,134,366.85
5604,179,2365,2024-02-10,4,69.62,In-Store,114,278.48
5605,109,2365,2025-03-25,1,69.39,Social,210,69.39
5606,185,2365,2025-02-03,1,143.79,Social,207,143.79
5607,126,2365,2025-02-17,1,62.9,Online,59,62.9
5608,140,2365,2023-11-14,3,139.7,In-Store,110,419.09999999999997
5609,120,2365,2025-03-05,4,186.86,Online,60,747.44
5610,115,2365,2024-09-03,3,114.62,Online,50,343.86
5611,118,2365,2024-07-24,5,128.58,Online,49,642.9000000000001
5612,145,2365,2022-10-10,4,87.44,Online,14,349.76
5613,113,2365,2024-04-21,2,122.3,Online,43,244.6
5614,186,2365,2023-10-29,3,29.78,In-Store,108,89.34
5615,173,2365,2025-02-06,3,100.75,Online,59,302.25
5616,127,2365,2024-03-22,1,184.65,In-Store,117,184.65
5617,143,2365,2024-12-15,5,18.47,In-Store,131,92.35
5618,195,2365,2023-12-13,3,109.44,Online,37,328.32
5619,133,2365,2024-02-23,5,129.42,Online,40,647.0999999999999
5620,188,2366,2024-11-30,3,12.93,Online,56,38.79
5621,183,2366,2024-11-13,1,127.82,Social,204,127.82
5622,189,2366,2025-01-23,2,47.31,Online,58,94.62
5623,135,2366,2024-11-10,1,62.14,Social,204,62.14
5624,113,2366,2024-12-30,2,122.3,Online,56,244.6
5625,186,2366,2025-01-10,3,29.78,Social,206,89.34
5626,184,2366,2024-12-31,3,120.25,Online,56,360.75
5627,111,2367,2023-04-22,4,78.12,Online,25,312.48
5628,183,2367,2023-04-26,2,127.82,In-Store,100,255.64
5629,130,2367,2023-02-08,3,117.61,Online,21,352.83
5630,106,2367,2023-08-31,1,41.44,In-Store,107,41.44
5631,133,2367,2023-02-04,2,129.42,Online,21,258.84
5632,130,2367,2023-07-12,3,117.61,In-Store,104,352.83
5633,141,2367,2024-01-15,4,75.02,Social,190,300.08
5634,159,2367,2023-06-16,1,21.52,In-Store,103,21.52
5635,115,2367,2023-01-27,2,114.62,Online,20,229.24
5636,178,2368,2023-04-17,1,58.92,Online,24,58.92
5637,189,2368,2023-06-18,2,47.31,Online,28,94.62
5638,150,2368,2024-11-09,3,66.48,Online,55,199.44
5639,168,2368,2025-07-01,2,151.07,Online,66,302.14
5640,179,2368,2024-01-24,5,69.62,Social,190,348.1
5641,149,2368,2023-08-26,4,64.92,Online,32,259.68
5642,149,2368,2024-09-15,4,64.92,Online,51,259.68
5643,185,2368,2023-11-05,4,143.79,Online,34,575.16
5644,132,2368,2025-11-21,4,146.35,Online,75,585.4
5645,195,2368,2024-02-03,2,109.44,In-Store,114,218.88
5646,165,2368,2023-12-18,5,213.33,Online,36,1066.65
5647,162,2368,2025-04-23,2,23.29,Online,63,46.58
5648,118,2368,2023-06-10,2,128.58,Online,28,257.16
5649,126,2368,2024-04-11,4,62.9,Online,43,251.6
5650,111,2368,2025-03-29,1,78.12,Online,60,78.12
5651,154,2368,2023-11-09,4,39.53,Online,35,158.12
5652,120,2368,2025-09-01,4,186.86,Social,216,747.44
5653,115,2368,2023-09-22,2,114.62,Online,33,229.24
5654,159,2368,2025-11-18,5,21.52,Online,74,107.6
5655,160,2368,2023-05-10,5,74.86,Email,247,374.3
5656,185,2368,2024-12-07,4,143.79,Online,56,575.16
5657,157,2368,2024-08-17,3,140.43,In-Store,124,421.29
5658,200,2368,2025-02-26,2,213.63,Email,282,427.26
5659,154,2368,2025-08-04,3,39.53,Online,68,118.59
5660,174,2369,2024-11-28,2,89.89,Online,56,179.78
5661,163,2369,2024-10-08,4,115.65,In-Store,127,462.6
5662,101,2369,2025-01-27,1,116.4,TV,349,116.4
5663,188,2369,2024-10-14,2,12.93,Online,53,25.86
5664,186,2369,2024-10-30,4,29.78,Online,53,119.12
5665,149,2369,2025-01-08,4,64.92,Online,58,259.68
5666,107,2369,2024-09-22,3,110.76,Social,202,332.28000000000003
5667,163,2369,2024-09-10,1,115.65,TV,343,115.65
5668,159,2369,2024-11-13,4,21.52,Online,55,86.08
5669,138,2370,2025-03-19,3,115.15,In-Store,136,345.45000000000005
5670,108,2370,2024-11-05,3,127.37,Online,53,382.11
5671,144,2370,2024-12-05,1,22.73,Online,56,22.73
5672,125,2370,2024-10-01,4,25.35,In-Store,126,101.4
5673,108,2371,2023-08-16,5,127.37,Online,32,636.85
5674,164,2371,2022-08-22,1,91.03,In-Store,89,91.03
5675,142,2371,2024-01-06,4,298.93,Online,38,1195.72
5676,156,2371,2024-06-17,2,13.54,Online,47,27.08
5677,106,2371,2024-02-01,3,41.44,Online,39,124.32
5678,125,2371,2024-04-30,4,25.35,Online,44,101.4
5679,170,2371,2024-05-17,2,124.94,Social,195,249.88
5680,110,2371,2023-03-10,4,138.19,TV,318,552.76
5681,111,2371,2025-12-30,1,78.12,Social,222,78.12
5682,102,2371,2022-08-31,1,175.2,Social,163,175.2
5683,160,2371,2025-08-28,1,74.86,Online,68,74.86
5684,111,2371,2023-11-01,5,78.12,TV,328,390.6
5685,181,2371,2024-06-26,1,231.25,Online,47,231.25
5686,141,2371,2025-10-23,5,75.02,In-Store,146,375.09999999999997
5687,146,2371,2024-03-21,1,28.76,Online,42,28.76
5688,122,2371,2024-03-29,4,224.2,In-Store,118,896.8
5689,164,2371,2024-01-04,1,91.03,Online,37,91.03
5690,164,2371,2024-03-05,4,91.03,Email,262,364.12
5691,161,2371,2025-04-27,4,233.25,Online,63,933.0
5692,129,2371,2022-06-17,4,269.37,In-Store,86,1077.48
5693,146,2371,2024-10-06,4,28.76,Online,52,115.04
5694,124,2371,2023-04-14,1,174.26,In-Store,100,174.26
5695,143,2371,2023-03-16,3,18.47,TV,317,55.41
5696,160,2371,2025-09-29,5,74.86,In-Store,145,374.3
5697,127,2371,2022-11-02,2,184.65,In-Store,93,369.3
5698,142,2372,2022-08-25,5,298.93,In-Store,89,1494.65
5699,126,2372,2025-05-30,3,62.9,Social,212,188.7
5700,170,2372,2024-05-25,4,124.94,In-Store,120,499.76
5701,172,2372,2025-08-17,2,75.03,Online,68,150.06
5702,149,2372,2022-12-08,2,64.92,Social,169,129.84
5703,124,2372,2025-08-11,1,174.26,Online,69,174.26
5704,125,2372,2024-05-08,2,25.35,Online,45,50.7
5705,103,2372,2025-12-09,3,74.85,Online,76,224.54999999999998
5706,161,2372,2025-06-07,3,233.25,Online,66,699.75
5707,135,2372,2024-04-28,1,62.14,Online,43,62.14
5708,124,2372,2024-02-06,1,174.26,Email,260,174.26
5709,114,2372,2023-07-24,2,120.5,In-Store,104,241.0
5710,141,2372,2025-04-28,3,75.02,TV,354,225.06
5711,177,2372,2025-08-22,4,296.45,Online,69,1185.8
5712,109,2372,2025-05-31,1,69.39,Online,65,69.39
5713,177,2372,2023-10-08,1,296.45,Online,33,296.45
5714,136,2372,2023-09-06,3,134.23,Online,32,402.68999999999994
5715,142,2372,2023-09-22,4,298.93,In-Store,107,1195.72
5716,151,2372,2025-08-16,3,170.44,Online,69,511.32
5717,175,2373,2025-10-17,3,285.32,In-Store,146,855.96
5718,129,2373,2023-07-04,5,269.37,Online,29,1346.85
5719,157,2373,2023-03-01,5,140.43,Online,21,702.1500000000001
5720,160,2373,2023-04-07,5,74.86,TV,319,374.3
5721,148,2373,2024-09-09,5,47.75,Social,201,238.75
5722,109,2373,2023-06-17,3,69.39,In-Store,103,208.17000000000002
5723,200,2373,2023-11-02,2,213.63,Email,255,427.26
5724,114,2373,2023-05-20,3,120.5,Online,25,361.5
5725,110,2373,2023-05-09,1,138.19,In-Store,101,138.19
5726,186,2373,2023-12-09,1,29.78,Social,187,29.78
5727,108,2373,2024-12-30,2,127.37,In-Store,132,254.74
5728,110,2373,2023-10-23,2,138.19,Online,34,276.38
5729,104,2373,2024-11-29,2,50.25,TV,346,100.5
5730,189,2373,2023-02-17,1,47.31,Online,20,47.31
5731,161,2373,2025-09-22,4,233.25,Email,291,933.0
5732,134,2374,2024-02-01,1,113.57,Online,40,113.57
5733,186,2374,2024-02-14,4,29.78,Online,40,119.12
5734,169,2374,2024-08-10,2,105.46,Online,49,210.92
5735,130,2374,2023-03-25,3,117.61,Online,23,352.83
5736,183,2374,2024-02-29,1,127.82,TV,334,127.82
5737,108,2374,2023-03-19,3,127.37,Online,23,382.11
5738,192,2374,2024-09-19,2,22.56,Online,51,45.12
5739,107,2374,2024-03-14,3,110.76,Online,42,332.28000000000003
5740,106,2374,2024-01-22,4,41.44,Online,39,165.76
5741,115,2374,2024-01-11,1,114.62,In-Store,113,114.62
5742,137,2374,2023-11-28,1,90.95,Social,186,90.95
5743,153,2374,2024-02-22,4,44.91,Online,40,179.64
5744,193,2375,2024-10-12,3,28.68,In-Store,126,86.03999999999999
5745,149,2375,2024-10-16,2,64.92,Online,52,129.84
5746,188,2375,2024-08-16,3,12.93,Social,200,38.79
5747,199,2375,2024-09-19,2,105.38,Online,51,210.76
5748,118,2376,2025-03-29,3,128.58,Online,60,385.74
5749,144,2376,2025-11-22,2,22.73,In-Store,147,45.46
5750,108,2376,2024-08-08,5,127.37,Social,200,636.85
5751,113,2376,2025-01-28,1,122.3,Online,58,122.3
5752,190,2376,2024-07-23,1,121.42,Online,48,121.42
5753,141,2376,2024-08-15,4,75.02,TV,341,300.08
5754,158,2376,2025-05-24,1,132.56,Online,65,132.56
5755,189,2376,2025-10-21,2,47.31,In-Store,146,94.62
5756,183,2376,2024-09-14,1,127.82,Online,51,127.82
5757,143,2376,2024-09-21,5,18.47,Email,273,92.35
5758,106,2376,2024-10-02,4,41.44,Online,51,165.76
5759,200,2376,2025-06-15,4,213.63,Social,213,854.52
5760,127,2376,2025-12-03,2,184.65,Online,74,369.3
5761,149,2376,2024-11-14,4,64.92,In-Store,129,259.68
5762,126,2376,2024-07-27,1,62.9,Online,48,62.9
5763,161,2376,2024-12-21,3,233.25,Online,56,699.75
5764,188,2376,2024-09-12,4,12.93,Online,51,51.72
5765,127,2376,2024-11-22,1,184.65,Online,55,184.65
5766,154,2376,2025-08-17,3,39.53,In-Store,143,118.59
5767,167,2376,2025-09-17,3,75.91,Social,218,227.73
5768,182,2376,2025-11-20,1,73.37,Online,74,73.37
5769,117,2376,2025-04-23,3,214.01,Online,62,642.03
5770,118,2376,2024-06-14,5,128.58,Social,197,642.9000000000001
5771,176,2377,2024-03-20,1,98.45,In-Store,118,98.45
5772,162,2377,2023-12-03,2,23.29,Email,256,46.58
5773,131,2377,2024-07-27,4,76.52,Online,48,306.08
5774,186,2377,2025-01-02,4,29.78,Online,58,119.12
5775,111,2377,2024-08-09,1,78.12,Online,49,78.12
5776,194,2377,2024-06-06,2,70.1,Online,46,140.2
5777,155,2377,2024-07-06,4,71.21,In-Store,121,284.84
5778,149,2377,2024-05-03,3,64.92,Social,194,194.76
5779,170,2377,2024-02-13,3,124.94,Online,40,374.82
5780,195,2377,2024-05-17,4,109.44,In-Store,120,437.76
5781,140,2378,2024-03-06,5,139.7,Online,41,698.5
5782,161,2378,2025-08-30,5,233.25,TV,360,1166.25
5783,186,2378,2024-11-10,4,29.78,Online,54,119.12
5784,147,2378,2025-02-24,1,193.11,Online,60,193.11
5785,170,2378,2024-04-24,3,124.94,Online,43,374.82
5786,170,2378,2023-08-07,5,124.94,Online,32,624.7
5787,139,2378,2024-08-24,4,162.16,In-Store,124,648.64
5788,142,2378,2024-04-16,5,298.93,In-Store,118,1494.65
5789,175,2378,2023-11-21,4,285.32,In-Store,110,1141.28
5790,101,2378,2023-05-15,2,116.4,Social,177,232.8
5791,190,2378,2023-08-11,1,121.42,Social,182,121.42
5792,132,2378,2023-07-01,2,146.35,In-Store,103,292.7
5793,105,2378,2023-04-01,4,45.85,Social,175,183.4
5794,120,2378,2023-12-31,4,186.86,Email,259,747.44
5795,132,2378,2023-06-12,5,146.35,Online,28,731.75
5796,121,2378,2024-08-25,3,126.42,Online,50,379.26
5797,188,2378,2025-03-30,5,12.93,In-Store,137,64.65
5798,145,2378,2025-12-31,2,87.44,In-Store,150,174.88
5799,171,2378,2025-11-20,3,117.28,Online,74,351.84000000000003
5800,183,2378,2024-11-15,1,127.82,Online,54,127.82
5801,101,2378,2025-06-28,1,116.4,TV,356,116.4
5802,157,2379,2024-10-29,2,140.43,In-Store,128,280.86
5803,133,2379,2022-11-17,4,129.42,Online,17,517.68
5804,183,2379,2025-12-10,5,127.82,Online,76,639.0999999999999
5805,136,2379,2023-08-06,4,134.23,Online,30,536.92
5806,196,2379,2025-06-23,5,162.21,In-Store,141,811.0500000000001
5807,132,2379,2024-08-15,5,146.35,In-Store,124,731.75
5808,200,2379,2024-09-04,3,213.63,Online,50,640.89
5809,172,2379,2023-03-12,2,75.03,Online,22,150.06
5810,119,2379,2025-05-10,2,193.28,Online,64,386.56
5811,119,2379,2023-04-13,1,193.28,In-Store,100,193.28
5812,187,2379,2022-12-23,2,95.73,Online,19,191.46
5813,198,2379,2023-07-14,5,167.93,Online,30,839.6500000000001
5814,119,2379,2024-10-01,3,193.28,In-Store,126,579.84
5815,191,2379,2024-09-22,4,196.98,In-Store,126,787.92
5816,102,2379,2025-03-04,4,175.2,Online,60,700.8
5817,151,2379,2025-06-13,3,170.44,In-Store,141,511.32
5818,186,2380,2025-05-26,2,29.78,Online,65,59.56
5819,189,2380,2024-03-06,1,47.31,Email,261,47.31
5820,106,2380,2023-12-26,3,41.44,In-Store,111,124.32
5821,104,2380,2023-01-24,5,50.25,Online,20,251.25
5822,126,2380,2025-03-10,3,62.9,Online,60,188.7
5823,195,2380,2022-07-15,3,109.44,TV,306,328.32
5824,174,2380,2024-05-04,2,89.89,Online,44,179.78
5825,166,2380,2023-12-27,1,151.16,In-Store,111,151.16
5826,178,2380,2025-08-24,3,58.92,Online,69,176.76
5827,157,2380,2023-09-06,3,140.43,In-Store,107,421.29
5828,188,2380,2022-07-31,4,12.93,Online,11,51.72
5829,162,2380,2022-10-20,4,23.29,Online,15,93.16
5830,165,2380,2024-07-27,1,213.33,Email,269,213.33
5831,182,2380,2022-06-16,2,73.37,Online,8,146.74
5832,184,2380,2025-01-01,1,120.25,Social,206,120.25
5833,194,2380,2024-05-25,1,70.1,Online,46,70.1
5834,187,2380,2024-01-05,2,95.73,Online,38,191.46
5835,196,2380,2023-10-02,5,162.21,Online,33,811.0500000000001
5836,157,2380,2025-03-18,2,140.43,Online,60,280.86
5837,196,2380,2025-11-22,4,162.21,Online,75,648.84
5838,151,2380,2025-04-12,5,170.44,In-Store,137,852.2
5839,114,2380,2024-08-14,1,120.5,TV,341,120.5
5840,119,2380,2025-09-23,1,193.28,Online,70,193.28
5841,200,2380,2023-04-27,3,213.63,In-Store,101,640.89
5842,181,2381,2025-04-16,4,231.25,In-Store,137,925.0
5843,197,2381,2025-05-28,5,270.16,Online,65,1350.8000000000002
5844,139,2381,2025-09-19,3,162.16,Online,70,486.48
5845,147,2381,2025-02-13,1,193.11,Online,59,193.11
5846,124,2381,2025-12-30,4,174.26,Online,77,697.04
5847,139,2381,2025-07-31,3,162.16,Email,290,486.48
5848,152,2381,2025-06-26,2,72.34,Online,67,144.68
5849,126,2381,2024-06-28,2,62.9,Online,47,125.8
5850,125,2381,2025-03-12,1,25.35,Online,60,25.35
5851,102,2381,2024-10-13,3,175.2,Online,53,525.5999999999999
5852,144,2381,2024-10-14,3,22.73,In-Store,127,68.19
5853,197,2381,2024-10-31,3,270.16,TV,345,810.48
5854,143,2381,2024-12-18,1,18.47,In-Store,131,18.47
5855,161,2381,2025-08-17,3,233.25,Online,69,699.75
5856,188,2382,2024-07-20,4,12.93,Online,48,51.72
5857,121,2382,2025-10-22,4,126.42,In-Store,146,505.68
5858,133,2382,2024-11-08,4,129.42,Online,54,517.68
5859,117,2382,2025-09-05,1,214.01,Social,217,214.01
5860,110,2382,2025-01-25,5,138.19,In-Store,134,690.95
5861,146,2382,2024-05-21,1,28.76,Online,46,28.76
5862,192,2382,2025-02-26,2,22.56,In-Store,135,45.12
5863,139,2382,2024-11-18,3,162.16,In-Store,128,486.48
5864,102,2382,2024-07-27,1,175.2,Online,49,175.2
5865,147,2382,2024-11-17,2,193.11,Online,54,386.22
5866,164,2382,2025-12-29,5,91.03,In-Store,149,455.15
5867,124,2382,2025-01-18,4,174.26,Online,58,697.04
5868,156,2382,2025-05-09,4,13.54,In-Store,138,54.16
5869,129,2382,2025-09-27,4,269.37,Online,70,1077.48
5870,140,2382,2025-01-07,5,139.7,Online,58,698.5
5871,160,2382,2024-09-11,3,74.86,Online,51,224.57999999999998
5872,122,2382,2025-04-26,4,224.2,Online,63,896.8
5873,187,2382,2025-04-04,2,95.73,TV,353,191.46
5874,175,2382,2024-02-11,3,285.32,In-Store,114,855.96
5875,183,2383,2024-02-07,2,127.82,Online,40,255.64
5876,181,2383,2024-04-07,3,231.25,In-Store,118,693.75
5877,166,2383,2025-04-04,1,151.16,In-Store,136,151.16
5878,147,2383,2024-04-04,3,193.11,In-Store,118,579.33
5879,142,2383,2025-03-31,2,298.93,In-Store,136,597.86
5880,122,2383,2025-09-03,2,224.2,In-Store,143,448.4
5881,118,2383,2025-10-19,5,128.58,Online,71,642.9000000000001
5882,147,2383,2024-06-08,3,193.11,Online,46,579.33
5883,158,2383,2025-05-09,3,132.56,Online,64,397.68
5884,129,2383,2024-11-28,4,269.37,Online,55,1077.48
5885,130,2383,2025-01-19,3,117.61,Online,58,352.83
5886,142,2383,2025-09-08,2,298.93,Online,70,597.86
5887,112,2383,2024-05-10,3,58.11,Online,45,174.32999999999998
5888,169,2383,2024-01-01,5,105.46,In-Store,111,527.3
5889,136,2383,2024-11-30,5,134.23,Online,55,671.15
5890,104,2383,2025-04-26,5,50.25,Online,63,251.25
5891,188,2383,2025-02-04,2,12.93,In-Store,134,25.86
5892,181,2383,2025-06-09,3,231.25,In-Store,139,693.75
5893,141,2383,2024-04-12,4,75.02,Online,43,300.08
5894,154,2383,2024-07-19,3,39.53,Online,48,118.59
5895,121,2383,2024-10-16,1,126.42,Online,53,126.42
5896,124,2383,2025-08-12,4,174.26,In-Store,143,697.04
5897,139,2383,2024-03-21,4,162.16,In-Store,118,648.64
5898,174,2383,2025-04-27,2,89.89,TV,353,179.78
5899,174,2383,2024-04-19,3,89.89,In-Store,119,269.67
5900,181,2383,2024-01-25,2,231.25,Online,39,462.5
5901,152,2383,2024-09-29,4,72.34,Online,51,289.36
5902,121,2383,2025-03-30,5,126.42,Social,211,632.1
5903,183,2383,2024-03-26,4,127.82,Online,42,511.28
5904,181,2383,2025-11-07,1,231.25,In-Store,147,231.25
5905,147,2383,2025-03-06,4,193.11,Online,60,772.44
5906,147,2383,2025-10-05,1,193.11,Online,71,193.11
5907,101,2384,2023-07-06,2,116.4,Email,250,232.8
5908,152,2384,2023-06-30,3,72.34,Online,29,217.02
5909,190,2384,2024-10-08,1,121.42,Online,52,121.42
5910,111,2384,2023-11-17,2,78.12,Online,36,156.24
5911,146,2384,2023-06-21,3,28.76,In-Store,103,86.28
5912,105,2384,2023-11-03,2,45.85,In-Store,110,91.7
5913,108,2384,2023-04-24,4,127.37,Online,24,509.48
5914,152,2384,2023-11-14,2,72.34,Online,36,144.68
5915,187,2385,2024-11-15,2,95.73,Online,54,191.46
5916,160,2385,2025-07-24,5,74.86,In-Store,142,374.3
5917,114,2385,2023-10-20,4,120.5,Online,34,482.0
5918,113,2385,2025-03-03,3,122.3,In-Store,135,366.9
5919,120,2385,2024-04-09,3,186.86,Social,193,560.58
5920,191,2385,2025-10-14,1,196.98,Online,70,196.98
5921,127,2385,2024-03-16,4,184.65,Email,262,738.6
5922,127,2385,2024-07-17,3,184.65,TV,340,553.95
5923,157,2385,2024-04-23,2,140.43,Online,43,280.86
5924,142,2385,2025-09-02,5,298.93,Online,69,1494.65
5925,148,2385,2025-10-30,1,47.75,TV,363,47.75
5926,135,2385,2024-06-04,1,62.14,Online,47,62.14
5927,129,2385,2025-10-29,1,269.37,In-Store,147,269.37
5928,141,2385,2024-12-14,2,75.02,Social,205,150.04
5929,154,2385,2025-11-04,3,39.53,In-Store,147,118.59
5930,177,2385,2024-02-08,1,296.45,Online,40,296.45
5931,183,2386,2024-05-15,2,127.82,Online,46,255.64
5932,176,2386,2024-05-24,3,98.45,Online,46,295.35
5933,121,2386,2024-09-11,3,126.42,Online,51,379.26
5934,194,2386,2024-05-20,3,70.1,Email,265,210.29999999999998
5935,112,2386,2024-03-10,3,58.11,In-Store,117,174.32999999999998
5936,148,2386,2024-10-02,1,47.75,Online,51,47.75
5937,184,2386,2024-06-28,3,120.25,Social,196,360.75
5938,188,2386,2024-07-07,3,12.93,Online,48,38.79
5939,173,2386,2024-04-03,3,100.75,Online,43,302.25
5940,160,2387,2023-08-04,2,74.86,Online,30,149.72
5941,177,2387,2023-10-20,2,296.45,Social,185,592.9
5942,123,2387,2023-05-02,5,28.54,Online,25,142.7
5943,131,2387,2025-12-07,2,76.52,Social,221,153.04
5944,130,2387,2024-08-01,3,117.61,Online,49,352.83
5945,143,2387,2024-05-07,3,18.47,Online,45,55.41
5946,178,2387,2024-12-15,2,58.92,Online,56,117.84
5947,121,2387,2024-08-24,1,126.42,Online,49,126.42
5948,164,2387,2023-06-01,5,91.03,In-Store,102,455.15
5949,129,2387,2024-10-15,4,269.37,Email,276,1077.48
5950,131,2387,2023-12-03,1,76.52,In-Store,111,76.52
5951,127,2387,2023-09-05,5,184.65,Social,183,923.25
5952,113,2387,2025-11-23,5,122.3,Online,75,611.5
5953,182,2387,2025-04-10,1,73.37,Online,62,73.37
5954,135,2387,2024-06-08,1,62.14,Online,47,62.14
5955,161,2387,2023-08-16,1,233.25,Online,32,233.25
5956,190,2387,2025-10-18,2,121.42,Online,72,242.84
5957,122,2387,2023-03-16,1,224.2,Online,22,224.2
5958,181,2387,2023-10-26,4,231.25,Online,34,925.0
5959,130,2387,2022-11-17,4,117.61,Email,238,470.44
5960,138,2387,2025-06-30,1,115.15,In-Store,141,115.15
5961,173,2388,2024-05-27,4,100.75,In-Store,120,403.0
5962,118,2388,2024-10-24,4,128.58,Online,53,514.32
5963,188,2388,2025-01-07,2,12.93,In-Store,132,25.86
5964,159,2388,2024-09-30,4,21.52,Online,52,86.08
5965,107,2388,2024-06-21,3,110.76,Online,47,332.28000000000003
5966,131,2388,2024-12-23,4,76.52,In-Store,131,306.08
5967,105,2388,2024-11-14,1,45.85,In-Store,128,45.85
5968,160,2388,2024-11-05,2,74.86,TV,346,149.72
5969,107,2388,2024-07-11,4,110.76,Online,48,443.04
5970,159,2389,2025-04-24,4,21.52,In-Store,137,86.08
5971,181,2389,2024-01-21,4,231.25,Social,190,925.0
5972,119,2389,2023-08-16,2,193.28,Online,32,386.56
5973,159,2389,2024-01-17,4,21.52,Online,38,86.08
5974,166,2389,2024-10-13,1,151.16,In-Store,127,151.16
5975,137,2389,2022-11-04,3,90.95,In-Store,92,272.85
5976,109,2389,2023-09-02,1,69.39,Online,32,69.39
5977,115,2389,2023-10-12,5,114.62,Online,34,573.1
5978,179,2389,2025-07-17,4,69.62,In-Store,141,278.48
5979,197,2389,2023-08-30,3,270.16,Social,183,810.48
5980,128,2389,2023-01-07,5,69.61,Online,19,348.05
5981,117,2389,2022-09-03,1,214.01,In-Store,89,214.01
5982,189,2389,2024-06-21,1,47.31,Online,47,47.31
5983,124,2389,2025-06-06,4,174.26,Online,65,697.04
5984,158,2389,2022-06-09,2,132.56,Online,8,265.12
5985,123,2389,2024-03-28,1,28.54,In-Store,118,28.54
5986,136,2389,2025-12-13,2,134.23,In-Store,149,268.46
5987,167,2390,2023-03-27,1,75.91,Online,24,75.91
5988,195,2390,2022-11-27,1,109.44,In-Store,94,109.44
5989,195,2390,2025-02-17,3,109.44,Online,59,328.32
5990,178,2390,2023-01-24,5,58.92,Online,19,294.6
5991,167,2390,2024-05-02,5,75.91,Social,194,379.54999999999995
5992,126,2390,2023-05-08,5,62.9,In-Store,101,314.5
5993,123,2390,2022-04-18,4,28.54,Online,5,114.16
5994,186,2390,2024-02-07,4,29.78,Online,39,119.12
5995,137,2390,2023-09-11,2,90.95,In-Store,107,181.9
5996,117,2390,2024-03-16,2,214.01,In-Store,117,428.02
5997,119,2390,2023-12-24,1,193.28,Online,37,193.28
5998,190,2390,2025-04-26,1,121.42,In-Store,138,121.42
5999,127,2390,2024-05-01,5,184.65,In-Store,119,923.25
6000,163,2390,2025-06-12,2,115.65,Online,65,231.3
6001,112,2390,2025-08-26,4,58.11,Email,291,232.44
6002,169,2390,2022-09-23,1,105.46,Online,13,105.46
6003,150,2390,2024-03-17,4,66.48,Email,263,265.92
6004,127,2390,2025-06-26,2,184.65,Online,67,369.3
6005,117,2390,2024-05-31,1,214.01,TV,338,214.01
6006,169,2390,2023-09-10,2,105.46,In-Store,107,210.92
6007,108,2391,2024-12-19,2,127.37,Online,57,254.74
6008,121,2391,2024-11-17,5,126.42,Online,54,632.1
6009,188,2391,2025-08-24,4,12.93,Social,216,51.72
6010,161,2391,2024-07-14,1,233.25,Online,48,233.25
6011,161,2391,2023-12-10,5,233.25,In-Store,111,1166.25
6012,129,2391,2024-08-02,2,269.37,Social,200,538.74
6013,142,2391,2025-02-07,2,298.93,Online,59,597.86
6014,121,2391,2023-12-12,5,126.42,In-Store,111,632.1
6015,107,2391,2025-05-30,4,110.76,Online,65,443.04
6016,142,2391,2025-06-06,3,298.93,TV,355,896.79
6017,110,2391,2024-04-07,1,138.19,Online,43,138.19
6018,151,2391,2024-02-06,1,170.44,In-Store,114,170.44
6019,125,2391,2025-04-11,4,25.35,In-Store,138,101.4
6020,151,2391,2023-12-03,5,170.44,Online,36,852.2
6021,170,2391,2024-04-11,3,124.94,Social,192,374.82
6022,155,2391,2023-10-08,4,71.21,In-Store,107,284.84
6023,144,2391,2025-09-10,3,22.73,Social,218,68.19
6024,152,2391,2025-04-29,4,72.34,Online,63,289.36
6025,129,2391,2023-08-23,1,269.37,Online,32,269.37
6026,105,2391,2024-12-04,3,45.85,Social,205,137.55
6027,102,2391,2024-04-29,3,175.2,Online,43,525.5999999999999
6028,108,2391,2024-08-09,5,127.37,In-Store,124,636.85
6029,113,2391,2023-09-27,5,122.3,Online,33,611.5
6030,165,2391,2024-09-25,1,213.33,In-Store,125,213.33
6031,155,2392,2025-02-09,3,71.21,Online,59,213.63
6032,186,2392,2024-11-29,3,29.78,Online,56,89.34
6033,114,2392,2024-11-04,2,120.5,In-Store,128,241.0
6034,188,2392,2024-12-23,1,12.93,Social,205,12.93
6035,160,2392,2024-11-25,2,74.86,In-Store,130,149.72
6036,136,2392,2024-11-26,3,134.23,In-Store,129,402.68999999999994
6037,146,2392,2024-12-01,3,28.76,In-Store,130,86.28
6038,167,2393,2024-05-29,4,75.91,In-Store,120,303.64
6039,157,2393,2025-02-17,4,140.43,Social,208,561.72
6040,156,2393,2025-01-28,3,13.54,Online,58,40.62
6041,190,2393,2025-12-02,5,121.42,In-Store,149,607.1
6042,120,2393,2024-12-08,2,186.86,Online,56,373.72
6043,113,2393,2025-06-13,4,122.3,Online,66,489.2
6044,177,2393,2025-12-31,4,296.45,In-Store,149,1185.8
6045,122,2393,2024-10-19,5,224.2,In-Store,127,1121.0
6046,158,2393,2024-04-12,1,132.56,Online,43,132.56
6047,126,2393,2025-08-17,3,62.9,Online,69,188.7
6048,185,2393,2024-06-12,2,143.79,Online,46,287.58
6049,147,2393,2024-03-13,5,193.11,Email,263,965.5500000000001
6050,127,2393,2024-07-03,1,184.65,In-Store,122,184.65
6051,156,2393,2025-10-13,4,13.54,In-Store,145,54.16
6052,152,2393,2024-07-09,1,72.34,Online,48,72.34
6053,114,2393,2024-10-05,2,120.5,Online,52,241.0
6054,145,2393,2025-04-21,3,87.44,In-Store,137,262.32
6055,151,2393,2025-06-23,2,170.44,Online,66,340.88
6056,194,2393,2024-06-23,1,70.1,Online,47,70.1
6057,134,2393,2024-11-13,3,113.57,Online,54,340.71
6058,140,2393,2025-05-10,5,139.7,Online,63,698.5
6059,113,2393,2024-10-01,1,122.3,TV,344,122.3
6060,127,2393,2025-07-26,5,184.65,In-Store,142,923.25
6061,116,2393,2024-07-07,3,161.44,TV,338,484.32
6062,165,2393,2024-03-13,1,213.33,Online,42,213.33
6063,189,2393,2025-01-15,3,47.31,TV,349,141.93
6064,110,2394,2025-12-05,5,138.19,Social,221,690.95
6065,104,2394,2024-11-15,4,50.25,Online,54,201.0
6066,198,2394,2023-10-06,1,167.93,Online,33,167.93
6067,114,2394,2025-05-04,2,120.5,Online,63,241.0
6068,147,2394,2023-11-23,1,193.11,Email,255,193.11
6069,151,2394,2023-12-12,3,170.44,In-Store,111,511.32
6070,199,2394,2024-11-05,5,105.38,In-Store,128,526.9
6071,157,2394,2025-07-16,4,140.43,In-Store,141,561.72
6072,114,2394,2025-11-11,5,120.5,Online,74,602.5
6073,151,2394,2025-12-02,3,170.44,Social,221,511.32
6074,157,2394,2025-12-10,3,140.43,In-Store,149,421.29
6075,151,2394,2024-03-03,1,170.44,Online,41,170.44
6076,151,2394,2025-07-21,3,170.44,Online,68,511.32
6077,129,2394,2024-11-18,2,269.37,In-Store,129,538.74
6078,153,2394,2025-03-15,1,44.91,Online,60,44.91
6079,133,2394,2023-09-27,1,129.42,Online,33,129.42
6080,110,2394,2025-01-19,1,138.19,Online,58,138.19
6081,165,2394,2023-09-29,2,213.33,In-Store,108,426.66
6082,175,2394,2025-07-10,1,285.32,In-Store,142,285.32
6083,133,2394,2025-01-20,3,129.42,Email,280,388.26
6084,117,2394,2023-11-15,5,214.01,Online,35,1070.05
6085,122,2394,2024-01-26,1,224.2,Online,39,224.2
6086,114,2394,2024-06-09,2,120.5,Social,196,241.0
6087,122,2394,2024-07-31,1,224.2,In-Store,123,224.2
6088,118,2394,2024-09-06,5,128.58,Online,50,642.9000000000001
6089,142,2394,2024-06-16,1,298.93,Online,47,298.93
6090,111,2395,2024-07-19,3,78.12,Online,48,234.36
6091,179,2395,2025-11-30,2,69.62,Online,74,139.24
6092,184,2395,2025-12-31,5,120.25,TV,365,601.25
6093,191,2395,2024-10-16,5,196.98,Online,52,984.9
6094,173,2395,2025-11-22,1,100.75,Online,75,100.75
6095,159,2395,2024-08-22,3,21.52,Online,50,64.56
6096,136,2395,2024-10-28,4,134.23,Online,53,536.92
6097,141,2395,2025-02-22,5,75.02,Online,60,375.09999999999997
6098,167,2395,2024-09-03,4,75.91,Online,51,303.64
6099,119,2395,2025-06-01,1,193.28,In-Store,139,193.28
6100,191,2395,2025-10-14,4,196.98,In-Store,146,787.92
6101,189,2395,2024-06-21,3,47.31,Online,47,141.93
6102,102,2395,2024-10-04,5,175.2,Online,52,876.0
6103,168,2395,2025-05-20,2,151.07,In-Store,138,302.14
6104,186,2395,2025-12-23,1,29.78,Social,222,29.78
6105,190,2395,2024-12-12,5,121.42,Online,56,607.1
6106,173,2395,2024-11-05,1,100.75,Online,53,100.75
6107,167,2395,2025-06-08,1,75.91,Online,65,75.91
6108,138,2395,2024-12-26,4,115.15,Online,56,460.6
6109,137,2395,2024-11-08,4,90.95,Online,55,363.8
6110,116,2395,2025-09-06,1,161.44,TV,361,161.44
6111,131,2395,2025-04-06,3,76.52,In-Store,137,229.56
6112,150,2395,2025-09-14,5,66.48,Online,70,332.40000000000003
6113,190,2395,2025-06-22,5,121.42,Online,66,607.1
6114,102,2395,2025-12-03,1,175.2,Online,74,175.2
6115,118,2395,2025-09-17,2,128.58,In-Store,144,257.16
6116,165,2395,2025-08-11,4,213.33,Online,69,853.32
6117,119,2395,2025-02-12,3,193.28,Online,59,579.84
6118,145,2396,2024-10-05,3,87.44,In-Store,127,262.32
6119,169,2396,2024-09-15,4,105.46,Online,51,421.84
6120,190,2396,2024-07-21,2,121.42,In-Store,123,242.84
6121,143,2396,2024-09-17,4,18.47,Online,51,73.88
6122,189,2396,2024-05-17,1,47.31,Online,46,47.31
6123,123,2396,2024-08-12,4,28.54,In-Store,124,114.16
6124,133,2396,2024-03-04,3,129.42,Online,42,388.26
6125,101,2396,2024-09-26,1,116.4,Social,202,116.4
6126,169,2396,2024-10-11,1,105.46,In-Store,126,105.46
6127,131,2396,2024-07-12,2,76.52,Online,48,153.04
6128,186,2396,2024-03-15,1,29.78,In-Store,117,29.78
6129,180,2396,2024-06-20,2,97.9,Online,47,195.8
6130,103,2396,2024-09-22,4,74.85,TV,343,299.4
6131,182,2396,2024-07-14,1,73.37,In-Store,123,73.37
6132,143,2396,2024-04-21,3,18.47,Online,43,55.41
6133,180,2397,2024-10-27,4,97.9,Online,53,391.6
6134,104,2397,2024-06-13,4,50.25,Online,47,201.0
6135,121,2397,2023-08-12,3,126.42,In-Store,105,379.26
6136,151,2397,2023-01-08,5,170.44,Online,19,852.2
6137,137,2397,2023-04-24,3,90.95,Email,245,272.85
6138,165,2397,2023-03-02,3,213.33,Online,22,639.99
6139,140,2397,2024-03-11,1,139.7,In-Store,116,139.7
6140,180,2397,2023-11-14,4,97.9,Online,35,391.6
6141,132,2397,2023-03-16,3,146.35,Online,22,439.04999999999995
6142,156,2397,2022-11-28,1,13.54,Online,18,13.54
6143,182,2397,2023-07-17,2,73.37,Online,30,146.74
6144,186,2397,2024-09-07,3,29.78,Online,51,89.34
6145,157,2397,2024-07-21,5,140.43,Online,48,702.1500000000001
6146,115,2397,2024-03-12,3,114.62,In-Store,116,343.86
6147,125,2397,2025-03-01,4,25.35,In-Store,136,101.4
6148,134,2397,2023-04-19,2,113.57,Social,177,227.14
6149,107,2397,2022-12-12,2,110.76,Online,17,221.52
6150,143,2397,2023-10-02,4,18.47,In-Store,108,73.88
6151,115,2397,2024-02-28,1,114.62,Online,40,114.62
6152,151,2397,2023-12-22,5,170.44,Online,37,852.2
6153,134,2397,2023-01-18,1,113.57,Online,20,113.57
6154,163,2397,2025-05-18,3,115.65,Online,65,346.95000000000005
6155,174,2397,2025-05-14,2,89.89,Social,212,179.78
6156,168,2398,2024-02-26,1,151.07,In-Store,114,151.07
6157,110,2398,2024-01-22,2,138.19,Online,39,276.38
6158,116,2398,2024-12-31,2,161.44,In-Store,131,322.88
6159,161,2398,2025-05-13,4,233.25,Online,63,933.0
6160,153,2398,2024-04-13,3,44.91,Email,263,134.73
6161,146,2398,2023-11-23,3,28.76,TV,329,86.28
6162,190,2398,2025-03-07,5,121.42,Online,60,607.1
6163,117,2398,2024-02-28,5,214.01,Social,191,1070.05
6164,123,2398,2025-06-25,3,28.54,Online,66,85.62
6165,113,2398,2024-07-30,2,122.3,Online,49,244.6
6166,140,2398,2023-10-26,5,139.7,Online,34,698.5
6167,161,2398,2023-11-19,4,233.25,Online,36,933.0
6168,142,2398,2024-03-20,2,298.93,Online,42,597.86
6169,121,2398,2023-11-28,1,126.42,Social,186,126.42
6170,118,2398,2023-09-10,4,128.58,Email,253,514.32
6171,139,2399,2025-07-09,2,162.16,In-Store,142,324.32
6172,196,2399,2024-11-23,2,162.21,Online,55,324.42
6173,200,2399,2022-07-29,1,213.63,Online,10,213.63
6174,133,2399,2023-01-11,2,129.42,Online,19,258.84
6175,135,2399,2022-06-26,1,62.14,Online,9,62.14
6176,175,2399,2024-04-28,4,285.32,Online,45,1141.28
6177,165,2399,2025-08-14,3,213.33,In-Store,143,639.99
6178,190,2399,2022-08-14,2,121.42,Social,162,242.84
6179,193,2399,2024-01-01,4,28.68,Online,37,114.72
6180,134,2399,2022-10-07,2,113.57,Online,13,227.14
6181,161,2399,2024-05-30,2,233.25,Online,46,466.5
6182,110,2399,2025-03-09,1,138.19,Email,282,138.19
6183,200,2399,2025-03-22,1,213.63,Social,209,213.63
6184,149,2399,2024-04-05,3,64.92,In-Store,118,194.76
6185,126,2399,2023-07-30,3,62.9,In-Store,105,188.7
6186,159,2399,2023-10-01,1,21.52,In-Store,107,21.52
6187,191,2399,2024-12-17,4,196.98,Social,205,787.92
6188,133,2399,2024-02-01,1,129.42,Social,190,129.42
6189,149,2399,2024-07-10,2,64.92,Online,48,129.84
6190,181,2399,2025-03-18,2,231.25,TV,352,462.5
6191,158,2399,2024-08-14,4,132.56,Online,49,530.24
6192,155,2400,2025-09-24,5,71.21,In-Store,144,356.04999999999995
6193,149,2400,2025-11-11,4,64.92,Online,73,259.68
6194,110,2400,2023-09-24,1,138.19,Online,33,138.19
6195,200,2400,2025-12-30,1,213.63,Online,77,213.63
6196,200,2400,2023-07-08,5,213.63,In-Store,104,1068.15
6197,194,2400,2024-10-06,4,70.1,In-Store,127,280.4
6198,121,2400,2024-08-26,3,126.42,Online,49,379.26
6199,111,2400,2023-12-19,4,78.12,Online,36,312.48
6200,186,2400,2025-12-23,5,29.78,Online,76,148.9
6201,108,2400,2023-06-27,3,127.37,In-Store,103,382.11
6202,180,2400,2024-07-13,1,97.9,In-Store,122,97.9
6203,157,2400,2025-01-16,5,140.43,Online,58,702.1500000000001
6204,124,2400,2024-12-03,5,174.26,Online,55,871.3
6205,155,2400,2024-02-24,4,71.21,In-Store,114,284.84
6206,196,2400,2024-06-11,5,162.21,Online,47,811.0500000000001
6207,153,2400,2024-07-03,4,44.91,In-Store,121,179.64
6208,157,2401,2024-04-29,3,140.43,Email,264,421.29
6209,124,2401,2025-10-01,3,174.26,In-Store,144,522.78
6210,189,2401,2025-12-06,3,47.31,TV,364,141.93
6211,190,2401,2025-08-22,2,121.42,Online,68,242.84
6212,131,2401,2024-07-28,1,76.52,Online,48,76.52
6213,128,2401,2024-07-07,2,69.61,Social,198,139.22
6214,194,2401,2025-11-13,1,70.1,In-Store,148,70.1
6215,188,2401,2024-11-22,2,12.93,Online,55,25.86
6216,141,2401,2025-01-24,1,75.02,Online,58,75.02
6217,197,2401,2024-09-14,1,270.16,TV,344,270.16
6218,175,2401,2024-09-13,4,285.32,In-Store,125,1141.28
6219,112,2401,2025-07-15,5,58.11,In-Store,142,290.55
6220,141,2401,2025-09-04,3,75.02,Online,69,225.06
6221,110,2401,2024-11-15,2,138.19,Online,54,276.38
6222,158,2401,2024-04-20,4,132.56,Online,44,530.24
6223,104,2401,2024-03-06,4,50.25,Online,41,201.0
6224,153,2401,2025-04-01,1,44.91,Social,211,44.91
6225,173,2401,2025-01-09,1,100.75,Online,58,100.75
6226,101,2401,2024-12-06,1,116.4,Online,56,116.4
6227,189,2401,2025-10-13,4,47.31,Online,72,189.24
6228,108,2401,2024-12-05,1,127.37,Online,55,127.37
6229,194,2401,2025-10-31,2,70.1,In-Store,147,140.2
6230,196,2401,2024-06-28,1,162.21,Online,47,162.21
6231,135,2401,2025-07-24,3,62.14,Online,68,186.42000000000002
6232,139,2402,2024-02-08,4,162.16,In-Store,114,648.64
6233,186,2402,2024-11-08,1,29.78,In-Store,128,29.78
6234,104,2402,2023-10-13,5,50.25,Online,34,251.25
6235,160,2402,2025-03-01,4,74.86,Online,60,299.44
6236,151,2402,2024-04-18,2,170.44,Online,44,340.88
6237,191,2402,2023-10-17,1,196.98,Online,33,196.98
6238,117,2402,2024-07-21,3,214.01,Online,48,642.03
6239,116,2402,2023-07-28,3,161.44,Online,31,484.32
6240,113,2402,2023-08-05,1,122.3,In-Store,105,122.3
6241,128,2402,2025-02-23,2,69.61,In-Store,135,139.22
6242,164,2402,2024-11-22,4,91.03,Online,55,364.12
6243,122,2402,2024-12-07,3,224.2,Online,56,672.5999999999999
6244,113,2402,2024-08-08,2,122.3,In-Store,123,244.6
6245,165,2402,2025-09-01,5,213.33,Online,70,1066.65
6246,102,2402,2025-05-21,1,175.2,In-Store,138,175.2
6247,136,2402,2024-04-27,2,134.23,In-Store,119,268.46
6248,111,2402,2025-03-28,1,78.12,Online,60,78.12
6249,158,2402,2025-07-04,4,132.56,TV,356,530.24
6250,155,2402,2025-02-02,4,71.21,Online,59,284.84
6251,149,2402,2024-04-06,4,64.92,Online,43,259.68
6252,111,2403,2023-02-02,3,78.12,Online,20,234.36
6253,121,2403,2023-09-19,1,126.42,Online,33,126.42
6254,146,2403,2023-06-22,2,28.76,Online,29,57.52
6255,138,2403,2024-04-08,2,115.15,Online,43,230.3
6256,173,2403,2023-07-13,2,100.75,In-Store,104,201.5
6257,113,2403,2023-08-01,1,122.3,Online,31,122.3
6258,109,2404,2023-05-01,1,69.39,Online,24,69.39
6259,182,2404,2023-06-20,2,73.37,Online,28,146.74
6260,172,2405,2023-11-24,2,75.03,Online,36,150.06
6261,155,2405,2023-07-02,1,71.21,Online,29,71.21
6262,174,2405,2023-07-29,1,89.89,In-Store,105,89.89
6263,190,2405,2023-06-02,3,121.42,In-Store,103,364.26
6264,101,2405,2023-08-06,1,116.4,Social,182,116.4
6265,199,2405,2024-02-14,1,105.38,Email,260,105.38
6266,160,2406,2024-11-07,1,74.86,In-Store,128,74.86
6267,172,2406,2024-10-23,3,75.03,Social,203,225.09
6268,173,2406,2024-11-03,1,100.75,Online,53,100.75
6269,138,2406,2024-10-31,2,115.15,Online,53,230.3
6270,108,2406,2024-10-17,1,127.37,In-Store,127,127.37
6271,170,2406,2025-01-19,1,124.94,Social,206,124.94
6272,135,2406,2024-10-18,1,62.14,In-Store,128,62.14
6273,194,2406,2024-11-17,2,70.1,Online,54,140.2
6274,107,2406,2024-11-02,2,110.76,In-Store,128,221.52
6275,110,2407,2025-01-23,5,138.19,Online,59,690.95
6276,178,2407,2023-11-20,3,58.92,Online,35,176.76
6277,123,2407,2024-06-09,5,28.54,Social,196,142.7
6278,198,2407,2025-09-28,3,167.93,Online,71,503.79
6279,140,2407,2023-05-21,3,139.7,In-Store,101,419.09999999999997
6280,191,2407,2023-10-05,5,196.98,Social,184,984.9
6281,161,2407,2023-11-17,2,233.25,Social,186,466.5
6282,110,2407,2024-01-01,3,138.19,Online,38,414.57
6283,153,2407,2023-12-23,1,44.91,Email,258,44.91
6284,153,2407,2023-06-07,4,44.91,In-Store,103,179.64
6285,114,2407,2025-02-10,1,120.5,Email,281,120.5
6286,147,2407,2025-07-20,2,193.11,In-Store,142,386.22
6287,166,2407,2024-06-27,1,151.16,Online,47,151.16
6288,174,2407,2024-08-13,1,89.89,Social,200,89.89
6289,152,2407,2024-12-07,1,72.34,Social,205,72.34
6290,162,2407,2025-08-17,5,23.29,Online,69,116.44999999999999
6291,167,2407,2024-03-23,4,75.91,TV,335,303.64
6292,103,2407,2025-03-28,3,74.85,In-Store,137,224.54999999999998
6293,131,2407,2024-06-28,2,76.52,Online,47,153.04
6294,113,2407,2023-06-21,1,122.3,Online,28,122.3
6295,111,2407,2023-11-24,5,78.12,Online,36,390.6
6296,143,2407,2025-12-27,5,18.47,In-Store,150,92.35
6297,130,2408,2025-12-10,1,117.61,In-Store,149,117.61
6298,198,2408,2024-12-08,1,167.93,Online,56,167.93
6299,158,2408,2025-06-08,3,132.56,Online,66,397.68
6300,149,2408,2024-08-31,4,64.92,Online,49,259.68
6301,132,2408,2025-08-28,1,146.35,Social,216,146.35
6302,124,2408,2025-11-17,1,174.26,Online,73,174.26
6303,199,2408,2025-10-04,5,105.38,Online,70,526.9
6304,200,2408,2024-08-23,3,213.63,Social,200,640.89
6305,145,2408,2025-02-09,4,87.44,Online,59,349.76
6306,200,2408,2025-04-11,2,213.63,Online,61,427.26
6307,165,2408,2025-07-16,5,213.33,Online,67,1066.65
6308,146,2408,2024-09-08,3,28.76,Online,51,86.28
6309,127,2408,2024-11-29,4,184.65,Online,55,738.6
6310,122,2408,2025-06-24,5,224.2,Email,287,1121.0
6311,190,2408,2025-05-07,5,121.42,Email,286,607.1
6312,127,2408,2024-12-16,2,184.65,Online,57,369.3
6313,139,2408,2025-12-21,3,162.16,Online,76,486.48
6314,183,2409,2025-02-24,1,127.82,Online,60,127.82
6315,198,2409,2025-02-04,2,167.93,Online,59,335.86
6316,154,2409,2025-04-12,1,39.53,In-Store,138,39.53
6317,136,2409,2025-07-29,4,134.23,Email,290,536.92
6318,110,2409,2025-02-16,1,138.19,Online,59,138.19
6319,189,2409,2025-07-06,3,47.31,Online,67,141.93
6320,177,2409,2024-04-12,2,296.45,Online,43,592.9
6321,150,2409,2025-02-07,1,66.48,Online,59,66.48
6322,161,2409,2025-04-02,5,233.25,Online,61,1166.25
6323,158,2409,2025-09-11,5,132.56,Online,70,662.8
6324,122,2409,2025-10-18,5,224.2,In-Store,146,1121.0
6325,132,2409,2025-06-10,1,146.35,Online,66,146.35
6326,120,2409,2025-11-02,1,186.86,Online,72,186.86
6327,175,2409,2024-03-01,4,285.32,In-Store,116,1141.28
6328,182,2409,2024-01-11,4,73.37,Online,39,293.48
6329,157,2409,2024-08-21,3,140.43,In-Store,124,421.29
6330,111,2409,2024-11-19,2,78.12,Social,204,156.24
6331,154,2409,2024-02-13,1,39.53,Online,40,39.53
6332,195,2409,2024-03-22,5,109.44,In-Store,118,547.2
6333,155,2409,2025-03-15,1,71.21,Online,61,71.21
6334,122,2409,2024-01-31,1,224.2,Online,40,224.2
6335,120,2409,2024-11-02,3,186.86,Online,54,560.58
6336,128,2409,2025-09-04,3,69.61,Online,69,208.82999999999998
6337,108,2409,2024-09-01,5,127.37,Online,50,636.85
6338,116,2409,2025-08-07,3,161.44,Online,68,484.32
6339,158,2409,2024-06-20,1,132.56,Online,47,132.56
6340,161,2409,2025-12-03,2,233.25,In-Store,149,466.5
6341,181,2409,2025-01-09,1,231.25,Social,206,231.25
6342,161,2409,2024-03-03,5,233.25,In-Store,115,1166.25
6343,104,2409,2025-02-03,3,50.25,Online,59,150.75
6344,118,2410,2024-11-30,1,128.58,TV,346,128.58
6345,199,2410,2024-10-22,4,105.38,In-Store,127,421.52
6346,158,2410,2025-01-18,4,132.56,Online,58,530.24
6347,152,2410,2024-12-24,4,72.34,Online,56,289.36
6348,182,2410,2024-10-02,3,73.37,In-Store,126,220.11
6349,192,2410,2024-11-10,2,22.56,Online,55,45.12
6350,137,2410,2024-11-29,4,90.95,In-Store,130,363.8
6351,113,2410,2025-07-16,2,122.3,Email,289,244.6
6352,188,2410,2024-10-13,2,12.93,In-Store,126,25.86
6353,164,2410,2024-09-05,3,91.03,Social,201,273.09000000000003
6354,175,2411,2024-09-04,2,285.32,Social,201,570.64
6355,143,2411,2024-03-08,4,18.47,In-Store,117,73.88
6356,102,2411,2025-08-12,1,175.2,TV,358,175.2
6357,110,2411,2024-06-06,2,138.19,In-Store,120,276.38
6358,152,2411,2025-11-24,5,72.34,Online,74,361.70000000000005
6359,170,2411,2023-11-06,3,124.94,Online,35,374.82
6360,166,2411,2025-07-20,2,151.16,Social,215,302.32
6361,199,2411,2025-01-18,1,105.38,Social,207,105.38
6362,106,2411,2024-02-04,3,41.44,Online,40,124.32
6363,169,2411,2025-09-16,5,105.46,In-Store,144,527.3
6364,184,2411,2024-10-16,4,120.25,Online,52,481.0
6365,163,2411,2024-05-03,5,115.65,In-Store,119,578.25
6366,119,2411,2025-01-03,3,193.28,In-Store,131,579.84
6367,123,2412,2024-08-27,1,28.54,Social,200,28.54
6368,178,2412,2024-02-10,2,58.92,Online,40,117.84
6369,164,2412,2023-07-23,1,91.03,In-Store,104,91.03
6370,133,2412,2025-01-12,5,129.42,TV,349,647.0999999999999
6371,190,2412,2024-11-05,5,121.42,Social,204,607.1
6372,113,2412,2023-02-15,5,122.3,Email,242,611.5
6373,182,2412,2024-12-31,1,73.37,Online,56,73.37
6374,160,2412,2023-04-08,1,74.86,In-Store,100,74.86
6375,136,2412,2023-02-16,3,134.23,Online,20,402.68999999999994
6376,170,2412,2025-02-22,5,124.94,Online,59,624.7
6377,140,2412,2025-12-19,3,139.7,TV,366,419.09999999999997
6378,185,2412,2025-09-13,1,143.79,Social,217,143.79
6379,117,2412,2022-10-28,5,214.01,Online,15,1070.05
6380,163,2412,2023-11-25,3,115.65,In-Store,110,346.95000000000005
6381,198,2412,2024-12-02,5,167.93,Online,56,839.6500000000001
6382,108,2412,2025-12-17,4,127.37,Online,76,509.48
6383,177,2412,2024-01-15,3,296.45,In-Store,112,889.3499999999999
6384,124,2412,2025-10-13,4,174.26,Email,292,697.04
6385,148,2413,2025-03-03,3,47.75,TV,351,143.25
6386,110,2413,2025-03-16,2,138.19,Online,61,276.38
6387,190,2413,2023-04-05,5,121.42,Online,23,607.1
6388,110,2413,2023-08-22,2,138.19,In-Store,106,276.38
6389,163,2413,2025-10-21,4,115.65,Social,218,462.6
6390,200,2413,2023-07-15,1,213.63,In-Store,105,213.63
6391,134,2413,2024-02-09,2,113.57,Online,40,227.14
6392,141,2413,2024-04-28,4,75.02,In-Store,119,300.08
6393,183,2413,2025-03-25,3,127.82,Email,283,383.46
6394,200,2413,2023-03-24,4,213.63,Online,22,854.52
6395,109,2413,2022-12-09,2,69.39,Online,17,138.78
6396,145,2413,2023-03-27,2,87.44,In-Store,100,174.88
6397,200,2413,2024-10-12,5,213.63,Online,52,1068.15
6398,144,2413,2025-02-09,1,22.73,Online,59,22.73
6399,192,2413,2024-03-15,3,22.56,In-Store,116,67.67999999999999
6400,196,2413,2024-08-27,2,162.21,Email,273,324.42
6401,170,2413,2024-08-11,5,124.94,Online,49,624.7
6402,128,2414,2024-03-22,3,69.61,In-Store,117,208.82999999999998
6403,103,2414,2024-01-28,4,74.85,In-Store,113,299.4
6404,106,2414,2025-06-04,5,41.44,Online,66,207.2
6405,181,2414,2025-11-09,3,231.25,In-Store,147,693.75
6406,108,2414,2024-01-01,4,127.37,Online,37,509.48
6407,155,2414,2025-01-27,1,71.21,Online,59,71.21
6408,192,2414,2024-10-11,3,22.56,Online,53,67.67999999999999
6409,155,2414,2024-05-09,1,71.21,In-Store,120,71.21
6410,144,2414,2025-12-05,2,22.73,In-Store,149,45.46
6411,143,2414,2024-11-12,5,18.47,Online,54,92.35
6412,172,2414,2025-12-18,1,75.03,In-Store,149,75.03
6413,156,2414,2023-06-04,3,13.54,TV,321,40.62
6414,162,2414,2024-01-15,1,23.29,Online,39,23.29
6415,130,2414,2025-11-11,4,117.61,Online,74,470.44
6416,140,2414,2023-06-11,2,139.7,Online,28,279.4
6417,129,2414,2024-03-18,1,269.37,Online,42,269.37
6418,190,2414,2024-04-10,5,121.42,In-Store,119,607.1
6419,188,2414,2024-10-01,2,12.93,In-Store,126,25.86
6420,109,2414,2025-12-12,2,69.39,In-Store,149,138.78
6421,193,2415,2024-10-21,2,28.68,Social,203,57.36
6422,106,2415,2024-11-04,2,41.44,In-Store,128,82.88
6423,199,2415,2024-12-23,1,105.38,In-Store,131,105.38
6424,156,2415,2024-11-09,3,13.54,Social,203,40.62
6425,199,2415,2024-12-03,2,105.38,In-Store,130,210.76
6426,101,2415,2024-11-02,2,116.4,In-Store,128,232.8
6427,164,2416,2023-12-26,4,91.03,In-Store,111,364.12
6428,174,2416,2023-12-23,4,89.89,TV,331,359.56
6429,183,2416,2023-06-03,4,127.82,Online,26,511.28
6430,180,2416,2023-07-13,4,97.9,Online,29,391.6
6431,174,2416,2024-03-16,3,89.89,Online,42,269.67
6432,156,2417,2025-12-12,1,13.54,Online,76,13.54
6433,110,2417,2025-07-08,2,138.19,Online,67,276.38
6434,152,2417,2024-10-12,5,72.34,Online,52,361.70000000000005
6435,181,2417,2025-04-18,1,231.25,In-Store,138,231.25
6436,162,2417,2025-06-14,5,23.29,TV,356,116.44999999999999
6437,170,2417,2025-08-14,5,124.94,Online,69,624.7
6438,110,2417,2025-05-23,2,138.19,In-Store,139,276.38
6439,174,2417,2024-10-17,5,89.89,Online,52,449.45
6440,190,2417,2024-11-08,4,121.42,Online,55,485.68
6441,103,2417,2025-05-03,3,74.85,Online,63,224.54999999999998
6442,170,2417,2024-12-12,4,124.94,Online,56,499.76
6443,136,2417,2024-10-29,1,134.23,In-Store,128,134.23
6444,143,2417,2024-12-06,3,18.47,Social,205,55.41
6445,110,2417,2024-11-01,2,138.19,Online,53,276.38
6446,189,2417,2025-09-19,2,47.31,In-Store,144,94.62
6447,108,2417,2025-03-13,5,127.37,In-Store,136,636.85
6448,112,2417,2025-03-13,1,58.11,In-Store,136,58.11
6449,147,2417,2024-10-06,3,193.11,Social,202,579.33
6450,146,2417,2024-10-13,5,28.76,Online,52,143.8
6451,101,2417,2025-06-29,2,116.4,Online,67,232.8
6452,118,2417,2025-12-20,1,128.58,Online,77,128.58
6453,170,2417,2025-04-29,4,124.94,Online,63,499.76
6454,169,2418,2022-05-28,1,105.46,Online,7,105.46
6455,184,2418,2023-02-28,3,120.25,Online,21,360.75
6456,125,2418,2023-01-25,1,25.35,In-Store,97,25.35
6457,189,2419,2025-01-27,3,47.31,Online,59,141.93
6458,102,2419,2025-08-04,2,175.2,In-Store,142,350.4
6459,159,2419,2025-07-13,2,21.52,Social,214,43.04
6460,119,2419,2025-11-18,5,193.28,Online,74,966.4
6461,113,2419,2025-06-23,2,122.3,Online,66,244.6
6462,149,2419,2025-07-04,5,64.92,Online,66,324.6
6463,124,2419,2025-03-02,2,174.26,Social,209,348.52
6464,189,2419,2025-01-09,3,47.31,Online,58,141.93
6465,181,2419,2024-05-13,4,231.25,Online,46,925.0
6466,106,2419,2025-12-09,1,41.44,In-Store,149,41.44
6467,198,2419,2025-02-12,3,167.93,In-Store,135,503.79
6468,157,2419,2024-08-04,1,140.43,Online,49,140.43
6469,200,2419,2025-02-24,4,213.63,Social,208,854.52
6470,106,2419,2024-10-15,5,41.44,Online,53,207.2
6471,119,2419,2024-07-31,1,193.28,Online,49,193.28
6472,109,2419,2024-05-12,4,69.39,In-Store,119,277.56
6473,142,2419,2025-06-23,2,298.93,Online,66,597.86
6474,121,2419,2024-10-07,3,126.42,Online,52,379.26
6475,157,2419,2024-12-30,2,140.43,In-Store,132,280.86
6476,162,2419,2025-11-10,3,23.29,Online,73,69.87
6477,122,2419,2025-11-06,4,224.2,In-Store,147,896.8
6478,117,2420,2024-03-01,3,214.01,In-Store,116,642.03
6479,198,2420,2024-07-24,4,167.93,Online,48,671.72
6480,138,2420,2024-10-02,2,115.15,In-Store,126,230.3
6481,138,2420,2023-02-09,1,115.15,Online,21,115.15
6482,113,2420,2024-09-11,3,122.3,Online,51,366.9
6483,144,2420,2025-04-15,4,22.73,Online,61,90.92
6484,121,2420,2025-11-22,2,126.42,Online,75,252.84
6485,129,2420,2024-02-01,4,269.37,Online,40,1077.48
6486,135,2420,2022-12-14,1,62.14,Online,18,62.14
6487,122,2420,2024-11-09,5,224.2,Social,203,1121.0
6488,136,2420,2025-09-10,5,134.23,Online,70,671.15
6489,160,2420,2025-11-23,3,74.86,Social,220,224.57999999999998
6490,142,2420,2023-08-01,2,298.93,Online,30,597.86
6491,131,2420,2024-09-08,3,76.52,In-Store,125,229.56
6492,143,2420,2024-11-21,2,18.47,Online,55,36.94
6493,128,2420,2024-10-28,4,69.61,Online,53,278.44
6494,175,2420,2025-08-17,1,285.32,Online,69,285.32
6495,182,2420,2023-11-26,5,73.37,In-Store,110,366.85
6496,121,2420,2024-02-06,3,126.42,In-Store,114,379.26
6497,177,2420,2025-06-20,2,296.45,Online,66,592.9
6498,140,2420,2024-04-01,1,139.7,Online,43,139.7
6499,133,2421,2024-09-02,3,129.42,TV,342,388.26
6500,184,2421,2023-07-28,4,120.25,Email,251,481.0
6501,160,2421,2023-09-17,1,74.86,In-Store,107,74.86
6502,159,2421,2023-01-15,1,21.52,Social,171,21.52
6503,141,2421,2023-07-05,2,75.02,Online,29,150.04
6504,155,2421,2022-08-05,2,71.21,Online,10,142.42
6505,187,2421,2023-06-23,4,95.73,Online,28,382.92
6506,152,2421,2023-07-14,2,72.34,Online,30,144.68
6507,178,2421,2023-01-19,4,58.92,In-Store,97,235.68
6508,146,2422,2025-09-04,5,28.76,Social,216,143.8
6509,163,2422,2025-07-23,2,115.65,Online,68,231.3
6510,183,2422,2025-06-06,1,127.82,In-Store,140,127.82
6511,120,2422,2025-10-13,5,186.86,In-Store,145,934.3000000000001
6512,113,2422,2025-08-19,5,122.3,Online,69,611.5
6513,129,2422,2024-11-18,3,269.37,In-Store,128,808.11
6514,135,2422,2024-10-20,2,62.14,Online,53,124.28
6515,160,2422,2025-09-07,5,74.86,Social,217,374.3
6516,161,2422,2025-09-07,2,233.25,Online,69,466.5
6517,169,2423,2025-03-28,5,105.46,Online,60,527.3
6518,118,2423,2025-10-01,3,128.58,In-Store,145,385.74
6519,116,2423,2025-04-27,2,161.44,Online,63,322.88
6520,140,2423,2025-04-13,1,139.7,Online,63,139.7
6521,137,2423,2024-11-16,5,90.95,In-Store,128,454.75
6522,181,2423,2025-07-10,3,231.25,In-Store,142,693.75
6523,200,2423,2023-11-06,3,213.63,Social,186,640.89
6524,140,2423,2023-10-31,1,139.7,Online,34,139.7
6525,199,2423,2025-05-09,2,105.38,In-Store,138,210.76
6526,182,2423,2022-11-08,3,73.37,Online,16,220.11
6527,158,2423,2023-05-25,4,132.56,Social,178,530.24
6528,118,2423,2025-04-12,4,128.58,Online,61,514.32
6529,120,2423,2023-07-19,5,186.86,In-Store,105,934.3000000000001
6530,151,2423,2024-12-25,5,170.44,Online,56,852.2
6531,140,2423,2025-08-10,5,139.7,In-Store,143,698.5
6532,190,2423,2024-09-07,5,121.42,TV,342,607.1
6533,155,2423,2024-02-19,3,71.21,Online,40,213.63
6534,194,2423,2023-05-06,4,70.1,Online,25,280.4
6535,175,2423,2025-10-29,5,285.32,Online,73,1426.6
6536,155,2424,2025-01-20,2,71.21,TV,350,142.42
6537,106,2424,2024-11-18,1,41.44,TV,346,41.44
6538,153,2424,2024-11-18,3,44.91,Online,55,134.73
6539,130,2425,2023-04-14,3,117.61,Online,24,352.83
6540,136,2425,2023-09-18,2,134.23,In-Store,107,268.46
6541,169,2425,2022-12-18,1,105.46,Social,169,105.46
6542,155,2425,2023-09-21,2,71.21,Online,33,142.42
6543,188,2425,2024-01-29,2,12.93,Online,39,25.86
6544,189,2425,2023-05-04,3,47.31,In-Store,101,141.93
6545,138,2425,2022-12-13,1,115.15,Online,17,115.15
6546,164,2425,2022-11-16,1,91.03,In-Store,93,91.03
6547,153,2425,2023-01-22,1,44.91,Online,19,44.91
6548,178,2425,2023-02-04,3,58.92,Online,21,176.76
6549,170,2426,2023-07-15,2,124.94,Online,30,249.88
6550,107,2426,2023-10-11,3,110.76,Online,33,332.28000000000003
6551,152,2426,2024-09-04,2,72.34,Email,272,144.68
6552,113,2426,2024-10-03,4,122.3,In-Store,126,489.2
6553,111,2426,2024-01-03,3,78.12,Online,37,234.36
6554,180,2426,2023-09-08,3,97.9,In-Store,106,293.70000000000005
6555,152,2426,2023-06-22,1,72.34,In-Store,103,72.34
6556,192,2426,2024-01-23,2,22.56,Online,39,45.12
6557,173,2426,2024-04-07,2,100.75,Email,263,201.5
6558,176,2426,2023-06-22,4,98.45,Online,29,393.8
6559,190,2426,2024-09-22,2,121.42,Online,51,242.84
6560,194,2426,2023-10-08,3,70.1,In-Store,107,210.29999999999998
6561,120,2427,2024-07-22,4,186.86,Online,48,747.44
6562,185,2427,2025-11-21,2,143.79,Online,75,287.58
6563,133,2427,2024-08-01,4,129.42,Online,49,517.68
6564,139,2427,2025-01-16,5,162.16,Online,58,810.8
6565,184,2427,2024-04-26,3,120.25,Online,43,360.75
6566,159,2427,2025-03-10,1,21.52,Email,282,21.52
6567,161,2427,2024-08-22,4,233.25,Online,49,933.0
6568,133,2427,2024-12-05,4,129.42,TV,346,517.68
6569,182,2427,2024-12-19,3,73.37,In-Store,130,220.11
6570,191,2427,2025-07-17,1,196.98,In-Store,142,196.98
6571,119,2427,2024-07-11,2,193.28,Email,269,386.56
6572,165,2427,2025-11-24,2,213.33,Online,74,426.66
6573,103,2427,2024-04-06,3,74.85,Online,43,224.54999999999998
6574,158,2427,2025-05-11,2,132.56,Online,64,265.12
6575,107,2427,2024-08-23,5,110.76,In-Store,125,553.8000000000001
6576,197,2427,2025-12-30,4,270.16,Online,77,1080.64
6577,198,2427,2025-05-26,3,167.93,Online,65,503.79
6578,134,2427,2024-03-27,3,113.57,Online,42,340.71
6579,115,2427,2025-03-06,1,114.62,Online,60,114.62
6580,185,2427,2025-05-14,3,143.79,Online,65,431.37
6581,160,2427,2025-08-16,5,74.86,In-Store,143,374.3
6582,160,2427,2025-02-05,2,74.86,Online,59,149.72
6583,156,2427,2024-08-10,2,13.54,In-Store,124,27.08
6584,123,2428,2024-01-31,2,28.54,In-Store,113,57.08
6585,153,2428,2023-10-08,2,44.91,Online,33,89.82
6586,190,2428,2024-02-23,3,121.42,Online,41,364.26
6587,125,2428,2023-09-26,3,25.35,Social,184,76.05000000000001
6588,170,2428,2023-08-29,2,124.94,In-Store,106,249.88
6589,154,2429,2023-05-13,2,39.53,Email,246,79.06
6590,108,2429,2023-07-07,4,127.37,Social,179,509.48
6591,184,2429,2022-10-30,1,120.25,Online,16,120.25
6592,186,2429,2022-10-31,2,29.78,Online,15,59.56
6593,159,2429,2024-02-25,4,21.52,Online,40,86.08
6594,194,2429,2025-01-03,3,70.1,In-Store,132,210.29999999999998
6595,170,2429,2022-11-29,4,124.94,Online,17,499.76
6596,104,2429,2023-05-01,1,50.25,Online,24,50.25
6597,163,2429,2022-08-28,4,115.65,Online,12,462.6
6598,108,2429,2023-08-02,1,127.37,TV,323,127.37
6599,169,2429,2023-08-02,1,105.46,Online,30,105.46
6600,112,2429,2023-01-09,1,58.11,Online,19,58.11
6601,126,2429,2023-11-26,2,62.9,Online,36,125.8
6602,149,2430,2025-07-22,4,64.92,Social,214,259.68
6603,128,2430,2024-08-05,1,69.61,In-Store,123,69.61
6604,106,2430,2024-10-25,2,41.44,In-Store,128,82.88
6605,157,2430,2024-06-23,2,140.43,In-Store,121,280.86
6606,122,2430,2025-05-01,5,224.2,Online,63,1121.0
6607,183,2430,2024-04-12,2,127.82,Online,43,255.64
6608,120,2430,2024-07-06,4,186.86,Online,47,747.44
6609,148,2430,2024-06-05,2,47.75,Social,195,95.5
6610,140,2430,2025-09-15,4,139.7,Online,70,558.8
6611,183,2430,2025-01-21,1,127.82,Online,58,127.82
6612,161,2430,2025-11-04,5,233.25,Online,73,1166.25
6613,110,2430,2025-07-09,5,138.19,Email,288,690.95
6614,107,2430,2024-06-12,2,110.76,Online,46,221.52
6615,107,2430,2025-09-22,1,110.76,TV,361,110.76
6616,178,2430,2024-09-28,5,58.92,In-Store,125,294.6
6617,110,2430,2025-02-02,4,138.19,Online,59,552.76
6618,139,2430,2025-11-24,3,162.16,Online,74,486.48
6619,138,2430,2024-04-23,4,115.15,Social,194,460.6
6620,174,2430,2024-04-29,3,89.89,Online,43,269.67
6621,194,2430,2024-12-29,3,70.1,Online,56,210.29999999999998
6622,110,2430,2025-07-26,5,138.19,Online,68,690.95
6623,147,2430,2024-12-22,5,193.11,Email,279,965.5500000000001
6624,168,2430,2025-01-02,1,151.07,Social,206,151.07
6625,124,2430,2025-12-21,3,174.26,Online,76,522.78
6626,171,2431,2024-01-02,1,117.28,TV,331,117.28
6627,133,2431,2022-10-14,1,129.42,Online,14,129.42
6628,173,2431,2022-06-14,4,100.75,TV,305,403.0
6629,135,2431,2023-07-15,2,62.14,Online,29,124.28
6630,143,2431,2023-03-08,2,18.47,Online,22,36.94
6631,137,2431,2024-01-20,1,90.95,In-Store,114,90.95
6632,153,2432,2024-04-08,1,44.91,In-Store,118,44.91
6633,173,2432,2025-12-23,1,100.75,Online,77,100.75
6634,110,2432,2023-11-11,4,138.19,Online,35,552.76
6635,186,2432,2025-04-21,1,29.78,Online,63,29.78
6636,165,2432,2025-11-25,5,213.33,Online,74,1066.65
6637,133,2432,2024-06-03,4,129.42,Online,46,517.68
6638,137,2432,2025-03-07,5,90.95,Social,209,454.75
6639,113,2432,2025-08-22,4,122.3,In-Store,143,489.2
6640,101,2432,2024-05-23,2,116.4,In-Store,120,232.8
6641,113,2432,2024-08-04,3,122.3,Online,49,366.9
6642,130,2432,2024-11-26,3,117.61,Online,55,352.83
6643,148,2432,2024-12-22,1,47.75,In-Store,131,47.75
6644,141,2433,2023-06-08,3,75.02,In-Store,102,225.06
6645,153,2433,2023-10-04,2,44.91,In-Store,107,89.82
6646,169,2433,2023-07-22,3,105.46,Online,30,316.38
6647,153,2433,2023-10-12,3,44.91,Online,34,134.73
6648,164,2433,2023-08-20,1,91.03,In-Store,106,91.03
6649,113,2433,2023-04-12,3,122.3,In-Store,100,366.9
6650,183,2433,2023-10-06,2,127.82,Social,184,255.64
6651,149,2434,2023-03-09,1,64.92,Online,22,64.92
6652,152,2435,2022-10-06,1,72.34,Online,13,72.34
6653,117,2435,2023-10-14,2,214.01,Online,33,428.02
6654,144,2435,2025-04-04,4,22.73,In-Store,137,90.92
6655,139,2435,2024-09-21,3,162.16,Online,51,486.48
6656,165,2435,2025-12-09,1,213.33,Online,76,213.33
6657,191,2435,2025-05-20,1,196.98,In-Store,139,196.98
6658,196,2435,2022-06-21,4,162.21,In-Store,87,648.84
6659,175,2435,2024-03-19,2,285.32,Online,42,570.64
6660,183,2435,2022-06-15,3,127.82,In-Store,86,383.46
6661,175,2435,2023-02-06,2,285.32,In-Store,97,570.64
6662,175,2435,2025-08-25,1,285.32,Online,69,285.32
6663,117,2435,2025-12-19,4,214.01,Online,77,856.04
6664,106,2435,2025-09-07,4,41.44,Online,70,165.76
6665,180,2435,2024-10-07,3,97.9,In-Store,126,293.70000000000005
6666,161,2435,2025-07-18,5,233.25,Social,215,1166.25
6667,170,2435,2024-09-18,3,124.94,Social,201,374.82
6668,161,2435,2023-02-14,4,233.25,In-Store,98,933.0
6669,115,2435,2025-12-31,3,114.62,In-Store,149,343.86
6670,128,2436,2023-09-14,3,69.61,Online,32,208.82999999999998
6671,153,2436,2024-11-17,3,44.91,Online,55,134.73
6672,174,2436,2024-06-01,2,89.89,Online,46,179.78
6673,113,2436,2022-12-03,1,122.3,Email,239,122.3
6674,160,2436,2023-06-13,3,74.86,Online,27,224.57999999999998
6675,160,2436,2024-01-09,2,74.86,Online,38,149.72
6676,192,2436,2024-10-13,2,22.56,Social,202,45.12
6677,112,2436,2024-04-26,4,58.11,In-Store,119,232.44
6678,155,2436,2024-02-28,4,71.21,In-Store,114,284.84
6679,170,2436,2023-05-15,4,124.94,Online,25,499.76
6680,114,2436,2024-09-30,1,120.5,In-Store,126,120.5
6681,111,2436,2023-11-28,4,78.12,In-Store,110,312.48
6682,160,2436,2023-07-09,1,74.86,Social,180,74.86
6683,136,2437,2025-01-25,4,134.23,Online,59,536.92
6684,119,2437,2025-07-09,3,193.28,Online,67,579.84
6685,151,2437,2025-05-27,5,170.44,Online,65,852.2
6686,197,2437,2024-06-12,5,270.16,Online,47,1350.8000000000002
6687,181,2437,2023-11-03,3,231.25,Online,35,693.75
6688,116,2437,2024-02-27,1,161.44,In-Store,114,161.44
6689,124,2437,2024-12-02,3,174.26,Online,55,522.78
6690,123,2437,2025-05-29,4,28.54,Online,65,114.16
6691,169,2437,2024-05-26,2,105.46,Online,46,210.92
6692,131,2437,2024-11-29,1,76.52,Online,56,76.52
6693,175,2437,2024-01-02,1,285.32,Email,258,285.32
6694,118,2437,2025-02-16,1,128.58,TV,350,128.58
6695,139,2437,2024-05-18,4,162.16,Social,195,648.64
6696,180,2437,2025-05-21,3,97.9,In-Store,138,293.70000000000005
6697,185,2437,2025-12-21,2,143.79,Online,77,287.58
6698,165,2437,2025-04-17,5,213.33,In-Store,138,1066.65
6699,198,2437,2023-10-28,4,167.93,In-Store,108,671.72
6700,193,2437,2024-03-26,5,28.68,Online,43,143.4
6701,170,2437,2025-10-21,2,124.94,Online,72,249.88
6702,165,2438,2024-08-08,5,213.33,TV,340,1066.65
6703,159,2438,2025-04-01,2,21.52,Online,61,43.04
6704,185,2438,2024-10-15,2,143.79,Social,203,287.58
6705,113,2438,2025-04-23,4,122.3,Email,285,489.2
6706,116,2438,2025-05-25,5,161.44,Online,65,807.2
6707,184,2438,2024-01-15,3,120.25,Online,38,360.75
6708,198,2438,2025-10-10,5,167.93,Online,70,839.6500000000001
6709,151,2438,2024-09-18,3,170.44,Online,51,511.32
6710,109,2438,2024-07-21,1,69.39,Online,48,69.39
6711,198,2438,2025-05-24,4,167.93,TV,355,671.72
6712,142,2438,2024-05-13,4,298.93,Online,46,1195.72
6713,136,2438,2024-05-16,5,134.23,Online,45,671.15
6714,166,2438,2024-08-14,2,151.16,In-Store,124,302.32
6715,189,2438,2024-05-14,4,47.31,In-Store,120,189.24
6716,141,2438,2025-04-09,5,75.02,Online,61,375.09999999999997
6717,181,2438,2025-05-18,4,231.25,Online,64,925.0
6718,191,2438,2024-08-22,3,196.98,Social,200,590.9399999999999
6719,117,2438,2025-12-26,1,214.01,Online,76,214.01
6720,108,2438,2023-11-15,5,127.37,Email,256,636.85
6721,123,2438,2024-03-29,5,28.54,TV,335,142.7
6722,135,2438,2024-06-16,1,62.14,In-Store,121,62.14
6723,101,2438,2025-07-19,4,116.4,Online,67,465.6
6724,165,2439,2025-09-12,4,213.33,Social,218,853.32
6725,183,2439,2025-05-01,1,127.82,Online,63,127.82
6726,154,2439,2024-01-01,5,39.53,Online,37,197.65
6727,183,2439,2024-02-03,2,127.82,Online,40,255.64
6728,174,2439,2024-05-25,1,89.89,TV,337,89.89
6729,153,2439,2024-09-25,4,44.91,Online,51,179.64
6730,151,2439,2023-03-07,2,170.44,Social,173,340.88
6731,182,2439,2022-10-15,4,73.37,Online,14,293.48
6732,183,2439,2024-10-14,3,127.82,Online,53,383.46
6733,103,2439,2024-03-18,1,74.85,Online,42,74.85
6734,174,2439,2023-03-05,4,89.89,In-Store,98,359.56
6735,165,2439,2024-02-13,1,213.33,Online,40,213.33
6736,191,2439,2024-11-27,2,196.98,Social,204,393.96
6737,175,2439,2025-03-13,4,285.32,In-Store,136,1141.28
6738,177,2439,2023-05-07,4,296.45,Social,177,1185.8
6739,145,2439,2024-05-31,1,87.44,In-Store,120,87.44
6740,147,2439,2023-01-11,1,193.11,Online,19,193.11
6741,139,2439,2022-07-09,2,162.16,In-Store,87,324.32
6742,156,2439,2025-03-05,1,13.54,Email,283,13.54
6743,151,2439,2024-10-09,3,170.44,Online,52,511.32
6744,110,2439,2025-04-20,4,138.19,Online,62,552.76
6745,168,2439,2024-06-03,3,151.07,Online,46,453.21
6746,191,2439,2022-08-07,5,196.98,In-Store,88,984.9
6747,122,2439,2023-06-05,1,224.2,Email,247,224.2
6748,153,2439,2025-05-16,4,44.91,Online,64,179.64
6749,178,2439,2022-09-02,3,58.92,Social,164,176.76
6750,118,2439,2025-11-17,5,128.58,Email,293,642.9000000000001
6751,114,2439,2025-11-01,3,120.5,Online,72,361.5
6752,136,2440,2024-11-21,5,134.23,TV,346,671.15
6753,104,2440,2025-09-16,3,50.25,Online,70,150.75
6754,139,2440,2025-02-17,2,162.16,Social,208,324.32
6755,146,2440,2024-12-02,5,28.76,In-Store,130,143.8
6756,127,2440,2025-09-28,2,184.65,Online,71,369.3
6757,112,2440,2024-11-24,2,58.11,Social,205,116.22
6758,152,2440,2025-07-09,3,72.34,Online,67,217.02
6759,176,2440,2025-09-10,4,98.45,Online,70,393.8
6760,107,2440,2024-10-31,5,110.76,In-Store,128,553.8000000000001
6761,142,2440,2025-05-26,2,298.93,Online,65,597.86
6762,128,2440,2025-07-06,2,69.61,Online,67,139.22
6763,148,2440,2025-11-13,4,47.75,Online,74,191.0
6764,133,2440,2025-01-31,4,129.42,TV,350,517.68
6765,183,2440,2024-06-21,5,127.82,Online,47,639.0999999999999
6766,196,2440,2025-01-27,3,162.21,Social,207,486.63
6767,179,2440,2025-06-26,3,69.62,Social,213,208.86
6768,200,2440,2024-12-08,2,213.63,Social,205,427.26
6769,157,2440,2025-09-20,1,140.43,Online,70,140.43
6770,183,2440,2025-05-18,5,127.82,Online,64,639.0999999999999
6771,198,2440,2025-10-08,2,167.93,In-Store,145,335.86
6772,180,2440,2025-01-25,2,97.9,Online,58,195.8
6773,139,2440,2025-06-01,4,162.16,Email,286,648.64
6774,161,2440,2024-07-07,2,233.25,In-Store,121,466.5
6775,102,2440,2024-07-26,2,175.2,Online,48,350.4
6776,183,2440,2025-05-25,4,127.82,Online,65,511.28
6777,119,2440,2025-01-28,4,193.28,Social,207,773.12
6778,137,2440,2025-09-26,3,90.95,Online,70,272.85
6779,111,2440,2025-08-13,5,78.12,Online,68,390.6
6780,127,2440,2024-08-23,5,184.65,Online,49,923.25
6781,192,2440,2025-04-02,4,22.56,Online,61,90.24
6782,190,2441,2024-06-12,2,121.42,Online,47,242.84
6783,144,2441,2024-07-11,1,22.73,Online,48,22.73
6784,194,2441,2024-09-30,2,70.1,Online,52,140.2
6785,111,2441,2024-06-18,2,78.12,In-Store,121,156.24
6786,137,2441,2024-09-01,2,90.95,Online,51,181.9
6787,192,2441,2024-07-06,1,22.56,Online,47,22.56
6788,182,2441,2024-07-02,3,73.37,Online,48,220.11
6789,180,2441,2024-05-10,1,97.9,TV,336,97.9
6790,134,2442,2023-11-23,3,113.57,Online,36,340.71
6791,148,2442,2024-06-06,4,47.75,Email,267,191.0
6792,192,2442,2024-02-27,4,22.56,Online,41,90.24
6793,103,2442,2024-01-25,4,74.85,Social,190,299.4
6794,184,2442,2024-01-19,2,120.25,In-Store,113,240.5
6795,108,2443,2024-11-14,5,127.37,In-Store,128,636.85
6796,141,2443,2024-10-10,4,75.02,Online,53,300.08
6797,169,2443,2025-05-12,5,105.46,In-Store,139,527.3
6798,196,2443,2024-07-28,2,162.21,Email,270,324.42
6799,158,2443,2024-02-16,2,132.56,In-Store,115,265.12
6800,105,2443,2024-01-28,2,45.85,In-Store,114,91.7
6801,163,2443,2025-05-29,4,115.65,Online,65,462.6
6802,175,2443,2024-08-15,4,285.32,Online,49,1141.28
6803,118,2443,2024-02-22,5,128.58,In-Store,115,642.9000000000001
6804,129,2443,2024-03-16,1,269.37,Email,262,269.37
6805,141,2443,2025-01-07,2,75.02,Online,58,150.04
6806,158,2443,2024-07-19,4,132.56,Online,48,530.24
6807,186,2443,2025-10-11,4,29.78,Online,71,119.12
6808,136,2443,2025-04-14,3,134.23,Email,284,402.68999999999994
6809,118,2443,2025-01-07,5,128.58,Online,57,642.9000000000001
6810,104,2443,2025-12-12,3,50.25,Online,76,150.75
6811,140,2443,2025-05-19,3,139.7,In-Store,139,419.09999999999997
6812,152,2443,2025-01-12,1,72.34,Social,206,72.34
6813,159,2443,2024-11-25,2,21.52,In-Store,130,43.04
6814,165,2443,2025-01-29,1,213.33,Online,58,213.33
6815,119,2443,2024-11-01,3,193.28,Social,203,579.84
6816,177,2443,2025-07-24,3,296.45,Email,289,889.3499999999999
6817,118,2443,2025-12-05,3,128.58,Online,75,385.74
6818,171,2443,2024-03-02,5,117.28,In-Store,115,586.4
6819,164,2444,2024-05-04,3,91.03,Online,45,273.09000000000003
6820,148,2444,2024-04-26,2,47.75,Online,44,95.5
6821,186,2444,2025-03-07,3,29.78,Online,60,89.34
6822,161,2444,2024-04-19,1,233.25,In-Store,119,233.25
6823,133,2444,2025-12-29,4,129.42,In-Store,150,517.68
6824,159,2444,2024-11-12,1,21.52,Online,55,21.52
6825,120,2444,2025-08-31,1,186.86,Online,69,186.86
6826,144,2444,2025-02-23,2,22.73,Online,60,45.46
6827,142,2444,2024-05-21,3,298.93,Social,195,896.79
6828,175,2444,2024-12-06,2,285.32,In-Store,131,570.64
6829,129,2444,2025-05-09,1,269.37,In-Store,138,269.37
6830,183,2444,2024-05-20,1,127.82,Social,195,127.82
6831,103,2444,2024-03-28,2,74.85,Online,43,149.7
6832,133,2444,2025-09-25,5,129.42,Online,70,647.0999999999999
6833,102,2444,2024-03-16,4,175.2,In-Store,117,700.8
6834,165,2444,2024-11-02,2,213.33,Email,277,426.66
6835,117,2444,2025-01-15,1,214.01,Online,58,214.01
6836,118,2444,2025-10-18,1,128.58,Online,71,128.58
6837,130,2444,2024-12-23,2,117.61,Online,56,235.22
6838,103,2444,2025-07-16,4,74.85,Online,67,299.4
6839,128,2444,2024-09-24,5,69.61,Online,51,348.05
6840,112,2444,2024-08-16,4,58.11,Online,49,232.44
6841,183,2445,2025-03-06,2,127.82,Online,60,255.64
6842,151,2445,2023-01-24,2,170.44,In-Store,96,340.88
6843,172,2445,2023-07-22,2,75.03,Online,30,150.06
6844,166,2445,2024-01-14,3,151.16,In-Store,113,453.48
6845,163,2445,2023-04-29,5,115.65,Online,25,578.25
6846,120,2445,2025-06-20,1,186.86,In-Store,141,186.86
6847,136,2445,2024-09-21,3,134.23,Online,51,402.68999999999994
6848,128,2445,2023-01-25,1,69.61,In-Store,97,69.61
6849,132,2445,2025-09-20,2,146.35,Online,70,292.7
6850,113,2445,2023-08-18,4,122.3,TV,324,489.2
6851,157,2445,2023-07-28,2,140.43,Online,31,280.86
6852,112,2445,2024-10-29,4,58.11,Online,54,232.44
6853,159,2445,2024-02-05,1,21.52,Email,260,21.52
6854,132,2445,2022-11-21,2,146.35,In-Store,93,292.7
6855,147,2445,2025-07-27,1,193.11,Social,214,193.11
6856,185,2445,2025-02-05,3,143.79,Social,208,431.37
6857,188,2446,2024-01-16,2,12.93,In-Store,113,25.86
6858,104,2446,2022-12-20,2,50.25,Online,19,100.5
6859,137,2446,2023-06-11,2,90.95,Online,28,181.9
6860,144,2446,2023-09-07,3,22.73,In-Store,107,68.19
6861,186,2446,2024-03-26,4,29.78,Online,42,119.12
6862,148,2446,2024-05-10,4,47.75,Online,45,191.0
6863,105,2446,2023-10-30,4,45.85,In-Store,108,183.4
6864,184,2447,2025-04-17,2,120.25,Online,63,240.5
6865,140,2447,2025-02-01,1,139.7,Social,207,139.7
6866,108,2447,2023-09-07,1,127.37,Social,184,127.37
6867,185,2447,2025-04-20,5,143.79,In-Store,137,718.9499999999999
6868,182,2447,2023-01-13,1,73.37,Online,19,73.37
6869,191,2447,2024-12-23,1,196.98,TV,347,196.98
6870,125,2447,2025-09-23,2,25.35,Online,70,50.7
6871,171,2447,2024-10-01,1,117.28,Online,51,117.28
6872,153,2447,2025-11-04,4,44.91,Email,293,179.64
6873,190,2447,2024-09-26,5,121.42,Online,52,607.1
6874,155,2447,2023-04-13,2,71.21,Online,24,142.42
6875,161,2447,2025-02-05,4,233.25,Online,59,933.0
6876,127,2447,2024-04-18,1,184.65,In-Store,118,184.65
6877,131,2447,2025-10-06,1,76.52,Online,71,76.52
6878,181,2447,2022-10-14,2,231.25,Online,14,462.5
6879,142,2447,2023-09-22,1,298.93,In-Store,107,298.93
6880,119,2447,2024-10-15,5,193.28,In-Store,127,966.4
6881,198,2447,2024-02-27,5,167.93,In-Store,114,839.6500000000001
6882,118,2447,2025-08-10,2,128.58,Online,68,257.16
6883,131,2447,2024-05-23,1,76.52,Social,195,76.52
6884,129,2447,2025-04-11,5,269.37,Social,211,1346.85
6885,161,2447,2024-05-02,2,233.25,In-Store,119,466.5
6886,125,2448,2024-06-16,3,25.35,Online,47,76.05000000000001
6887,157,2448,2025-12-14,5,140.43,In-Store,149,702.1500000000001
6888,112,2448,2025-02-15,1,58.11,TV,350,58.11
6889,195,2448,2024-05-20,2,109.44,In-Store,120,218.88
6890,138,2448,2024-03-03,5,115.15,In-Store,115,575.75
6891,149,2448,2024-02-03,4,64.92,Online,40,259.68
6892,105,2448,2025-12-22,2,45.85,Online,76,91.7
6893,106,2448,2024-03-09,1,41.44,Online,41,41.44
6894,135,2448,2024-03-04,4,62.14,Online,42,248.56
6895,149,2448,2024-05-20,3,64.92,Online,46,194.76
6896,105,2448,2025-07-31,3,45.85,Online,68,137.55
6897,168,2448,2024-02-28,1,151.07,Online,41,151.07
6898,166,2448,2024-08-19,4,151.16,Online,50,604.64
6899,194,2448,2023-12-26,4,70.1,Online,37,280.4
6900,108,2448,2023-11-08,5,127.37,Online,35,636.85
6901,161,2448,2024-12-13,3,233.25,Online,56,699.75
6902,166,2448,2023-09-26,2,151.16,Online,33,302.32
6903,181,2448,2025-06-29,2,231.25,In-Store,141,462.5
6904,139,2448,2023-09-15,5,162.16,Online,33,810.8
6905,120,2448,2023-10-19,1,186.86,Social,185,186.86
6906,157,2448,2025-12-21,1,140.43,Online,77,140.43
6907,118,2448,2023-12-24,1,128.58,In-Store,112,128.58
6908,177,2448,2024-06-20,3,296.45,Online,47,889.3499999999999
6909,180,2448,2024-06-30,2,97.9,In-Store,122,195.8
6910,110,2449,2025-03-17,3,138.19,Email,283,414.57
6911,148,2449,2025-03-02,1,47.75,TV,351,47.75
6912,190,2449,2024-08-04,3,121.42,In-Store,123,364.26
6913,161,2449,2025-05-26,3,233.25,Social,212,699.75
6914,105,2449,2025-07-05,4,45.85,Online,66,183.4
6915,125,2449,2025-03-01,1,25.35,Online,59,25.35
6916,162,2449,2025-09-04,2,23.29,Online,69,46.58
6917,103,2449,2024-12-08,5,74.85,Online,55,374.25
6918,107,2449,2025-11-02,2,110.76,In-Store,147,221.52
6919,109,2449,2025-10-06,2,69.39,Online,70,138.78
6920,149,2449,2025-03-02,1,64.92,Email,282,64.92
6921,163,2449,2025-06-05,4,115.65,Online,66,462.6
6922,185,2449,2025-01-22,5,143.79,In-Store,133,718.9499999999999
6923,122,2449,2025-08-28,3,224.2,Online,68,672.5999999999999
6924,196,2449,2024-11-01,4,162.21,Social,203,648.84
6925,192,2449,2025-03-30,1,22.56,Online,61,22.56
6926,159,2449,2025-12-30,5,21.52,Online,77,107.6
6927,177,2449,2025-11-05,1,296.45,Online,72,296.45
6928,139,2449,2025-09-11,4,162.16,Email,291,648.64
6929,141,2449,2025-06-11,5,75.02,Online,66,375.09999999999997
6930,136,2449,2024-11-12,2,134.23,In-Store,129,268.46
6931,168,2449,2025-07-06,5,151.07,In-Store,141,755.3499999999999
6932,158,2450,2023-12-29,1,132.56,TV,331,132.56
6933,114,2450,2024-10-24,3,120.5,Social,203,361.5
6934,163,2450,2022-11-17,2,115.65,Online,17,231.3
6935,124,2450,2022-03-19,1,174.26,In-Store,81,174.26
6936,136,2450,2024-08-26,3,134.23,Online,50,402.68999999999994
6937,138,2450,2025-11-10,3,115.15,In-Store,147,345.45000000000005
6938,140,2450,2023-06-17,1,139.7,Social,179,139.7
6939,184,2450,2023-05-04,2,120.25,Online,25,240.5
6940,148,2450,2025-01-11,1,47.75,In-Store,133,47.75
6941,138,2450,2025-12-23,1,115.15,Online,77,115.15
6942,194,2450,2022-03-21,1,70.1,Online,4,70.1
6943,183,2450,2025-08-21,3,127.82,Online,69,383.46
6944,157,2450,2022-07-26,2,140.43,Online,9,280.86
6945,112,2450,2023-08-31,5,58.11,Online,32,290.55
6946,140,2450,2023-09-23,3,139.7,Online,33,419.09999999999997
6947,181,2450,2025-09-19,2,231.25,Online,70,462.5
6948,141,2450,2024-02-11,5,75.02,Online,40,375.09999999999997
6949,187,2450,2023-05-05,5,95.73,Social,177,478.65000000000003
6950,126,2450,2024-02-28,4,62.9,In-Store,116,251.6
6951,196,2450,2025-04-04,2,162.21,Online,61,324.42
6952,160,2450,2022-12-03,3,74.86,Online,18,224.57999999999998
6953,155,2450,2025-09-20,4,71.21,Online,70,284.84
6954,151,2450,2022-08-11,5,170.44,Online,11,852.2
6955,126,2450,2022-07-05,4,62.9,TV,305,251.6
6956,133,2450,2025-12-06,5,129.42,Online,76,647.0999999999999
6957,188,2450,2022-02-27,5,12.93,Online,3,64.65
6958,191,2450,2024-06-25,3,196.98,Email,268,590.9399999999999
6959,185,2450,2023-08-04,1,143.79,TV,323,143.79
6960,160,2451,2024-05-31,3,74.86,Online,46,224.57999999999998
6961,115,2451,2024-04-26,3,114.62,Online,44,343.86
6962,173,2451,2024-02-21,2,100.75,Online,41,201.5
6963,144,2451,2024-06-24,2,22.73,Social,197,45.46
6964,143,2451,2024-01-21,2,18.47,Online,39,36.94
6965,180,2451,2024-03-11,3,97.9,Social,191,293.70000000000005
6966,135,2452,2025-02-17,3,62.14,TV,351,186.42000000000002
6967,162,2452,2024-12-28,2,23.29,Online,58,46.58
6968,146,2452,2024-09-03,4,28.76,TV,343,115.04
6969,182,2452,2025-02-10,4,73.37,Online,59,293.48
6970,162,2452,2024-07-07,1,23.29,Online,48,23.29
6971,126,2452,2024-09-17,1,62.9,In-Store,126,62.9
6972,153,2452,2024-10-28,3,44.91,Online,53,134.73
6973,148,2452,2024-09-19,3,47.75,Email,273,143.25
6974,156,2453,2025-12-22,5,13.54,Social,222,67.69999999999999
6975,178,2453,2025-09-10,2,58.92,Online,70,117.84
6976,113,2453,2025-09-21,1,122.3,In-Store,145,122.3
6977,178,2453,2025-11-08,1,58.92,Online,73,58.92
6978,168,2453,2025-07-11,2,151.07,Online,67,302.14
6979,129,2453,2025-03-23,3,269.37,Online,61,808.11
6980,133,2453,2025-06-30,5,129.42,Online,67,647.0999999999999
6981,101,2453,2025-01-27,1,116.4,Social,207,116.4
6982,113,2453,2025-03-09,4,122.3,Online,60,489.2
6983,104,2453,2025-12-25,1,50.25,Online,77,50.25
6984,199,2453,2025-04-07,1,105.38,Online,62,105.38
6985,186,2453,2025-08-22,4,29.78,Email,291,119.12
6986,139,2453,2025-11-28,5,162.16,Online,74,810.8
6987,165,2453,2024-12-21,1,213.33,In-Store,130,213.33
6988,127,2453,2025-08-23,5,184.65,Online,69,923.25
6989,144,2453,2025-02-20,4,22.73,Online,60,90.92
6990,110,2453,2025-05-07,4,138.19,Email,285,552.76
6991,103,2453,2025-03-03,3,74.85,Online,60,224.54999999999998
6992,181,2453,2025-08-03,3,231.25,Social,215,693.75
6993,166,2453,2025-06-23,2,151.16,Online,66,302.32
6994,113,2453,2025-06-23,3,122.3,Online,66,366.9
6995,166,2453,2025-10-05,5,151.16,Online,70,755.8
6996,165,2453,2025-09-29,4,213.33,In-Store,144,853.32
6997,129,2453,2024-12-04,1,269.37,Online,56,269.37
6998,151,2454,2023-11-17,1,170.44,Online,35,170.44
6999,183,2454,2024-01-04,2,127.82,Online,38,255.64
7000,130,2454,2023-11-10,4,117.61,In-Store,110,470.44
7001,151,2454,2024-03-22,3,170.44,TV,335,511.32
7002,120,2454,2024-02-18,5,186.86,Email,261,934.3000000000001
7003,142,2454,2025-08-20,4,298.93,In-Store,143,1195.72
7004,200,2454,2025-10-21,1,213.63,In-Store,146,213.63
7005,140,2454,2024-02-22,4,139.7,Online,41,558.8
7006,200,2454,2023-12-02,3,213.63,Online,37,640.89
7007,149,2454,2025-08-05,1,64.92,Online,68,64.92
7008,105,2454,2025-06-29,4,45.85,In-Store,141,183.4
7009,164,2454,2025-02-12,1,91.03,Online,59,91.03
7010,141,2454,2025-09-29,2,75.02,Online,70,150.04
7011,159,2454,2025-08-28,2,21.52,Online,69,43.04
7012,115,2454,2024-11-20,2,114.62,TV,346,229.24
7013,116,2454,2023-11-14,3,161.44,In-Store,110,484.32
7014,151,2454,2023-12-15,5,170.44,Online,36,852.2
7015,168,2454,2023-11-25,2,151.07,Online,36,302.14
7016,191,2454,2024-01-01,5,196.98,Online,38,984.9
7017,167,2455,2024-03-22,1,75.91,Online,43,75.91
7018,122,2455,2024-09-08,2,224.2,Online,51,448.4
7019,120,2455,2023-02-16,4,186.86,Online,20,747.44
7020,139,2455,2024-01-17,2,162.16,In-Store,113,324.32
7021,150,2455,2025-12-13,5,66.48,Online,76,332.40000000000003
7022,177,2455,2024-07-06,1,296.45,Online,48,296.45
7023,138,2455,2025-09-01,1,115.15,Online,69,115.15
7024,192,2455,2024-03-01,5,22.56,Online,40,112.8
7025,177,2455,2025-01-08,1,296.45,Online,57,296.45
7026,192,2455,2025-04-19,4,22.56,Online,62,90.24
7027,129,2455,2025-02-06,3,269.37,Online,59,808.11
7028,108,2455,2023-09-30,4,127.37,In-Store,108,509.48
7029,195,2455,2025-12-17,4,109.44,In-Store,149,437.76
7030,103,2455,2023-10-27,1,74.85,Online,35,74.85
7031,111,2455,2023-10-02,4,78.12,Online,33,312.48
7032,150,2456,2025-10-22,5,66.48,Online,71,332.40000000000003
7033,116,2456,2023-07-30,2,161.44,Online,30,322.88
7034,127,2456,2025-07-19,5,184.65,Online,68,923.25
7035,194,2456,2025-10-24,5,70.1,Online,72,350.5
7036,186,2456,2025-05-02,2,29.78,Online,64,59.56
7037,198,2456,2024-07-08,2,167.93,Online,48,335.86
7038,154,2456,2025-04-16,5,39.53,Social,211,197.65
7039,106,2456,2024-10-15,3,41.44,In-Store,128,124.32
7040,177,2456,2022-08-07,1,296.45,Online,10,296.45
7041,141,2456,2024-11-12,5,75.02,Online,54,375.09999999999997
7042,158,2456,2022-08-21,4,132.56,Online,12,530.24
7043,196,2456,2024-02-06,4,162.21,Online,39,648.84
7044,174,2456,2024-02-06,5,89.89,In-Store,114,449.45
7045,124,2456,2024-10-31,5,174.26,In-Store,128,871.3
7046,198,2456,2025-11-18,1,167.93,Online,74,167.93
7047,127,2456,2024-04-22,2,184.65,Social,194,369.3
7048,120,2456,2024-07-26,1,186.86,Online,49,186.86
7049,127,2456,2025-08-09,2,184.65,Email,290,369.3
7050,120,2456,2024-11-27,5,186.86,In-Store,130,934.3000000000001
7051,191,2456,2024-10-03,5,196.98,Online,52,984.9
7052,106,2456,2024-04-26,3,41.44,Online,43,124.32
7053,156,2456,2025-07-20,3,13.54,In-Store,142,40.62
7054,200,2456,2024-01-13,4,213.63,In-Store,113,854.52
7055,102,2456,2024-06-29,4,175.2,Online,47,700.8
7056,119,2456,2025-03-07,1,193.28,Online,60,193.28
7057,183,2456,2022-12-10,2,127.82,In-Store,95,255.64
7058,197,2456,2025-01-19,4,270.16,In-Store,133,1080.64
7059,178,2456,2023-09-03,2,58.92,Online,32,117.84
7060,182,2456,2024-08-14,4,73.37,Online,49,293.48
7061,181,2456,2023-06-22,2,231.25,Online,29,462.5
7062,190,2456,2025-04-06,5,121.42,Online,61,607.1
7063,195,2457,2025-06-26,1,109.44,In-Store,141,109.44
7064,113,2457,2023-10-16,1,122.3,Online,34,122.3
7065,119,2457,2025-07-06,1,193.28,In-Store,141,193.28
7066,183,2457,2024-04-05,2,127.82,Online,43,255.64
7067,145,2457,2024-10-20,4,87.44,In-Store,128,349.76
7068,166,2457,2024-03-15,5,151.16,Online,42,755.8
7069,123,2457,2025-02-17,3,28.54,Online,59,85.62
7070,132,2457,2025-07-06,5,146.35,In-Store,141,731.75
7071,132,2457,2024-03-16,4,146.35,Online,42,585.4
7072,118,2457,2025-02-23,5,128.58,Online,60,642.9000000000001
7073,114,2457,2024-09-11,4,120.5,Social,201,482.0
7074,137,2457,2024-08-14,5,90.95,Social,200,454.75
7075,114,2457,2024-07-11,2,120.5,In-Store,123,241.0
7076,196,2457,2024-05-28,5,162.21,Social,196,811.0500000000001
7077,166,2457,2024-12-02,5,151.16,Online,55,755.8
7078,172,2457,2024-12-15,3,75.03,Email,279,225.09
7079,127,2457,2023-08-03,4,184.65,Online,30,738.6
7080,185,2457,2024-10-17,4,143.79,Online,53,575.16
7081,139,2457,2025-11-30,4,162.16,Online,74,648.64
7082,183,2457,2024-07-29,5,127.82,Social,199,639.0999999999999
7083,166,2457,2025-12-11,2,151.16,Online,76,302.32
7084,197,2457,2025-04-24,3,270.16,Online,63,810.48
7085,121,2457,2024-06-09,5,126.42,In-Store,121,632.1
7086,113,2457,2025-04-13,5,122.3,TV,353,611.5
7087,118,2458,2024-11-03,2,128.58,Online,54,257.16
7088,198,2458,2025-09-13,3,167.93,Online,70,503.79
7089,185,2458,2024-07-13,1,143.79,In-Store,123,143.79
7090,185,2458,2025-04-23,2,143.79,Online,63,287.58
7091,168,2458,2024-05-25,5,151.07,Online,46,755.3499999999999
7092,130,2458,2025-02-22,4,117.61,In-Store,134,470.44
7093,121,2458,2025-04-15,3,126.42,In-Store,138,379.26
7094,177,2458,2024-05-20,4,296.45,Online,46,1185.8
7095,122,2458,2024-12-28,5,224.2,Online,58,1121.0
7096,108,2458,2024-06-12,2,127.37,Online,47,254.74
7097,127,2458,2025-03-02,2,184.65,In-Store,136,369.3
7098,149,2458,2025-05-09,3,64.92,In-Store,138,194.76
7099,154,2458,2025-05-13,1,39.53,In-Store,138,39.53
7100,119,2458,2024-05-05,3,193.28,Online,45,579.84
7101,194,2458,2025-09-05,2,70.1,Online,70,140.2
7102,170,2458,2024-08-02,4,124.94,In-Store,123,499.76
7103,129,2458,2025-05-05,2,269.37,Online,63,538.74
7104,110,2458,2025-02-07,1,138.19,Online,59,138.19
7105,149,2458,2025-03-02,4,64.92,Online,60,259.68
7106,161,2458,2025-09-03,1,233.25,Online,70,233.25
7107,153,2459,2025-06-17,1,44.91,TV,355,44.91
7108,174,2459,2024-09-22,5,89.89,Online,51,449.45
7109,157,2459,2024-09-20,5,140.43,In-Store,125,702.1500000000001
7110,129,2459,2024-10-16,4,269.37,In-Store,127,1077.48
7111,190,2459,2025-07-07,3,121.42,Online,67,364.26
7112,198,2459,2024-09-25,5,167.93,Online,51,839.6500000000001
7113,136,2459,2025-08-15,1,134.23,Online,69,134.23
7114,158,2459,2025-11-06,1,132.56,Online,72,132.56
7115,199,2459,2025-05-04,2,105.38,In-Store,138,210.76
7116,143,2459,2025-01-14,5,18.47,Email,280,92.35
7117,110,2459,2025-06-29,1,138.19,In-Store,141,138.19
7118,124,2459,2024-09-13,5,174.26,Online,51,871.3
7119,175,2459,2024-11-10,2,285.32,Online,54,570.64
7120,110,2459,2025-06-16,2,138.19,Online,66,276.38
7121,177,2459,2025-03-18,1,296.45,Email,283,296.45
7122,174,2459,2025-01-24,1,89.89,Email,281,89.89
7123,189,2459,2025-10-15,5,47.31,In-Store,146,236.55
7124,110,2459,2025-07-19,4,138.19,Online,68,552.76
7125,178,2459,2024-06-27,1,58.92,Online,47,58.92
7126,132,2459,2024-12-22,2,146.35,In-Store,131,292.7
7127,103,2459,2025-02-10,4,74.85,In-Store,134,299.4
7128,162,2459,2025-07-04,4,23.29,Online,67,93.16
7129,113,2459,2024-09-23,1,122.3,In-Store,126,122.3
7130,184,2459,2024-08-08,1,120.25,Online,49,120.25
7131,121,2459,2024-10-22,2,126.42,Social,202,252.84
7132,186,2459,2025-02-10,5,29.78,Social,207,148.9
7133,130,2460,2024-02-29,2,117.61,Online,41,235.22
7134,173,2460,2024-10-15,3,100.75,Online,52,302.25
7135,126,2460,2024-10-13,4,62.9,In-Store,127,251.6
7136,126,2460,2024-04-27,2,62.9,Online,45,125.8
7137,126,2460,2024-04-27,2,62.9,Online,43,125.8
7138,174,2460,2024-04-30,3,89.89,Social,194,269.67
7139,108,2460,2024-07-21,3,127.37,In-Store,123,382.11
7140,146,2460,2023-12-25,1,28.76,Social,188,28.76
7141,169,2460,2024-07-24,4,105.46,In-Store,123,421.84
7142,154,2460,2024-06-05,4,39.53,Social,196,158.12
7143,136,2460,2024-05-09,1,134.23,TV,337,134.23
7144,117,2461,2024-09-22,1,214.01,Online,51,214.01
7145,191,2461,2023-11-25,4,196.98,Online,36,787.92
7146,102,2461,2024-02-08,3,175.2,In-Store,114,525.5999999999999
7147,139,2461,2025-09-10,1,162.16,Online,70,162.16
7148,133,2461,2025-11-09,4,129.42,Social,220,517.68
7149,105,2461,2025-04-12,5,45.85,Online,62,229.25
7150,175,2461,2024-01-18,5,285.32,Social,190,1426.6
7151,154,2461,2024-07-11,3,39.53,Online,48,118.59
7152,129,2461,2025-05-07,1,269.37,Social,212,269.37
7153,148,2461,2023-10-17,3,47.75,Social,184,143.25
7154,117,2461,2025-03-02,2,214.01,In-Store,135,428.02
7155,102,2461,2025-01-15,4,175.2,Online,58,700.8
7156,166,2461,2025-04-28,5,151.16,In-Store,137,755.8
7157,113,2461,2024-09-26,1,122.3,Online,52,122.3
7158,162,2461,2024-02-28,3,23.29,Online,41,69.87
7159,157,2461,2024-02-29,1,140.43,Online,41,140.43
7160,182,2461,2024-10-07,4,73.37,Email,275,293.48
7161,133,2461,2024-04-06,2,129.42,In-Store,118,258.84
7162,184,2461,2025-07-09,4,120.25,Online,67,481.0
7163,171,2461,2024-11-08,5,117.28,Social,204,586.4
7164,183,2461,2024-04-22,4,127.82,Email,264,511.28
7165,113,2461,2024-07-24,5,122.3,TV,339,611.5
7166,165,2461,2024-11-19,3,213.33,In-Store,129,639.99
7167,113,2461,2024-10-24,3,122.3,In-Store,128,366.9
7168,185,2461,2023-10-20,4,143.79,Online,34,575.16
7169,171,2461,2025-01-04,1,117.28,Online,58,117.28
7170,172,2462,2024-12-28,1,75.03,In-Store,132,75.03
7171,159,2462,2025-01-15,3,21.52,Online,58,64.56
7172,185,2463,2024-08-22,5,143.79,Online,50,718.9499999999999
7173,113,2463,2025-03-25,5,122.3,Email,283,611.5
7174,174,2463,2025-04-07,1,89.89,Online,62,89.89
7175,147,2463,2025-02-22,4,193.11,In-Store,135,772.44
7176,139,2463,2024-12-08,1,162.16,Social,205,162.16
7177,126,2463,2025-07-03,2,62.9,Online,66,125.8
7178,133,2463,2024-07-10,3,129.42,Online,48,388.26
7179,118,2463,2024-09-04,3,128.58,Social,201,385.74
7180,199,2463,2025-03-15,1,105.38,Online,60,105.38
7181,104,2463,2025-07-29,3,50.25,In-Store,143,150.75
7182,114,2463,2024-04-14,1,120.5,Online,44,120.5
7183,197,2463,2024-04-07,2,270.16,Online,43,540.32
7184,130,2463,2025-02-12,2,117.61,Online,59,235.22
7185,197,2463,2024-05-09,1,270.16,Online,45,270.16
7186,175,2463,2025-02-24,1,285.32,Online,59,285.32
7187,158,2463,2025-11-09,2,132.56,Online,73,265.12
7188,170,2463,2024-06-18,1,124.94,Online,47,124.94
7189,141,2463,2024-05-07,5,75.02,Online,45,375.09999999999997
7190,188,2463,2024-10-31,2,12.93,In-Store,128,25.86
7191,167,2463,2024-11-19,1,75.91,Online,55,75.91
7192,164,2463,2024-03-12,5,91.03,Email,262,455.15
7193,192,2463,2025-06-21,3,22.56,In-Store,140,67.67999999999999
7194,181,2463,2024-08-29,4,231.25,Social,200,925.0
7195,167,2464,2023-06-28,3,75.91,Online,29,227.73
7196,184,2464,2023-02-17,2,120.25,Online,21,240.5
7197,167,2464,2023-01-12,1,75.91,Online,19,75.91
7198,115,2464,2022-12-19,1,114.62,Online,19,114.62
7199,156,2465,2023-04-24,1,13.54,Online,25,13.54
7200,103,2465,2022-12-20,2,74.85,In-Store,96,149.7
7201,145,2465,2022-09-23,3,87.44,Social,164,262.32
7202,131,2465,2023-05-27,3,76.52,Online,27,229.56
7203,130,2465,2023-05-26,3,117.61,Online,26,352.83
7204,131,2465,2023-06-22,1,76.52,TV,321,76.52
7205,193,2466,2023-12-31,3,28.68,Online,37,86.03999999999999
7206,125,2466,2023-12-20,2,25.35,Online,37,50.7
7207,178,2466,2024-04-15,2,58.92,Online,44,117.84
7208,187,2466,2024-07-23,2,95.73,Online,48,191.46
7209,195,2466,2024-03-04,3,109.44,In-Store,116,328.32
7210,155,2466,2024-02-01,2,71.21,Social,190,142.42
7211,128,2466,2023-10-09,3,69.61,Online,33,208.82999999999998
7212,162,2466,2024-04-21,3,23.29,Online,43,69.87
7213,137,2466,2024-01-11,2,90.95,In-Store,113,181.9
7214,112,2466,2024-03-11,2,58.11,Social,192,116.22
7215,174,2466,2023-10-04,2,89.89,Online,33,179.78
7216,126,2466,2024-01-15,3,62.9,Online,39,188.7
7217,122,2467,2025-07-18,4,224.2,Social,214,896.8
7218,166,2467,2025-01-03,3,151.16,In-Store,131,453.48
7219,171,2467,2024-12-23,2,117.28,Online,57,234.56
7220,177,2467,2024-11-22,5,296.45,In-Store,130,1482.25
7221,147,2467,2025-11-10,1,193.11,Online,74,193.11
7222,116,2467,2025-02-23,3,161.44,Online,59,484.32
7223,166,2467,2025-10-30,5,151.16,TV,363,755.8
7224,185,2467,2025-01-08,3,143.79,Online,58,431.37
7225,181,2467,2025-06-18,4,231.25,In-Store,140,925.0
7226,200,2467,2025-07-18,5,213.63,TV,357,1068.15
7227,197,2467,2025-03-21,5,270.16,Online,60,1350.8000000000002
7228,171,2467,2025-10-24,1,117.28,In-Store,146,117.28
7229,122,2467,2025-03-28,2,224.2,In-Store,137,448.4
7230,122,2467,2025-05-06,5,224.2,Online,64,1121.0
7231,178,2467,2025-04-27,2,58.92,Online,63,117.84
7232,190,2467,2024-12-06,1,121.42,Online,56,121.42
7233,117,2467,2025-03-19,1,214.01,Online,61,214.01
7234,183,2467,2025-03-02,1,127.82,Online,60,127.82
7235,185,2467,2025-05-05,3,143.79,Online,64,431.37
7236,122,2467,2025-08-17,5,224.2,Online,68,1121.0
7237,105,2467,2025-03-24,4,45.85,Online,60,183.4
7238,106,2468,2024-01-05,2,41.44,Online,37,82.88
7239,189,2468,2024-03-04,4,47.31,Online,42,189.24
7240,187,2468,2023-04-30,1,95.73,In-Store,101,95.73
7241,162,2468,2023-08-02,3,23.29,Online,30,69.87
7242,106,2468,2023-02-01,2,41.44,Social,172,82.88
7243,153,2468,2023-11-12,4,44.91,Online,35,179.64
7244,114,2468,2024-03-12,4,120.5,Social,191,482.0
7245,101,2468,2023-08-19,4,116.4,Online,32,465.6
7246,192,2468,2024-10-10,1,22.56,In-Store,126,22.56
7247,128,2468,2023-10-05,2,69.61,In-Store,108,139.22
7248,174,2468,2023-06-28,3,89.89,Online,28,269.67
7249,149,2469,2024-10-02,3,64.92,Online,52,194.76
7250,169,2469,2024-09-05,3,105.46,In-Store,124,316.38
7251,195,2469,2024-10-15,3,109.44,Online,52,328.32
7252,113,2470,2025-01-06,2,122.3,In-Store,131,244.6
7253,182,2470,2024-12-31,3,73.37,Online,58,220.11
7254,164,2470,2024-12-12,3,91.03,Online,56,273.09000000000003
7255,109,2470,2024-12-26,2,69.39,Online,56,138.78
7256,133,2470,2024-12-15,1,129.42,Email,279,129.42
7257,153,2470,2025-02-14,1,44.91,Online,59,44.91
7258,111,2470,2024-12-06,3,78.12,In-Store,131,234.36
7259,193,2470,2024-12-14,2,28.68,In-Store,130,57.36
7260,156,2470,2024-11-25,1,13.54,Online,55,13.54
7261,190,2470,2024-11-25,1,121.42,Online,55,121.42
7262,163,2471,2022-12-08,3,115.65,In-Store,95,346.95000000000005
7263,186,2471,2023-01-07,1,29.78,TV,314,29.78
7264,193,2471,2024-12-05,2,28.68,Online,55,57.36
7265,113,2471,2023-08-27,2,122.3,Online,32,244.6
7266,141,2471,2023-11-06,2,75.02,Social,185,150.04
7267,148,2471,2023-10-28,3,47.75,Online,34,143.25
7268,128,2471,2023-09-09,1,69.61,Email,253,69.61
7269,115,2471,2023-02-07,4,114.62,Online,21,458.48
7270,131,2471,2024-12-18,4,76.52,Online,57,306.08
7271,135,2471,2023-08-30,1,62.14,TV,323,62.14
7272,193,2472,2024-09-23,2,28.68,In-Store,126,57.36
7273,193,2472,2023-08-22,4,28.68,Online,32,114.72
7274,154,2472,2024-04-18,4,39.53,In-Store,119,158.12
7275,176,2472,2023-10-14,4,98.45,Online,33,393.8
7276,178,2472,2024-07-07,4,58.92,Online,48,235.68
7277,111,2472,2023-11-05,4,78.12,Online,34,312.48
7278,106,2472,2023-08-26,3,41.44,Online,32,124.32
7279,179,2472,2023-07-02,1,69.62,In-Store,104,69.62
7280,111,2472,2024-01-18,4,78.12,Online,39,312.48
7281,171,2472,2024-09-05,2,117.28,Online,50,234.56
7282,199,2472,2024-09-27,2,105.38,Online,51,210.76
7283,171,2472,2024-03-14,2,117.28,In-Store,117,234.56
7284,109,2472,2024-03-01,2,69.39,Online,41,138.78
7285,110,2473,2023-06-10,5,138.19,Online,28,690.95
7286,191,2473,2025-04-05,5,196.98,In-Store,137,984.9
7287,124,2473,2024-09-18,3,174.26,In-Store,126,522.78
7288,188,2473,2023-06-16,2,12.93,Social,179,25.86
7289,107,2473,2023-12-05,3,110.76,In-Store,111,332.28000000000003
7290,188,2473,2024-08-30,1,12.93,Email,272,12.93
7291,151,2473,2024-06-30,4,170.44,Online,48,681.76
7292,192,2473,2023-10-12,2,22.56,Online,33,45.12
7293,113,2473,2023-05-20,3,122.3,Online,25,366.9
7294,182,2473,2024-02-26,3,73.37,In-Store,116,220.11
7295,136,2473,2025-05-26,5,134.23,In-Store,139,671.15
7296,126,2473,2024-09-03,2,62.9,TV,342,125.8
7297,197,2473,2023-04-07,4,270.16,In-Store,100,1080.64
7298,197,2473,2024-11-13,1,270.16,Online,55,270.16
7299,166,2473,2022-05-09,2,151.16,In-Store,84,302.32
7300,169,2473,2023-08-30,5,105.46,Online,32,527.3
7301,192,2473,2024-07-20,5,22.56,Online,48,112.8
7302,106,2473,2024-04-10,5,41.44,Social,192,207.2
7303,116,2473,2024-05-02,3,161.44,Online,44,484.32
7304,132,2473,2025-09-27,5,146.35,In-Store,145,731.75
7305,129,2473,2022-10-31,4,269.37,Online,16,1077.48
7306,196,2473,2024-06-15,4,162.21,Online,47,648.84
7307,192,2473,2024-06-27,5,22.56,Online,47,112.8
7308,144,2473,2024-12-25,2,22.73,Online,57,45.46
7309,187,2473,2025-05-19,2,95.73,Social,212,191.46
7310,198,2474,2025-10-10,5,167.93,Online,70,839.6500000000001
7311,181,2474,2025-05-20,5,231.25,Online,65,1156.25
7312,173,2474,2025-12-12,3,100.75,Online,76,302.25
7313,132,2474,2025-10-16,2,146.35,Online,72,292.7
7314,126,2474,2024-06-13,4,62.9,Social,197,251.6
7315,134,2474,2024-09-25,1,113.57,Online,52,113.57
7316,117,2474,2024-08-15,5,214.01,Online,49,1070.05
7317,106,2474,2025-04-11,1,41.44,Online,62,41.44
7318,172,2474,2024-12-04,4,75.03,TV,347,300.12
7319,171,2474,2025-10-24,1,117.28,Online,72,117.28
7320,165,2474,2024-06-13,5,213.33,TV,338,1066.65
7321,158,2474,2024-09-07,4,132.56,In-Store,125,530.24
7322,184,2474,2025-02-11,5,120.25,Online,59,601.25
7323,157,2474,2024-08-30,4,140.43,Online,49,561.72
7324,141,2474,2024-06-27,5,75.02,Email,268,375.09999999999997
7325,167,2474,2025-06-25,2,75.91,Online,66,151.82
7326,195,2474,2024-12-02,5,109.44,In-Store,130,547.2
7327,190,2475,2024-12-19,2,121.42,In-Store,130,242.84
7328,172,2475,2025-06-13,4,75.03,Online,65,300.12
7329,193,2475,2025-01-30,3,28.68,Online,59,86.03999999999999
7330,154,2475,2025-01-05,2,39.53,Online,57,79.06
7331,126,2475,2024-12-21,4,62.9,In-Store,131,251.6
7332,128,2475,2025-04-12,4,69.61,TV,353,278.44
7333,162,2475,2025-02-18,3,23.29,Email,282,69.87
7334,133,2475,2025-02-21,4,129.42,Online,60,517.68
7335,112,2475,2025-05-17,3,58.11,Online,64,174.32999999999998
7336,105,2475,2025-02-13,4,45.85,In-Store,135,183.4
7337,143,2476,2025-06-20,1,18.47,Online,66,18.47
7338,161,2476,2025-01-14,5,233.25,Online,58,1166.25
7339,144,2476,2025-05-28,2,22.73,In-Store,139,45.46
7340,124,2476,2024-08-11,4,174.26,Online,49,697.04
7341,122,2476,2025-09-28,3,224.2,Online,70,672.5999999999999
7342,110,2476,2025-08-24,5,138.19,Online,68,690.95
7343,151,2476,2024-04-10,5,170.44,Online,43,852.2
7344,149,2476,2025-10-17,3,64.92,Online,71,194.76
7345,184,2476,2025-06-10,5,120.25,Online,66,601.25
7346,136,2476,2024-09-10,2,134.23,TV,343,268.46
7347,157,2476,2025-04-01,4,140.43,Online,61,561.72
7348,122,2476,2025-03-03,4,224.2,Online,60,896.8
7349,199,2476,2025-06-24,3,105.38,In-Store,141,316.14
7350,133,2476,2024-11-02,5,129.42,Online,53,647.0999999999999
7351,138,2476,2025-03-08,3,115.15,Social,209,345.45000000000005
7352,108,2476,2025-11-15,4,127.37,In-Store,147,509.48
7353,111,2476,2025-01-28,2,78.12,Online,58,156.24
7354,112,2476,2025-05-04,3,58.11,In-Store,138,174.32999999999998
7355,140,2476,2025-11-20,1,139.7,In-Store,147,139.7
7356,153,2476,2024-10-10,2,44.91,In-Store,126,89.82
7357,113,2476,2024-02-11,3,122.3,In-Store,115,366.9
7358,193,2477,2025-07-25,2,28.68,In-Store,142,57.36
7359,121,2477,2023-08-03,1,126.42,Online,31,126.42
7360,110,2477,2024-02-05,1,138.19,In-Store,114,138.19
7361,182,2477,2024-11-03,3,73.37,Online,54,220.11
7362,142,2477,2023-05-08,5,298.93,Online,25,1494.65
7363,166,2477,2024-05-25,2,151.16,In-Store,120,302.32
7364,198,2477,2022-10-25,5,167.93,Online,14,839.6500000000001
7365,117,2477,2025-01-29,3,214.01,Social,207,642.03
7366,150,2477,2022-04-20,4,66.48,Online,5,265.92
7367,122,2477,2023-09-05,1,224.2,In-Store,107,224.2
7368,166,2477,2024-04-21,3,151.16,Social,194,453.48
7369,142,2477,2023-11-25,2,298.93,Online,36,597.86
7370,121,2477,2025-01-12,5,126.42,Online,58,632.1
7371,174,2477,2025-05-25,2,89.89,Social,213,179.78
7372,113,2477,2024-05-08,4,122.3,Online,45,489.2
7373,123,2477,2024-05-07,1,28.54,Online,45,28.54
7374,105,2477,2022-11-26,2,45.85,Social,167,91.7
7375,168,2477,2025-05-03,3,151.07,Online,64,453.21
7376,136,2477,2025-06-21,1,134.23,In-Store,140,134.23
7377,197,2477,2025-05-13,1,270.16,Online,63,270.16
7378,113,2477,2022-08-20,4,122.3,Online,12,489.2
7379,143,2477,2024-11-05,1,18.47,In-Store,128,18.47
7380,161,2477,2025-06-25,4,233.25,Online,66,933.0
7381,108,2477,2025-01-15,4,127.37,Online,58,509.48
7382,155,2478,2023-06-30,1,71.21,Online,29,71.21
7383,114,2478,2023-05-10,1,120.5,Social,177,120.5
7384,153,2478,2023-11-17,1,44.91,Online,35,44.91
7385,172,2478,2023-10-24,2,75.03,Online,34,150.06
7386,141,2479,2024-12-31,3,75.02,Online,56,225.06
7387,187,2479,2025-01-27,2,95.73,Social,206,191.46
7388,124,2479,2023-10-24,3,174.26,In-Store,108,522.78
7389,178,2479,2025-11-25,2,58.92,Online,74,117.84
7390,108,2479,2024-04-08,1,127.37,In-Store,118,127.37
7391,136,2479,2025-03-24,4,134.23,In-Store,136,536.92
7392,175,2479,2023-12-01,5,285.32,In-Store,111,1426.6
7393,136,2479,2024-01-31,5,134.23,Online,39,671.15
7394,129,2479,2025-10-06,1,269.37,Social,218,269.37
7395,127,2479,2025-05-06,2,184.65,Online,63,369.3
7396,164,2479,2024-06-16,5,91.03,Online,47,455.15
7397,149,2479,2024-07-31,1,64.92,In-Store,124,64.92
7398,126,2479,2024-04-30,2,62.9,Online,43,125.8
7399,130,2479,2025-02-24,3,117.61,Email,282,352.83
7400,170,2479,2025-03-01,1,124.94,Online,59,124.94
7401,122,2479,2023-12-07,4,224.2,Social,188,896.8
7402,113,2479,2024-10-07,1,122.3,Social,202,122.3
7403,117,2479,2024-06-30,1,214.01,TV,338,214.01
7404,132,2479,2025-03-24,5,146.35,In-Store,136,731.75
7405,187,2480,2025-06-14,5,95.73,TV,356,478.65000000000003
7406,158,2480,2025-11-02,3,132.56,Online,73,397.68
7407,132,2480,2025-10-14,2,146.35,Online,70,292.7
7408,157,2480,2025-12-03,3,140.43,In-Store,149,421.29
7409,188,2480,2024-09-19,3,12.93,In-Store,126,38.79
7410,165,2480,2025-05-19,1,213.33,In-Store,139,213.33
7411,166,2480,2024-12-21,4,151.16,In-Store,131,604.64
7412,146,2480,2025-11-09,4,28.76,Social,220,115.04
7413,108,2480,2025-01-25,1,127.37,Online,58,127.37
7414,125,2480,2025-10-02,5,25.35,Online,70,126.75
7415,162,2480,2025-01-30,3,23.29,Social,207,69.87
7416,200,2480,2025-06-25,5,213.63,Email,287,1068.15
7417,186,2480,2025-10-01,1,29.78,Online,70,29.78
7418,111,2480,2024-12-20,1,78.12,Online,57,78.12
7419,140,2481,2025-10-04,3,139.7,Online,71,419.09999999999997
7420,168,2481,2024-09-08,3,151.07,Online,51,453.21
7421,192,2481,2024-08-22,5,22.56,Email,272,112.8
7422,111,2481,2025-08-30,2,78.12,Online,69,156.24
7423,102,2481,2024-12-31,3,175.2,Social,206,525.5999999999999
7424,132,2481,2025-08-28,1,146.35,TV,360,146.35
7425,147,2481,2024-08-14,5,193.11,Online,49,965.5500000000001
7426,151,2481,2025-07-11,1,170.44,Social,214,170.44
7427,113,2481,2025-11-01,2,122.3,Online,73,244.6
7428,109,2481,2024-12-11,5,69.39,Online,56,346.95
7429,145,2481,2024-10-18,3,87.44,Online,53,262.32
7430,151,2481,2025-05-10,1,170.44,In-Store,139,170.44
7431,168,2481,2024-12-05,4,151.07,Email,279,604.28
7432,178,2481,2024-11-21,1,58.92,Online,55,58.92
7433,198,2481,2024-11-19,1,167.93,In-Store,130,167.93
7434,185,2481,2024-09-10,3,143.79,Online,51,431.37
7435,152,2481,2025-05-05,2,72.34,Email,285,144.68
7436,186,2481,2025-07-17,4,29.78,In-Store,142,119.12
7437,168,2481,2025-02-09,5,151.07,Email,282,755.3499999999999
7438,118,2481,2024-12-15,3,128.58,In-Store,130,385.74
7439,113,2481,2025-06-15,1,122.3,Online,66,122.3
7440,199,2481,2024-10-09,4,105.38,Online,52,421.52
7441,139,2481,2025-01-23,2,162.16,Online,58,324.32
7442,196,2481,2025-04-22,5,162.21,Online,62,811.0500000000001
7443,157,2481,2024-10-23,2,140.43,Social,203,280.86
7444,110,2481,2025-07-23,4,138.19,In-Store,142,552.76
7445,120,2481,2024-10-04,3,186.86,In-Store,127,560.58
7446,127,2481,2025-03-21,5,184.65,Online,60,923.25
7447,193,2481,2025-09-21,5,28.68,Online,70,143.4
7448,142,2481,2025-05-21,5,298.93,Online,64,1494.65
7449,177,2482,2024-07-17,3,296.45,Online,48,889.3499999999999
7450,193,2482,2024-03-22,1,28.68,Social,192,28.68
7451,119,2482,2024-06-20,5,193.28,In-Store,121,966.4
7452,175,2482,2024-01-28,3,285.32,Online,39,855.96
7453,198,2482,2024-07-04,4,167.93,In-Store,123,671.72
7454,122,2482,2024-09-01,3,224.2,In-Store,125,672.5999999999999
7455,128,2482,2023-10-28,3,69.61,Online,35,208.82999999999998
7456,105,2482,2023-01-30,5,45.85,In-Store,97,229.25
7457,188,2482,2023-05-25,4,12.93,Online,26,51.72
7458,181,2482,2024-06-29,4,231.25,In-Store,122,925.0
7459,113,2482,2025-05-29,5,122.3,Social,213,611.5
7460,132,2482,2024-09-19,1,146.35,Online,51,146.35
7461,117,2482,2025-07-12,3,214.01,In-Store,142,642.03
7462,167,2482,2024-01-14,4,75.91,In-Store,113,303.64
7463,174,2482,2022-09-27,3,89.89,Social,165,269.67
7464,146,2482,2024-09-07,3,28.76,Online,51,86.28
7465,185,2482,2024-05-20,4,143.79,Online,46,575.16
7466,123,2482,2024-02-18,1,28.54,Online,40,28.54
7467,151,2482,2023-05-22,5,170.44,Online,26,852.2
7468,171,2482,2025-01-03,4,117.28,Online,58,469.12
7469,116,2482,2024-06-29,2,161.44,Online,47,322.88
7470,111,2483,2023-10-20,1,78.12,In-Store,108,78.12
7471,107,2483,2023-12-29,2,110.76,Online,38,221.52
7472,106,2484,2023-02-04,1,41.44,In-Store,97,41.44
7473,200,2484,2023-11-02,4,213.63,Online,35,854.52
7474,161,2484,2024-02-01,3,233.25,Social,190,699.75
7475,148,2484,2023-08-12,2,47.75,Online,31,95.5
7476,109,2484,2025-10-05,1,69.39,Online,71,69.39
7477,183,2484,2024-07-25,3,127.82,In-Store,123,383.46
7478,153,2484,2024-08-08,5,44.91,TV,341,224.54999999999998
7479,105,2484,2025-01-06,2,45.85,TV,348,91.7
7480,143,2484,2025-05-10,2,18.47,Online,64,36.94
7481,118,2484,2025-09-09,4,128.58,Online,70,514.32
7482,139,2484,2023-04-13,5,162.16,Online,24,810.8
7483,175,2484,2023-01-08,5,285.32,Online,19,1426.6
7484,188,2484,2025-10-18,1,12.93,Online,71,12.93
7485,188,2484,2023-06-04,3,12.93,Email,248,38.79
7486,169,2484,2025-08-15,2,105.46,Online,68,210.92
7487,157,2484,2025-07-16,2,140.43,Online,67,280.86
7488,163,2484,2025-02-16,5,115.65,In-Store,135,578.25
7489,169,2484,2024-05-03,4,105.46,Online,45,421.84
7490,108,2484,2025-11-18,5,127.37,Online,74,636.85
7491,104,2484,2023-02-12,1,50.25,Online,21,50.25
7492,154,2484,2024-01-31,1,39.53,Online,40,39.53
7493,165,2484,2024-02-16,2,213.33,Online,40,426.66
7494,119,2484,2023-04-02,2,193.28,In-Store,99,386.56
7495,161,2484,2024-04-23,5,233.25,Online,44,1166.25
7496,190,2484,2025-10-12,2,121.42,Email,292,242.84
7497,125,2484,2024-04-20,4,25.35,Online,43,101.4
7498,176,2484,2023-05-01,5,98.45,Online,24,492.25
7499,139,2484,2024-08-23,4,162.16,Online,50,648.64
7500,158,2484,2025-04-16,4,132.56,Online,62,530.24
7501,146,2484,2024-07-05,2,28.76,In-Store,122,57.52
7502,198,2484,2024-04-13,1,167.93,Online,43,167.93
7503,117,2484,2024-01-09,4,214.01,Online,38,856.04
7504,102,2484,2025-09-03,4,175.2,Online,70,700.8
7505,119,2484,2023-02-23,5,193.28,Online,20,966.4
7506,104,2484,2023-11-29,5,50.25,Social,186,251.25
7507,153,2485,2024-04-10,4,44.91,In-Store,118,179.64
7508,154,2485,2023-09-25,3,39.53,Online,33,118.59
7509,190,2485,2024-06-15,4,121.42,Online,47,485.68
7510,184,2485,2024-10-13,3,120.25,Online,53,360.75
7511,190,2485,2023-12-15,2,121.42,Online,37,242.84
7512,169,2485,2024-04-19,4,105.46,In-Store,119,421.84
7513,105,2485,2023-12-02,3,45.85,Email,256,137.55
7514,181,2486,2025-01-12,5,231.25,In-Store,133,1156.25
7515,196,2486,2025-05-12,3,162.21,Online,63,486.63
7516,117,2486,2025-08-25,2,214.01,Online,68,428.02
7517,151,2486,2025-03-16,2,170.44,In-Store,136,340.88
7518,153,2486,2024-06-15,5,44.91,Social,196,224.54999999999998
7519,101,2486,2025-03-05,5,116.4,Online,60,582.0
7520,181,2486,2025-08-06,5,231.25,Online,68,1156.25
7521,199,2486,2024-10-06,5,105.38,Online,52,526.9
7522,110,2486,2024-10-24,2,138.19,Online,53,276.38
7523,196,2486,2024-10-21,5,162.21,Online,53,811.0500000000001
7524,189,2486,2024-12-11,2,47.31,Online,56,94.62
7525,121,2486,2025-01-25,5,126.42,In-Store,134,632.1
7526,193,2486,2024-07-28,1,28.68,Online,48,28.68
7527,188,2486,2025-08-01,3,12.93,In-Store,143,38.79
7528,141,2486,2025-11-19,4,75.02,Online,74,300.08
7529,169,2486,2024-07-26,3,105.46,Online,48,316.38
7530,110,2486,2025-07-03,3,138.19,In-Store,141,414.57
7531,138,2486,2025-09-07,3,115.15,Social,216,345.45000000000005
7532,107,2486,2025-09-18,5,110.76,In-Store,144,553.8000000000001
7533,189,2486,2024-07-29,3,47.31,Online,49,141.93
7534,144,2486,2024-10-16,4,22.73,In-Store,128,90.92
7535,144,2486,2025-02-26,5,22.73,Online,59,113.65
7536,186,2486,2025-08-02,2,29.78,Online,68,59.56
7537,149,2486,2025-06-15,3,64.92,TV,355,194.76
7538,165,2486,2025-06-02,3,213.33,In-Store,140,639.99
7539,136,2487,2024-07-30,1,134.23,TV,340,134.23
7540,183,2487,2025-11-02,3,127.82,Online,73,383.46
7541,160,2487,2024-09-08,2,74.86,Online,51,149.72
7542,168,2487,2025-04-27,5,151.07,Online,63,755.3499999999999
7543,147,2487,2025-11-20,1,193.11,Social,220,193.11
7544,161,2487,2025-07-21,1,233.25,Online,67,233.25
7545,188,2487,2025-04-18,5,12.93,Online,63,64.65
7546,151,2487,2025-12-06,3,170.44,TV,364,511.32
7547,125,2487,2024-12-05,5,25.35,Online,56,126.75
7548,194,2487,2025-09-28,4,70.1,In-Store,144,280.4
7549,165,2487,2024-12-24,4,213.33,In-Store,131,853.32
7550,172,2487,2024-07-16,2,75.03,Online,48,150.06
7551,158,2487,2025-12-11,4,132.56,Online,76,530.24
7552,146,2487,2025-10-28,1,28.76,In-Store,146,28.76
7553,157,2487,2025-10-13,3,140.43,Online,71,421.29
7554,142,2487,2024-08-20,3,298.93,Online,49,896.79
7555,143,2488,2024-05-10,3,18.47,In-Store,120,55.41
7556,138,2488,2024-07-24,4,115.15,Online,49,460.6
7557,106,2488,2024-08-31,1,41.44,Online,51,41.44
7558,136,2488,2024-02-10,2,134.23,Online,40,268.46
7559,123,2488,2024-06-05,2,28.54,Online,46,57.08
7560,143,2488,2023-11-25,4,18.47,Online,36,73.88
7561,193,2488,2024-03-14,1,28.68,Social,192,28.68
7562,156,2488,2024-05-06,2,13.54,Online,45,27.08
7563,103,2488,2024-01-05,2,74.85,Online,37,149.7
7564,155,2488,2024-06-17,1,71.21,In-Store,121,71.21
7565,193,2488,2024-09-16,4,28.68,In-Store,125,114.72
7566,125,2489,2023-03-11,3,25.35,Online,22,76.05000000000001
7567,130,2489,2023-09-16,1,117.61,Online,33,117.61
7568,133,2489,2023-06-07,1,129.42,In-Store,102,129.42
7569,112,2489,2023-05-16,2,58.11,Social,177,116.22
7570,193,2489,2023-05-29,2,28.68,Online,26,57.36
7571,155,2489,2022-08-22,4,71.21,Online,11,284.84
7572,199,2489,2023-04-11,2,105.38,Social,176,210.76
7573,189,2489,2024-04-06,1,47.31,Online,43,47.31
7574,113,2489,2023-02-23,4,122.3,Online,20,489.2
7575,143,2489,2023-07-12,2,18.47,Online,29,36.94
7576,162,2489,2024-02-10,2,23.29,Online,40,46.58
7577,183,2490,2024-08-13,1,127.82,Online,49,127.82
7578,131,2490,2025-01-07,4,76.52,Social,206,306.08
7579,158,2490,2024-04-26,4,132.56,Online,44,530.24
7580,141,2490,2024-12-26,3,75.02,Online,57,225.06
7581,123,2490,2024-12-31,3,28.54,Online,57,85.62
7582,147,2490,2024-10-03,4,193.11,Online,52,772.44
7583,127,2490,2024-03-20,2,184.65,Online,42,369.3
7584,192,2490,2025-02-25,2,22.56,Online,59,45.12
7585,118,2490,2024-09-15,1,128.58,Social,202,128.58
7586,139,2490,2024-10-28,4,162.16,Online,53,648.64
7587,165,2490,2023-12-11,1,213.33,Online,36,213.33
7588,158,2490,2024-01-15,2,132.56,Online,38,265.12
7589,122,2490,2025-04-17,4,224.2,Online,61,896.8
7590,115,2490,2025-10-03,2,114.62,TV,361,229.24
7591,115,2490,2024-11-06,2,114.62,In-Store,128,229.24
7592,123,2490,2024-06-21,2,28.54,Online,47,57.08
7593,122,2490,2024-11-12,3,224.2,In-Store,129,672.5999999999999
7594,136,2490,2025-10-16,1,134.23,Social,219,134.23
7595,119,2490,2024-12-31,1,193.28,Social,206,193.28
7596,198,2491,2025-01-03,1,167.93,In-Store,131,167.93
7597,129,2491,2025-01-23,3,269.37,Online,59,808.11
7598,147,2491,2025-09-13,5,193.11,In-Store,144,965.5500000000001
7599,121,2491,2025-08-16,3,126.42,In-Store,143,379.26
7600,110,2491,2025-07-19,1,138.19,Online,68,138.19
7601,147,2491,2025-12-11,1,193.11,Online,75,193.11
7602,121,2491,2025-03-04,1,126.42,In-Store,136,126.42
7603,197,2491,2024-11-18,2,270.16,Online,55,540.32
7604,124,2491,2025-04-17,2,174.26,Online,61,348.52
7605,166,2491,2025-04-30,2,151.16,Online,63,302.32
7606,101,2491,2025-06-02,3,116.4,In-Store,139,349.20000000000005
7607,157,2491,2025-01-06,1,140.43,Online,57,140.43
7608,136,2491,2025-11-22,3,134.23,Online,75,402.68999999999994
7609,178,2491,2025-10-28,2,58.92,Online,72,117.84
7610,198,2491,2025-05-16,2,167.93,Online,65,335.86
7611,110,2491,2025-05-23,3,138.19,Online,65,414.57
7612,109,2491,2024-11-24,3,69.39,In-Store,130,208.17000000000002
7613,156,2491,2025-12-20,5,13.54,Social,222,67.69999999999999
7614,178,2491,2025-11-30,2,58.92,Email,294,117.84
7615,147,2491,2025-08-16,4,193.11,Online,69,772.44
7616,187,2492,2024-07-26,3,95.73,Online,49,287.19
7617,136,2492,2024-07-14,1,134.23,Online,48,134.23
7618,112,2492,2024-06-15,4,58.11,Online,47,232.44
7619,105,2492,2024-12-27,3,45.85,In-Store,131,137.55
7620,126,2492,2024-09-08,4,62.9,TV,342,251.6
7621,113,2492,2024-06-04,2,122.3,TV,338,244.6
7622,106,2492,2024-07-19,2,41.44,Online,48,82.88
7623,126,2492,2024-07-17,1,62.9,TV,339,62.9
7624,174,2493,2024-03-15,3,89.89,Online,41,269.67
7625,135,2493,2024-07-05,3,62.14,Online,47,186.42000000000002
7626,187,2493,2024-07-02,2,95.73,In-Store,121,191.46
7627,174,2493,2024-05-23,3,89.89,Online,46,269.67
7628,112,2494,2023-09-05,1,58.11,Online,33,58.11
7629,146,2494,2024-01-04,1,28.76,TV,331,28.76
7630,178,2494,2024-01-02,2,58.92,Online,38,117.84
7631,182,2494,2024-05-22,2,73.37,Online,46,146.74
7632,162,2494,2024-02-09,3,23.29,In-Store,114,69.87
7633,103,2494,2024-02-13,2,74.85,In-Store,115,149.7
7634,112,2494,2024-03-27,1,58.11,Online,43,58.11
7635,165,2495,2024-05-30,3,213.33,Social,196,639.99
7636,138,2495,2024-08-16,3,115.15,Online,49,345.45000000000005
7637,141,2495,2025-07-16,4,75.02,Social,215,300.08
7638,192,2495,2022-10-15,4,22.56,Online,14,90.24
7639,180,2495,2022-10-27,3,97.9,Online,15,293.70000000000005
7640,153,2495,2023-10-10,5,44.91,In-Store,107,224.54999999999998
7641,193,2495,2023-08-25,2,28.68,TV,324,57.36
7642,179,2495,2024-11-24,1,69.62,Online,55,69.62
7643,105,2495,2025-03-13,1,45.85,In-Store,136,45.85
7644,178,2495,2022-11-25,2,58.92,Online,17,117.84
7645,190,2495,2022-10-08,1,121.42,In-Store,91,121.42
7646,136,2495,2025-12-15,5,134.23,Online,76,671.15
7647,168,2495,2025-05-16,2,151.07,TV,354,302.14
7648,118,2495,2025-07-21,2,128.58,Online,68,257.16
7649,104,2495,2024-09-06,5,50.25,Online,51,251.25
7650,155,2495,2025-07-03,1,71.21,Online,67,71.21
7651,165,2495,2025-05-09,4,213.33,Online,64,853.32
7652,113,2495,2023-04-25,3,122.3,Online,25,366.9
7653,170,2495,2024-12-31,1,124.94,TV,348,124.94
7654,129,2495,2025-04-09,3,269.37,TV,353,808.11
7655,154,2495,2024-10-12,5,39.53,In-Store,126,197.65
7656,190,2495,2023-09-09,3,121.42,Social,184,364.26
7657,180,2495,2023-06-05,3,97.9,Online,28,293.70000000000005
7658,130,2495,2025-12-10,4,117.61,In-Store,149,470.44
7659,137,2495,2025-09-22,5,90.95,Online,70,454.75
7660,181,2495,2023-01-01,3,231.25,Online,19,693.75
7661,127,2495,2025-05-15,5,184.65,Online,64,923.25
7662,163,2496,2025-01-22,5,115.65,Online,59,578.25
7663,123,2496,2023-08-29,4,28.54,Online,32,114.16
7664,105,2496,2025-07-18,3,45.85,Online,68,137.55
7665,101,2496,2024-05-12,5,116.4,Email,264,582.0
7666,157,2496,2024-11-22,3,140.43,Online,55,421.29
7667,176,2496,2024-05-05,5,98.45,In-Store,120,492.25
7668,195,2496,2025-08-28,2,109.44,Online,69,218.88
7669,173,2496,2023-03-24,5,100.75,Online,22,503.75
7670,134,2496,2025-02-26,4,113.57,In-Store,135,454.28
7671,200,2496,2023-09-19,4,213.63,Online,33,854.52
7672,141,2496,2023-07-11,5,75.02,In-Store,104,375.09999999999997
7673,192,2496,2024-03-16,1,22.56,Online,42,22.56
7674,121,2496,2023-06-15,5,126.42,Online,27,632.1
7675,157,2496,2024-03-28,4,140.43,Online,43,561.72
7676,168,2496,2025-11-30,4,151.07,Online,75,604.28
7677,122,2496,2024-05-06,3,224.2,Online,45,672.5999999999999
7678,110,2496,2023-12-27,5,138.19,In-Store,111,690.95
7679,197,2496,2025-10-11,5,270.16,Online,71,1350.8000000000002
7680,150,2496,2024-01-26,4,66.48,In-Store,114,265.92
7681,161,2496,2024-02-17,3,233.25,Online,40,699.75
7682,158,2496,2024-04-26,2,132.56,Social,194,265.12
7683,127,2496,2023-10-18,1,184.65,Online,34,184.65
7684,148,2496,2025-08-09,3,47.75,Email,290,143.25
7685,152,2497,2024-02-22,3,72.34,In-Store,115,217.02
7686,185,2497,2025-03-27,1,143.79,Online,61,143.79
7687,158,2497,2025-06-23,4,132.56,In-Store,141,530.24
7688,198,2497,2025-12-05,3,167.93,Online,74,503.79
7689,178,2497,2023-06-24,2,58.92,Online,29,117.84
7690,170,2497,2024-07-24,2,124.94,Online,49,249.88
7691,124,2497,2023-03-15,3,174.26,Online,22,522.78
7692,189,2497,2022-12-13,2,47.31,Social,170,94.62
7693,116,2497,2025-05-07,5,161.44,Online,64,807.2
7694,130,2497,2022-12-19,2,117.61,Online,18,235.22
7695,149,2497,2024-11-12,3,64.92,TV,345,194.76
7696,167,2497,2023-10-26,3,75.91,Online,34,227.73
7697,175,2497,2023-05-03,4,285.32,Social,177,1141.28
7698,193,2497,2025-05-10,5,28.68,Online,63,143.4
7699,191,2497,2024-08-04,5,196.98,In-Store,124,984.9
7700,129,2497,2024-01-19,5,269.37,In-Store,113,1346.85
7701,110,2497,2024-04-20,1,138.19,Online,43,138.19
7702,133,2498,2023-01-22,4,129.42,In-Store,97,517.68
7703,142,2498,2025-08-17,2,298.93,Online,68,597.86
7704,121,2498,2023-10-24,1,126.42,Online,34,126.42
7705,170,2498,2025-11-29,5,124.94,Online,75,624.7
7706,135,2498,2025-04-20,5,62.14,In-Store,138,310.7
7707,112,2498,2024-03-03,5,58.11,Online,42,290.55
7708,135,2498,2025-06-26,3,62.14,Online,67,186.42000000000002
7709,115,2498,2024-09-09,1,114.62,Online,51,114.62
7710,116,2498,2024-10-16,1,161.44,Social,202,161.44
7711,194,2498,2024-08-25,4,70.1,Online,49,280.4
7712,164,2498,2023-06-28,4,91.03,Online,28,364.12
7713,117,2498,2023-11-16,3,214.01,Social,185,642.03
7714,189,2498,2024-11-04,3,47.31,Online,54,141.93
7715,117,2498,2023-11-19,2,214.01,TV,328,428.02
7716,161,2498,2024-04-06,3,233.25,In-Store,118,699.75
7717,102,2498,2023-12-03,2,175.2,In-Store,111,350.4
7718,104,2498,2022-12-29,1,50.25,In-Store,95,50.25
7719,181,2498,2024-05-08,2,231.25,Online,45,462.5
7720,155,2498,2025-02-12,5,71.21,Email,281,356.04999999999995
7721,115,2498,2024-06-03,1,114.62,In-Store,121,114.62
7722,152,2499,2023-05-02,2,72.34,Email,246,144.68
7723,171,2499,2025-12-30,1,117.28,Online,77,117.28
7724,191,2499,2025-01-20,2,196.98,Online,58,393.96
7725,165,2499,2023-06-20,1,213.33,In-Store,103,213.33
7726,143,2499,2023-01-19,2,18.47,Online,20,36.94
7727,166,2499,2023-08-25,4,151.16,Online,32,604.64
7728,166,2499,2025-12-07,5,151.16,Online,75,755.8
7729,193,2499,2024-06-20,1,28.68,Online,47,28.68
7730,151,2499,2024-12-06,2,170.44,Online,55,340.88
7731,117,2499,2024-02-26,3,214.01,In-Store,114,642.03
7732,113,2499,2023-02-13,3,122.3,TV,316,366.9
7733,165,2499,2023-06-05,4,213.33,In-Store,103,853.32
7734,168,2500,2025-02-23,5,151.07,Online,59,755.3499999999999
7735,160,2500,2024-02-23,5,74.86,Online,41,374.3
7736,199,2500,2022-05-21,2,105.38,In-Store,85,210.76
7737,101,2500,2023-10-04,2,116.4,Online,33,232.8
7738,141,2500,2025-05-01,1,75.02,In-Store,138,75.02
7739,185,2500,2022-12-13,5,143.79,Online,18,718.9499999999999
7740,158,2500,2022-09-08,3,132.56,Online,13,397.68
7741,122,2500,2022-07-11,5,224.2,TV,306,1121.0
7742,116,2500,2025-12-10,5,161.44,In-Store,149,807.2
7743,127,2500,2025-04-22,2,184.65,Online,62,369.3
7744,191,2500,2022-12-01,1,196.98,Social,167,196.98
7745,108,2500,2022-03-23,3,127.37,Social,156,382.11
7746,120,2500,2022-11-27,5,186.86,In-Store,94,934.3000000000001
7747,166,2500,2025-12-27,5,151.16,TV,365,755.8
7748,152,2500,2024-12-06,4,72.34,Online,55,289.36
7749,120,2500,2025-07-21,1,186.86,In-Store,142,186.86
7750,140,2500,2022-11-16,5,139.7,Online,17,698.5
7751,133,2500,2025-10-06,3,129.42,Email,292,388.26
7752,152,2500,2022-08-16,3,72.34,TV,308,217.02
7753,171,2500,2025-12-11,1,117.28,TV,364,117.28
7754,157,2500,2023-10-23,2,140.43,In-Store,109,280.86
7755,199,2500,2025-03-11,1,105.38,Online,60,105.38
7756,102,2500,2022-05-26,2,175.2,Online,7,350.4
7757,179,2500,2024-01-25,5,69.62,In-Store,113,348.1
7758,140,2500,2023-05-17,5,139.7,Online,25,698.5
7759,190,2500,2022-02-14,2,121.42,Social,154,242.84
7760,155,2501,2025-02-12,3,71.21,Online,59,213.63
7761,148,2501,2025-01-18,4,47.75,Online,58,191.0
7762,154,2501,2024-12-26,1,39.53,In-Store,131,39.53
7763,162,2501,2024-11-18,2,23.29,Online,54,46.58
7764,131,2501,2025-03-29,2,76.52,Online,60,153.04
7765,155,2501,2024-11-14,3,71.21,Online,54,213.63
7766,130,2501,2024-12-31,4,117.61,Online,56,470.44
7767,178,2501,2025-03-25,1,58.92,Social,210,58.92
7768,137,2501,2025-01-04,4,90.95,Online,58,363.8
7769,158,2501,2025-02-14,3,132.56,In-Store,135,397.68
7770,191,2502,2025-01-16,5,196.98,In-Store,133,984.9
7771,128,2502,2025-11-15,4,69.61,In-Store,147,278.44
7772,170,2502,2025-10-22,5,124.94,In-Store,147,624.7
7773,172,2502,2025-11-21,2,75.03,Online,74,150.06
7774,118,2502,2025-09-30,2,128.58,In-Store,145,257.16
7775,183,2502,2024-08-20,2,127.82,In-Store,124,255.64
7776,104,2502,2025-07-12,1,50.25,In-Store,142,50.25
7777,171,2502,2025-11-14,2,117.28,Online,74,234.56
7778,133,2502,2025-10-14,2,129.42,Online,71,258.84
7779,183,2502,2025-01-01,3,127.82,Social,206,383.46
7780,192,2502,2025-09-18,5,22.56,In-Store,144,112.8
7781,154,2502,2025-01-26,4,39.53,TV,349,158.12
7782,120,2502,2025-09-15,2,186.86,In-Store,144,373.72
7783,159,2502,2025-05-20,2,21.52,In-Store,139,43.04
7784,125,2502,2024-10-11,2,25.35,In-Store,126,50.7
7785,180,2502,2025-12-03,4,97.9,In-Store,149,391.6
7786,133,2502,2024-12-15,4,129.42,Online,57,517.68
7787,155,2502,2025-09-07,4,71.21,Social,217,284.84
7788,132,2502,2024-08-07,2,146.35,Online,49,292.7
7789,169,2502,2025-10-08,2,105.46,Online,71,210.92
7790,105,2502,2025-07-09,1,45.85,Social,214,45.85
7791,137,2502,2025-09-07,5,90.95,Online,69,454.75
7792,111,2502,2024-09-18,3,78.12,Online,51,234.36
7793,196,2502,2025-10-19,3,162.21,Online,72,486.63
7794,114,2502,2025-10-21,1,120.5,Online,71,120.5
7795,166,2502,2025-07-16,5,151.16,In-Store,141,755.8
7796,169,2502,2025-04-28,5,105.46,In-Store,138,527.3
7797,175,2502,2025-08-11,3,285.32,Online,69,855.96
7798,166,2502,2025-11-26,4,151.16,Online,75,604.64
7799,170,2502,2024-09-08,1,124.94,Social,201,124.94
7800,102,2502,2025-06-30,3,175.2,In-Store,141,525.5999999999999
7801,165,2502,2025-06-30,2,213.33,Online,67,426.66
7802,128,2502,2025-07-12,3,69.61,Online,67,208.82999999999998
7803,105,2502,2025-01-07,3,45.85,In-Store,132,137.55
7804,153,2503,2023-11-28,2,44.91,In-Store,111,89.82
7805,142,2503,2024-08-18,1,298.93,Online,50,298.93
7806,171,2503,2024-10-15,3,117.28,Online,52,351.84000000000003
7807,158,2503,2024-04-13,4,132.56,Online,43,530.24
7808,157,2503,2025-10-04,5,140.43,Online,70,702.1500000000001
7809,137,2503,2024-07-30,3,90.95,Online,49,272.85
7810,161,2503,2024-04-21,2,233.25,Online,43,466.5
7811,121,2503,2024-05-15,4,126.42,Social,194,505.68
7812,160,2503,2025-11-04,1,74.86,TV,364,74.86
7813,134,2503,2024-03-12,2,113.57,Online,42,227.14
7814,183,2503,2025-12-14,2,127.82,Online,76,255.64
7815,200,2503,2024-11-15,5,213.63,Social,204,1068.15
7816,141,2503,2025-06-21,2,75.02,Online,66,150.04
7817,139,2503,2024-07-01,3,162.16,Social,197,486.48
7818,110,2503,2025-12-09,2,138.19,Online,75,276.38
7819,115,2503,2024-07-11,4,114.62,Online,48,458.48
7820,151,2503,2025-01-12,2,170.44,Online,58,340.88
7821,118,2504,2025-02-20,1,128.58,Social,209,128.58
7822,163,2504,2025-12-22,2,115.65,Online,76,231.3
7823,128,2504,2025-10-10,3,69.61,In-Store,145,208.82999999999998
7824,190,2504,2025-04-16,1,121.42,Online,61,121.42
7825,181,2504,2024-10-30,1,231.25,Online,54,231.25
7826,119,2504,2025-09-25,3,193.28,In-Store,145,579.84
7827,175,2504,2024-09-01,2,285.32,Online,50,570.64
7828,175,2504,2024-12-28,3,285.32,Online,58,855.96
7829,131,2504,2024-10-22,2,76.52,Online,53,153.04
7830,118,2504,2025-09-30,5,128.58,Online,71,642.9000000000001
7831,162,2504,2025-10-24,2,23.29,Online,72,46.58
7832,142,2504,2024-09-28,5,298.93,In-Store,125,1494.65
7833,185,2504,2024-08-05,2,143.79,TV,340,287.58
7834,119,2504,2025-05-07,3,193.28,In-Store,138,579.84
7835,122,2504,2025-04-12,2,224.2,Online,62,448.4
7836,104,2505,2024-12-04,1,50.25,Social,205,50.25
7837,157,2505,2025-12-29,4,140.43,Online,77,561.72
7838,176,2505,2024-11-18,1,98.45,Online,55,98.45
7839,161,2505,2025-03-12,3,233.25,TV,352,699.75
7840,186,2505,2025-07-03,2,29.78,Online,67,59.56
7841,195,2505,2025-07-11,2,109.44,In-Store,142,218.88
7842,136,2505,2025-01-16,5,134.23,TV,349,671.15
7843,155,2505,2025-06-16,4,71.21,Online,66,284.84
7844,134,2505,2024-12-25,1,113.57,In-Store,131,113.57
7845,105,2505,2025-12-26,5,45.85,Email,295,229.25
7846,136,2505,2025-08-22,5,134.23,Email,290,671.15
7847,171,2505,2025-07-02,4,117.28,In-Store,141,469.12
7848,180,2505,2025-05-20,2,97.9,Online,64,195.8
7849,191,2505,2025-07-07,2,196.98,In-Store,141,393.96
7850,171,2505,2025-09-18,5,117.28,TV,361,586.4
7851,133,2505,2025-03-06,2,129.42,Online,60,258.84
7852,133,2505,2025-07-29,1,129.42,Online,67,129.42
7853,131,2505,2025-01-10,3,76.52,Online,58,229.56
7854,189,2505,2025-07-26,5,47.31,Social,214,236.55
7855,178,2505,2024-12-25,4,58.92,Social,205,235.68
7856,136,2505,2025-03-06,5,134.23,In-Store,135,671.15
7857,197,2505,2025-10-29,5,270.16,In-Store,146,1350.8000000000002
7858,102,2506,2025-12-15,1,175.2,Online,76,175.2
7859,148,2506,2025-06-01,5,47.75,Online,65,238.75
7860,143,2506,2024-08-06,1,18.47,In-Store,123,18.47
7861,136,2506,2025-07-27,2,134.23,In-Store,142,268.46
7862,118,2506,2024-06-13,3,128.58,Social,197,385.74
7863,151,2506,2025-09-28,2,170.44,In-Store,145,340.88
7864,157,2506,2025-04-24,5,140.43,Online,62,702.1500000000001
7865,113,2506,2024-02-22,2,122.3,Online,41,244.6
7866,160,2506,2025-03-27,1,74.86,Online,61,74.86
7867,136,2506,2024-03-17,1,134.23,In-Store,117,134.23
7868,123,2506,2024-08-10,3,28.54,Online,49,85.62
7869,155,2506,2025-12-25,3,71.21,In-Store,149,213.63
7870,133,2506,2025-01-12,2,129.42,In-Store,132,258.84
7871,124,2506,2024-10-21,1,174.26,Online,53,174.26
7872,162,2506,2025-07-03,4,23.29,Online,67,93.16
7873,181,2506,2025-06-20,5,231.25,TV,356,1156.25
7874,101,2506,2025-09-14,2,116.4,In-Store,144,232.8
7875,121,2506,2024-06-08,1,126.42,In-Store,121,126.42
7876,124,2506,2024-02-23,4,174.26,In-Store,116,697.04
7877,151,2506,2025-12-17,3,170.44,Online,76,511.32
7878,175,2506,2025-10-16,1,285.32,TV,362,285.32
7879,122,2506,2024-07-17,1,224.2,In-Store,123,224.2
7880,187,2506,2025-01-31,5,95.73,In-Store,134,478.65000000000003
7881,118,2506,2024-11-03,1,128.58,TV,345,128.58
7882,133,2506,2024-12-05,4,129.42,Online,56,517.68
7883,146,2507,2025-03-12,2,28.76,TV,352,57.52
7884,123,2507,2024-10-29,3,28.54,Social,203,85.62
7885,140,2507,2025-11-13,3,139.7,In-Store,148,419.09999999999997
7886,192,2507,2025-08-20,1,22.56,Social,216,22.56
7887,123,2507,2024-10-20,4,28.54,In-Store,128,114.16
7888,129,2507,2025-02-13,3,269.37,Online,59,808.11
7889,160,2507,2024-08-09,3,74.86,Online,49,224.57999999999998
7890,155,2507,2024-07-21,2,71.21,Online,48,142.42
7891,129,2507,2025-07-12,5,269.37,In-Store,142,1346.85
7892,165,2507,2025-10-29,3,213.33,In-Store,147,639.99
7893,170,2507,2024-08-22,1,124.94,Online,50,124.94
7894,133,2507,2025-02-10,1,129.42,Social,208,129.42
7895,149,2507,2025-09-17,5,64.92,Email,291,324.6
7896,142,2507,2024-11-15,5,298.93,Online,54,1494.65
7897,183,2507,2025-10-13,5,127.82,Online,72,639.0999999999999
7898,122,2507,2025-01-04,5,224.2,Online,57,1121.0
7899,166,2507,2025-04-13,2,151.16,Online,63,302.32
7900,148,2507,2025-03-19,4,47.75,Social,209,191.0
7901,110,2507,2024-09-29,1,138.19,Online,52,138.19
7902,115,2507,2025-07-03,4,114.62,Online,67,458.48
7903,168,2507,2025-02-28,4,151.07,Online,59,604.28
7904,154,2507,2024-11-27,4,39.53,Social,204,158.12
7905,113,2507,2025-10-15,3,122.3,Online,71,366.9
7906,110,2507,2024-11-10,2,138.19,Online,54,276.38
7907,107,2507,2024-09-04,3,110.76,Online,50,332.28000000000003
7908,154,2508,2025-01-17,1,39.53,In-Store,133,39.53
7909,140,2508,2023-06-19,4,139.7,Online,28,558.8
7910,154,2508,2025-06-14,5,39.53,Online,66,197.65
7911,177,2508,2025-08-01,2,296.45,Online,68,592.9
7912,142,2508,2025-04-12,2,298.93,In-Store,138,597.86
7913,189,2508,2024-07-29,4,47.31,In-Store,123,189.24
7914,105,2508,2024-01-27,3,45.85,Social,190,137.55
7915,132,2508,2024-12-15,2,146.35,Online,57,292.7
7916,102,2508,2024-07-29,4,175.2,Online,49,700.8
7917,129,2508,2025-04-22,5,269.37,In-Store,138,1346.85
7918,157,2508,2025-02-05,2,140.43,Online,59,280.86
7919,198,2508,2025-05-09,3,167.93,Social,212,503.79
7920,122,2508,2024-04-23,4,224.2,In-Store,119,896.8
7921,198,2508,2025-11-05,2,167.93,Online,73,335.86
7922,135,2508,2023-09-29,5,62.14,Online,33,310.7
7923,118,2508,2024-11-18,5,128.58,In-Store,129,642.9000000000001
7924,152,2508,2025-10-10,1,72.34,Online,70,72.34
7925,198,2508,2023-12-04,3,167.93,In-Store,111,503.79
7926,132,2508,2025-01-18,3,146.35,Online,58,439.04999999999995
7927,118,2508,2025-05-01,3,128.58,Social,212,385.74
7928,184,2508,2023-11-13,1,120.25,Online,36,120.25
7929,153,2508,2025-12-25,3,44.91,Online,77,134.73
7930,134,2509,2024-06-22,3,113.57,Online,47,340.71
7931,103,2509,2024-03-25,3,74.85,In-Store,118,224.54999999999998
7932,170,2510,2025-08-18,2,124.94,Online,68,249.88
7933,112,2510,2025-07-16,3,58.11,Email,289,174.32999999999998
7934,151,2510,2024-05-01,4,170.44,Online,45,681.76
7935,118,2510,2024-09-06,3,128.58,In-Store,124,385.74
7936,194,2510,2024-01-26,2,70.1,Online,39,140.2
7937,124,2510,2024-07-11,1,174.26,Online,48,174.26
7938,188,2510,2023-05-09,5,12.93,Social,177,64.65
7939,119,2510,2025-12-02,3,193.28,Online,75,579.84
7940,164,2510,2023-09-06,4,91.03,Online,32,364.12
7941,155,2510,2024-05-08,4,71.21,Online,45,284.84
7942,106,2510,2023-12-20,5,41.44,Online,37,207.2
7943,114,2510,2025-02-26,4,120.5,Online,60,482.0
7944,139,2510,2023-08-12,1,162.16,Social,182,162.16
7945,161,2510,2024-01-16,2,233.25,Social,190,466.5
7946,153,2510,2024-01-15,3,44.91,In-Store,112,134.73
7947,183,2510,2025-01-07,1,127.82,In-Store,132,127.82
7948,182,2510,2023-07-01,5,73.37,Social,179,366.85
7949,119,2510,2025-08-11,3,193.28,Online,69,579.84
7950,193,2510,2024-07-24,4,28.68,TV,340,114.72
7951,175,2510,2024-05-04,1,285.32,In-Store,119,285.32
7952,181,2510,2024-02-28,4,231.25,In-Store,115,925.0
7953,119,2511,2025-06-10,2,193.28,In-Store,140,386.56
7954,108,2511,2025-03-26,5,127.37,Online,61,636.85
7955,113,2511,2025-11-20,3,122.3,Email,294,366.9
7956,168,2511,2025-09-08,3,151.07,Online,69,453.21
7957,172,2511,2025-01-29,4,75.03,In-Store,133,300.12
7958,106,2511,2025-02-20,3,41.44,Online,59,124.32
7959,185,2511,2025-04-04,3,143.79,In-Store,136,431.37
7960,126,2511,2025-05-23,5,62.9,Social,213,314.5
7961,101,2511,2024-11-19,2,116.4,In-Store,129,232.8
7962,155,2511,2025-10-12,3,71.21,In-Store,145,213.63
7963,111,2511,2024-10-20,1,78.12,Online,53,78.12
7964,136,2511,2024-10-08,3,134.23,Email,274,402.68999999999994
7965,117,2511,2024-11-07,2,214.01,Online,53,428.02
7966,109,2511,2024-10-05,1,69.39,Online,52,69.39
7967,180,2511,2025-02-27,3,97.9,TV,351,293.70000000000005
7968,114,2511,2025-03-06,4,120.5,Online,60,482.0
7969,198,2511,2025-06-05,2,167.93,In-Store,140,335.86
7970,162,2511,2025-01-17,1,23.29,TV,349,23.29
7971,181,2511,2025-05-19,2,231.25,In-Store,139,462.5
7972,109,2512,2025-04-25,2,69.39,Online,63,138.78
7973,117,2512,2025-12-22,3,214.01,In-Store,149,642.03
7974,104,2512,2023-04-14,5,50.25,TV,319,251.25
7975,149,2512,2023-02-02,4,64.92,Online,20,259.68
7976,124,2512,2023-11-11,5,174.26,Online,36,871.3
7977,120,2512,2023-10-26,2,186.86,Social,185,373.72
7978,190,2512,2024-11-22,2,121.42,In-Store,129,242.84
7979,194,2512,2025-04-01,5,70.1,Online,61,350.5
7980,147,2512,2025-07-29,3,193.11,Online,68,579.33
7981,197,2512,2022-05-26,1,270.16,Online,7,270.16
7982,132,2512,2023-04-05,2,146.35,Social,176,292.7
7983,140,2512,2025-11-05,5,139.7,Online,72,698.5
7984,122,2512,2025-07-10,4,224.2,TV,356,896.8
7985,177,2512,2024-04-04,4,296.45,Online,43,1185.8
7986,186,2512,2024-05-01,1,29.78,TV,337,29.78
7987,183,2512,2024-04-30,5,127.82,In-Store,119,639.0999999999999
7988,108,2512,2023-06-04,4,127.37,Online,28,509.48
7989,182,2512,2025-07-08,1,73.37,Online,67,73.37
7990,163,2512,2023-07-05,4,115.65,Online,29,462.6
7991,119,2512,2023-08-11,2,193.28,In-Store,106,386.56
7992,162,2512,2023-05-31,3,23.29,Email,247,69.87
7993,187,2512,2024-01-29,1,95.73,Social,190,95.73
7994,129,2512,2023-03-25,4,269.37,In-Store,99,1077.48
7995,177,2512,2024-06-04,1,296.45,Online,47,296.45
7996,197,2512,2024-08-22,1,270.16,Online,49,270.16
7997,159,2512,2022-08-30,2,21.52,Online,12,43.04
7998,159,2512,2025-11-08,2,21.52,Email,293,43.04
7999,161,2512,2023-01-05,3,233.25,Online,19,699.75
8000,107,2512,2023-09-16,3,110.76,In-Store,107,332.28000000000003
8001,165,2512,2022-07-18,2,213.33,Online,9,426.66
8002,130,2512,2024-03-03,5,117.61,Online,41,588.05
8003,124,2512,2024-12-08,1,174.26,Online,56,174.26
8004,136,2512,2024-10-30,1,134.23,Online,53,134.23
8005,113,2512,2023-06-08,5,122.3,Online,27,611.5
8006,156,2512,2022-08-26,1,13.54,Social,163,13.54
8007,122,2512,2023-12-02,4,224.2,Online,36,896.8
8008,159,2512,2023-04-13,3,21.52,Online,24,64.56
8009,157,2513,2023-01-29,5,140.43,In-Store,97,702.1500000000001
8010,132,2513,2025-04-25,3,146.35,Online,63,439.04999999999995
8011,168,2513,2025-08-29,5,151.07,Online,69,755.3499999999999
8012,172,2513,2022-12-21,5,75.03,In-Store,95,375.15
8013,168,2513,2024-08-23,3,151.07,In-Store,125,453.21
8014,122,2513,2025-05-25,2,224.2,Online,65,448.4
8015,112,2513,2024-07-29,2,58.11,Online,49,116.22
8016,136,2513,2025-10-03,3,134.23,Online,71,402.68999999999994
8017,158,2513,2023-08-23,2,132.56,Online,32,265.12
8018,142,2513,2024-03-17,3,298.93,In-Store,118,896.79
8019,106,2513,2024-10-04,3,41.44,Email,275,124.32
8020,118,2513,2023-10-06,4,128.58,Online,33,514.32
8021,124,2513,2024-01-11,5,174.26,Social,188,871.3
8022,142,2513,2024-07-19,4,298.93,Online,48,1195.72
8023,131,2513,2023-02-17,5,76.52,In-Store,97,382.59999999999997
8024,101,2514,2023-08-02,3,116.4,Online,31,349.20000000000005
8025,114,2514,2023-11-28,3,120.5,Social,187,361.5
8026,138,2514,2024-02-08,2,115.15,Online,40,230.3
8027,109,2514,2024-01-07,2,69.39,Online,39,138.78
8028,143,2514,2023-10-09,1,18.47,TV,326,18.47
8029,143,2514,2024-04-04,1,18.47,Online,43,18.47
8030,126,2514,2023-12-29,3,62.9,Social,189,188.7
8031,136,2514,2023-11-15,2,134.23,Online,36,268.46
8032,190,2514,2023-10-18,1,121.42,TV,326,121.42
8033,167,2515,2024-11-10,1,75.91,Online,55,75.91
8034,163,2515,2024-05-30,3,115.65,Online,46,346.95000000000005
8035,149,2515,2024-06-25,3,64.92,Online,47,194.76
8036,189,2515,2024-10-07,3,47.31,Social,202,141.93
8037,148,2515,2024-09-21,1,47.75,Online,51,47.75
8038,165,2516,2023-08-22,2,213.33,Social,182,426.66
8039,190,2516,2023-05-11,3,121.42,Online,25,364.26
8040,186,2516,2025-09-01,3,29.78,TV,360,89.34
8041,106,2516,2025-03-15,3,41.44,Online,61,124.32
8042,181,2516,2024-05-20,5,231.25,Online,46,1156.25
8043,175,2516,2024-09-03,5,285.32,Social,201,1426.6
8044,163,2516,2024-11-01,5,115.65,Online,54,578.25
8045,112,2516,2025-03-01,5,58.11,Online,59,290.55
8046,197,2516,2023-01-09,2,270.16,In-Store,96,540.32
8047,178,2516,2023-08-20,2,58.92,TV,323,117.84
8048,121,2516,2025-07-11,3,126.42,Online,67,379.26
8049,183,2516,2025-06-15,1,127.82,Online,66,127.82
8050,183,2516,2024-02-21,5,127.82,In-Store,114,639.0999999999999
8051,178,2516,2025-04-23,5,58.92,Online,63,294.6
8052,146,2516,2023-05-22,2,28.76,In-Store,101,57.52
8053,116,2516,2023-10-05,4,161.44,Online,33,645.76
8054,144,2516,2022-10-13,1,22.73,Social,165,22.73
8055,187,2517,2025-07-30,2,95.73,Online,67,191.46
8056,129,2517,2025-11-25,2,269.37,Online,74,538.74
8057,175,2517,2024-12-15,2,285.32,Social,205,570.64
8058,168,2517,2025-05-04,2,151.07,Online,63,302.14
8059,196,2517,2025-08-24,5,162.21,Online,69,811.0500000000001
8060,104,2517,2025-11-21,4,50.25,Social,220,201.0
8061,130,2517,2025-06-09,1,117.61,In-Store,140,117.61
8062,154,2517,2024-04-28,1,39.53,Online,43,39.53
8063,175,2517,2025-04-05,3,285.32,In-Store,137,855.96
8064,199,2517,2024-11-23,1,105.38,TV,346,105.38
8065,112,2517,2024-12-24,1,58.11,In-Store,131,58.11
8066,122,2517,2025-07-27,3,224.2,Online,67,672.5999999999999
8067,131,2517,2025-10-09,4,76.52,Online,70,306.08
8068,197,2517,2025-06-27,1,270.16,Email,287,270.16
8069,125,2517,2025-07-17,3,25.35,Social,214,76.05000000000001
8070,183,2517,2025-02-10,3,127.82,Social,207,383.46
8071,154,2517,2025-06-05,5,39.53,Online,65,197.65
8072,142,2517,2025-09-18,3,298.93,Online,70,896.79
8073,132,2517,2024-09-05,3,146.35,Social,201,439.04999999999995
8074,113,2517,2025-12-17,1,122.3,In-Store,149,122.3
8075,117,2517,2025-11-23,4,214.01,Online,74,856.04
8076,111,2517,2024-10-13,5,78.12,Online,53,390.6
8077,165,2517,2025-12-23,2,213.33,In-Store,149,426.66
8078,107,2517,2025-10-26,5,110.76,Social,220,553.8000000000001
8079,157,2517,2024-08-25,5,140.43,In-Store,124,702.1500000000001
8080,198,2517,2024-03-29,1,167.93,Online,42,167.93
8081,151,2518,2024-05-04,3,170.44,Email,265,511.32
8082,162,2518,2025-01-17,3,23.29,Online,58,69.87
8083,151,2518,2025-09-04,3,170.44,Online,69,511.32
8084,101,2518,2025-08-16,4,116.4,Online,69,465.6
8085,177,2518,2025-02-25,5,296.45,In-Store,135,1482.25
8086,139,2518,2024-12-20,1,162.16,Online,57,162.16
8087,165,2518,2025-03-11,4,213.33,Online,60,853.32
8088,188,2518,2025-08-01,4,12.93,Email,290,51.72
8089,109,2518,2025-08-26,4,69.39,Online,69,277.56
8090,125,2518,2025-01-10,4,25.35,Online,58,101.4
8091,200,2518,2025-04-24,5,213.63,In-Store,137,1068.15
8092,190,2518,2025-04-13,2,121.42,In-Store,138,242.84
8093,166,2518,2025-03-12,3,151.16,Email,283,453.48
8094,196,2518,2024-07-09,1,162.21,Online,48,162.21
8095,173,2518,2025-10-30,5,100.75,Online,73,503.75
8096,102,2518,2025-11-20,2,175.2,Online,74,350.4
8097,131,2518,2025-02-28,2,76.52,Online,59,153.04
8098,191,2518,2025-07-13,5,196.98,Online,67,984.9
8099,149,2518,2024-06-08,5,64.92,Online,46,324.6
8100,140,2518,2025-10-29,2,139.7,In-Store,147,279.4
8101,160,2518,2025-07-14,3,74.86,Online,67,224.57999999999998
8102,149,2518,2025-05-22,2,64.92,Online,64,129.84
8103,158,2518,2025-07-14,1,132.56,Online,67,132.56
8104,190,2518,2024-07-26,1,121.42,Online,48,121.42
8105,156,2518,2025-11-06,5,13.54,Social,220,67.69999999999999
8106,170,2518,2024-12-28,1,124.94,Social,205,124.94
8107,196,2518,2024-08-17,5,162.21,Online,49,811.0500000000001
8108,166,2518,2024-05-19,3,151.16,Online,46,453.48
8109,181,2518,2025-03-25,4,231.25,Online,61,925.0
8110,130,2519,2025-01-14,3,117.61,Online,58,352.83
8111,141,2519,2025-03-27,4,75.02,Online,61,300.08
8112,154,2520,2025-01-02,4,39.53,Email,280,158.12
8113,132,2520,2025-03-22,5,146.35,Online,60,731.75
8114,112,2520,2024-11-02,5,58.11,Social,204,290.55
8115,166,2520,2025-01-06,4,151.16,In-Store,131,604.64
8116,162,2520,2024-11-10,3,23.29,Online,55,69.87
8117,190,2520,2025-04-17,5,121.42,Online,61,607.1
8118,161,2520,2025-12-18,2,233.25,Social,222,466.5
8119,106,2520,2025-06-30,5,41.44,Online,66,207.2
8120,103,2520,2025-12-23,4,74.85,In-Store,149,299.4
8121,178,2520,2024-10-30,5,58.92,Email,277,294.6
8122,115,2520,2025-03-12,4,114.62,Email,283,458.48
8123,163,2521,2024-10-13,1,115.65,In-Store,127,115.65
8124,101,2521,2025-02-08,4,116.4,Online,59,465.6
8125,104,2521,2024-10-11,4,50.25,Email,274,201.0
8126,172,2521,2024-09-26,3,75.03,In-Store,125,225.09
8127,107,2521,2024-10-03,4,110.76,In-Store,126,443.04
8128,190,2521,2024-11-13,2,121.42,In-Store,129,242.84
8129,152,2521,2025-01-30,4,72.34,Social,207,289.36
8130,189,2521,2025-01-09,3,47.31,Online,57,141.93
8131,107,2521,2024-08-13,3,110.76,Social,200,332.28000000000003
8132,170,2521,2024-11-19,4,124.94,TV,346,499.76
8133,190,2521,2024-10-11,4,121.42,Online,52,485.68
8134,112,2521,2024-09-09,4,58.11,In-Store,124,232.44
8135,123,2521,2025-01-27,1,28.54,Online,59,28.54
8136,149,2521,2024-12-06,1,64.92,Online,56,64.92
8137,182,2521,2024-12-01,4,73.37,Social,205,293.48
8138,126,2521,2025-04-27,1,62.9,In-Store,138,62.9
8139,194,2521,2024-11-14,3,70.1,Social,204,210.29999999999998
8140,154,2521,2025-01-20,2,39.53,Social,207,79.06
8141,184,2522,2025-12-03,1,120.25,Email,294,120.25
8142,159,2522,2025-03-03,3,21.52,In-Store,136,64.56
8143,127,2522,2025-10-18,3,184.65,Social,218,553.95
8144,161,2522,2025-07-13,3,233.25,Social,214,699.75
8145,152,2522,2025-05-17,2,72.34,Online,64,144.68
8146,122,2522,2025-02-16,4,224.2,Online,59,896.8
8147,115,2522,2025-11-18,5,114.62,Online,74,573.1
8148,107,2522,2025-12-12,5,110.76,Online,76,553.8000000000001
8149,173,2522,2025-04-05,4,100.75,Online,62,403.0
8150,178,2522,2025-05-02,1,58.92,TV,353,58.92
8151,136,2522,2025-01-06,4,134.23,Online,58,536.92
8152,122,2522,2025-10-30,3,224.2,Online,73,672.5999999999999
8153,144,2522,2025-05-19,1,22.73,Online,64,22.73
8154,144,2522,2025-05-23,2,22.73,In-Store,139,45.46
8155,168,2523,2024-11-14,1,151.07,In-Store,128,151.07
8156,168,2523,2025-08-05,2,151.07,Email,290,302.14
8157,133,2523,2024-12-12,5,129.42,In-Store,131,647.0999999999999
8158,158,2523,2025-12-23,4,132.56,Online,76,530.24
8159,175,2523,2024-03-31,3,285.32,Email,263,855.96
8160,113,2523,2024-01-27,5,122.3,Online,40,611.5
8161,127,2523,2024-11-10,5,184.65,Online,54,923.25
8162,170,2523,2025-05-27,2,124.94,Email,286,249.88
8163,181,2523,2023-11-13,4,231.25,Online,35,925.0
8164,181,2523,2025-04-22,4,231.25,Online,63,925.0
8165,138,2523,2024-03-23,1,115.15,Online,42,115.15
8166,193,2523,2024-09-30,2,28.68,Online,51,57.36
8167,116,2523,2024-05-16,1,161.44,Online,46,161.44
8168,129,2523,2023-10-11,4,269.37,Online,33,1077.48
8169,127,2523,2023-10-20,2,184.65,In-Store,109,369.3
8170,117,2523,2025-09-28,2,214.01,In-Store,145,428.02
8171,139,2523,2024-01-03,1,162.16,Social,189,162.16
8172,183,2524,2024-09-02,1,127.82,Online,50,127.82
8173,104,2524,2024-02-28,2,50.25,In-Store,115,100.5
8174,127,2524,2025-12-04,2,184.65,Online,74,369.3
8175,109,2524,2025-10-04,3,69.39,Online,70,208.17000000000002
8176,132,2524,2024-05-06,4,146.35,Online,45,585.4
8177,168,2524,2025-11-25,2,151.07,In-Store,148,302.14
8178,183,2524,2022-12-22,1,127.82,In-Store,95,127.82
8179,157,2524,2023-05-07,4,140.43,Online,25,561.72
8180,134,2524,2024-02-03,3,113.57,Online,39,340.71
8181,154,2524,2023-03-23,2,39.53,Online,22,79.06
8182,113,2524,2023-03-27,2,122.3,TV,318,244.6
8183,189,2524,2022-12-02,4,47.31,Social,169,189.24
8184,190,2524,2024-07-22,1,121.42,Online,49,121.42
8185,199,2524,2024-04-12,2,105.38,Online,43,210.76
8186,165,2524,2023-12-10,3,213.33,Online,37,639.99
8187,115,2524,2023-08-19,5,114.62,Social,182,573.1
8188,111,2524,2025-01-28,3,78.12,Online,58,234.36
8189,161,2524,2022-10-10,4,233.25,In-Store,91,933.0
8190,142,2524,2023-08-29,4,298.93,Online,32,1195.72
8191,121,2524,2025-07-15,2,126.42,Online,67,252.84
8192,103,2524,2022-12-30,5,74.85,Email,239,374.25
8193,186,2524,2025-03-26,3,29.78,In-Store,136,89.34
8194,165,2524,2023-04-30,2,213.33,Online,25,426.66
8195,102,2524,2024-10-26,1,175.2,Online,53,175.2
8196,103,2524,2022-12-22,4,74.85,Online,19,299.4
8197,133,2524,2023-07-09,4,129.42,In-Store,104,517.68
8198,162,2524,2025-05-26,3,23.29,Online,65,69.87
8199,124,2525,2024-08-03,2,174.26,In-Store,123,348.52
8200,190,2525,2024-01-02,1,121.42,Online,37,121.42
8201,189,2525,2023-10-23,2,47.31,Online,34,94.62
8202,130,2525,2023-11-18,3,117.61,In-Store,110,352.83
8203,190,2525,2024-08-03,5,121.42,Online,49,607.1
8204,116,2525,2022-08-21,4,161.44,In-Store,89,645.76
8205,191,2525,2024-02-20,3,196.98,Online,40,590.9399999999999
8206,155,2525,2024-01-12,1,71.21,Social,190,71.21
8207,105,2525,2025-02-27,4,45.85,Online,60,183.4
8208,116,2525,2024-06-09,5,161.44,Online,46,807.2
8209,153,2525,2025-07-10,4,44.91,Online,67,179.64
8210,125,2525,2025-11-11,2,25.35,In-Store,148,50.7
8211,101,2525,2024-10-12,2,116.4,Online,52,232.8
8212,143,2525,2024-06-27,5,18.47,Online,47,92.35
8213,142,2525,2023-01-21,5,298.93,Online,19,1494.65
8214,147,2525,2022-12-27,3,193.11,Online,19,579.33
8215,110,2525,2024-12-17,3,138.19,Social,205,414.57
8216,148,2525,2023-05-20,2,47.75,Online,26,95.5
8217,153,2525,2024-06-30,3,44.91,Online,47,134.73
8218,108,2525,2023-01-29,3,127.37,Online,20,382.11
8219,117,2525,2023-04-23,4,214.01,Online,24,856.04
8220,139,2525,2022-09-15,4,162.16,Online,13,648.64
8221,183,2525,2025-08-01,1,127.82,Online,68,127.82
8222,190,2525,2023-05-25,2,121.42,Online,26,242.84
8223,143,2526,2022-12-10,1,18.47,In-Store,94,18.47
8224,167,2526,2022-11-14,1,75.91,In-Store,93,75.91
8225,106,2526,2023-07-03,2,41.44,Online,29,82.88
8226,149,2526,2024-03-12,3,64.92,TV,335,194.76
8227,106,2526,2023-10-24,3,41.44,Email,255,124.32
8228,141,2526,2023-03-06,2,75.02,In-Store,99,150.04
8229,112,2526,2022-11-12,1,58.11,In-Store,92,58.11
8230,160,2526,2023-02-09,1,74.86,Online,21,74.86
8231,118,2526,2023-09-19,2,128.58,In-Store,107,257.16
8232,193,2526,2022-11-21,3,28.68,In-Store,93,86.03999999999999
8233,114,2526,2023-05-03,2,120.5,Online,24,241.0
8234,106,2526,2022-11-15,1,41.44,Email,238,41.44
8235,104,2527,2022-07-30,1,50.25,In-Store,88,50.25
8236,113,2527,2023-04-23,3,122.3,Online,25,366.9
8237,104,2527,2022-09-24,2,50.25,Online,13,100.5
8238,103,2527,2023-02-04,3,74.85,In-Store,97,224.54999999999998
8239,133,2527,2022-04-09,1,129.42,TV,302,129.42
8240,158,2528,2023-03-24,1,132.56,Online,22,132.56
8241,145,2528,2023-04-19,2,87.44,Online,24,174.88
8242,105,2528,2023-02-17,2,45.85,Online,20,91.7
8243,199,2528,2022-11-04,2,105.38,In-Store,93,210.76
8244,103,2528,2023-05-18,1,74.85,Online,25,74.85
8245,194,2528,2023-02-21,3,70.1,Social,173,210.29999999999998
8246,149,2529,2024-07-08,3,64.92,Online,48,194.76
8247,149,2529,2023-04-01,4,64.92,Online,23,259.68
8248,144,2529,2023-09-24,3,22.73,Email,253,68.19
8249,108,2529,2023-09-03,1,127.37,Online,32,127.37
8250,178,2529,2023-08-18,3,58.92,In-Store,106,176.76
8251,105,2529,2023-07-29,3,45.85,In-Store,104,137.55
8252,144,2529,2023-01-19,4,22.73,Online,19,90.92
8253,176,2529,2024-04-27,4,98.45,In-Store,119,393.8
8254,123,2529,2023-05-19,4,28.54,Online,25,114.16
8255,192,2529,2023-01-19,2,22.56,Online,19,45.12
8256,158,2530,2023-09-23,2,132.56,Online,33,265.12
8257,167,2530,2024-08-18,4,75.91,Email,271,303.64
8258,164,2530,2023-11-09,1,91.03,In-Store,110,91.03
8259,194,2530,2024-06-10,2,70.1,In-Store,120,140.2
8260,165,2530,2024-04-11,3,213.33,Social,192,639.99
8261,157,2530,2025-05-04,1,140.43,Online,63,140.43
8262,189,2530,2023-06-28,3,47.31,In-Store,103,141.93
8263,121,2530,2025-02-03,1,126.42,TV,350,126.42
8264,169,2530,2025-10-21,5,105.46,Social,218,527.3
8265,156,2530,2025-02-02,5,13.54,In-Store,134,67.69999999999999
8266,197,2530,2025-07-26,5,270.16,TV,357,1350.8000000000002
8267,122,2530,2024-06-13,5,224.2,Social,197,1121.0
8268,189,2530,2024-05-09,2,47.31,In-Store,120,94.62
8269,120,2530,2024-12-11,4,186.86,In-Store,130,747.44
8270,128,2530,2024-09-28,1,69.61,Online,52,69.61
8271,166,2530,2024-08-09,5,151.16,TV,341,755.8
8272,173,2530,2024-03-15,2,100.75,Social,192,201.5
8273,158,2530,2025-12-24,1,132.56,Online,77,132.56
8274,151,2530,2023-12-30,4,170.44,In-Store,112,681.76
8275,104,2531,2025-02-13,2,50.25,Online,59,100.5
8276,200,2531,2024-09-11,2,213.63,In-Store,125,427.26
8277,157,2531,2025-01-08,1,140.43,Online,57,140.43
8278,166,2531,2025-03-14,2,151.16,Email,283,302.32
8279,108,2531,2023-05-23,2,127.37,Online,25,254.74
8280,179,2531,2025-06-15,1,69.62,Online,66,69.62
8281,197,2531,2023-09-28,1,270.16,Online,33,270.16
8282,147,2531,2023-12-02,2,193.11,Online,37,386.22
8283,127,2531,2025-08-17,2,184.65,In-Store,143,369.3
8284,195,2531,2024-02-17,5,109.44,In-Store,114,547.2
8285,129,2531,2023-07-15,1,269.37,Online,29,269.37
8286,176,2531,2023-08-28,4,98.45,Online,32,393.8
8287,186,2531,2023-05-30,2,29.78,In-Store,101,59.56
8288,140,2531,2025-01-02,2,139.7,Online,57,279.4
8289,123,2531,2025-06-24,3,28.54,Online,66,85.62
8290,114,2531,2024-12-04,1,120.5,Online,55,120.5
8291,165,2531,2023-04-30,5,213.33,In-Store,100,1066.65
8292,111,2531,2025-06-02,4,78.12,Online,66,312.48
8293,183,2531,2024-04-09,2,127.82,Social,192,255.64
8294,132,2531,2023-10-20,3,146.35,Online,34,439.04999999999995
8295,133,2531,2024-01-13,5,129.42,Email,258,647.0999999999999
8296,116,2531,2024-08-29,1,161.44,Online,50,161.44
8297,200,2531,2025-04-30,4,213.63,In-Store,138,854.52
8298,185,2531,2023-08-19,1,143.79,Social,182,143.79
8299,126,2531,2025-03-31,1,62.9,Online,61,62.9
8300,141,2531,2023-09-16,2,75.02,Email,252,150.04
8301,158,2531,2025-09-05,1,132.56,In-Store,144,132.56
8302,162,2531,2025-02-25,5,23.29,Online,59,116.44999999999999
8303,156,2531,2025-10-01,2,13.54,Online,71,27.08
8304,191,2531,2025-04-24,1,196.98,Online,63,196.98
8305,129,2531,2023-11-20,4,269.37,In-Store,110,1077.48
8306,197,2531,2023-05-07,5,270.16,Social,177,1350.8000000000002
8307,129,2531,2023-11-30,1,269.37,Online,36,269.37
8308,151,2532,2025-02-28,4,170.44,Online,59,681.76
8309,183,2532,2025-03-22,1,127.82,Social,209,127.82
8310,158,2532,2023-09-10,1,132.56,Online,32,132.56
8311,104,2532,2025-02-20,2,50.25,Online,59,100.5
8312,119,2532,2024-05-27,4,193.28,Online,46,773.12
8313,190,2532,2023-05-07,1,121.42,Online,25,121.42
8314,170,2532,2023-10-26,4,124.94,TV,326,499.76
8315,166,2532,2025-10-28,5,151.16,Online,72,755.8
8316,101,2532,2023-12-16,1,116.4,Online,37,116.4
8317,183,2532,2023-09-26,5,127.82,Online,33,639.0999999999999
8318,186,2532,2024-08-20,4,29.78,Online,50,119.12
8319,139,2532,2023-04-15,1,162.16,In-Store,100,162.16
8320,161,2533,2025-11-06,3,233.25,Online,72,699.75
8321,198,2533,2024-07-23,1,167.93,Online,48,167.93
8322,181,2533,2025-01-18,5,231.25,Online,58,1156.25
8323,118,2533,2024-09-14,3,128.58,Online,51,385.74
8324,164,2533,2025-05-26,1,91.03,Online,65,91.03
8325,168,2533,2025-11-25,5,151.07,Online,75,755.3499999999999
8326,130,2533,2025-11-13,2,117.61,In-Store,148,235.22
8327,165,2533,2025-11-28,4,213.33,In-Store,149,853.32
8328,175,2533,2024-08-19,5,285.32,In-Store,124,1426.6
8329,141,2533,2025-02-17,4,75.02,Online,59,300.08
8330,107,2533,2025-04-27,3,110.76,Email,285,332.28000000000003
8331,197,2533,2025-02-22,1,270.16,Online,59,270.16
8332,151,2533,2024-12-14,4,170.44,In-Store,130,681.76
8333,136,2533,2025-09-26,2,134.23,Online,70,268.46
8334,118,2533,2024-07-26,5,128.58,Email,270,642.9000000000001
8335,140,2533,2024-11-10,1,139.7,Online,55,139.7
8336,161,2533,2024-12-08,2,233.25,Online,55,466.5
8337,164,2533,2025-09-10,4,91.03,Online,70,364.12
8338,137,2534,2024-10-24,1,90.95,Online,53,90.95
8339,146,2534,2024-11-20,2,28.76,Online,55,57.52
8340,123,2534,2024-08-01,4,28.54,Online,49,114.16
8341,136,2535,2025-06-18,3,134.23,Social,213,402.68999999999994
8342,172,2535,2025-06-24,1,75.03,Online,66,75.03
8343,166,2535,2025-04-01,3,151.16,Email,283,453.48
8344,189,2535,2025-05-19,5,47.31,In-Store,139,236.55
8345,108,2535,2024-09-10,1,127.37,Online,51,127.37
8346,133,2535,2024-11-10,4,129.42,In-Store,129,517.68
8347,166,2535,2025-11-03,3,151.16,Online,73,453.48
8348,144,2535,2024-05-16,5,22.73,TV,337,113.65
8349,147,2535,2025-08-10,1,193.11,Email,290,193.11
8350,160,2535,2024-06-05,3,74.86,Social,195,224.57999999999998
8351,110,2535,2025-02-01,4,138.19,In-Store,134,552.76
8352,122,2535,2025-04-10,4,224.2,Email,284,896.8
8353,166,2536,2024-09-14,5,151.16,Online,51,755.8
8354,120,2536,2023-11-02,1,186.86,In-Store,109,186.86
8355,119,2536,2025-12-21,4,193.28,Online,76,773.12
8356,123,2536,2023-12-19,4,28.54,Social,188,114.16
8357,194,2536,2025-01-23,1,70.1,Online,59,70.1
8358,172,2536,2024-03-08,5,75.03,Online,41,375.15
8359,110,2536,2025-09-23,2,138.19,Online,70,276.38
8360,186,2536,2025-03-03,4,29.78,Online,60,119.12
8361,140,2536,2024-02-20,2,139.7,In-Store,115,279.4
8362,187,2536,2023-12-03,3,95.73,In-Store,110,287.19
8363,170,2536,2025-07-24,5,124.94,Online,67,624.7
8364,107,2536,2025-05-03,2,110.76,Online,63,221.52
8365,117,2536,2025-03-01,4,214.01,TV,351,856.04
8366,146,2536,2025-06-29,2,28.76,Online,66,57.52
8367,158,2536,2025-10-15,4,132.56,Social,218,530.24
8368,147,2536,2025-07-07,3,193.11,Online,67,579.33
8369,120,2536,2025-06-22,5,186.86,Online,66,934.3000000000001
8370,116,2536,2024-12-10,5,161.44,In-Store,131,807.2
8371,183,2536,2024-08-14,3,127.82,Online,49,383.46
8372,157,2536,2024-07-02,4,140.43,Online,48,561.72
8373,101,2537,2023-11-01,3,116.4,In-Store,110,349.20000000000005
8374,144,2537,2024-04-30,4,22.73,In-Store,119,90.92
8375,113,2537,2023-07-24,3,122.3,Online,30,366.9
8376,125,2537,2023-08-09,2,25.35,In-Store,105,50.7
8377,199,2537,2023-08-08,4,105.38,In-Store,105,421.52
8378,190,2537,2024-05-30,4,121.42,Online,46,485.68
8379,154,2537,2023-04-10,2,39.53,Online,24,79.06
8380,186,2538,2025-04-16,3,29.78,Social,211,89.34
8381,146,2538,2025-07-09,1,28.76,Social,214,28.76
8382,152,2538,2025-07-20,2,72.34,Online,67,144.68
8383,168,2538,2025-01-21,2,151.07,Online,58,302.14
8384,167,2538,2025-07-13,3,75.91,Social,215,227.73
8385,147,2538,2025-06-15,4,193.11,Online,65,772.44
8386,188,2538,2025-03-19,5,12.93,In-Store,136,64.65
8387,175,2538,2025-03-25,2,285.32,Online,60,570.64
8388,117,2538,2025-01-07,3,214.01,Online,57,642.03
8389,136,2538,2025-12-23,3,134.23,Online,77,402.68999999999994
8390,110,2538,2025-05-19,1,138.19,Online,64,138.19
8391,124,2538,2025-08-18,5,174.26,Online,68,871.3
8392,117,2538,2025-10-08,3,214.01,Online,71,642.03
8393,110,2538,2025-02-01,5,138.19,In-Store,134,690.95
8394,156,2538,2025-03-23,3,13.54,Online,60,40.62
8395,108,2538,2025-09-06,3,127.37,Online,70,382.11
8396,127,2538,2025-11-06,4,184.65,Online,72,738.6
8397,173,2538,2025-08-30,2,100.75,Email,290,201.5
8398,161,2538,2025-11-25,2,233.25,In-Store,147,466.5
8399,152,2538,2025-09-04,2,72.34,Online,69,144.68
8400,110,2538,2025-12-29,2,138.19,In-Store,149,276.38
8401,188,2539,2024-04-02,4,12.93,Online,43,51.72
8402,182,2539,2024-06-10,1,73.37,Online,46,73.37
8403,101,2539,2025-04-15,1,116.4,Online,61,116.4
8404,135,2539,2024-05-31,3,62.14,Social,195,186.42000000000002
8405,182,2539,2024-10-13,3,73.37,Online,53,220.11
8406,149,2539,2024-02-25,1,64.92,In-Store,116,64.92
8407,187,2539,2024-05-03,2,95.73,Social,194,191.46
8408,169,2539,2024-09-04,4,105.46,Social,201,421.84
8409,105,2539,2024-07-22,2,45.85,Email,269,91.7
8410,125,2539,2024-04-25,2,25.35,Online,43,50.7
8411,179,2540,2024-08-02,3,69.62,Online,49,208.86
8412,169,2540,2024-08-28,2,105.46,In-Store,125,210.92
8413,118,2540,2024-09-25,1,128.58,Online,51,128.58
8414,187,2540,2024-10-12,3,95.73,Online,52,287.19
8415,153,2540,2024-10-05,2,44.91,Online,52,89.82
8416,186,2540,2024-08-17,2,29.78,Email,271,59.56
8417,133,2540,2024-10-27,1,129.42,In-Store,128,129.42
8418,164,2541,2024-11-04,3,91.03,Online,54,273.09000000000003
8419,180,2541,2022-12-16,1,97.9,Email,239,97.9
8420,110,2541,2025-01-08,4,138.19,In-Store,132,552.76
8421,151,2541,2024-11-15,1,170.44,Online,55,170.44
8422,116,2541,2025-01-03,4,161.44,Email,279,645.76
8423,115,2541,2023-04-07,2,114.62,In-Store,100,229.24
8424,195,2541,2023-01-18,4,109.44,In-Store,96,437.76
8425,129,2541,2022-11-24,1,269.37,Online,17,269.37
8426,176,2541,2024-03-08,3,98.45,In-Store,116,295.35
8427,132,2541,2023-04-07,2,146.35,Online,23,292.7
8428,126,2541,2023-06-21,2,62.9,Online,28,125.8
8429,157,2541,2022-12-09,3,140.43,In-Store,94,421.29
8430,145,2541,2023-09-28,4,87.44,Online,33,349.76
8431,179,2541,2025-09-22,5,69.62,TV,361,348.1
8432,133,2541,2023-06-10,2,129.42,Online,27,258.84
8433,139,2541,2024-11-18,3,162.16,In-Store,128,486.48
8434,116,2541,2025-10-06,3,161.44,Online,71,484.32
8435,188,2541,2025-04-13,4,12.93,In-Store,138,51.72
8436,183,2542,2024-02-03,4,127.82,Online,40,511.28
8437,148,2542,2023-10-20,3,47.75,Online,34,143.25
8438,133,2542,2024-03-28,1,129.42,In-Store,118,129.42
8439,131,2542,2024-12-12,3,76.52,Online,56,229.56
8440,106,2542,2024-03-17,3,41.44,Online,42,124.32
8441,150,2542,2024-05-05,4,66.48,Online,45,265.92
8442,136,2542,2024-01-07,4,134.23,Online,37,536.92
8443,188,2542,2024-10-13,4,12.93,Online,52,51.72
8444,107,2542,2024-02-23,4,110.76,Online,41,443.04
8445,138,2542,2024-07-30,3,115.15,In-Store,123,345.45000000000005
8446,143,2542,2024-10-21,2,18.47,Online,53,36.94
8447,143,2542,2024-05-13,3,18.47,In-Store,119,55.41
8448,133,2542,2024-09-05,3,129.42,Online,51,388.26
8449,131,2542,2024-02-14,3,76.52,In-Store,115,229.56
8450,107,2542,2024-05-28,4,110.76,Online,46,443.04
8451,188,2542,2025-01-09,4,12.93,In-Store,132,51.72
8452,176,2542,2024-02-19,2,98.45,In-Store,115,196.9
8453,194,2542,2024-10-23,1,70.1,Online,53,70.1
8454,131,2542,2024-01-02,4,76.52,Online,38,306.08
8455,162,2542,2023-11-18,4,23.29,In-Store,110,93.16
8456,112,2543,2025-06-20,2,58.11,Online,66,116.22
8457,139,2543,2024-11-27,3,162.16,In-Store,130,486.48
8458,102,2543,2023-01-12,5,175.2,Online,19,876.0
8459,160,2543,2024-01-01,5,74.86,Online,37,374.3
8460,106,2543,2022-07-01,2,41.44,In-Store,87,82.88
8461,190,2543,2023-10-19,4,121.42,In-Store,108,485.68
8462,181,2543,2023-03-22,5,231.25,In-Store,99,1156.25
8463,143,2543,2025-12-10,4,18.47,Online,76,73.88
8464,173,2543,2022-07-22,4,100.75,Online,9,403.0
8465,156,2543,2024-03-12,4,13.54,Online,42,54.16
8466,196,2543,2025-03-13,1,162.21,In-Store,136,162.21
8467,168,2543,2022-12-17,5,151.07,Online,18,755.3499999999999
8468,166,2543,2024-08-27,2,151.16,Online,50,302.32
8469,149,2543,2024-01-28,5,64.92,Online,39,324.6
8470,110,2543,2023-03-16,3,138.19,In-Store,99,414.57
8471,117,2543,2022-10-24,5,214.01,In-Store,91,1070.05
8472,112,2543,2024-04-10,2,58.11,Online,43,116.22
8473,132,2543,2024-01-09,4,146.35,In-Store,113,585.4
8474,187,2544,2023-05-17,3,95.73,Online,25,287.19
8475,133,2544,2022-09-05,2,129.42,In-Store,90,258.84
8476,178,2544,2023-03-28,2,58.92,Email,244,117.84
8477,141,2544,2023-02-16,2,75.02,In-Store,97,150.04
8478,131,2544,2023-04-14,2,76.52,Online,24,153.04
8479,141,2544,2022-10-18,1,75.02,Online,15,75.02
8480,174,2544,2023-07-29,2,89.89,In-Store,104,179.78
8481,108,2544,2022-03-31,3,127.37,In-Store,82,382.11
8482,173,2544,2022-05-07,2,100.75,In-Store,85,201.5
8483,138,2544,2022-05-18,3,115.15,Online,6,345.45000000000005
8484,167,2544,2022-12-17,1,75.91,Online,18,75.91
8485,170,2544,2022-04-19,2,124.94,Email,228,249.88
8486,182,2544,2022-12-16,3,73.37,In-Store,95,220.11
8487,118,2545,2025-03-04,4,128.58,In-Store,136,514.32
8488,170,2545,2025-01-07,1,124.94,Online,57,124.94
8489,136,2545,2024-12-12,4,134.23,Social,205,536.92
8490,105,2545,2025-01-05,2,45.85,Social,206,91.7
8491,115,2545,2025-06-15,4,114.62,In-Store,140,458.48
8492,188,2545,2025-01-10,2,12.93,In-Store,132,25.86
8493,126,2545,2025-01-24,4,62.9,Online,58,251.6
8494,135,2546,2023-12-03,4,62.14,Online,37,248.56
8495,106,2546,2023-12-23,1,41.44,Online,37,41.44
8496,130,2546,2023-03-04,2,117.61,In-Store,99,235.22
8497,192,2546,2022-05-07,3,22.56,Online,5,67.67999999999999
8498,129,2547,2024-04-30,1,269.37,Online,44,269.37
8499,115,2547,2024-05-24,3,114.62,Online,46,343.86
8500,165,2547,2025-09-29,4,213.33,Social,218,853.32
8501,158,2547,2024-10-13,5,132.56,Online,52,662.8
8502,154,2547,2024-09-23,5,39.53,Social,202,197.65
8503,134,2547,2025-03-20,3,113.57,Online,61,340.71
8504,148,2547,2024-12-17,3,47.75,Online,57,143.25
8505,144,2547,2025-05-19,1,22.73,Online,64,22.73
8506,123,2547,2025-08-06,1,28.54,Online,68,28.54
8507,151,2547,2024-11-07,4,170.44,Online,54,681.76
8508,103,2547,2025-08-22,5,74.85,Online,69,374.25
8509,198,2547,2025-06-03,2,167.93,In-Store,140,335.86
8510,106,2547,2025-02-21,2,41.44,In-Store,135,82.88
8511,198,2547,2025-08-02,1,167.93,In-Store,143,167.93
8512,124,2547,2025-11-18,1,174.26,Social,221,174.26
8513,119,2547,2025-03-29,2,193.28,Online,61,386.56
8514,200,2547,2024-10-23,3,213.63,Online,53,640.89
8515,112,2547,2024-05-28,3,58.11,Online,46,174.32999999999998
8516,184,2547,2025-12-29,4,120.25,Online,77,481.0
8517,172,2547,2024-09-02,5,75.03,Email,273,375.15
8518,168,2547,2024-05-29,5,151.07,Online,46,755.3499999999999
8519,125,2547,2024-08-10,1,25.35,Online,49,25.35
8520,175,2547,2024-11-02,4,285.32,In-Store,128,1141.28
8521,163,2547,2025-04-28,4,115.65,In-Store,138,462.6
8522,139,2547,2025-06-09,4,162.16,Online,66,648.64
8523,164,2547,2025-06-11,3,91.03,Online,66,273.09000000000003
8524,135,2548,2022-11-28,1,62.14,Online,17,62.14
8525,130,2548,2023-04-25,3,117.61,Online,25,352.83
8526,191,2549,2025-01-22,1,196.98,Online,58,196.98
8527,181,2549,2024-07-01,5,231.25,Online,48,1156.25
8528,144,2549,2025-03-29,2,22.73,Social,210,45.46
8529,124,2549,2025-11-12,2,174.26,Online,73,348.52
8530,198,2549,2025-01-21,1,167.93,Online,59,167.93
8531,185,2549,2024-07-21,5,143.79,Online,48,718.9499999999999
8532,172,2549,2024-06-09,2,75.03,Online,46,150.06
8533,103,2549,2024-05-28,4,74.85,Online,46,299.4
8534,133,2549,2025-08-04,1,129.42,Online,68,129.42
8535,125,2549,2024-09-14,3,25.35,Online,51,76.05000000000001
8536,162,2549,2025-10-12,2,23.29,Online,70,46.58
8537,172,2549,2025-07-15,5,75.03,TV,357,375.15
8538,112,2549,2025-01-27,4,58.11,In-Store,134,232.44
8539,138,2549,2025-12-24,1,115.15,Online,77,115.15
8540,139,2549,2025-02-23,5,162.16,Online,59,810.8
8541,191,2550,2023-05-10,1,196.98,Online,25,196.98
8542,105,2550,2024-06-07,2,45.85,Online,47,91.7
8543,129,2550,2023-01-13,5,269.37,Online,19,1346.85
8544,130,2550,2023-11-22,5,117.61,In-Store,111,588.05
8545,128,2550,2022-11-19,5,69.61,TV,312,348.05
8546,154,2550,2024-02-03,3,39.53,TV,333,118.59
8547,167,2550,2024-07-24,3,75.91,In-Store,123,227.73
8548,157,2550,2022-10-14,5,140.43,Online,14,702.1500000000001
8549,192,2550,2024-08-13,3,22.56,TV,340,67.67999999999999
8550,151,2550,2024-10-31,3,170.44,Online,54,511.32
8551,158,2550,2025-09-07,3,132.56,Online,70,397.68
8552,110,2550,2024-06-26,2,138.19,TV,338,276.38
8553,148,2550,2025-05-11,5,47.75,Online,64,238.75
8554,180,2550,2023-11-04,1,97.9,In-Store,110,97.9
8555,114,2550,2025-03-23,4,120.5,In-Store,136,482.0
8556,163,2550,2024-05-08,1,115.65,Social,195,115.65
8557,190,2550,2024-02-05,1,121.42,In-Store,114,121.42
8558,105,2550,2025-11-11,2,45.85,Online,74,91.7
8559,178,2550,2023-03-19,3,58.92,Email,243,176.76
8560,155,2551,2025-10-02,1,71.21,Online,70,71.21
8561,168,2551,2025-02-22,1,151.07,Online,59,151.07
8562,165,2551,2025-09-24,4,213.33,Online,70,853.32
8563,114,2551,2025-03-04,1,120.5,In-Store,136,120.5
8564,120,2551,2023-07-04,2,186.86,In-Store,104,373.72
8565,172,2551,2023-03-30,5,75.03,In-Store,100,375.15
8566,154,2551,2025-06-16,1,39.53,Online,66,39.53
8567,196,2551,2023-12-17,3,162.21,Social,188,486.63
8568,113,2551,2024-07-29,2,122.3,In-Store,124,244.6
8569,118,2551,2025-03-15,2,128.58,Social,210,257.16
8570,160,2551,2025-05-04,4,74.86,Online,64,299.44
8571,157,2551,2025-09-23,1,140.43,TV,361,140.43
8572,119,2551,2025-02-11,4,193.28,Online,59,773.12
8573,142,2551,2024-08-19,3,298.93,In-Store,124,896.79
8574,200,2551,2023-07-08,3,213.63,Social,180,640.89
8575,130,2551,2025-02-08,4,117.61,Online,59,470.44
8576,114,2551,2025-12-21,3,120.5,TV,365,361.5
8577,142,2551,2024-10-17,2,298.93,Online,52,597.86
8578,109,2551,2024-05-08,3,69.39,In-Store,120,208.17000000000002
8579,191,2551,2024-03-31,4,196.98,Online,43,787.92
8580,108,2551,2025-10-01,2,127.37,In-Store,144,254.74
8581,115,2551,2024-05-16,2,114.62,Online,46,229.24
8582,152,2551,2025-10-01,1,72.34,Online,70,72.34
8583,185,2551,2024-04-03,4,143.79,Online,43,575.16
8584,185,2551,2023-07-27,2,143.79,In-Store,104,287.58
8585,184,2551,2024-05-30,4,120.25,Social,195,481.0
8586,197,2551,2025-09-16,4,270.16,In-Store,144,1080.64
8587,104,2552,2024-11-29,4,50.25,In-Store,130,201.0
8588,174,2552,2023-11-23,4,89.89,In-Store,110,359.56
8589,128,2552,2024-04-11,1,69.61,In-Store,118,69.61
8590,106,2552,2024-06-12,2,41.44,Online,47,82.88
8591,187,2552,2024-05-12,2,95.73,Online,46,191.46
8592,133,2552,2023-12-29,1,129.42,Online,38,129.42
8593,182,2552,2023-11-01,2,73.37,Online,35,146.74
8594,125,2552,2023-12-26,2,25.35,Online,37,50.7
8595,104,2552,2023-10-04,3,50.25,Social,184,150.75
8596,114,2552,2024-06-17,1,120.5,Online,47,120.5
8597,113,2552,2024-03-08,2,122.3,Online,41,244.6
8598,121,2553,2024-08-18,4,126.42,In-Store,124,505.68
8599,200,2553,2024-04-13,4,213.63,Online,43,854.52
8600,183,2553,2024-07-22,1,127.82,In-Store,123,127.82
8601,106,2553,2025-08-30,2,41.44,Online,68,82.88
8602,164,2553,2024-04-20,3,91.03,In-Store,119,273.09000000000003
8603,181,2553,2024-11-20,1,231.25,Online,54,231.25
8604,139,2553,2024-09-03,1,162.16,Online,50,162.16
8605,128,2553,2025-03-25,2,69.61,In-Store,136,139.22
8606,143,2553,2025-03-30,3,18.47,Online,61,55.41
8607,181,2553,2025-01-24,5,231.25,Online,58,1156.25
8608,124,2553,2024-06-08,3,174.26,Social,195,522.78
8609,181,2553,2024-05-09,2,231.25,Online,45,462.5
8610,175,2553,2024-04-21,2,285.32,Online,44,570.64
8611,158,2553,2025-09-21,4,132.56,Online,70,530.24
8612,191,2553,2025-04-28,3,196.98,Online,63,590.9399999999999
8613,187,2553,2024-11-23,4,95.73,Online,55,382.92
8614,114,2553,2025-10-25,2,120.5,Online,72,241.0
8615,198,2553,2024-12-07,5,167.93,Online,56,839.6500000000001
8616,178,2553,2025-06-16,5,58.92,Online,66,294.6
8617,151,2553,2025-05-30,1,170.44,In-Store,139,170.44
8618,154,2553,2024-10-24,1,39.53,In-Store,128,39.53
8619,151,2553,2024-07-08,2,170.44,Online,48,340.88
8620,192,2553,2024-06-22,5,22.56,Online,47,112.8
8621,157,2553,2024-11-03,4,140.43,Online,53,561.72
8622,154,2553,2024-11-23,5,39.53,Online,55,197.65
8623,189,2553,2024-09-29,2,47.31,Online,51,94.62
8624,111,2553,2025-03-03,3,78.12,Online,60,234.36
8625,161,2554,2025-03-23,2,233.25,In-Store,136,466.5
8626,185,2554,2025-11-03,1,143.79,Social,220,143.79
8627,142,2554,2025-03-21,3,298.93,In-Store,136,896.79
8628,161,2554,2023-07-31,1,233.25,In-Store,104,233.25
8629,132,2554,2023-05-05,3,146.35,Online,25,439.04999999999995
8630,135,2554,2024-12-24,3,62.14,Online,57,186.42000000000002
8631,181,2554,2023-01-07,3,231.25,Online,19,693.75
8632,151,2554,2023-11-14,4,170.44,Online,35,681.76
8633,185,2554,2025-08-01,1,143.79,Online,68,143.79
8634,161,2554,2024-09-13,3,233.25,Social,201,699.75
8635,165,2554,2025-12-17,5,213.33,In-Store,149,1066.65
8636,193,2554,2025-04-11,5,28.68,TV,352,143.4
8637,188,2554,2023-10-21,2,12.93,Email,255,25.86
8638,119,2554,2022-11-19,3,193.28,In-Store,94,579.84
8639,105,2554,2024-12-11,3,45.85,In-Store,130,137.55
8640,107,2554,2023-11-06,1,110.76,Online,35,110.76
8641,189,2554,2024-06-10,3,47.31,Online,46,141.93
8642,129,2554,2023-05-28,4,269.37,Online,26,1077.48
8643,133,2554,2025-08-26,3,129.42,In-Store,144,388.26
8644,156,2554,2025-08-18,1,13.54,Social,215,13.54
8645,127,2555,2025-05-30,3,184.65,In-Store,139,553.95
8646,102,2555,2024-08-30,3,175.2,In-Store,125,525.5999999999999
8647,110,2555,2024-09-23,4,138.19,Social,202,552.76
8648,109,2555,2024-01-18,2,69.39,Email,259,138.78
8649,109,2555,2025-05-02,3,69.39,In-Store,138,208.17000000000002
8650,101,2555,2023-11-17,1,116.4,In-Store,110,116.4
8651,147,2555,2025-06-19,3,193.11,In-Store,141,579.33
8652,113,2555,2025-11-07,4,122.3,Online,73,489.2
8653,110,2555,2024-03-25,5,138.19,In-Store,117,690.95
8654,151,2555,2025-11-29,3,170.44,TV,364,511.32
8655,108,2555,2025-12-14,2,127.37,Online,76,254.74
8656,187,2555,2023-11-16,5,95.73,In-Store,110,478.65000000000003
8657,181,2555,2024-01-29,4,231.25,Online,40,925.0
8658,157,2555,2024-11-27,3,140.43,In-Store,130,421.29
8659,119,2555,2024-12-24,5,193.28,Online,56,966.4
8660,128,2555,2023-12-13,4,69.61,Online,36,278.44
8661,191,2555,2025-09-15,2,196.98,Email,291,393.96
8662,121,2555,2025-10-30,5,126.42,Online,73,632.1
8663,170,2555,2024-01-08,5,124.94,In-Store,113,624.7
8664,141,2555,2024-12-10,4,75.02,TV,346,300.08
8665,102,2555,2025-01-27,1,175.2,Online,58,175.2
8666,120,2555,2025-01-28,3,186.86,Online,59,560.58
8667,113,2555,2024-11-19,4,122.3,Online,55,489.2
8668,132,2555,2025-08-17,1,146.35,Online,69,146.35
8669,197,2555,2025-09-06,4,270.16,Social,216,1080.64
8670,173,2555,2024-05-17,4,100.75,Online,46,403.0
8671,110,2555,2024-09-21,4,138.19,Online,51,552.76
8672,110,2555,2024-07-07,3,138.19,In-Store,122,414.57
8673,174,2556,2024-10-09,3,89.89,Online,52,269.67
8674,167,2556,2025-01-26,4,75.91,Social,206,303.64
8675,101,2556,2024-10-26,4,116.4,In-Store,128,465.6
8676,153,2556,2024-10-11,2,44.91,In-Store,126,89.82
8677,171,2556,2025-02-23,1,117.28,In-Store,134,117.28
8678,109,2556,2024-11-14,4,69.39,Online,54,277.56
8679,126,2556,2025-05-08,1,62.9,Social,212,62.9
8680,114,2556,2024-11-07,3,120.5,Online,53,361.5
8681,158,2556,2025-03-11,1,132.56,Online,60,132.56
8682,135,2557,2023-02-22,1,62.14,Online,20,62.14
8683,101,2557,2023-03-25,2,116.4,Online,23,232.8
8684,146,2557,2022-10-31,2,28.76,TV,311,57.52
8685,115,2557,2023-04-07,3,114.62,Social,176,343.86
8686,147,2558,2025-06-20,1,193.11,Online,66,193.11
8687,178,2558,2022-10-25,4,58.92,Online,14,235.68
8688,186,2558,2024-01-29,4,29.78,In-Store,114,119.12
8689,170,2558,2022-05-19,1,124.94,Email,229,124.94
8690,121,2558,2022-08-14,1,126.42,Online,11,126.42
8691,130,2558,2025-03-21,3,117.61,Online,60,352.83
8692,172,2558,2024-10-12,2,75.03,In-Store,127,150.06
8693,119,2558,2025-02-02,4,193.28,In-Store,134,773.12
8694,109,2558,2023-08-11,1,69.39,In-Store,105,69.39
8695,140,2558,2023-11-09,1,139.7,In-Store,110,139.7
8696,151,2558,2024-02-03,4,170.44,Online,40,681.76
8697,140,2558,2025-03-30,1,139.7,Online,61,139.7
8698,111,2558,2022-05-20,2,78.12,Email,229,156.24
8699,198,2558,2025-05-06,2,167.93,Online,64,335.86
8700,133,2558,2022-09-08,5,129.42,In-Store,90,647.0999999999999
8701,113,2558,2023-05-30,5,122.3,Online,27,611.5
8702,163,2558,2022-05-22,2,115.65,In-Store,85,231.3
8703,191,2558,2023-11-22,2,196.98,Online,35,393.96
8704,188,2558,2024-10-27,5,12.93,Online,53,64.65
8705,184,2558,2023-08-03,2,120.25,Online,31,240.5
8706,172,2558,2025-05-07,4,75.03,TV,354,300.12
8707,108,2558,2024-06-28,1,127.37,TV,339,127.37
8708,104,2559,2023-01-25,2,50.25,Social,172,100.5
8709,170,2559,2023-11-13,3,124.94,Social,185,374.82
8710,153,2559,2022-12-21,1,44.91,Social,169,44.91
8711,153,2559,2024-01-16,3,44.91,Online,39,134.73
8712,112,2559,2023-08-29,2,58.11,In-Store,106,116.22
8713,146,2559,2023-01-01,4,28.76,In-Store,96,115.04
8714,136,2559,2022-07-07,4,134.23,Online,9,536.92
8715,138,2560,2024-12-06,3,115.15,Online,56,345.45000000000005
8716,188,2560,2024-12-12,3,12.93,Online,56,38.79
8717,107,2560,2025-01-06,1,110.76,Online,58,110.76
8718,109,2560,2024-11-23,1,69.39,In-Store,129,69.39
8719,172,2561,2024-08-28,4,75.03,In-Store,125,300.12
8720,144,2561,2024-08-03,4,22.73,Online,49,90.92
8721,159,2561,2024-07-20,4,21.52,Online,48,86.08
8722,184,2561,2024-12-13,5,120.25,Online,56,601.25
8723,142,2561,2024-09-15,1,298.93,Online,51,298.93
8724,192,2561,2025-05-27,1,22.56,Online,65,22.56
8725,138,2561,2025-05-05,4,115.15,Online,63,460.6
8726,196,2561,2025-09-30,5,162.21,In-Store,145,811.0500000000001
8727,128,2561,2024-06-18,2,69.61,Online,47,139.22
8728,182,2561,2024-07-09,4,73.37,Online,48,293.48
8729,132,2561,2025-04-24,3,146.35,Online,63,439.04999999999995
8730,136,2561,2024-08-09,1,134.23,Online,49,134.23
8731,116,2561,2024-02-14,4,161.44,Online,40,645.76
8732,164,2561,2024-05-24,2,91.03,Online,46,182.06
8733,184,2561,2025-10-04,2,120.25,Online,71,240.5
8734,117,2561,2025-01-15,4,214.01,Online,58,856.04
8735,196,2561,2025-03-21,4,162.21,Online,61,648.84
8736,194,2561,2024-10-22,1,70.1,In-Store,128,70.1
8737,136,2561,2024-12-13,4,134.23,Online,56,536.92
8738,136,2561,2024-07-31,3,134.23,TV,340,402.68999999999994
8739,197,2561,2024-12-01,5,270.16,Online,55,1350.8000000000002
8740,195,2562,2023-11-11,3,109.44,Online,36,328.32
8741,189,2562,2023-09-19,4,47.31,In-Store,107,189.24
8742,162,2562,2023-05-10,1,23.29,In-Store,101,23.29
8743,158,2562,2024-02-26,3,132.56,Email,261,397.68
8744,184,2562,2023-10-03,1,120.25,Social,184,120.25
8745,150,2562,2022-12-28,3,66.48,In-Store,95,199.44
8746,118,2562,2024-10-31,4,128.58,Social,203,514.32
8747,133,2562,2022-11-19,2,129.42,Online,17,258.84
8748,172,2562,2023-03-13,3,75.03,Online,22,225.09
8749,126,2562,2024-02-19,4,62.9,Online,40,251.6
8750,135,2562,2024-09-11,4,62.14,Online,51,248.56
8751,126,2562,2024-07-19,1,62.9,In-Store,123,62.9
8752,150,2562,2023-07-18,1,66.48,In-Store,105,66.48
8753,176,2562,2023-02-26,1,98.45,TV,317,98.45
8754,140,2563,2024-12-09,1,139.7,Social,205,139.7
8755,139,2563,2024-02-25,3,162.16,In-Store,116,486.48
8756,164,2563,2024-01-09,3,91.03,Online,39,273.09000000000003
8757,124,2563,2024-09-22,3,174.26,In-Store,125,522.78
8758,109,2563,2024-06-28,2,69.39,Social,196,138.78
8759,183,2563,2025-09-15,2,127.82,Online,70,255.64
8760,102,2563,2025-04-10,3,175.2,Online,61,525.5999999999999
8761,196,2563,2025-09-06,1,162.21,Online,70,162.21
8762,176,2563,2024-05-31,3,98.45,In-Store,121,295.35
8763,190,2563,2025-12-01,2,121.42,Online,74,242.84
8764,148,2563,2025-01-10,2,47.75,Social,206,95.5
8765,176,2563,2024-04-12,2,98.45,Online,43,196.9
8766,183,2563,2024-08-01,5,127.82,In-Store,123,639.0999999999999
8767,175,2563,2024-08-14,5,285.32,Email,272,1426.6
8768,197,2563,2024-08-01,4,270.16,TV,341,1080.64
8769,154,2564,2025-09-21,2,39.53,TV,361,79.06
8770,169,2564,2025-02-26,1,105.46,Online,59,105.46
8771,188,2564,2025-07-08,3,12.93,Online,67,38.79
8772,145,2564,2025-10-18,2,87.44,Online,71,174.88
8773,107,2564,2024-10-27,2,110.76,Email,276,221.52
8774,127,2564,2024-12-26,5,184.65,TV,348,923.25
8775,162,2564,2024-10-21,2,23.29,Email,274,46.58
8776,198,2564,2025-03-06,1,167.93,Social,209,167.93
8777,127,2564,2025-08-26,2,184.65,In-Store,143,369.3
8778,138,2564,2025-04-03,1,115.15,Email,284,115.15
8779,116,2564,2025-07-25,3,161.44,Online,67,484.32
8780,177,2564,2025-01-05,5,296.45,Social,206,1482.25
8781,170,2564,2025-03-22,1,124.94,Online,60,124.94
8782,110,2564,2025-03-15,2,138.19,Online,60,276.38
8783,123,2564,2024-12-30,4,28.54,Online,56,114.16
8784,127,2564,2025-06-20,5,184.65,Online,66,923.25
8785,156,2565,2025-12-31,3,13.54,Online,77,40.62
8786,126,2565,2025-04-29,5,62.9,In-Store,138,314.5
8787,136,2565,2025-05-20,1,134.23,Online,65,134.23
8788,132,2565,2024-12-27,4,146.35,Online,56,585.4
8789,164,2565,2025-12-17,5,91.03,Online,76,455.15
8790,175,2565,2024-07-28,2,285.32,Online,49,570.64
8791,133,2565,2025-02-06,5,129.42,Social,208,647.0999999999999
8792,118,2565,2025-12-14,1,128.58,In-Store,149,128.58
8793,193,2565,2024-12-17,2,28.68,Online,57,57.36
8794,120,2565,2024-07-22,2,186.86,Online,49,373.72
8795,168,2565,2023-05-16,2,151.07,Online,25,302.14
8796,136,2565,2024-07-31,1,134.23,Online,49,134.23
8797,131,2565,2025-02-22,2,76.52,Online,60,153.04
8798,191,2565,2023-01-06,2,196.98,In-Store,96,393.96
8799,196,2565,2025-03-16,1,162.21,Online,61,162.21
8800,196,2565,2024-07-11,4,162.21,Online,48,648.84
8801,110,2565,2023-05-22,4,138.19,Social,178,552.76
8802,177,2565,2024-04-11,2,296.45,Social,192,592.9
8803,122,2565,2023-02-16,1,224.2,Online,20,224.2
8804,144,2565,2023-06-26,2,22.73,In-Store,104,45.46
8805,183,2565,2025-05-09,2,127.82,Online,64,255.64
8806,168,2565,2024-12-20,3,151.07,Online,56,453.21
8807,200,2565,2022-12-13,3,213.63,Online,17,640.89
8808,168,2565,2025-01-20,5,151.07,Online,58,755.3499999999999
8809,121,2565,2023-07-09,5,126.42,Online,29,632.1
8810,177,2565,2025-04-30,4,296.45,In-Store,138,1185.8
8811,107,2565,2025-04-05,1,110.76,Online,61,110.76
8812,177,2565,2025-02-12,3,296.45,Online,59,889.3499999999999
8813,126,2565,2023-01-13,4,62.9,Online,19,251.6
8814,117,2565,2024-10-25,5,214.01,Online,53,1070.05
8815,136,2565,2025-01-23,2,134.23,Email,281,268.46
8816,122,2565,2024-06-28,1,224.2,Online,47,224.2
8817,148,2565,2025-09-09,3,47.75,Online,69,143.25
8818,164,2565,2025-07-28,2,91.03,Social,214,182.06
8819,134,2565,2023-10-06,4,113.57,Online,33,454.28
8820,190,2566,2024-03-07,2,121.42,In-Store,116,242.84
8821,166,2566,2025-11-08,3,151.16,In-Store,147,453.48
8822,188,2566,2022-09-22,1,12.93,In-Store,91,12.93
8823,126,2566,2022-09-25,2,62.9,In-Store,90,125.8
8824,177,2566,2024-09-30,2,296.45,In-Store,126,592.9
8825,182,2566,2022-10-16,1,73.37,Social,166,73.37
8826,111,2566,2025-01-29,3,78.12,Online,58,234.36
8827,192,2566,2023-12-17,2,22.56,In-Store,112,45.12
8828,132,2566,2025-06-13,3,146.35,Online,66,439.04999999999995
8829,199,2566,2024-06-03,1,105.38,Online,47,105.38
8830,116,2566,2025-09-29,3,161.44,In-Store,144,484.32
8831,191,2566,2025-11-22,1,196.98,Social,221,196.98
8832,103,2566,2023-08-28,5,74.85,Online,32,374.25
8833,165,2566,2023-08-30,5,213.33,Social,182,1066.65
8834,118,2566,2024-08-19,4,128.58,Social,200,514.32
8835,133,2566,2025-09-19,2,129.42,Online,70,258.84
8836,118,2566,2025-01-21,1,128.58,Social,207,128.58
8837,146,2566,2022-12-19,2,28.76,TV,313,57.52
8838,158,2566,2023-05-30,5,132.56,Online,26,662.8
8839,139,2566,2024-04-20,2,162.16,Social,194,324.32
8840,101,2566,2023-08-05,2,116.4,Online,31,232.8
8841,143,2566,2024-11-15,2,18.47,In-Store,128,36.94
8842,114,2566,2025-06-25,3,120.5,Online,66,361.5
8843,149,2566,2023-12-13,4,64.92,Online,37,259.68
8844,157,2566,2023-10-30,5,140.43,Online,34,702.1500000000001
8845,117,2566,2025-10-19,5,214.01,Online,71,1070.05
8846,148,2566,2023-11-28,5,47.75,Online,36,238.75
8847,160,2566,2024-01-28,3,74.86,In-Store,114,224.57999999999998
8848,114,2566,2024-01-10,5,120.5,In-Store,112,602.5
8849,129,2566,2025-07-15,1,269.37,Online,67,269.37
8850,106,2566,2022-12-20,3,41.44,Email,240,124.32
8851,163,2566,2025-07-06,1,115.65,Online,67,115.65
8852,146,2566,2022-10-20,1,28.76,In-Store,91,28.76
8853,133,2566,2023-10-31,2,129.42,Online,34,258.84
8854,161,2566,2022-12-09,3,233.25,Online,17,699.75
8855,177,2566,2025-11-09,5,296.45,Online,74,1482.25
8856,130,2567,2022-10-08,3,117.61,Social,166,352.83
8857,132,2567,2022-02-15,3,146.35,Online,2,439.04999999999995
8858,137,2567,2025-01-11,5,90.95,In-Store,132,454.75
8859,158,2567,2025-01-15,4,132.56,In-Store,133,530.24
8860,116,2567,2024-10-02,3,161.44,In-Store,126,484.32
8861,120,2567,2024-05-04,1,186.86,Online,45,186.86
8862,182,2567,2023-04-19,1,73.37,In-Store,100,73.37
8863,121,2567,2024-09-14,2,126.42,Online,51,252.84
8864,172,2567,2022-08-30,2,75.03,Online,12,150.06
8865,136,2567,2025-05-26,2,134.23,Online,65,268.46
8866,154,2567,2022-10-24,5,39.53,In-Store,92,197.65
8867,197,2567,2022-02-04,5,270.16,Online,1,1350.8000000000002
8868,118,2567,2024-02-12,1,128.58,Online,40,128.58
8869,116,2567,2025-06-23,3,161.44,Online,66,484.32
8870,153,2568,2023-08-02,4,44.91,Online,31,179.64
8871,152,2568,2024-06-19,1,72.34,Online,47,72.34
8872,200,2568,2023-05-25,4,213.63,Online,25,854.52
8873,193,2568,2023-03-26,2,28.68,Online,23,57.36
8874,139,2568,2025-12-11,3,162.16,Online,75,486.48
8875,173,2568,2025-01-01,2,100.75,In-Store,131,201.5
8876,124,2568,2025-09-24,5,174.26,Online,70,871.3
8877,152,2568,2024-01-06,3,72.34,Online,38,217.02
8878,102,2568,2024-11-23,4,175.2,Online,55,700.8
8879,126,2568,2025-11-08,2,62.9,Online,73,125.8
8880,128,2568,2025-12-22,2,69.61,Online,77,139.22
8881,108,2568,2023-01-04,3,127.37,In-Store,96,382.11
8882,123,2568,2025-08-01,3,28.54,Online,68,85.62
8883,196,2568,2024-09-07,4,162.21,Online,51,648.84
8884,106,2568,2025-05-12,1,41.44,Online,64,41.44
8885,144,2568,2023-01-24,4,22.73,Online,20,90.92
8886,150,2568,2023-03-22,3,66.48,Social,175,199.44
8887,185,2568,2025-01-09,3,143.79,In-Store,132,431.37
8888,168,2568,2025-05-15,4,151.07,Online,63,604.28
8889,170,2569,2025-08-31,3,124.94,Online,70,374.82
8890,140,2569,2025-02-14,4,139.7,Online,59,558.8
8891,169,2569,2025-11-06,1,105.46,Online,72,105.46
8892,108,2569,2025-11-23,1,127.37,In-Store,147,127.37
8893,113,2569,2025-03-13,3,122.3,Online,60,366.9
8894,122,2569,2025-08-06,2,224.2,Online,68,448.4
8895,192,2569,2025-10-21,1,22.56,Social,220,22.56
8896,108,2569,2025-03-19,5,127.37,Online,60,636.85
8897,183,2569,2025-01-28,4,127.82,TV,350,511.28
8898,169,2569,2025-06-03,4,105.46,Online,66,421.84
8899,181,2569,2025-02-06,4,231.25,Online,59,925.0
8900,197,2569,2025-12-11,1,270.16,Online,75,270.16
8901,175,2569,2024-09-25,5,285.32,Email,274,1426.6
8902,177,2569,2024-12-24,1,296.45,Email,280,296.45
8903,132,2569,2024-11-19,4,146.35,In-Store,129,585.4
8904,126,2569,2025-05-06,5,62.9,TV,354,314.5
8905,133,2569,2025-12-18,1,129.42,Online,77,129.42
8906,146,2569,2025-03-07,5,28.76,In-Store,136,143.8
8907,141,2569,2025-04-20,2,75.02,Online,62,150.04
8908,192,2569,2025-09-10,5,22.56,Social,217,112.8
8909,117,2569,2023-11-17,3,214.01,Online,35,642.03
8910,117,2569,2025-10-03,5,214.01,In-Store,144,1070.05
8911,120,2569,2024-11-01,2,186.86,Online,54,373.72
8912,170,2569,2024-08-01,4,124.94,Online,49,499.76
8913,142,2569,2025-04-16,5,298.93,Online,61,1494.65
8914,196,2569,2025-03-10,1,162.21,Online,60,162.21
8915,155,2569,2025-07-20,3,71.21,Online,68,213.63
8916,147,2569,2024-01-27,3,193.11,Online,40,579.33
8917,155,2569,2023-12-21,3,71.21,Online,37,213.63
8918,112,2569,2025-01-19,1,58.11,Online,58,58.11
8919,110,2570,2023-02-15,4,138.19,Online,21,552.76
8920,134,2570,2022-08-30,5,113.57,Online,12,567.8499999999999
8921,105,2570,2025-09-17,2,45.85,Online,70,91.7
8922,128,2570,2025-08-02,3,69.61,In-Store,142,208.82999999999998
8923,181,2570,2024-02-24,2,231.25,In-Store,115,462.5
8924,200,2570,2023-11-20,4,213.63,In-Store,110,854.52
8925,196,2570,2025-10-18,3,162.21,Online,72,486.63
8926,159,2570,2025-10-12,2,21.52,Social,219,43.04
8927,148,2570,2024-09-21,3,47.75,TV,343,143.25
8928,195,2570,2024-12-07,3,109.44,Online,55,328.32
8929,180,2570,2025-01-09,2,97.9,TV,349,195.8
8930,139,2570,2025-02-24,1,162.16,Social,209,162.16
8931,183,2570,2024-03-30,5,127.82,In-Store,118,639.0999999999999
8932,128,2570,2023-03-28,5,69.61,Online,22,348.05
8933,172,2570,2024-11-05,4,75.03,Online,53,300.12
8934,117,2570,2025-07-26,4,214.01,Online,67,856.04
8935,136,2570,2025-12-30,3,134.23,Email,296,402.68999999999994
8936,197,2570,2022-07-20,2,270.16,Online,9,540.32
8937,166,2570,2022-10-07,1,151.16,Online,14,151.16
8938,136,2570,2022-12-29,4,134.23,Social,170,536.92
8939,141,2570,2025-01-16,4,75.02,In-Store,132,300.08
8940,111,2570,2022-06-10,2,78.12,Social,160,156.24
8941,155,2570,2025-08-30,4,71.21,Online,68,284.84
8942,120,2570,2024-11-05,3,186.86,Online,53,560.58
8943,120,2570,2024-02-04,4,186.86,Online,39,747.44
8944,137,2570,2025-11-04,3,90.95,Online,72,272.85
8945,189,2570,2025-07-04,4,47.31,Email,288,189.24
8946,166,2570,2024-09-19,2,151.16,Email,274,302.32
8947,137,2571,2024-04-22,2,90.95,Online,43,181.9
8948,114,2571,2023-08-02,3,120.5,Online,31,361.5
8949,187,2571,2023-07-12,1,95.73,TV,322,95.73
8950,131,2571,2023-10-23,2,76.52,In-Store,108,153.04
8951,150,2571,2023-07-28,1,66.48,In-Store,105,66.48
8952,118,2571,2024-02-06,2,128.58,Online,40,257.16
8953,194,2572,2024-09-16,2,70.1,Social,201,140.2
8954,186,2572,2024-11-11,1,29.78,Online,55,29.78
8955,135,2572,2024-10-15,1,62.14,Social,202,62.14
8956,160,2572,2024-11-21,2,74.86,Social,205,149.72
8957,141,2572,2024-11-30,3,75.02,Online,56,225.06
8958,107,2572,2024-11-09,3,110.76,Online,55,332.28000000000003
8959,111,2572,2024-09-30,1,78.12,Online,51,78.12
8960,138,2572,2024-11-26,1,115.15,Online,55,115.15
8961,172,2573,2024-04-11,3,75.03,Online,43,225.09
8962,191,2573,2023-07-09,1,196.98,Online,29,196.98
8963,174,2573,2022-08-25,4,89.89,Online,12,359.56
8964,157,2573,2023-03-29,1,140.43,Social,175,140.43
8965,128,2573,2024-11-26,4,69.61,Online,55,278.44
8966,170,2573,2024-04-17,1,124.94,Online,43,124.94
8967,151,2573,2023-06-27,1,170.44,In-Store,104,170.44
8968,154,2573,2024-10-16,3,39.53,Online,52,118.59
8969,176,2573,2023-09-27,5,98.45,In-Store,108,492.25
8970,182,2573,2022-11-23,1,73.37,Online,17,73.37
8971,168,2573,2022-11-11,5,151.07,Online,17,755.3499999999999
8972,187,2573,2024-05-07,2,95.73,Online,45,191.46
8973,101,2573,2024-08-08,4,116.4,Social,200,465.6
8974,176,2573,2025-08-16,3,98.45,Online,68,295.35
8975,157,2573,2024-07-27,1,140.43,Online,49,140.43
8976,192,2573,2022-08-26,3,22.56,In-Store,89,67.67999999999999
8977,129,2573,2025-04-10,2,269.37,In-Store,138,538.74
8978,133,2573,2024-07-29,4,129.42,Online,49,517.68
8979,122,2573,2023-12-24,2,224.2,In-Store,111,448.4
8980,133,2573,2024-05-29,5,129.42,In-Store,120,647.0999999999999
8981,192,2573,2025-07-18,2,22.56,Email,289,45.12
8982,189,2573,2024-04-07,5,47.31,Online,43,236.55
8983,127,2573,2024-09-20,4,184.65,Online,51,738.6
8984,150,2573,2024-08-18,3,66.48,In-Store,124,199.44
8985,118,2573,2022-11-01,4,128.58,Social,166,514.32
8986,184,2573,2025-10-10,4,120.25,In-Store,145,481.0
8987,157,2573,2024-07-08,5,140.43,Online,47,702.1500000000001
8988,110,2573,2025-05-27,3,138.19,Online,65,414.57
8989,119,2574,2024-02-13,2,193.28,Online,40,386.56
8990,142,2574,2024-05-04,3,298.93,Online,45,896.79
8991,153,2574,2023-09-10,5,44.91,TV,324,224.54999999999998
8992,192,2574,2024-10-27,1,22.56,Online,53,22.56
8993,193,2574,2024-05-22,1,28.68,Online,46,28.68
8994,191,2574,2025-07-20,3,196.98,Online,67,590.9399999999999
8995,170,2574,2025-08-06,4,124.94,In-Store,143,499.76
8996,127,2574,2024-05-01,2,184.65,Online,43,369.3
8997,160,2574,2025-07-12,4,74.86,Online,67,299.44
8998,135,2574,2025-07-13,1,62.14,Online,67,62.14
8999,195,2574,2025-02-11,2,109.44,In-Store,134,218.88
9000,139,2574,2024-11-16,5,162.16,Online,55,810.8
9001,135,2574,2023-10-04,5,62.14,In-Store,108,310.7
9002,198,2574,2025-06-25,4,167.93,In-Store,141,671.72
9003,181,2574,2024-06-25,1,231.25,Social,197,231.25
9004,178,2574,2024-10-05,4,58.92,In-Store,126,235.68
9005,191,2574,2025-04-27,1,196.98,Online,63,196.98
9006,136,2574,2023-09-08,5,134.23,Social,184,671.15
9007,192,2574,2025-05-04,3,22.56,Social,212,67.67999999999999
9008,191,2574,2025-01-22,1,196.98,Online,58,196.98
9009,200,2574,2024-03-05,1,213.63,Online,42,213.63
9010,190,2574,2023-09-24,1,121.42,In-Store,107,121.42
9011,136,2575,2025-01-06,2,134.23,Online,58,268.46
9012,184,2575,2025-11-11,4,120.25,Social,220,481.0
9013,145,2575,2025-09-21,2,87.44,TV,361,174.88
9014,166,2575,2024-09-22,1,151.16,Online,51,151.16
9015,104,2575,2025-03-24,4,50.25,Online,61,201.0
9016,135,2575,2024-06-13,1,62.14,Online,46,62.14
9017,183,2575,2024-11-17,4,127.82,Social,204,511.28
9018,136,2575,2024-10-15,1,134.23,Online,52,134.23
9019,162,2575,2025-12-26,3,23.29,In-Store,149,69.87
9020,157,2575,2024-08-06,2,140.43,Online,49,280.86
9021,181,2575,2024-10-24,5,231.25,In-Store,128,1156.25
9022,187,2575,2024-10-20,3,95.73,In-Store,128,287.19
9023,183,2575,2024-07-19,5,127.82,Online,48,639.0999999999999
9024,157,2575,2024-10-01,3,140.43,In-Store,126,421.29
9025,173,2575,2025-02-06,3,100.75,Online,59,302.25
9026,185,2575,2024-05-26,4,143.79,Online,46,575.16
9027,167,2575,2025-07-02,2,75.91,Online,66,151.82
9028,167,2575,2025-09-04,1,75.91,Online,70,75.91
9029,132,2575,2025-06-21,4,146.35,Online,66,585.4
9030,168,2575,2024-05-06,3,151.07,Online,45,453.21
9031,161,2575,2025-02-22,5,233.25,Social,208,1166.25
9032,186,2575,2024-08-06,2,29.78,In-Store,123,59.56
9033,132,2576,2023-06-10,2,146.35,TV,321,292.7
9034,151,2576,2025-11-17,5,170.44,Email,293,852.2
9035,108,2576,2024-06-15,2,127.37,Online,47,254.74
9036,140,2576,2025-11-17,5,139.7,Online,73,698.5
9037,152,2576,2025-09-23,3,72.34,Online,70,217.02
9038,139,2576,2024-04-10,1,162.16,Online,43,162.16
9039,171,2576,2023-05-31,5,117.28,Online,27,586.4
9040,122,2576,2024-01-24,1,224.2,Online,39,224.2
9041,161,2576,2024-05-29,3,233.25,Social,196,699.75
9042,124,2576,2025-04-08,5,174.26,Online,62,871.3
9043,154,2576,2024-12-16,5,39.53,Online,56,197.65
9044,122,2576,2023-11-10,5,224.2,Online,35,1121.0
9045,165,2576,2024-06-11,2,213.33,Online,46,426.66
9046,199,2576,2025-12-10,2,105.38,TV,365,210.76
9047,155,2576,2024-08-06,2,71.21,Online,49,142.42
9048,147,2576,2024-11-19,2,193.11,Online,54,386.22
9049,170,2576,2024-01-09,1,124.94,Online,38,124.94
9050,174,2576,2025-02-03,3,89.89,TV,350,269.67
9051,166,2576,2025-02-26,5,151.16,Social,209,755.8
9052,194,2576,2025-07-23,2,70.1,Email,290,140.2
9053,144,2576,2025-07-28,2,22.73,Social,214,45.46
9054,165,2576,2023-06-05,4,213.33,Online,28,853.32
9055,130,2576,2025-04-11,4,117.61,Online,62,470.44
9056,135,2576,2024-03-16,1,62.14,Online,42,62.14
9057,180,2576,2024-06-16,5,97.9,Online,47,489.5
9058,170,2576,2024-08-25,3,124.94,In-Store,124,374.82
9059,116,2576,2024-02-26,3,161.44,In-Store,115,484.32
9060,163,2577,2023-12-19,1,115.65,In-Store,111,115.65
9061,108,2577,2024-08-25,2,127.37,Email,272,254.74
9062,154,2577,2024-10-02,1,39.53,Social,202,39.53
9063,190,2577,2024-06-16,4,121.42,Social,196,485.68
9064,126,2577,2024-11-09,4,62.9,TV,345,251.6
9065,138,2577,2024-07-03,1,115.15,Social,198,115.15
9066,131,2577,2025-01-23,4,76.52,In-Store,133,306.08
9067,163,2577,2024-09-30,3,115.65,Online,52,346.95000000000005
9068,163,2577,2024-08-20,2,115.65,In-Store,124,231.3
9069,144,2577,2024-06-27,1,22.73,Online,47,22.73
9070,126,2577,2024-01-15,1,62.9,Online,38,62.9
9071,173,2578,2022-10-10,3,100.75,Online,14,302.25
9072,103,2578,2022-10-23,4,74.85,Social,167,299.4
9073,169,2578,2024-12-12,2,105.46,Online,56,210.92
9074,101,2578,2024-06-01,1,116.4,In-Store,120,116.4
9075,113,2578,2022-12-24,4,122.3,Online,19,489.2
9076,189,2578,2023-04-03,4,47.31,In-Store,100,189.24
9077,150,2578,2023-06-13,3,66.48,In-Store,103,199.44
9078,172,2578,2022-05-15,2,75.03,Social,158,150.06
9079,103,2578,2022-10-19,3,74.85,Online,15,224.54999999999998
9080,113,2578,2022-03-30,3,122.3,Online,4,366.9
9081,180,2578,2022-07-05,2,97.9,Email,231,195.8
9082,156,2578,2023-01-08,2,13.54,Online,19,27.08
9083,178,2579,2025-11-29,2,58.92,Online,74,117.84
9084,187,2579,2024-07-25,3,95.73,Online,49,287.19
9085,176,2579,2023-10-01,5,98.45,Online,33,492.25
9086,151,2579,2025-01-30,1,170.44,Email,281,170.44
9087,106,2579,2024-09-24,4,41.44,TV,344,165.76
9088,179,2579,2024-06-04,2,69.62,Online,46,139.24
9089,185,2579,2025-05-16,5,143.79,Online,65,718.9499999999999
9090,184,2579,2025-12-26,2,120.25,Social,222,240.5
9091,171,2579,2023-03-29,3,117.28,Online,24,351.84000000000003
9092,192,2579,2024-07-14,5,22.56,In-Store,123,112.8
9093,137,2579,2024-11-23,4,90.95,Online,55,363.8
9094,130,2579,2025-04-20,2,117.61,In-Store,138,235.22
9095,188,2579,2024-02-23,2,12.93,Online,41,25.86
9096,116,2579,2023-06-16,3,161.44,Online,28,484.32
9097,133,2580,2022-09-21,2,129.42,In-Store,91,258.84
9098,150,2580,2023-08-27,3,66.48,In-Store,106,199.44
9099,179,2580,2023-08-16,3,69.62,TV,324,208.86
9100,193,2581,2022-08-05,2,28.68,In-Store,88,57.36
9101,173,2581,2022-07-22,3,100.75,In-Store,88,302.25
9102,184,2581,2023-07-10,1,120.25,Online,29,120.25
9103,142,2582,2025-07-15,2,298.93,In-Store,142,597.86
9104,155,2582,2024-04-22,5,71.21,Online,43,356.04999999999995
9105,116,2582,2024-11-25,3,161.44,TV,346,484.32
9106,170,2582,2025-09-23,1,124.94,Online,70,124.94
9107,121,2582,2025-08-28,4,126.42,Online,68,505.68
9108,132,2582,2025-11-10,1,146.35,Online,73,146.35
9109,153,2582,2024-11-15,4,44.91,Online,55,179.64
9110,129,2582,2025-04-09,2,269.37,Online,62,538.74
9111,104,2582,2025-09-21,3,50.25,Online,70,150.75
9112,164,2582,2025-08-31,4,91.03,In-Store,143,364.12
9113,190,2582,2025-09-07,4,121.42,In-Store,143,485.68
9114,165,2582,2025-11-09,2,213.33,Online,72,426.66
9115,146,2582,2025-08-18,1,28.76,Online,68,28.76
9116,197,2582,2024-03-03,3,270.16,Online,42,810.48
9117,167,2582,2025-03-25,5,75.91,Online,61,379.54999999999995
9118,120,2582,2024-08-06,3,186.86,Online,49,560.58
9119,177,2582,2025-09-24,3,296.45,Social,218,889.3499999999999
9120,123,2582,2024-03-16,4,28.54,Online,41,114.16
9121,164,2582,2025-11-10,1,91.03,In-Store,147,91.03
9122,196,2582,2024-02-10,3,162.21,In-Store,115,486.63
9123,114,2582,2025-01-28,4,120.5,Email,281,482.0
9124,127,2582,2024-11-07,2,184.65,Online,54,369.3
9125,141,2582,2025-12-22,3,75.02,Social,222,225.06
9126,147,2582,2025-09-27,4,193.11,Online,70,772.44
9127,175,2582,2025-12-08,3,285.32,Social,221,855.96
9128,144,2582,2024-08-23,3,22.73,Online,50,68.19
9129,157,2582,2024-06-08,2,140.43,In-Store,120,280.86
9130,170,2583,2023-10-02,3,124.94,Online,33,374.82
9131,118,2583,2023-11-08,4,128.58,Online,35,514.32
9132,124,2583,2025-01-16,4,174.26,Online,58,697.04
9133,121,2583,2023-12-10,2,126.42,Online,37,252.84
9134,138,2583,2024-05-30,4,115.15,Online,46,460.6
9135,151,2583,2023-09-11,1,170.44,Online,33,170.44
9136,109,2583,2025-11-04,1,69.39,Online,72,69.39
9137,123,2583,2025-03-04,1,28.54,In-Store,136,28.54
9138,107,2583,2023-07-23,1,110.76,TV,323,110.76
9139,181,2583,2024-11-06,5,231.25,In-Store,128,1156.25
9140,123,2583,2025-03-26,4,28.54,Online,60,114.16
9141,123,2583,2024-11-05,4,28.54,Social,204,114.16
9142,183,2584,2023-03-14,1,127.82,Online,22,127.82
9143,110,2584,2023-04-21,2,138.19,Online,24,276.38
9144,160,2584,2024-09-20,2,74.86,In-Store,125,149.72
9145,151,2584,2022-08-19,3,170.44,In-Store,88,511.32
9146,155,2584,2024-07-08,5,71.21,Online,48,356.04999999999995
9147,144,2584,2023-02-27,3,22.73,Online,21,68.19
9148,132,2584,2024-06-23,3,146.35,In-Store,121,439.04999999999995
9149,157,2584,2025-01-03,1,140.43,In-Store,131,140.43
9150,177,2584,2025-02-23,2,296.45,In-Store,134,592.9
9151,140,2584,2024-01-07,4,139.7,Online,37,558.8
9152,133,2584,2024-09-04,1,129.42,Online,50,129.42
9153,157,2584,2024-06-21,5,140.43,In-Store,122,702.1500000000001
9154,175,2584,2025-10-03,4,285.32,In-Store,144,1141.28
9155,181,2584,2023-09-04,5,231.25,Online,33,1156.25
9156,188,2585,2023-10-01,2,12.93,Online,33,25.86
9157,126,2585,2024-03-13,3,62.9,Online,41,188.7
9158,170,2585,2023-08-22,1,124.94,In-Store,106,124.94
9159,128,2585,2024-01-13,1,69.61,In-Store,112,69.61
9160,189,2585,2023-07-22,1,47.31,In-Store,105,47.31
9161,186,2585,2024-02-24,2,29.78,Online,41,59.56
9162,172,2585,2024-02-27,2,75.03,Online,41,150.06
9163,155,2585,2023-12-02,1,71.21,Online,36,71.21
9164,168,2586,2024-12-03,1,151.07,In-Store,130,151.07
9165,135,2586,2023-12-25,1,62.14,Online,37,62.14
9166,114,2586,2023-12-27,4,120.5,Social,189,482.0
9167,162,2586,2025-10-29,1,23.29,Social,220,23.29
9168,151,2586,2025-03-27,2,170.44,In-Store,136,340.88
9169,158,2586,2024-11-06,2,132.56,Social,203,265.12
9170,101,2586,2025-10-04,2,116.4,In-Store,145,232.8
9171,148,2586,2024-11-07,4,47.75,Email,277,191.0
9172,137,2586,2024-04-15,5,90.95,Online,43,454.75
9173,199,2586,2025-12-06,4,105.38,Online,75,421.52
9174,196,2586,2025-10-13,3,162.21,Online,71,486.63
9175,131,2586,2025-06-28,1,76.52,Online,66,76.52
9176,153,2586,2024-05-04,5,44.91,Online,44,224.54999999999998
9177,136,2586,2025-12-22,1,134.23,Online,76,134.23
9178,164,2587,2024-02-29,4,91.03,Online,41,364.12
9179,136,2587,2023-11-07,2,134.23,In-Store,110,268.46
9180,147,2587,2023-09-22,2,193.11,Online,33,386.22
9181,151,2587,2024-03-25,3,170.44,Online,43,511.32
9182,124,2587,2024-01-06,4,174.26,In-Store,111,697.04
9183,127,2587,2024-09-30,4,184.65,Online,51,738.6
9184,198,2587,2023-11-24,1,167.93,Online,36,167.93
9185,169,2587,2024-02-08,3,105.46,Online,40,316.38
9186,142,2587,2025-02-12,1,298.93,Online,59,298.93
9187,139,2587,2025-03-07,5,162.16,Online,60,810.8
9188,101,2587,2024-05-15,3,116.4,Social,194,349.20000000000005
9189,169,2587,2024-12-12,1,105.46,Social,205,105.46
9190,183,2587,2025-08-03,2,127.82,In-Store,143,255.64
9191,159,2587,2024-02-18,2,21.52,In-Store,114,43.04
9192,133,2587,2025-02-19,5,129.42,Social,208,647.0999999999999
9193,117,2587,2025-12-05,2,214.01,Online,75,428.02
9194,198,2587,2025-06-08,2,167.93,Online,65,335.86
9195,126,2587,2024-11-15,4,62.9,Online,54,251.6
9196,190,2587,2024-09-09,3,121.42,Online,51,364.26
9197,108,2587,2023-12-26,2,127.37,Online,37,254.74
9198,124,2587,2023-03-12,1,174.26,TV,318,174.26
9199,152,2587,2025-02-12,1,72.34,Online,59,72.34
9200,172,2587,2023-05-31,4,75.03,Online,26,300.12
9201,163,2587,2024-11-16,3,115.65,In-Store,129,346.95000000000005
9202,189,2587,2025-01-13,1,47.31,Online,58,47.31
9203,175,2587,2023-03-13,5,285.32,Email,243,1426.6
9204,187,2587,2025-06-30,4,95.73,Social,214,382.92
9205,119,2587,2024-08-05,4,193.28,Online,49,773.12
9206,124,2587,2024-04-29,5,174.26,TV,337,871.3
9207,171,2588,2024-09-29,3,117.28,Online,51,351.84000000000003
9208,157,2588,2024-06-11,2,140.43,Online,47,280.86
9209,102,2588,2025-01-30,5,175.2,Online,59,876.0
9210,124,2588,2023-11-16,4,174.26,In-Store,110,697.04
9211,127,2588,2023-06-03,4,184.65,Email,248,738.6
9212,176,2588,2023-07-19,5,98.45,Email,250,492.25
9213,124,2588,2024-07-11,2,174.26,Online,48,348.52
9214,180,2588,2023-10-02,4,97.9,Online,33,391.6
9215,129,2588,2024-05-07,2,269.37,Online,45,538.74
9216,102,2588,2024-03-20,1,175.2,Online,42,175.2
9217,123,2588,2023-04-29,1,28.54,In-Store,101,28.54
9218,104,2588,2025-10-02,5,50.25,Online,70,251.25
9219,175,2588,2024-08-01,4,285.32,Online,49,1141.28
9220,122,2588,2024-11-21,5,224.2,Online,55,1121.0
9221,192,2588,2024-05-15,5,22.56,In-Store,120,112.8
9222,195,2588,2025-01-20,4,109.44,TV,349,437.76
9223,176,2588,2023-11-22,3,98.45,Online,35,295.35
9224,104,2588,2025-01-24,5,50.25,Online,59,251.25
9225,194,2589,2024-05-10,5,70.1,In-Store,120,350.5
9226,181,2589,2024-08-14,3,231.25,Online,49,693.75
9227,200,2589,2024-01-19,5,213.63,Online,39,1068.15
9228,136,2589,2024-02-24,5,134.23,Email,261,671.15
9229,178,2589,2023-01-15,2,58.92,Social,172,117.84
9230,161,2589,2024-06-21,4,233.25,Online,47,933.0
9231,194,2589,2025-05-08,2,70.1,Online,63,140.2
9232,142,2589,2023-07-25,2,298.93,Online,30,597.86
9233,177,2589,2025-07-26,3,296.45,Online,67,889.3499999999999
9234,159,2589,2023-01-31,5,21.52,Online,20,107.6
9235,111,2589,2025-10-01,5,78.12,Online,70,390.6
9236,138,2589,2024-10-08,5,115.15,Social,202,575.75
9237,151,2589,2023-12-01,2,170.44,Social,187,340.88
9238,138,2589,2022-11-26,1,115.15,Email,238,115.15
9239,154,2589,2024-06-28,3,39.53,Online,47,118.59
9240,147,2589,2023-04-25,4,193.11,Online,24,772.44
9241,110,2589,2024-09-20,3,138.19,In-Store,125,414.57
9242,175,2589,2023-01-20,3,285.32,Online,19,855.96
9243,136,2589,2023-09-18,2,134.23,Social,183,268.46
9244,175,2589,2025-04-23,2,285.32,Online,63,570.64
9245,117,2589,2023-12-28,1,214.01,In-Store,112,214.01
9246,124,2589,2024-12-15,2,174.26,Online,57,348.52
9247,101,2589,2023-10-08,3,116.4,In-Store,108,349.20000000000005
9248,161,2589,2025-04-29,5,233.25,In-Store,137,1166.25
9249,153,2589,2022-10-16,2,44.91,Online,15,89.82
9250,123,2589,2023-05-08,1,28.54,Online,25,28.54
9251,112,2589,2025-10-26,3,58.11,In-Store,146,174.32999999999998
9252,141,2589,2025-07-03,5,75.02,Online,66,375.09999999999997
9253,197,2589,2025-05-07,4,270.16,Social,212,1080.64
9254,197,2589,2025-01-22,5,270.16,Email,281,1350.8000000000002
9255,120,2589,2025-03-26,5,186.86,In-Store,136,934.3000000000001
9256,131,2589,2025-02-16,4,76.52,Online,59,306.08
9257,160,2590,2025-04-29,5,74.86,Social,212,374.3
9258,187,2590,2024-09-01,1,95.73,In-Store,125,95.73
9259,197,2590,2024-07-19,3,270.16,In-Store,123,810.48
9260,106,2590,2024-12-21,5,41.44,Online,57,207.2
9261,156,2590,2025-06-09,1,13.54,In-Store,139,13.54
9262,148,2590,2023-10-11,5,47.75,Online,33,238.75
9263,165,2590,2024-03-28,2,213.33,Online,42,426.66
9264,159,2590,2024-02-22,2,21.52,Online,41,43.04
9265,108,2590,2024-10-23,3,127.37,In-Store,127,382.11
9266,140,2590,2025-08-10,3,139.7,Online,69,419.09999999999997
9267,127,2590,2024-01-25,4,184.65,Online,39,738.6
9268,192,2590,2025-05-14,4,22.56,Online,64,90.24
9269,200,2590,2025-12-22,5,213.63,Online,77,1068.15
9270,156,2590,2025-05-20,5,13.54,Online,64,67.69999999999999
9271,149,2590,2023-10-29,5,64.92,Online,35,324.6
9272,113,2590,2025-02-11,3,122.3,In-Store,135,366.9
9273,102,2590,2025-08-31,1,175.2,Online,70,175.2
9274,184,2590,2025-10-22,5,120.25,In-Store,147,601.25
9275,114,2590,2024-02-16,2,120.5,Social,190,241.0
9276,139,2590,2024-10-07,4,162.16,In-Store,126,648.64
9277,142,2590,2023-10-18,2,298.93,Social,184,597.86
9278,143,2591,2023-12-02,2,18.47,Online,37,36.94
9279,163,2591,2023-10-22,1,115.65,In-Store,109,115.65
9280,163,2591,2024-03-17,3,115.65,Online,42,346.95000000000005
9281,197,2592,2024-07-08,1,270.16,Social,198,270.16
9282,131,2592,2024-05-08,5,76.52,Email,264,382.59999999999997
9283,160,2592,2024-06-19,5,74.86,In-Store,121,374.3
9284,161,2592,2024-02-25,5,233.25,Online,41,1166.25
9285,196,2592,2024-01-28,1,162.21,Online,40,162.21
9286,105,2592,2023-11-05,4,45.85,In-Store,110,183.4
9287,147,2592,2025-06-04,5,193.11,Online,66,965.5500000000001
9288,198,2592,2024-06-10,5,167.93,Online,47,839.6500000000001
9289,118,2592,2025-03-30,4,128.58,In-Store,137,514.32
9290,192,2592,2025-12-23,1,22.56,Online,77,22.56
9291,200,2592,2024-04-16,4,213.63,Online,44,854.52
9292,192,2592,2025-09-15,4,22.56,Online,70,90.24
9293,157,2592,2024-11-17,3,140.43,In-Store,128,421.29
9294,135,2592,2025-02-04,3,62.14,Online,59,186.42000000000002
9295,124,2592,2023-11-06,4,174.26,Online,35,697.04
9296,102,2592,2025-09-07,1,175.2,Online,70,175.2
9297,117,2592,2024-05-04,5,214.01,In-Store,119,1070.05
9298,157,2593,2025-10-04,5,140.43,Email,292,702.1500000000001
9299,167,2593,2025-02-18,2,75.91,Online,59,151.82
9300,105,2593,2025-07-31,3,45.85,In-Store,143,137.55
9301,170,2593,2025-12-26,5,124.94,Online,77,624.7
9302,156,2593,2025-01-11,1,13.54,In-Store,132,13.54
9303,198,2593,2024-06-17,4,167.93,In-Store,121,671.72
9304,157,2593,2025-01-26,1,140.43,Online,59,140.43
9305,141,2593,2024-04-05,1,75.02,Online,43,75.02
9306,121,2593,2024-07-17,3,126.42,In-Store,123,379.26
9307,122,2593,2025-06-12,3,224.2,Online,66,672.5999999999999
9308,177,2593,2024-12-29,3,296.45,Online,56,889.3499999999999
9309,182,2593,2024-05-03,3,73.37,Online,45,220.11
9310,127,2593,2025-01-24,5,184.65,In-Store,133,923.25
9311,188,2593,2024-08-02,1,12.93,Online,49,12.93
9312,157,2593,2025-10-27,1,140.43,Email,293,140.43
9313,161,2593,2025-04-19,3,233.25,In-Store,138,699.75
9314,155,2593,2025-02-25,3,71.21,In-Store,135,213.63
9315,143,2593,2025-08-22,2,18.47,In-Store,143,36.94
9316,181,2593,2025-04-29,2,231.25,Online,63,462.5
9317,165,2593,2025-08-02,2,213.33,Online,68,426.66
9318,143,2593,2025-02-18,1,18.47,Online,60,18.47
9319,129,2593,2025-09-09,2,269.37,Online,70,538.74
9320,181,2593,2025-01-19,2,231.25,Online,58,462.5
9321,164,2593,2025-12-09,4,91.03,Online,75,364.12
9322,164,2593,2024-11-30,1,91.03,In-Store,130,91.03
9323,113,2593,2024-04-26,2,122.3,In-Store,119,244.6
9324,200,2593,2025-10-04,5,213.63,Social,218,1068.15
9325,197,2594,2025-04-25,2,270.16,Social,211,540.32
9326,121,2594,2023-07-24,5,126.42,Online,30,632.1
9327,185,2594,2025-06-06,5,143.79,Online,66,718.9499999999999
9328,120,2594,2025-06-27,4,186.86,Social,213,747.44
9329,157,2594,2025-10-14,4,140.43,TV,362,561.72
9330,102,2594,2025-12-19,1,175.2,Online,77,175.2
9331,140,2594,2023-01-28,5,139.7,Online,20,698.5
9332,118,2594,2023-08-02,5,128.58,Online,31,642.9000000000001
9333,118,2594,2023-04-13,3,128.58,Online,24,385.74
9334,123,2594,2025-04-08,2,28.54,Online,61,57.08
9335,118,2594,2024-04-10,3,128.58,Online,43,385.74
9336,158,2594,2023-08-01,4,132.56,In-Store,105,530.24
9337,170,2594,2025-07-06,2,124.94,In-Store,141,249.88
9338,112,2594,2024-12-18,5,58.11,Email,279,290.55
9339,120,2594,2025-09-18,1,186.86,In-Store,144,186.86
9340,110,2594,2025-10-23,4,138.19,Online,72,552.76
9341,130,2594,2024-04-10,1,117.61,In-Store,119,117.61
9342,165,2594,2025-10-03,4,213.33,Online,71,853.32
9343,129,2594,2024-07-13,1,269.37,Online,48,269.37
9344,134,2594,2024-05-23,4,113.57,Online,46,454.28
9345,127,2594,2024-06-17,1,184.65,Online,47,184.65
9346,166,2594,2025-05-21,3,151.16,In-Store,139,453.48
9347,104,2594,2025-10-12,2,50.25,In-Store,146,100.5
9348,170,2594,2025-04-19,3,124.94,In-Store,138,374.82
9349,117,2594,2025-01-16,5,214.01,In-Store,132,1070.05
9350,195,2594,2023-08-14,4,109.44,In-Store,106,437.76
9351,108,2594,2024-05-26,4,127.37,Social,195,509.48
9352,124,2594,2023-09-25,2,174.26,Social,184,348.52
9353,101,2594,2024-01-20,5,116.4,Online,39,582.0
9354,111,2594,2024-10-19,3,78.12,Social,203,234.36
9355,103,2595,2025-04-12,4,74.85,Online,61,299.4
9356,200,2595,2025-04-18,4,213.63,Online,61,854.52
9357,105,2595,2025-07-16,1,45.85,In-Store,141,45.85
9358,185,2595,2024-08-14,2,143.79,Online,49,287.58
9359,118,2595,2024-03-11,3,128.58,Online,41,385.74
9360,178,2595,2023-08-23,2,58.92,Social,182,117.84
9361,138,2595,2024-08-09,1,115.15,Online,49,115.15
9362,115,2595,2024-02-12,3,114.62,Online,40,343.86
9363,151,2595,2025-10-05,3,170.44,Online,70,511.32
9364,152,2595,2023-10-09,3,72.34,In-Store,107,217.02
9365,162,2595,2025-10-30,1,23.29,Online,73,23.29
9366,179,2595,2025-12-06,1,69.62,Online,76,69.62
9367,118,2595,2024-03-02,5,128.58,Email,261,642.9000000000001
9368,191,2595,2025-05-09,2,196.98,Online,64,393.96
9369,158,2595,2023-10-28,2,132.56,Online,35,265.12
9370,172,2595,2025-05-04,5,75.03,Online,63,375.15
9371,189,2595,2024-11-19,2,47.31,Online,55,94.62
9372,122,2595,2024-09-19,2,224.2,Online,51,448.4
9373,184,2595,2025-11-11,4,120.25,Online,74,481.0
9374,184,2595,2025-06-03,3,120.25,Online,66,360.75
9375,142,2595,2025-02-14,5,298.93,In-Store,135,1494.65
9376,102,2595,2025-10-23,3,175.2,In-Store,147,525.5999999999999
9377,155,2595,2024-11-27,4,71.21,In-Store,129,284.84
9378,127,2595,2025-01-13,5,184.65,Online,58,923.25
9379,120,2595,2025-02-06,1,186.86,Online,59,186.86
9380,136,2595,2024-10-08,4,134.23,Online,52,536.92
9381,154,2595,2025-10-30,4,39.53,Online,73,158.12
9382,157,2595,2024-02-17,5,140.43,TV,334,702.1500000000001
9383,180,2595,2023-05-31,3,97.9,Online,27,293.70000000000005
9384,189,2596,2024-07-12,2,47.31,In-Store,122,94.62
9385,157,2596,2022-03-31,4,140.43,Online,5,561.72
9386,163,2596,2023-03-23,4,115.65,Online,22,462.6
9387,170,2596,2022-02-24,3,124.94,Online,3,374.82
9388,116,2596,2023-03-25,5,161.44,Online,23,807.2
9389,121,2596,2023-03-09,3,126.42,In-Store,99,379.26
9390,112,2596,2025-10-17,1,58.11,Online,72,58.11
9391,178,2596,2022-08-28,3,58.92,Online,12,176.76
9392,133,2596,2022-02-17,4,129.42,Online,2,517.68
9393,167,2596,2022-05-24,5,75.91,Online,6,379.54999999999995
9394,188,2596,2025-01-11,5,12.93,In-Store,132,64.65
9395,152,2596,2024-02-12,1,72.34,Online,40,72.34
9396,189,2596,2023-08-13,2,47.31,In-Store,106,94.62
9397,143,2596,2025-02-12,3,18.47,Online,59,55.41
9398,175,2596,2023-07-11,3,285.32,In-Store,104,855.96
9399,110,2596,2022-07-16,4,138.19,In-Store,87,552.76
9400,167,2596,2022-02-19,2,75.91,Online,2,151.82
9401,132,2596,2024-03-13,3,146.35,Online,42,439.04999999999995
9402,143,2596,2022-11-10,2,18.47,Social,167,36.94
9403,170,2597,2023-07-25,2,124.94,In-Store,105,249.88
9404,180,2597,2023-07-28,3,97.9,Online,30,293.70000000000005
9405,188,2598,2024-06-02,2,12.93,Online,47,25.86
9406,174,2598,2023-08-31,3,89.89,TV,324,269.67
9407,186,2598,2023-10-02,1,29.78,Social,184,29.78
9408,188,2598,2023-07-31,2,12.93,TV,323,25.86
9409,156,2598,2023-10-15,1,13.54,Email,254,13.54
9410,128,2598,2024-01-08,1,69.61,Online,39,69.61
9411,190,2598,2024-02-27,2,121.42,Online,41,242.84
9412,159,2598,2023-09-08,1,21.52,Online,33,21.52
9413,128,2598,2023-08-26,1,69.61,Online,32,69.61
9414,137,2599,2023-06-22,3,90.95,Social,179,272.85
9415,149,2599,2023-09-14,2,64.92,Email,253,129.84
9416,193,2599,2024-02-19,1,28.68,Online,40,28.68
9417,183,2599,2023-09-22,3,127.82,In-Store,107,383.46
9418,128,2599,2023-07-10,3,69.61,Online,29,208.82999999999998
9419,109,2599,2023-07-21,3,69.39,TV,323,208.17000000000002
9420,102,2600,2024-11-07,4,175.2,Online,54,700.8
9421,119,2600,2025-01-12,1,193.28,TV,349,193.28
9422,195,2600,2024-06-17,1,109.44,In-Store,121,109.44
9423,108,2600,2025-06-03,2,127.37,Online,65,254.74
9424,190,2600,2023-12-23,2,121.42,Online,37,242.84
9425,116,2600,2024-05-29,4,161.44,Online,46,645.76
9426,122,2600,2024-08-24,5,224.2,Online,50,1121.0
9427,165,2600,2025-08-05,2,213.33,Online,68,426.66
9428,139,2600,2024-01-03,4,162.16,Online,37,648.64
9429,146,2600,2023-12-21,2,28.76,TV,331,57.52
9430,160,2600,2024-08-28,5,74.86,Social,200,374.3
9431,111,2600,2025-09-09,5,78.12,In-Store,143,390.6
9432,104,2600,2025-05-06,1,50.25,Online,64,50.25
9433,124,2600,2025-02-25,1,174.26,Social,209,174.26
9434,158,2600,2024-05-07,2,132.56,Online,45,265.12
9435,157,2600,2025-06-21,2,140.43,TV,356,280.86
9436,110,2600,2024-10-11,1,138.19,Online,52,138.19
9437,138,2600,2025-09-27,2,115.15,In-Store,145,230.3
9438,127,2600,2024-09-08,3,184.65,Online,51,553.95
9439,166,2600,2025-08-28,5,151.16,Online,68,755.8
9440,187,2600,2024-09-24,3,95.73,Online,52,287.19
9441,156,2601,2024-08-07,2,13.54,Social,199,27.08
9442,187,2602,2025-01-19,2,95.73,In-Store,133,191.46
9443,143,2602,2024-11-04,3,18.47,In-Store,128,55.41
9444,159,2602,2024-12-13,2,21.52,Online,56,43.04
9445,133,2602,2024-08-23,2,129.42,Online,49,258.84
9446,189,2602,2024-07-10,3,47.31,Online,48,141.93
9447,112,2602,2024-08-21,3,58.11,In-Store,124,174.32999999999998
9448,141,2602,2024-12-09,3,75.02,Social,205,225.06
9449,138,2602,2024-07-16,3,115.15,Online,48,345.45000000000005
9450,183,2602,2024-06-22,4,127.82,Online,47,511.28
9451,133,2602,2024-12-02,1,129.42,Social,205,129.42
9452,109,2602,2024-06-24,4,69.39,In-Store,122,277.56
9453,103,2602,2025-04-24,1,74.85,In-Store,138,74.85
9454,159,2602,2024-11-02,1,21.52,In-Store,128,21.52
9455,195,2602,2024-09-21,1,109.44,Online,51,109.44
9456,125,2602,2024-03-21,2,25.35,Online,42,50.7
9457,104,2602,2024-04-01,1,50.25,In-Store,118,50.25
9458,181,2603,2025-11-08,2,231.25,Online,73,462.5
9459,123,2603,2023-09-01,3,28.54,In-Store,106,85.62
9460,177,2603,2025-05-29,1,296.45,Online,65,296.45
9461,186,2603,2024-10-19,1,29.78,Social,203,29.78
9462,136,2603,2024-03-03,2,134.23,Online,41,268.46
9463,120,2603,2023-02-02,4,186.86,Online,20,747.44
9464,150,2603,2024-01-10,4,66.48,Online,38,265.92
9465,127,2603,2024-03-18,4,184.65,In-Store,117,738.6
9466,132,2603,2023-10-13,4,146.35,Social,185,585.4
9467,200,2603,2024-04-27,4,213.63,Online,45,854.52
9468,134,2603,2023-05-06,2,113.57,Online,25,227.14
9469,110,2603,2023-02-03,1,138.19,In-Store,97,138.19
9470,187,2603,2023-09-23,5,95.73,Online,33,478.65000000000003
9471,119,2603,2025-08-28,3,193.28,Online,68,579.84
9472,173,2603,2023-09-01,5,100.75,Online,32,503.75
9473,146,2603,2023-06-18,1,28.76,Online,28,28.76
9474,125,2603,2024-11-30,4,25.35,In-Store,130,101.4
9475,148,2603,2024-05-09,2,47.75,Social,195,95.5
9476,174,2603,2024-04-25,3,89.89,Online,43,269.67
9477,158,2603,2025-06-22,2,132.56,Online,66,265.12
9478,106,2603,2024-05-24,1,41.44,Online,46,41.44
9479,194,2603,2024-02-03,5,70.1,In-Store,113,350.5
9480,156,2603,2025-02-27,1,13.54,Online,60,13.54
9481,198,2603,2025-05-16,4,167.93,Online,64,671.72
9482,138,2603,2024-09-13,2,115.15,Online,51,230.3
9483,141,2603,2025-07-19,3,75.02,Online,68,225.06
9484,156,2603,2024-09-26,3,13.54,Online,51,40.62
9485,166,2603,2025-11-04,2,151.16,Online,72,302.32
9486,173,2603,2025-10-30,5,100.75,Email,293,503.75
9487,190,2604,2023-12-07,4,121.42,In-Store,111,485.68
9488,149,2604,2023-11-09,3,64.92,Online,35,194.76
9489,136,2604,2025-01-27,1,134.23,Online,59,134.23
9490,183,2604,2025-01-25,4,127.82,Email,281,511.28
9491,160,2604,2023-12-19,1,74.86,Online,36,74.86
9492,111,2604,2024-02-16,2,78.12,Online,40,156.24
9493,103,2604,2023-08-20,1,74.85,Online,32,74.85
9494,174,2604,2023-12-24,1,89.89,Online,37,89.89
9495,141,2604,2023-09-08,3,75.02,Online,33,225.06
9496,146,2604,2023-08-01,3,28.76,Online,31,86.28
9497,188,2604,2024-03-13,3,12.93,In-Store,116,38.79
9498,174,2604,2024-02-07,3,89.89,TV,333,269.67
9499,189,2604,2023-10-30,3,47.31,TV,327,141.93
9500,199,2604,2023-11-05,4,105.38,Online,34,421.52
9501,145,2604,2024-01-02,2,87.44,Online,37,174.88
9502,174,2604,2023-08-05,4,89.89,Social,182,359.56
9503,110,2605,2025-01-21,1,138.19,In-Store,134,138.19
9504,123,2605,2025-04-01,3,28.54,Email,283,85.62
9505,159,2605,2025-02-17,5,21.52,Online,59,107.6
9506,142,2605,2025-09-22,2,298.93,Online,70,597.86
9507,175,2605,2025-12-09,1,285.32,Email,295,285.32
9508,133,2605,2025-04-02,1,129.42,Online,61,129.42
9509,191,2605,2025-03-25,1,196.98,Online,61,196.98
9510,119,2605,2025-08-18,2,193.28,Online,69,386.56
9511,121,2605,2025-11-20,5,126.42,In-Store,147,632.1
9512,190,2605,2025-08-06,2,121.42,Online,68,242.84
9513,162,2605,2025-01-11,4,23.29,In-Store,133,93.16
9514,185,2605,2025-03-10,4,143.79,Online,60,575.16
9515,118,2605,2024-09-23,1,128.58,In-Store,126,128.58
9516,155,2605,2025-11-18,3,71.21,Online,74,213.63
9517,127,2605,2024-11-13,1,184.65,In-Store,128,184.65
9518,173,2605,2025-11-29,2,100.75,Social,220,201.5
9519,200,2605,2024-10-16,3,213.63,Online,53,640.89
9520,118,2605,2025-10-03,3,128.58,TV,361,385.74
9521,172,2605,2025-09-05,1,75.03,Social,216,75.03
9522,162,2605,2025-01-15,4,23.29,Online,58,93.16
9523,198,2605,2025-02-04,4,167.93,Online,59,671.72
9524,118,2605,2025-12-17,2,128.58,Online,76,257.16
9525,161,2606,2024-07-10,3,233.25,Online,48,699.75
9526,184,2606,2024-07-22,4,120.25,Email,270,481.0
9527,113,2606,2025-01-30,2,122.3,Online,58,244.6
9528,166,2606,2025-04-29,3,151.16,In-Store,138,453.48
9529,157,2606,2025-01-06,4,140.43,Online,57,561.72
9530,133,2606,2024-10-05,4,129.42,Online,52,517.68
9531,196,2606,2025-01-26,2,162.21,Online,58,324.42
9532,103,2606,2025-07-25,3,74.85,In-Store,142,224.54999999999998
9533,124,2606,2025-03-26,1,174.26,In-Store,136,174.26
9534,129,2606,2025-02-26,2,269.37,Online,60,538.74
9535,152,2606,2024-08-22,3,72.34,In-Store,124,217.02
9536,159,2606,2025-01-10,1,21.52,Email,280,21.52
9537,108,2606,2025-11-15,1,127.37,In-Store,148,127.37
9538,160,2606,2025-11-07,3,74.86,Online,72,224.57999999999998
9539,120,2606,2025-05-27,5,186.86,Social,213,934.3000000000001
9540,129,2606,2025-10-29,1,269.37,Online,73,269.37
9541,186,2606,2025-04-03,3,29.78,In-Store,137,89.34
9542,110,2606,2025-09-20,4,138.19,Online,70,552.76
9543,155,2606,2025-02-05,3,71.21,TV,350,213.63
9544,140,2606,2025-08-31,5,139.7,Online,70,698.5
9545,130,2606,2024-08-12,5,117.61,In-Store,124,588.05
9546,170,2606,2024-10-14,3,124.94,Social,202,374.82
9547,197,2606,2024-07-25,4,270.16,In-Store,123,1080.64
9548,124,2606,2025-03-31,1,174.26,In-Store,136,174.26
9549,193,2606,2024-12-13,1,28.68,Email,279,28.68
9550,183,2606,2024-09-03,5,127.82,Online,50,639.0999999999999
9551,141,2606,2025-12-15,3,75.02,In-Store,149,225.06
9552,126,2607,2022-12-19,2,62.9,Online,19,125.8
9553,153,2607,2022-10-01,1,44.91,Online,13,44.91
9554,109,2607,2022-04-12,3,69.39,Email,227,208.17000000000002
9555,163,2607,2022-07-15,1,115.65,In-Store,87,115.65
9556,187,2607,2022-08-28,2,95.73,Email,235,191.46
9557,167,2607,2022-08-21,1,75.91,Online,11,75.91
9558,155,2607,2022-11-30,3,71.21,Online,18,213.63
9559,199,2608,2025-04-06,1,105.38,Online,61,105.38
9560,194,2608,2025-01-02,5,70.1,In-Store,131,350.5
9561,191,2608,2025-12-19,1,196.98,Online,76,196.98
9562,170,2608,2025-08-10,5,124.94,Online,69,624.7
9563,166,2608,2025-02-03,4,151.16,Online,59,604.64
9564,142,2608,2025-05-26,5,298.93,Online,65,1494.65
9565,159,2608,2025-06-18,1,21.52,Online,66,21.52
9566,161,2608,2025-11-02,1,233.25,Online,72,233.25
9567,175,2608,2025-08-26,4,285.32,Email,290,1141.28
9568,167,2608,2025-03-08,5,75.91,Online,60,379.54999999999995
9569,144,2608,2025-11-15,2,22.73,Online,73,45.46
9570,177,2608,2024-10-30,4,296.45,Online,54,1185.8
9571,147,2608,2024-11-28,2,193.11,Online,55,386.22
9572,184,2608,2025-03-14,4,120.25,Online,60,481.0
9573,101,2608,2024-12-17,1,116.4,TV,348,116.4
9574,165,2608,2025-01-30,3,213.33,In-Store,134,639.99
9575,133,2608,2025-05-31,4,129.42,Online,65,517.68
9576,191,2608,2024-12-31,4,196.98,Online,58,787.92
9577,109,2608,2025-05-27,2,69.39,Email,286,138.78
9578,177,2608,2024-11-09,3,296.45,In-Store,129,889.3499999999999
9579,165,2609,2024-03-22,4,213.33,In-Store,118,853.32
9580,133,2609,2024-11-11,3,129.42,In-Store,129,388.26
9581,120,2609,2024-10-16,5,186.86,Online,52,934.3000000000001
9582,124,2609,2024-06-22,3,174.26,TV,338,522.78
9583,135,2609,2023-11-24,3,62.14,Online,36,186.42000000000002
9584,120,2609,2025-12-14,1,186.86,Social,222,186.86
9585,122,2609,2025-02-15,5,224.2,Online,59,1121.0
9586,115,2609,2025-03-21,5,114.62,Online,60,573.1
9587,192,2609,2024-05-05,2,22.56,Online,45,45.12
9588,180,2609,2024-10-21,4,97.9,Online,53,391.6
9589,174,2609,2024-12-22,1,89.89,Online,56,89.89
9590,176,2609,2025-06-04,1,98.45,Online,65,98.45
9591,139,2609,2023-12-07,3,162.16,Online,37,486.48
9592,170,2609,2025-05-13,1,124.94,Online,65,124.94
9593,117,2609,2024-02-05,1,214.01,Online,40,214.01
9594,172,2609,2024-01-16,1,75.03,Online,38,75.03
9595,157,2609,2024-03-30,5,140.43,Online,43,702.1500000000001
9596,122,2609,2024-12-26,3,224.2,In-Store,132,672.5999999999999
9597,151,2609,2025-12-21,2,170.44,Online,76,340.88
9598,198,2609,2025-07-23,2,167.93,Social,215,335.86
9599,137,2609,2023-08-11,2,90.95,Online,31,181.9
9600,172,2609,2024-06-01,4,75.03,Online,46,300.12
9601,110,2609,2025-09-01,5,138.19,Online,69,690.95
9602,109,2609,2025-02-25,1,69.39,Online,60,69.39
9603,121,2609,2023-07-20,3,126.42,In-Store,105,379.26
9604,139,2610,2025-01-11,5,162.16,Online,58,810.8
9605,192,2610,2024-03-16,1,22.56,Online,42,22.56
9606,189,2610,2025-08-26,2,47.31,Online,68,94.62
9607,196,2610,2023-09-23,5,162.21,TV,325,811.0500000000001
9608,132,2610,2025-03-31,1,146.35,Online,61,146.35
9609,191,2610,2025-04-29,4,196.98,Social,211,787.92
9610,136,2610,2024-06-02,5,134.23,Online,47,671.15
9611,130,2610,2025-10-12,2,117.61,Online,71,235.22
9612,116,2610,2024-02-17,3,161.44,TV,333,484.32
9613,114,2610,2024-10-20,2,120.5,Online,53,241.0
9614,181,2610,2023-11-05,2,231.25,Online,34,462.5
9615,161,2610,2025-06-16,3,233.25,Online,66,699.75
9616,164,2610,2024-06-07,3,91.03,Online,46,273.09000000000003
9617,112,2610,2024-10-22,1,58.11,Online,53,58.11
9618,119,2610,2024-03-24,3,193.28,In-Store,117,579.84
9619,165,2610,2024-12-30,2,213.33,Email,279,426.66
9620,171,2610,2025-02-14,1,117.28,In-Store,135,117.28
9621,115,2610,2023-08-27,2,114.62,In-Store,106,229.24
9622,175,2610,2025-08-31,3,285.32,Online,70,855.96
9623,153,2611,2024-02-05,3,44.91,Email,260,134.73
9624,180,2611,2023-09-22,2,97.9,Online,33,195.8
9625,153,2611,2023-07-16,3,44.91,TV,322,134.73
9626,135,2611,2024-08-04,1,62.14,TV,341,62.14
9627,162,2611,2023-09-10,3,23.29,Online,32,69.87
9628,185,2612,2024-08-26,3,143.79,Online,50,431.37
9629,170,2612,2024-03-05,2,124.94,Online,41,249.88
9630,193,2612,2023-06-12,1,28.68,Online,27,28.68
9631,189,2612,2024-07-08,4,47.31,Online,47,189.24
9632,103,2612,2025-11-05,4,74.85,Online,72,299.4
9633,142,2612,2025-11-21,1,298.93,In-Store,148,298.93
9634,154,2612,2023-07-18,1,39.53,TV,322,39.53
9635,196,2612,2025-01-02,2,162.21,Online,57,324.42
9636,169,2612,2024-01-14,1,105.46,Social,190,105.46
9637,126,2612,2024-01-25,2,62.9,Online,40,125.8
9638,117,2612,2025-02-04,4,214.01,Online,59,856.04
9639,112,2612,2023-12-15,2,58.11,Online,36,116.22
9640,175,2612,2023-08-16,5,285.32,Online,32,1426.6
9641,126,2612,2023-06-30,3,62.9,TV,322,188.7
9642,121,2612,2024-05-22,1,126.42,Online,46,126.42
9643,102,2612,2025-08-11,2,175.2,Social,215,350.4
9644,169,2612,2024-08-10,3,105.46,Online,49,316.38
9645,137,2613,2024-12-07,2,90.95,Online,56,181.9
9646,133,2613,2025-01-28,4,129.42,Email,281,517.68
9647,133,2613,2024-07-21,5,129.42,Online,48,647.0999999999999
9648,139,2613,2024-10-16,4,162.16,In-Store,127,648.64
9649,121,2613,2024-07-06,4,126.42,TV,338,505.68
9650,194,2613,2024-04-10,4,70.1,Online,43,280.4
9651,110,2613,2025-11-15,2,138.19,Online,73,276.38
9652,191,2613,2025-01-28,5,196.98,Online,58,984.9
9653,173,2613,2025-11-14,4,100.75,Online,73,403.0
9654,190,2613,2024-11-30,4,121.42,Online,56,485.68
9655,126,2613,2025-06-06,5,62.9,In-Store,139,314.5
9656,121,2613,2025-06-06,2,126.42,Online,66,252.84
9657,122,2613,2025-01-22,3,224.2,Email,281,672.5999999999999
9658,196,2613,2025-03-19,3,162.21,Online,60,486.63
9659,117,2613,2024-12-18,2,214.01,Online,56,428.02
9660,191,2613,2025-04-13,3,196.98,In-Store,137,590.9399999999999
9661,143,2613,2025-11-07,1,18.47,Email,293,18.47
9662,181,2613,2024-03-30,3,231.25,Social,192,693.75
9663,158,2613,2024-05-25,1,132.56,Online,46,132.56
9664,133,2613,2025-12-10,4,129.42,In-Store,149,517.68
9665,132,2613,2024-03-25,3,146.35,In-Store,117,439.04999999999995
9666,152,2613,2024-12-09,3,72.34,Online,55,217.02
9667,196,2613,2024-11-24,1,162.21,Online,55,162.21
9668,121,2613,2024-12-31,3,126.42,In-Store,132,379.26
9669,111,2613,2024-11-21,3,78.12,In-Store,128,234.36
9670,195,2613,2025-04-04,2,109.44,Online,61,218.88
9671,165,2613,2025-09-05,3,213.33,Online,69,639.99
9672,102,2613,2025-04-26,5,175.2,In-Store,137,876.0
9673,171,2613,2024-07-29,4,117.28,Online,49,469.12
9674,107,2613,2025-01-23,1,110.76,Online,59,110.76
9675,101,2614,2023-12-10,1,116.4,In-Store,111,116.4
9676,126,2614,2024-05-23,3,62.9,Online,46,188.7
9677,133,2615,2022-09-09,1,129.42,Online,12,129.42
9678,112,2615,2023-02-04,1,58.11,In-Store,97,58.11
9679,134,2615,2023-03-25,4,113.57,Online,23,454.28
9680,171,2615,2022-09-07,3,117.28,Online,12,351.84000000000003
9681,178,2615,2023-12-13,1,58.92,Online,37,58.92
9682,152,2615,2022-08-29,3,72.34,In-Store,89,217.02
9683,155,2615,2023-06-22,3,71.21,Online,28,213.63
9684,167,2616,2023-10-28,1,75.91,Online,35,75.91
9685,125,2616,2023-05-21,1,25.35,In-Store,102,25.35
9686,149,2616,2023-10-13,2,64.92,Online,34,129.84
9687,156,2617,2024-07-02,4,13.54,Social,197,54.16
9688,101,2617,2025-10-03,2,116.4,Social,218,232.8
9689,154,2617,2024-01-06,2,39.53,In-Store,112,79.06
9690,190,2617,2024-03-03,1,121.42,In-Store,116,121.42
9691,134,2617,2024-11-09,2,113.57,Online,54,227.14
9692,158,2617,2024-10-13,5,132.56,Online,52,662.8
9693,116,2617,2024-07-20,5,161.44,Online,48,807.2
9694,159,2617,2024-10-03,5,21.52,In-Store,126,107.6
9695,177,2617,2025-11-10,3,296.45,Online,73,889.3499999999999
9696,167,2617,2025-08-05,2,75.91,Online,68,151.82
9697,185,2617,2025-11-24,1,143.79,Social,221,143.79
9698,108,2617,2025-12-17,4,127.37,In-Store,149,509.48
9699,123,2617,2024-06-29,3,28.54,In-Store,122,85.62
9700,109,2617,2025-09-23,2,69.39,In-Store,145,138.78
9701,171,2617,2025-01-05,3,117.28,TV,349,351.84000000000003
9702,178,2617,2023-12-28,3,58.92,Email,258,176.76
9703,141,2617,2024-07-27,5,75.02,TV,341,375.09999999999997
9704,105,2617,2023-10-15,5,45.85,In-Store,108,229.25
9705,191,2617,2024-10-22,5,196.98,Online,53,984.9
9706,110,2617,2024-11-12,5,138.19,Online,55,690.95
9707,190,2617,2025-10-30,5,121.42,Online,73,607.1
9708,145,2617,2023-10-13,4,87.44,In-Store,108,349.76
9709,103,2618,2024-01-03,4,74.85,Online,38,299.4
9710,146,2618,2024-07-06,3,28.76,Social,198,86.28
9711,153,2618,2025-01-09,4,44.91,Email,280,179.64
9712,160,2618,2023-08-27,4,74.86,Online,32,299.44
9713,118,2618,2024-08-25,3,128.58,Online,49,385.74
9714,184,2618,2024-02-17,2,120.25,Online,40,240.5
9715,109,2618,2024-01-22,1,69.39,Social,190,69.39
9716,131,2618,2023-09-18,4,76.52,Online,33,306.08
9717,162,2619,2023-12-16,3,23.29,In-Store,111,69.87
9718,106,2619,2024-03-19,2,41.44,Online,42,82.88
9719,103,2619,2023-12-14,2,74.85,Online,37,149.7
9720,180,2619,2024-03-03,3,97.9,TV,334,293.70000000000005
9721,131,2620,2023-03-30,3,76.52,In-Store,100,229.56
9722,148,2620,2023-06-03,3,47.75,Online,26,143.25
9723,194,2620,2024-05-24,1,70.1,Social,195,70.1
9724,118,2620,2023-05-08,1,128.58,Online,25,128.58
9725,105,2620,2024-07-09,2,45.85,Online,48,91.7
9726,133,2621,2024-01-04,4,129.42,Social,188,517.68
9727,155,2621,2025-08-11,1,71.21,Online,69,71.21
9728,133,2621,2024-10-26,4,129.42,Online,53,517.68
9729,129,2621,2023-06-26,3,269.37,Social,179,808.11
9730,156,2621,2025-04-10,2,13.54,In-Store,138,27.08
9731,185,2621,2025-02-27,3,143.79,Social,209,431.37
9732,118,2621,2025-04-29,4,128.58,Email,285,514.32
9733,170,2621,2023-06-14,3,124.94,Social,179,374.82
9734,130,2621,2025-06-14,1,117.61,Online,65,117.61
9735,132,2621,2024-11-15,1,146.35,In-Store,128,146.35
9736,165,2621,2024-11-05,3,213.33,Online,54,639.99
9737,136,2621,2024-05-29,5,134.23,In-Store,120,671.15
9738,165,2621,2025-11-05,3,213.33,Online,72,639.99
9739,105,2621,2025-01-04,2,45.85,Online,57,91.7
9740,101,2621,2024-04-29,5,116.4,Online,45,582.0
9741,155,2621,2024-09-18,4,71.21,Online,51,284.84
9742,133,2621,2025-02-15,3,129.42,In-Store,135,388.26
9743,102,2621,2023-11-10,3,175.2,Online,35,525.5999999999999
9744,152,2621,2025-12-30,2,72.34,In-Store,150,144.68
9745,124,2621,2025-05-07,4,174.26,Online,64,697.04
9746,172,2621,2023-08-18,5,75.03,Online,32,375.15
9747,194,2621,2025-09-03,4,70.1,Online,69,280.4
9748,144,2622,2024-07-21,3,22.73,TV,339,68.19
9749,172,2622,2024-07-17,1,75.03,In-Store,123,75.03
9750,134,2622,2024-04-30,3,113.57,TV,336,340.71
9751,190,2623,2022-09-10,4,121.42,Social,163,485.68
9752,170,2623,2025-08-05,2,124.94,In-Store,143,249.88
9753,122,2623,2025-01-02,3,224.2,Online,57,672.5999999999999
9754,168,2623,2023-07-14,5,151.07,TV,322,755.3499999999999
9755,113,2623,2024-03-01,3,122.3,Online,41,366.9
9756,123,2623,2025-04-08,4,28.54,Social,211,114.16
9757,121,2623,2024-12-27,4,126.42,Online,57,505.68
9758,129,2623,2025-03-08,3,269.37,Online,60,808.11
9759,190,2623,2025-04-26,3,121.42,In-Store,137,364.26
9760,150,2623,2022-12-05,4,66.48,Online,17,265.92
9761,133,2623,2024-12-19,1,129.42,Social,205,129.42
9762,111,2623,2025-03-16,3,78.12,In-Store,136,234.36
9763,168,2623,2024-06-30,4,151.07,In-Store,122,604.28
9764,189,2623,2024-07-09,4,47.31,Online,48,189.24
9765,162,2623,2025-04-04,2,23.29,Online,62,46.58
9766,122,2623,2025-03-31,1,224.2,Online,61,224.2
9767,157,2623,2023-09-01,3,140.43,Social,183,421.29
9768,166,2623,2025-10-24,2,151.16,Email,292,302.32
9769,121,2623,2025-04-04,2,126.42,Social,211,252.84
9770,168,2623,2024-12-27,2,151.07,In-Store,131,302.14
9771,156,2623,2024-02-16,1,13.54,In-Store,115,13.54
9772,106,2623,2023-01-26,5,41.44,In-Store,96,207.2
9773,175,2623,2025-12-27,1,285.32,In-Store,149,285.32
9774,175,2623,2023-07-18,3,285.32,Online,30,855.96
9775,166,2623,2024-01-15,1,151.16,TV,331,151.16
9776,102,2623,2025-08-09,4,175.2,TV,357,700.8
9777,127,2623,2023-02-04,3,184.65,In-Store,97,553.95
9778,171,2624,2024-09-18,1,117.28,In-Store,125,117.28
9779,184,2624,2025-06-04,1,120.25,Social,213,120.25
9780,158,2624,2024-12-11,2,132.56,In-Store,130,265.12
9781,123,2624,2024-12-08,1,28.54,TV,347,28.54
9782,158,2624,2025-01-19,4,132.56,TV,350,530.24
9783,145,2624,2024-10-23,4,87.44,In-Store,127,349.76
9784,108,2624,2024-07-06,3,127.37,Online,47,382.11
9785,149,2625,2024-10-24,5,64.92,In-Store,128,324.6
9786,161,2625,2025-05-08,3,233.25,Social,212,699.75
9787,129,2625,2025-06-26,4,269.37,Online,67,1077.48
9788,190,2625,2025-05-05,5,121.42,In-Store,138,607.1
9789,196,2625,2024-11-28,2,162.21,Online,55,324.42
9790,160,2625,2024-07-02,4,74.86,In-Store,122,299.44
9791,187,2625,2025-12-01,4,95.73,In-Store,149,382.92
9792,110,2625,2024-03-17,3,138.19,Online,42,414.57
9793,184,2625,2024-12-03,2,120.25,Online,56,240.5
9794,194,2625,2025-09-24,3,70.1,Social,218,210.29999999999998
9795,184,2625,2025-11-01,5,120.25,Online,73,601.25
9796,116,2625,2025-04-22,5,161.44,In-Store,138,807.2
9797,144,2625,2025-12-25,2,22.73,In-Store,149,45.46
9798,111,2625,2025-11-12,3,78.12,Social,220,234.36
9799,114,2625,2024-03-22,5,120.5,TV,335,602.5
9800,190,2625,2025-03-29,4,121.42,Online,60,485.68
9801,177,2625,2025-05-24,4,296.45,Email,285,1185.8
9802,197,2625,2024-03-26,1,270.16,Online,42,270.16
9803,160,2626,2024-04-18,2,74.86,In-Store,118,149.72
9804,144,2626,2024-12-10,4,22.73,Online,56,90.92
9805,188,2626,2024-04-08,3,12.93,Online,43,38.79
9806,199,2626,2024-05-10,3,105.38,Online,45,316.14
9807,162,2626,2024-08-29,1,23.29,In-Store,124,23.29
9808,118,2626,2024-01-26,1,128.58,Online,39,128.58
9809,199,2627,2022-06-13,2,105.38,Online,7,210.76
9810,125,2627,2022-06-04,1,25.35,Online,7,25.35
9811,156,2627,2023-09-11,1,13.54,In-Store,106,13.54
9812,146,2627,2022-03-05,1,28.76,In-Store,81,28.76
9813,149,2627,2023-02-08,2,64.92,Online,20,129.84
9814,151,2628,2024-09-27,2,170.44,Online,52,340.88
9815,124,2628,2024-08-20,1,174.26,Online,50,174.26
9816,191,2628,2024-05-26,3,196.98,Online,46,590.9399999999999
9817,135,2628,2022-08-16,3,62.14,Online,12,186.42000000000002
9818,123,2628,2022-07-15,1,28.54,Social,161,28.54
9819,173,2628,2023-12-30,3,100.75,Online,37,302.25
9820,171,2628,2023-06-12,1,117.28,Social,179,117.28
9821,133,2628,2024-11-09,1,129.42,In-Store,128,129.42
9822,126,2628,2022-07-20,4,62.9,Online,10,251.6
9823,197,2628,2023-04-02,4,270.16,Online,24,1080.64
9824,154,2628,2022-05-03,2,39.53,Online,5,79.06
9825,200,2628,2022-10-06,4,213.63,Online,13,854.52
9826,175,2628,2023-05-18,5,285.32,Online,25,1426.6
9827,116,2628,2025-09-25,1,161.44,Social,218,161.44
9828,108,2628,2022-03-19,3,127.37,In-Store,82,382.11
9829,113,2628,2024-07-02,5,122.3,In-Store,121,611.5
9830,138,2628,2023-01-25,2,115.15,Email,241,230.3
9831,141,2628,2025-12-24,1,75.02,TV,365,75.02
9832,161,2628,2024-07-06,5,233.25,Online,47,1166.25
9833,163,2628,2023-09-11,5,115.65,Online,33,578.25
9834,198,2628,2024-06-10,3,167.93,Social,196,503.79
9835,142,2628,2023-09-13,5,298.93,In-Store,107,1494.65
9836,163,2628,2023-09-25,1,115.65,Online,33,115.65
9837,158,2628,2025-04-21,1,132.56,TV,353,132.56
9838,178,2628,2022-05-13,3,58.92,Online,6,176.76
9839,163,2628,2023-12-14,1,115.65,In-Store,111,115.65
9840,196,2628,2025-05-22,5,162.21,TV,355,811.0500000000001
9841,103,2628,2025-09-12,2,74.85,Online,70,149.7
9842,146,2629,2024-06-28,1,28.76,In-Store,122,28.76
9843,173,2629,2023-04-03,3,100.75,Social,175,302.25
9844,104,2629,2023-05-20,2,50.25,TV,320,100.5
9845,106,2629,2023-09-11,3,41.44,Online,32,124.32
9846,127,2630,2024-04-09,5,184.65,Social,194,923.25
9847,111,2630,2024-04-19,3,78.12,Online,43,234.36
9848,112,2630,2022-06-25,2,58.11,Online,9,116.22
9849,137,2630,2024-09-06,1,90.95,Online,50,90.95
9850,132,2630,2023-11-30,5,146.35,Online,36,731.75
9851,151,2630,2023-01-19,4,170.44,Online,19,681.76
9852,168,2630,2023-11-19,5,151.07,Online,35,755.3499999999999
9853,113,2630,2025-03-26,1,122.3,Online,61,122.3
9854,156,2630,2025-07-25,1,13.54,Online,68,13.54
9855,142,2630,2024-07-03,1,298.93,Email,268,298.93
9856,105,2631,2023-09-13,3,45.85,In-Store,107,137.55
9857,187,2631,2022-12-30,2,95.73,Online,19,191.46
9858,105,2631,2022-10-03,2,45.85,Online,13,91.7
9859,109,2631,2022-10-23,1,69.39,Online,15,69.39
9860,141,2631,2022-11-06,3,75.02,Online,15,225.06
9861,108,2631,2023-01-29,2,127.37,Social,172,254.74
9862,133,2632,2023-09-09,3,129.42,Email,253,388.26
9863,152,2632,2023-08-18,5,72.34,TV,324,361.70000000000005
9864,136,2632,2023-07-11,4,134.23,Online,29,536.92
9865,116,2632,2025-08-04,5,161.44,Online,68,807.2
9866,194,2632,2024-01-03,1,70.1,Online,37,70.1
9867,108,2632,2022-10-04,5,127.37,In-Store,91,636.85
9868,101,2632,2023-01-21,3,116.4,Social,172,349.20000000000005
9869,191,2632,2024-07-21,2,196.98,Online,48,393.96
9870,124,2632,2024-05-14,5,174.26,Online,45,871.3
9871,180,2632,2022-11-26,1,97.9,Online,18,97.9
9872,143,2632,2024-03-16,1,18.47,Online,42,18.47
9873,108,2632,2022-02-14,5,127.37,Online,3,636.85
9874,133,2632,2023-07-20,3,129.42,In-Store,104,388.26
9875,196,2632,2022-12-05,2,162.21,In-Store,95,324.42
9876,107,2632,2025-09-17,4,110.76,Online,70,443.04
9877,122,2632,2022-08-26,3,224.2,Online,12,672.5999999999999
9878,135,2632,2024-08-21,3,62.14,Online,50,186.42000000000002
9879,169,2632,2024-11-01,1,105.46,In-Store,128,105.46
9880,113,2633,2024-02-16,3,122.3,In-Store,115,366.9
9881,148,2633,2023-11-08,1,47.75,In-Store,110,47.75
9882,114,2633,2024-09-20,1,120.5,Online,51,120.5
9883,133,2633,2023-07-08,4,129.42,Email,250,517.68
9884,138,2633,2023-10-26,3,115.15,Online,34,345.45000000000005
9885,101,2633,2024-08-15,3,116.4,TV,341,349.20000000000005
9886,169,2633,2024-02-03,3,105.46,Online,40,316.38
9887,196,2634,2025-12-01,4,162.21,Online,74,648.84
9888,138,2634,2024-04-16,4,115.15,Online,43,460.6
9889,157,2634,2024-06-03,2,140.43,In-Store,120,280.86
9890,176,2634,2024-08-29,2,98.45,Online,50,196.9
9891,113,2634,2024-06-29,1,122.3,TV,338,122.3
9892,166,2634,2025-10-28,1,151.16,Online,72,151.16
9893,199,2634,2025-06-07,3,105.38,In-Store,139,316.14
9894,121,2634,2025-08-30,4,126.42,TV,359,505.68
9895,173,2634,2025-06-18,3,100.75,In-Store,141,302.25
9896,155,2635,2024-10-30,3,71.21,In-Store,128,213.63
9897,178,2635,2024-11-25,1,58.92,Online,55,58.92
9898,167,2636,2025-03-10,3,75.91,In-Store,136,227.73
9899,184,2636,2025-04-06,3,120.25,Social,211,360.75
9900,131,2636,2025-01-22,4,76.52,In-Store,133,306.08
9901,143,2636,2024-11-23,4,18.47,In-Store,130,73.88
9902,164,2636,2024-12-27,1,91.03,Online,56,91.03
9903,190,2636,2024-11-11,2,121.42,Online,55,242.84
9904,138,2636,2025-02-28,4,115.15,In-Store,135,460.6
9905,130,2636,2025-05-11,1,117.61,Online,64,117.61
9906,141,2636,2025-01-13,4,75.02,Online,58,300.08
9907,162,2636,2025-05-30,1,23.29,Social,212,23.29
9908,143,2636,2024-11-25,1,18.47,Online,55,18.47
9909,170,2636,2025-06-05,4,124.94,Social,213,499.76
9910,126,2636,2024-12-20,1,62.9,In-Store,130,62.9
9911,169,2636,2025-04-11,4,105.46,Social,211,421.84
9912,138,2636,2024-11-08,2,115.15,In-Store,129,230.3
9913,136,2636,2024-10-30,4,134.23,In-Store,128,536.92
9914,105,2636,2025-05-16,4,45.85,Online,65,183.4
9915,109,2637,2025-06-23,5,69.39,Online,66,346.95
9916,158,2637,2024-11-16,4,132.56,In-Store,129,530.24
9917,192,2637,2025-10-02,2,22.56,TV,362,45.12
9918,195,2637,2025-09-01,3,109.44,Online,69,328.32
9919,152,2637,2025-08-23,2,72.34,Online,69,144.68
9920,102,2637,2024-09-06,3,175.2,Online,50,525.5999999999999
9921,171,2637,2025-08-01,2,117.28,Email,289,234.56
9922,104,2637,2024-09-13,2,50.25,Online,51,100.5
9923,159,2637,2025-04-21,5,21.52,TV,353,107.6
9924,157,2637,2024-08-02,3,140.43,Online,49,421.29
9925,123,2637,2025-10-05,4,28.54,Social,218,114.16
9926,131,2637,2025-12-04,5,76.52,Email,295,382.59999999999997
9927,146,2637,2025-05-03,1,28.76,TV,354,28.76
9928,101,2637,2024-07-17,3,116.4,Online,48,349.20000000000005
9929,190,2637,2025-12-22,2,121.42,Social,222,242.84
9930,179,2637,2025-03-06,1,69.62,Online,60,69.62
9931,142,2637,2024-09-14,3,298.93,Social,201,896.79
9932,122,2637,2025-09-10,5,224.2,In-Store,144,1121.0
9933,119,2637,2025-12-03,4,193.28,Online,74,773.12
9934,106,2637,2025-03-20,5,41.44,In-Store,136,207.2
9935,175,2637,2025-04-30,5,285.32,TV,353,1426.6
9936,173,2638,2024-09-01,2,100.75,Online,50,201.5
9937,197,2638,2025-02-07,4,270.16,In-Store,134,1080.64
9938,113,2638,2025-05-27,4,122.3,Online,65,489.2
9939,165,2638,2024-10-26,2,213.33,Online,53,426.66
9940,177,2638,2025-12-09,1,296.45,Social,221,296.45
9941,140,2638,2024-02-13,5,139.7,Email,260,698.5
9942,118,2638,2024-09-14,3,128.58,Online,51,385.74
9943,200,2638,2024-05-16,5,213.63,In-Store,120,1068.15
9944,200,2638,2025-04-21,4,213.63,Online,62,854.52
9945,151,2638,2024-11-09,2,170.44,Online,55,340.88
9946,166,2638,2025-12-25,2,151.16,Online,76,302.32
9947,165,2638,2024-05-31,3,213.33,In-Store,120,639.99
9948,156,2638,2025-04-16,3,13.54,Social,211,40.62
9949,161,2638,2023-12-11,3,233.25,Online,36,699.75
9950,151,2638,2025-02-05,4,170.44,In-Store,134,681.76
9951,144,2638,2025-02-11,3,22.73,Online,59,68.19
9952,124,2638,2024-10-19,5,174.26,In-Store,127,871.3
9953,189,2638,2024-02-15,3,47.31,Online,40,141.93
9954,187,2638,2023-11-09,1,95.73,Social,186,95.73
9955,139,2638,2024-01-27,1,162.16,Online,39,162.16
9956,196,2638,2025-07-23,3,162.21,In-Store,142,486.63
9957,102,2638,2024-10-31,4,175.2,In-Store,128,700.8
9958,184,2639,2023-11-10,1,120.25,Online,35,120.25
9959,159,2639,2023-09-16,1,21.52,Online,33,21.52
9960,107,2639,2024-01-19,3,110.76,In-Store,113,332.28000000000003
9961,154,2639,2023-03-05,2,39.53,In-Store,99,79.06
9962,114,2639,2024-01-13,3,120.5,Online,39,361.5
9963,101,2639,2023-12-27,1,116.4,Online,38,116.4
9964,178,2639,2023-02-19,3,58.92,Online,21,176.76
9965,111,2639,2023-05-13,3,78.12,Email,247,234.36
9966,182,2640,2023-07-09,5,73.37,Online,29,366.85
9967,159,2640,2022-10-22,2,21.52,Online,15,43.04
9968,172,2640,2022-10-10,2,75.03,Online,14,150.06
9969,157,2640,2023-03-19,2,140.43,In-Store,100,280.86
9970,155,2640,2024-03-09,2,71.21,In-Store,117,142.42
9971,159,2640,2025-07-10,1,21.52,In-Store,141,21.52
9972,174,2640,2024-12-07,3,89.89,Social,205,269.67
9973,196,2640,2024-12-08,4,162.21,Online,56,648.84
9974,124,2640,2023-08-13,3,174.26,Email,251,522.78
9975,178,2640,2024-04-15,5,58.92,TV,335,294.6
9976,177,2640,2024-02-03,4,296.45,In-Store,114,1185.8
9977,184,2640,2023-03-07,5,120.25,In-Store,99,601.25
9978,121,2640,2023-02-17,4,126.42,In-Store,97,505.68
9979,193,2640,2023-02-15,5,28.68,In-Store,97,143.4
9980,130,2640,2025-03-16,2,117.61,Online,61,235.22
9981,121,2640,2022-10-12,1,126.42,Online,14,126.42
9982,185,2640,2023-09-13,2,143.79,In-Store,107,287.58
9983,152,2640,2025-06-19,2,72.34,Online,66,144.68
9984,107,2640,2025-09-19,2,110.76,Online,70,221.52
9985,113,2640,2025-12-11,2,122.3,Online,75,244.6
9986,165,2640,2023-12-21,3,213.33,Online,37,639.99
9987,128,2640,2025-08-01,4,69.61,Online,68,278.44
9988,189,2640,2024-03-21,4,47.31,In-Store,117,189.24
9989,147,2640,2024-09-13,2,193.11,Online,51,386.22
9990,117,2641,2025-01-04,4,214.01,Online,58,856.04
9991,132,2641,2024-12-30,2,146.35,TV,349,292.7
9992,140,2641,2024-11-23,1,139.7,Social,205,139.7
9993,157,2641,2025-02-13,2,140.43,Online,59,280.86
9994,132,2641,2022-06-01,1,146.35,Online,7,146.35
9995,189,2641,2025-06-06,3,47.31,Online,66,141.93
9996,178,2641,2022-06-16,4,58.92,Online,8,235.68
9997,144,2641,2025-02-09,4,22.73,Online,59,90.92
9998,117,2641,2022-03-11,4,214.01,Social,155,856.04
9999,197,2641,2024-06-08,2,270.16,Online,46,540.32
10000,166,2641,2025-10-26,4,151.16,Online,72,604.64
10001,173,2641,2025-05-23,1,100.75,Online,65,100.75
10002,157,2641,2024-05-30,5,140.43,In-Store,120,702.1500000000001
10003,102,2641,2025-02-09,2,175.2,Online,59,350.4
10004,198,2641,2022-06-09,2,167.93,Online,7,335.86
10005,104,2641,2025-03-23,4,50.25,Online,60,201.0
10006,157,2641,2022-04-21,1,140.43,In-Store,84,140.43
10007,198,2641,2025-07-09,3,167.93,Online,67,503.79
10008,156,2641,2025-08-07,4,13.54,TV,357,54.16
10009,191,2641,2024-08-27,1,196.98,Online,50,196.98
10010,162,2641,2022-07-10,3,23.29,In-Store,87,69.87
10011,193,2642,2025-12-19,3,28.68,Social,222,86.03999999999999
10012,161,2642,2025-02-27,5,233.25,TV,351,1166.25
10013,173,2642,2025-12-24,3,100.75,Social,222,302.25
10014,127,2642,2025-12-06,3,184.65,Online,76,553.95
10015,187,2642,2025-04-29,4,95.73,Email,285,382.92
10016,136,2642,2024-10-24,2,134.23,Online,53,268.46
10017,105,2642,2024-08-18,5,45.85,In-Store,124,229.25
10018,169,2642,2025-08-14,4,105.46,Online,68,421.84
10019,184,2642,2025-05-01,5,120.25,Social,212,601.25
10020,157,2642,2025-10-08,3,140.43,Online,70,421.29
10021,188,2642,2024-07-02,5,12.93,Online,48,64.65
10022,159,2642,2025-01-10,2,21.52,Email,280,43.04
10023,168,2642,2025-05-16,2,151.07,Online,65,302.14
10024,167,2642,2024-10-15,5,75.91,Online,52,379.54999999999995
10025,198,2642,2024-07-01,1,167.93,Online,48,167.93
10026,178,2643,2025-10-17,1,58.92,Online,71,58.92
10027,120,2643,2025-07-13,1,186.86,Online,67,186.86
10028,104,2643,2024-01-02,1,50.25,Social,189,50.25
10029,194,2643,2024-12-17,2,70.1,Online,56,140.2
10030,116,2643,2024-08-11,3,161.44,Online,49,484.32
10031,121,2643,2023-09-09,5,126.42,Online,33,632.1
10032,163,2643,2024-05-01,1,115.65,Online,43,115.65
10033,190,2643,2025-09-29,2,121.42,Online,71,242.84
10034,159,2643,2024-10-18,4,21.52,Online,52,86.08
10035,190,2643,2025-04-25,1,121.42,In-Store,137,121.42
10036,163,2643,2024-12-05,3,115.65,Online,55,346.95000000000005
10037,102,2643,2025-03-25,5,175.2,In-Store,136,876.0
10038,190,2643,2025-10-15,3,121.42,Social,218,364.26
10039,128,2643,2024-12-27,3,69.61,Email,280,208.82999999999998
10040,165,2643,2024-10-01,3,213.33,In-Store,126,639.99
10041,174,2643,2025-06-07,2,89.89,In-Store,140,179.78
10042,194,2643,2023-05-17,2,70.1,Online,25,140.2
10043,105,2643,2025-06-03,3,45.85,Online,65,137.55
10044,102,2643,2023-03-14,3,175.2,Online,22,525.5999999999999
10045,158,2643,2025-12-18,2,132.56,In-Store,149,265.12
10046,175,2643,2024-04-16,5,285.32,Online,43,1426.6
10047,160,2643,2024-03-15,5,74.86,Online,41,374.3
10048,110,2643,2023-11-03,3,138.19,Online,34,414.57
10049,120,2644,2024-10-04,4,186.86,Social,202,747.44
10050,127,2644,2023-10-27,3,184.65,Online,35,553.95
10051,136,2644,2024-12-21,5,134.23,Online,57,671.15
10052,158,2644,2024-06-14,1,132.56,In-Store,121,132.56
10053,190,2644,2025-11-29,2,121.42,Online,74,242.84
10054,120,2644,2024-12-04,3,186.86,Online,55,560.58
10055,120,2644,2024-09-11,1,186.86,Online,51,186.86
10056,174,2644,2024-10-11,3,89.89,Social,202,269.67
10057,111,2644,2025-05-12,5,78.12,In-Store,138,390.6
10058,129,2644,2023-10-16,1,269.37,In-Store,109,269.37
10059,108,2644,2025-12-24,1,127.37,In-Store,149,127.37
10060,135,2644,2024-10-13,5,62.14,Social,202,310.7
10061,116,2644,2024-06-11,3,161.44,Email,267,484.32
10062,185,2645,2024-10-29,5,143.79,Social,203,718.9499999999999
10063,108,2645,2025-12-13,4,127.37,In-Store,149,509.48
10064,130,2645,2025-12-17,2,117.61,Social,222,235.22
10065,178,2645,2024-10-04,3,58.92,Online,52,176.76
10066,108,2645,2025-10-02,5,127.37,In-Store,144,636.85
10067,176,2645,2025-05-24,2,98.45,Online,65,196.9
10068,105,2645,2025-11-02,2,45.85,Online,72,91.7
10069,194,2645,2025-04-23,4,70.1,In-Store,137,280.4
10070,175,2645,2024-11-25,4,285.32,Online,55,1141.28
10071,170,2645,2025-07-01,4,124.94,In-Store,141,499.76
10072,163,2645,2024-11-04,4,115.65,Online,54,462.6
10073,167,2645,2025-09-09,1,75.91,In-Store,144,75.91
10074,170,2645,2025-04-03,1,124.94,Online,61,124.94
10075,151,2645,2024-12-31,4,170.44,TV,349,681.76
10076,175,2645,2025-11-09,3,285.32,Social,220,855.96
10077,102,2645,2025-08-28,4,175.2,Online,68,700.8
10078,175,2645,2025-05-10,3,285.32,Online,65,855.96
10079,175,2645,2025-03-14,3,285.32,Online,60,855.96
10080,168,2645,2025-06-10,3,151.07,Online,65,453.21
10081,142,2645,2025-04-30,5,298.93,Online,63,1494.65
10082,109,2645,2025-07-22,2,69.39,In-Store,142,138.78
10083,149,2645,2025-07-10,4,64.92,Online,67,259.68
10084,103,2646,2025-08-20,3,74.85,In-Store,143,224.54999999999998
10085,170,2646,2023-07-17,1,124.94,In-Store,105,124.94
10086,166,2646,2024-04-20,5,151.16,In-Store,119,755.8
10087,111,2646,2023-06-01,1,78.12,Social,178,78.12
10088,123,2646,2023-01-17,3,28.54,In-Store,97,85.62
10089,128,2646,2022-08-09,2,69.61,In-Store,89,139.22
10090,124,2646,2023-03-30,4,174.26,Online,22,697.04
10091,121,2646,2024-01-21,3,126.42,Online,39,379.26
10092,143,2646,2023-04-22,3,18.47,Online,25,55.41
10093,122,2646,2025-01-19,4,224.2,In-Store,133,896.8
10094,162,2646,2024-01-28,1,23.29,Online,40,23.29
10095,177,2646,2025-02-20,2,296.45,Online,59,592.9
10096,124,2646,2024-09-11,5,174.26,Online,51,871.3
10097,168,2646,2025-05-08,3,151.07,Online,64,453.21
10098,141,2646,2022-07-19,1,75.02,Online,10,75.02
10099,126,2646,2025-11-01,5,62.9,Online,73,314.5
10100,184,2646,2023-06-19,2,120.25,In-Store,103,240.5
10101,132,2646,2023-11-18,3,146.35,Online,36,439.04999999999995
10102,144,2646,2023-03-19,4,22.73,Online,22,90.92
10103,101,2646,2024-06-12,4,116.4,TV,338,465.6
10104,161,2647,2023-07-21,5,233.25,Online,30,1166.25
10105,137,2647,2024-06-18,4,90.95,In-Store,121,363.8
10106,127,2647,2025-09-23,5,184.65,In-Store,144,923.25
10107,170,2647,2023-10-29,3,124.94,Social,185,374.82
10108,131,2647,2024-07-04,2,76.52,TV,338,153.04
10109,198,2647,2023-10-17,3,167.93,Online,33,503.79
10110,155,2647,2025-03-01,5,71.21,In-Store,135,356.04999999999995
10111,182,2647,2024-11-12,2,73.37,Online,55,146.74
10112,195,2647,2023-11-20,5,109.44,In-Store,110,547.2
10113,165,2647,2023-11-18,4,213.33,Online,36,853.32
10114,114,2647,2024-01-20,5,120.5,Online,39,602.5
10115,189,2648,2024-10-04,3,47.31,In-Store,127,141.93
10116,172,2648,2024-10-27,1,75.03,Online,53,75.03
10117,171,2648,2024-11-14,1,117.28,Online,54,117.28
10118,167,2648,2024-11-08,1,75.91,In-Store,128,75.91
10119,101,2648,2024-10-04,1,116.4,Online,52,116.4
10120,137,2648,2024-11-29,3,90.95,Online,56,272.85
10121,174,2649,2024-12-25,3,89.89,Online,56,269.67
10122,109,2649,2024-11-05,2,69.39,Online,53,138.78
10123,128,2649,2024-12-15,2,69.61,TV,347,139.22
10124,131,2649,2024-10-05,3,76.52,In-Store,126,229.56
10125,145,2649,2024-12-07,2,87.44,In-Store,131,174.88
10126,144,2649,2024-10-15,2,22.73,Online,52,45.46
10127,180,2649,2024-12-25,1,97.9,Online,56,97.9
10128,194,2649,2024-11-30,1,70.1,Online,56,70.1
10129,199,2649,2025-02-06,3,105.38,Online,59,316.14
10130,143,2649,2024-10-18,3,18.47,In-Store,127,55.41
10131,141,2649,2024-11-15,3,75.02,Online,55,225.06
10132,145,2649,2024-11-08,1,87.44,Online,55,87.44
10133,192,2649,2025-01-06,1,22.56,Online,58,22.56
10134,168,2650,2024-11-20,2,151.07,Online,55,302.14
10135,130,2650,2025-02-09,1,117.61,TV,350,117.61
10136,182,2650,2025-07-24,1,73.37,Online,67,73.37
10137,108,2650,2025-07-19,5,127.37,In-Store,142,636.85
10138,139,2650,2025-12-20,5,162.16,Email,295,810.8
10139,109,2650,2025-07-27,3,69.39,Online,67,208.17000000000002
10140,113,2650,2025-12-31,5,122.3,In-Store,149,611.5
10141,139,2650,2024-09-19,1,162.16,Social,201,162.16
10142,115,2650,2025-01-05,3,114.62,Online,57,343.86
10143,155,2650,2025-10-25,2,71.21,TV,363,142.42
10144,168,2650,2025-03-10,5,151.07,Online,60,755.3499999999999
10145,107,2650,2024-08-20,2,110.76,In-Store,124,221.52
10146,121,2650,2024-03-22,3,126.42,Online,43,379.26
10147,192,2650,2025-11-11,3,22.56,Online,73,67.67999999999999
10148,161,2650,2024-12-19,5,233.25,Social,205,1166.25
10149,142,2650,2025-07-22,3,298.93,In-Store,142,896.79
10150,117,2650,2024-10-19,2,214.01,Online,53,428.02
10151,173,2650,2025-12-27,2,100.75,Online,76,201.5
10152,159,2650,2024-10-08,4,21.52,Online,52,86.08
10153,150,2650,2025-03-31,5,66.48,Social,211,332.40000000000003
10154,158,2650,2024-06-09,4,132.56,Online,47,530.24
10155,132,2650,2024-04-24,1,146.35,Social,194,146.35
10156,170,2650,2024-04-17,5,124.94,Online,44,624.7
10157,185,2650,2025-11-19,3,143.79,Social,220,431.37
10158,133,2650,2025-08-20,4,129.42,Online,69,517.68
10159,108,2650,2024-03-09,2,127.37,Email,262,254.74
10160,155,2650,2024-10-22,1,71.21,Social,203,71.21
10161,102,2651,2025-01-14,1,175.2,Online,58,175.2
10162,110,2651,2025-02-06,4,138.19,TV,350,552.76
10163,200,2651,2025-01-30,5,213.63,Online,58,1068.15
10164,182,2651,2024-12-19,4,73.37,Online,57,293.48
10165,156,2651,2025-07-30,2,13.54,Online,67,27.08
10166,132,2651,2025-12-10,4,146.35,Online,75,585.4
10167,177,2651,2024-09-29,3,296.45,Online,52,889.3499999999999
10168,156,2651,2025-03-24,2,13.54,Online,60,27.08
10169,158,2651,2024-11-15,1,132.56,Online,55,132.56
10170,171,2651,2025-09-30,1,117.28,Online,71,117.28
10171,161,2651,2025-05-03,5,233.25,Online,64,1166.25
10172,139,2651,2024-10-26,5,162.16,Online,53,810.8
10173,147,2651,2025-04-03,5,193.11,TV,353,965.5500000000001
10174,108,2651,2025-07-29,3,127.37,In-Store,143,382.11
10175,127,2651,2025-04-11,5,184.65,Email,283,923.25
10176,135,2651,2024-11-22,4,62.14,Email,277,248.56
10177,199,2651,2024-09-15,4,105.38,Social,201,421.52
10178,113,2651,2025-02-20,4,122.3,Online,59,489.2
10179,186,2651,2024-07-06,1,29.78,Online,48,29.78
10180,135,2651,2024-10-21,2,62.14,Online,53,124.28
10181,135,2651,2024-10-30,2,62.14,Online,54,124.28
10182,157,2651,2025-12-27,2,140.43,TV,365,280.86
10183,182,2651,2025-11-01,1,73.37,Online,72,73.37
10184,181,2651,2025-07-18,1,231.25,In-Store,141,231.25
10185,193,2651,2025-08-17,4,28.68,In-Store,143,114.72
10186,140,2651,2024-10-03,1,139.7,In-Store,126,139.7
10187,106,2652,2023-07-13,1,41.44,In-Store,104,41.44
10188,159,2652,2023-05-19,1,21.52,TV,320,21.52
10189,167,2652,2023-11-27,2,75.91,In-Store,111,151.82
10190,104,2652,2023-04-27,2,50.25,Online,24,100.5
10191,172,2652,2023-10-31,3,75.03,Online,35,225.09
10192,136,2653,2024-10-03,4,134.23,Social,202,536.92
10193,147,2653,2023-04-29,4,193.11,Online,25,772.44
10194,110,2653,2024-03-25,1,138.19,Online,43,138.19
10195,192,2653,2024-12-21,5,22.56,Online,56,112.8
10196,102,2653,2023-05-25,1,175.2,In-Store,102,175.2
10197,141,2653,2024-03-17,4,75.02,In-Store,118,300.08
10198,185,2653,2023-08-02,4,143.79,In-Store,105,575.16
10199,140,2653,2024-11-20,4,139.7,TV,346,558.8
10200,200,2653,2024-06-01,4,213.63,Online,47,854.52
10201,118,2653,2022-08-12,3,128.58,Online,12,385.74
10202,190,2653,2025-11-20,4,121.42,In-Store,147,485.68
10203,122,2653,2022-12-08,4,224.2,Online,17,896.8
10204,170,2653,2023-09-05,5,124.94,Social,183,624.7
10205,142,2653,2024-08-29,1,298.93,Online,50,298.93
10206,172,2653,2022-10-29,1,75.03,Online,15,75.03
10207,177,2653,2022-11-06,4,296.45,Online,16,1185.8
10208,113,2653,2025-10-10,1,122.3,Online,70,122.3
10209,134,2653,2025-10-05,4,113.57,Online,70,454.28
10210,127,2653,2024-12-16,1,184.65,In-Store,131,184.65
10211,158,2653,2024-02-21,1,132.56,In-Store,116,132.56
10212,181,2653,2024-09-18,5,231.25,Online,51,1156.25
10213,110,2653,2025-12-30,1,138.19,Social,222,138.19
10214,149,2653,2023-05-20,5,64.92,Online,25,324.6
10215,200,2653,2025-06-02,4,213.63,Online,65,854.52
10216,184,2653,2024-04-14,4,120.25,Social,193,481.0
10217,155,2654,2025-10-25,3,71.21,In-Store,147,213.63
10218,190,2654,2024-07-20,4,121.42,TV,340,485.68
10219,116,2654,2025-05-08,4,161.44,TV,354,645.76
10220,137,2654,2024-07-11,5,90.95,Online,48,454.75
10221,116,2654,2025-03-23,1,161.44,In-Store,136,161.44
10222,119,2654,2024-07-04,3,193.28,Online,48,579.84
10223,127,2654,2025-07-22,3,184.65,Online,67,553.95
10224,162,2654,2025-07-20,2,23.29,Online,67,46.58
10225,117,2654,2025-09-05,1,214.01,Online,70,214.01
10226,124,2654,2024-03-11,5,174.26,TV,335,871.3
10227,191,2654,2024-01-19,2,196.98,Email,259,393.96
10228,170,2654,2023-10-14,4,124.94,Online,33,499.76
10229,105,2654,2024-12-24,1,45.85,In-Store,131,45.85
10230,183,2654,2024-07-14,3,127.82,Online,48,383.46
10231,142,2654,2024-01-21,2,298.93,In-Store,113,597.86
10232,190,2654,2025-06-20,1,121.42,Online,66,121.42
10233,146,2654,2024-11-14,2,28.76,Online,54,57.52
10234,200,2654,2024-10-13,2,213.63,Online,52,427.26
10235,101,2654,2025-02-08,1,116.4,Online,59,116.4
10236,117,2654,2024-09-16,2,214.01,Online,51,428.02
10237,128,2654,2024-11-25,1,69.61,Online,55,69.61
10238,110,2654,2024-07-04,3,138.19,Online,48,414.57
10239,116,2654,2024-02-17,3,161.44,Online,40,484.32
10240,176,2654,2024-03-31,5,98.45,Online,42,492.25
10241,185,2655,2025-09-23,3,143.79,Email,291,431.37
10242,111,2655,2025-05-10,1,78.12,TV,354,78.12
10243,112,2655,2025-08-25,1,58.11,In-Store,143,58.11
10244,190,2655,2025-08-16,5,121.42,In-Store,143,607.1
10245,167,2655,2024-09-09,4,75.91,TV,343,303.64
10246,160,2655,2024-09-24,5,74.86,Online,52,374.3
10247,151,2655,2025-10-30,1,170.44,Online,72,170.44
10248,175,2655,2025-07-23,4,285.32,Online,68,1141.28
10249,124,2655,2025-05-01,2,174.26,Social,212,348.52
10250,119,2655,2025-01-19,1,193.28,Online,58,193.28
10251,123,2655,2025-11-16,5,28.54,TV,364,142.7
10252,168,2655,2025-02-21,3,151.07,In-Store,135,453.21
10253,174,2655,2025-01-20,1,89.89,Online,58,89.89
10254,102,2655,2025-07-27,5,175.2,TV,357,876.0
10255,138,2655,2025-02-11,2,115.15,Online,59,230.3
10256,136,2655,2024-09-02,1,134.23,Online,51,134.23
10257,116,2655,2025-03-05,5,161.44,Social,209,807.2
10258,136,2655,2024-10-16,5,134.23,In-Store,127,671.15
10259,116,2655,2025-04-09,2,161.44,In-Store,137,322.88
10260,122,2655,2025-07-08,4,224.2,Online,67,896.8
10261,113,2655,2025-07-26,5,122.3,Online,68,611.5
10262,167,2656,2024-05-20,2,75.91,Online,46,151.82
10263,161,2656,2024-06-23,5,233.25,Online,47,1166.25
10264,190,2656,2022-07-01,4,121.42,Online,8,485.68
10265,162,2656,2023-11-30,2,23.29,TV,330,46.58
10266,157,2656,2024-12-04,4,140.43,In-Store,130,561.72
10267,113,2656,2025-02-04,3,122.3,In-Store,134,366.9
10268,104,2656,2023-05-15,2,50.25,Online,26,100.5
10269,144,2656,2024-06-18,3,22.73,Online,47,68.19
10270,166,2656,2024-01-01,2,151.16,Online,37,302.32
10271,101,2656,2025-05-16,1,116.4,Online,65,116.4
10272,164,2656,2024-05-05,5,91.03,Online,45,455.15
10273,116,2656,2023-01-01,3,161.44,Social,171,484.32
10274,116,2656,2023-01-07,5,161.44,In-Store,96,807.2
10275,184,2656,2024-06-22,2,120.25,Online,47,240.5
10276,174,2656,2023-08-04,1,89.89,Online,30,89.89
10277,152,2656,2023-08-26,2,72.34,Online,32,144.68
10278,169,2656,2024-03-26,3,105.46,Online,42,316.38
10279,118,2656,2023-09-05,2,128.58,Online,32,257.16
10280,191,2656,2023-04-03,2,196.98,In-Store,100,393.96
10281,149,2656,2025-02-23,4,64.92,Online,59,259.68
10282,157,2656,2024-11-22,1,140.43,Online,55,140.43
10283,121,2656,2023-09-10,1,126.42,Online,32,126.42
10284,132,2656,2023-11-23,3,146.35,In-Store,111,439.04999999999995
10285,166,2656,2025-05-17,3,151.16,In-Store,139,453.48
10286,155,2656,2023-05-26,3,71.21,Online,27,213.63
10287,198,2656,2025-06-23,4,167.93,Online,66,671.72
10288,106,2656,2024-05-22,2,41.44,In-Store,120,82.88
10289,197,2656,2024-12-22,4,270.16,Social,206,1080.64
10290,106,2657,2024-12-31,3,41.44,Online,58,124.32
10291,109,2657,2025-02-08,3,69.39,TV,350,208.17000000000002
10292,149,2657,2025-01-08,3,64.92,Online,58,194.76
10293,200,2658,2024-09-07,5,213.63,Online,50,1068.15
10294,143,2658,2024-11-24,2,18.47,Email,278,36.94
10295,140,2658,2024-09-30,4,139.7,Online,52,558.8
10296,165,2658,2024-07-28,3,213.33,Online,49,639.99
10297,134,2658,2024-11-23,4,113.57,In-Store,129,454.28
10298,156,2658,2025-02-13,1,13.54,Social,207,13.54
10299,156,2658,2025-04-26,4,13.54,Online,63,54.16
10300,174,2658,2025-06-18,5,89.89,Online,66,449.45
10301,196,2658,2025-09-12,4,162.21,Online,70,648.84
10302,179,2658,2025-10-01,5,69.62,Online,71,348.1
10303,155,2658,2024-07-16,3,71.21,Online,48,213.63
10304,150,2658,2025-01-12,5,66.48,In-Store,133,332.40000000000003
10305,101,2658,2024-09-23,2,116.4,In-Store,126,232.8
10306,174,2658,2025-02-21,5,89.89,Online,60,449.45
10307,192,2658,2025-06-11,3,22.56,Social,213,67.67999999999999
10308,137,2658,2025-11-18,4,90.95,Online,74,363.8
10309,121,2658,2025-04-29,2,126.42,In-Store,137,252.84
10310,142,2658,2025-08-04,2,298.93,Online,68,597.86
10311,168,2658,2025-02-03,4,151.07,Social,207,604.28
10312,140,2658,2025-04-09,2,139.7,In-Store,137,279.4
10313,177,2658,2025-08-07,5,296.45,Online,68,1482.25
10314,124,2659,2024-10-25,4,174.26,In-Store,128,697.04
10315,179,2659,2023-11-04,3,69.62,Online,35,208.86
10316,112,2659,2022-11-30,5,58.11,Online,17,290.55
10317,111,2659,2023-07-24,1,78.12,Online,31,78.12
10318,189,2659,2025-12-21,4,47.31,Online,77,189.24
10319,120,2659,2023-09-30,3,186.86,In-Store,108,560.58
10320,143,2659,2023-04-20,2,18.47,Online,24,36.94
10321,155,2659,2023-10-11,3,71.21,Online,33,213.63
10322,140,2659,2024-07-29,4,139.7,Email,269,558.8
10323,189,2659,2024-06-24,5,47.31,Online,47,236.55
10324,181,2659,2024-05-22,2,231.25,Online,46,462.5
10325,137,2659,2025-10-10,5,90.95,In-Store,145,454.75
10326,190,2659,2022-09-19,5,121.42,Social,165,607.1
10327,148,2659,2025-08-13,1,47.75,Online,68,47.75
10328,138,2659,2023-03-22,1,115.15,Online,23,115.15
10329,191,2659,2024-04-16,2,196.98,Email,263,393.96
10330,185,2659,2023-11-08,1,143.79,Online,35,143.79
10331,141,2659,2025-01-10,5,75.02,In-Store,133,375.09999999999997
10332,189,2660,2023-01-18,3,47.31,Online,19,141.93
10333,105,2660,2023-02-24,2,45.85,In-Store,98,91.7
10334,182,2660,2022-11-12,2,73.37,Online,16,146.74
10335,121,2660,2023-06-07,2,126.42,Online,28,252.84
10336,149,2660,2023-05-20,1,64.92,Social,177,64.92
10337,125,2660,2023-02-07,1,25.35,Online,20,25.35
10338,186,2660,2023-02-19,3,29.78,In-Store,98,89.34
10339,126,2660,2023-03-15,2,62.9,Social,175,125.8
10340,105,2660,2023-04-25,1,45.85,Social,177,45.85
10341,126,2660,2023-04-20,1,62.9,In-Store,101,62.9
10342,105,2660,2023-06-25,1,45.85,In-Store,103,45.85
10343,169,2660,2024-07-04,1,105.46,In-Store,121,105.46
10344,104,2660,2023-03-09,3,50.25,Online,22,150.75
10345,182,2661,2025-04-01,2,73.37,Online,61,146.74
10346,164,2661,2025-09-09,5,91.03,TV,361,455.15
10347,144,2661,2024-03-22,4,22.73,Online,43,90.92
10348,120,2661,2023-11-04,5,186.86,Online,34,934.3000000000001
10349,108,2661,2022-07-24,5,127.37,Social,162,636.85
10350,151,2661,2025-01-09,2,170.44,In-Store,132,340.88
10351,157,2661,2023-08-28,2,140.43,TV,324,280.86
10352,160,2661,2024-05-17,4,74.86,Online,45,299.44
10353,147,2661,2022-06-02,2,193.11,In-Store,86,386.22
10354,181,2661,2022-12-22,4,231.25,Online,18,925.0
10355,125,2661,2024-11-20,1,25.35,Online,54,25.35
10356,121,2661,2023-09-30,4,126.42,Social,184,505.68
10357,101,2661,2025-04-29,1,116.4,Social,211,116.4
10358,191,2661,2025-05-13,2,196.98,Online,63,393.96
10359,191,2661,2023-08-08,3,196.98,Online,32,590.9399999999999
10360,139,2661,2024-04-21,4,162.16,Online,44,648.64
10361,133,2661,2024-08-06,5,129.42,Online,49,647.0999999999999
10362,151,2661,2025-08-07,1,170.44,Email,290,170.44
10363,101,2661,2022-06-25,1,116.4,Online,8,116.4
10364,155,2661,2023-05-23,1,71.21,Online,26,71.21
10365,170,2661,2025-12-13,2,124.94,Online,76,249.88
10366,121,2662,2024-04-25,1,126.42,In-Store,119,126.42
10367,125,2662,2023-12-31,1,25.35,Online,37,25.35
10368,113,2662,2023-12-10,3,122.3,In-Store,111,366.9
10369,169,2663,2024-12-24,1,105.46,Social,205,105.46
10370,183,2663,2025-01-17,3,127.82,Online,58,383.46
10371,112,2663,2025-01-18,3,58.11,Online,58,174.32999999999998
10372,186,2663,2025-01-07,4,29.78,Online,57,119.12
10373,193,2663,2025-04-20,2,28.68,Social,212,57.36
10374,105,2663,2025-04-02,1,45.85,Email,284,45.85
10375,173,2663,2025-03-30,4,100.75,Online,61,403.0
10376,104,2663,2025-04-22,4,50.25,Online,62,201.0
10377,128,2663,2025-03-04,3,69.61,Online,60,208.82999999999998
10378,107,2663,2025-01-14,1,110.76,Online,58,110.76
10379,182,2664,2023-12-24,3,73.37,Online,37,220.11
10380,129,2664,2023-12-28,1,269.37,TV,331,269.37
10381,163,2664,2023-11-18,3,115.65,TV,329,346.95000000000005
10382,185,2664,2023-01-12,5,143.79,Online,19,718.9499999999999
10383,184,2664,2023-07-02,1,120.25,Social,180,120.25
10384,121,2664,2024-11-12,3,126.42,Online,55,379.26
10385,160,2664,2024-01-27,1,74.86,In-Store,113,74.86
10386,168,2664,2025-04-25,5,151.07,Social,212,755.3499999999999
10387,147,2664,2023-09-02,1,193.11,Online,32,193.11
10388,133,2664,2023-05-10,2,129.42,Online,25,258.84
10389,143,2664,2025-03-08,2,18.47,Online,60,36.94
10390,110,2664,2023-02-10,4,138.19,Online,20,552.76
10391,110,2664,2025-09-24,3,138.19,Online,70,414.57
10392,168,2664,2023-12-15,1,151.07,In-Store,111,151.07
10393,110,2664,2025-08-28,1,138.19,Online,68,138.19
10394,196,2664,2025-12-05,4,162.21,Online,74,648.84
10395,178,2664,2024-12-11,1,58.92,Online,56,58.92
10396,136,2664,2024-07-27,2,134.23,In-Store,123,268.46
10397,156,2664,2024-05-01,1,13.54,TV,336,13.54
10398,170,2664,2022-12-06,3,124.94,In-Store,94,374.82
10399,138,2664,2024-11-27,3,115.15,Online,55,345.45000000000005
10400,183,2664,2024-06-16,3,127.82,In-Store,121,383.46
10401,191,2664,2023-02-28,1,196.98,In-Store,99,196.98
10402,183,2664,2022-12-13,2,127.82,Online,17,255.64
10403,136,2665,2023-06-23,3,134.23,Online,28,402.68999999999994
10404,144,2665,2023-09-05,1,22.73,Online,32,22.73
10405,164,2665,2024-09-29,1,91.03,Social,202,91.03
10406,167,2665,2024-05-30,1,75.91,Social,195,75.91
10407,133,2665,2023-02-17,3,129.42,Online,21,388.26
10408,164,2665,2024-04-12,3,91.03,Online,43,273.09000000000003
10409,154,2665,2023-04-08,2,39.53,Online,24,79.06
10410,114,2665,2022-12-09,4,120.5,Online,18,482.0
10411,159,2665,2023-06-26,3,21.52,Social,179,64.56
10412,138,2665,2023-07-21,3,115.15,Online,30,345.45000000000005
10413,103,2665,2024-07-07,4,74.85,In-Store,121,299.4
10414,144,2665,2023-01-13,2,22.73,In-Store,97,45.46
10415,108,2666,2025-03-28,2,127.37,In-Store,136,254.74
10416,172,2666,2025-05-15,4,75.03,Online,65,300.12
10417,160,2666,2025-07-25,5,74.86,Social,214,374.3
10418,200,2666,2025-04-09,2,213.63,Online,62,427.26
10419,147,2666,2025-12-20,5,193.11,TV,365,965.5500000000001
10420,142,2666,2023-09-15,2,298.93,Online,33,597.86
10421,132,2666,2025-05-14,3,146.35,Online,63,439.04999999999995
10422,177,2666,2025-08-03,3,296.45,Online,68,889.3499999999999
10423,196,2666,2023-11-18,4,162.21,Online,35,648.84
10424,186,2666,2025-02-10,3,29.78,Online,59,89.34
10425,103,2666,2023-08-29,3,74.85,In-Store,107,224.54999999999998
10426,140,2666,2024-06-22,5,139.7,TV,339,698.5
10427,166,2666,2023-08-14,5,151.16,Social,182,755.8
10428,164,2666,2024-09-03,3,91.03,Online,50,273.09000000000003
10429,123,2666,2024-01-11,4,28.54,Email,259,114.16
10430,170,2666,2024-03-11,4,124.94,In-Store,117,499.76
10431,196,2666,2025-02-21,4,162.21,In-Store,134,648.84
10432,154,2666,2023-08-02,5,39.53,Online,31,197.65
10433,196,2666,2024-12-09,3,162.21,Online,56,486.63
10434,146,2666,2025-04-15,3,28.76,In-Store,137,86.28
10435,158,2666,2025-05-05,1,132.56,Online,64,132.56
10436,174,2666,2024-01-13,4,89.89,Online,38,359.56
10437,118,2666,2024-11-09,4,128.58,Online,54,514.32
10438,179,2666,2023-12-19,3,69.62,Online,36,208.86
10439,144,2666,2024-01-18,1,22.73,Online,39,22.73
10440,121,2666,2025-07-24,4,126.42,Online,67,505.68
10441,101,2666,2024-01-02,5,116.4,Online,38,582.0
10442,190,2666,2023-09-03,3,121.42,In-Store,107,364.26
10443,134,2667,2024-05-08,4,113.57,In-Store,119,454.28
10444,118,2667,2024-12-06,3,128.58,In-Store,130,385.74
10445,109,2667,2023-08-08,5,69.39,Online,32,346.95
10446,137,2667,2025-03-29,1,90.95,Online,61,90.95
10447,186,2667,2023-11-19,4,29.78,In-Store,110,119.12
10448,132,2667,2024-12-12,1,146.35,Online,56,146.35
10449,189,2667,2023-04-22,4,47.31,Online,24,189.24
10450,160,2667,2024-07-09,4,74.86,Online,48,299.44
10451,173,2667,2025-07-25,3,100.75,Online,68,302.25
10452,154,2667,2024-10-26,5,39.53,Online,53,197.65
10453,151,2667,2024-12-10,1,170.44,In-Store,130,170.44
10454,198,2667,2024-09-05,5,167.93,In-Store,124,839.6500000000001
10455,153,2667,2023-11-01,1,44.91,Social,186,44.91
10456,165,2667,2023-12-03,1,213.33,Online,36,213.33
10457,147,2667,2025-11-19,3,193.11,In-Store,147,579.33
10458,140,2667,2023-07-26,5,139.7,In-Store,105,698.5
10459,109,2668,2024-07-21,3,69.39,Online,48,208.17000000000002
10460,143,2668,2024-06-06,1,18.47,Online,47,18.47
10461,189,2669,2024-10-04,3,47.31,Social,202,141.93
10462,199,2669,2024-11-24,3,105.38,In-Store,130,316.14
10463,183,2669,2024-12-24,2,127.82,Social,206,255.64
10464,123,2669,2024-10-02,1,28.54,Online,52,28.54
10465,114,2669,2024-11-07,1,120.5,Social,203,120.5
10466,149,2669,2024-09-28,3,64.92,In-Store,125,194.76
10467,193,2669,2024-10-25,3,28.68,Online,53,86.03999999999999
10468,108,2669,2024-10-14,2,127.37,Online,52,254.74
10469,153,2670,2025-12-19,1,44.91,Social,222,44.91
10470,132,2670,2024-08-24,4,146.35,Online,49,585.4
10471,198,2670,2023-09-28,5,167.93,Online,33,839.6500000000001
10472,133,2670,2023-11-06,5,129.42,Online,35,647.0999999999999
10473,104,2670,2023-12-29,4,50.25,Online,38,201.0
10474,185,2670,2024-10-28,1,143.79,In-Store,128,143.79
10475,191,2670,2025-07-06,1,196.98,Online,67,196.98
10476,155,2670,2025-01-26,5,71.21,Online,59,356.04999999999995
10477,172,2670,2025-05-21,4,75.03,Online,65,300.12
10478,113,2670,2025-10-29,3,122.3,Online,73,366.9
10479,153,2670,2024-12-02,1,44.91,Social,205,44.91
10480,110,2670,2024-05-23,4,138.19,Online,46,552.76
10481,186,2670,2025-03-31,2,29.78,Online,61,59.56
10482,122,2670,2025-08-21,3,224.2,In-Store,143,672.5999999999999
10483,111,2670,2024-09-28,4,78.12,In-Store,126,312.48
10484,164,2670,2025-05-18,5,91.03,Online,65,455.15
10485,198,2670,2024-10-03,4,167.93,Online,52,671.72
10486,194,2670,2025-09-15,2,70.1,TV,361,140.2
10487,148,2670,2024-05-03,1,47.75,Online,44,47.75
10488,162,2670,2025-06-23,5,23.29,In-Store,140,116.44999999999999
10489,139,2670,2023-10-24,4,162.16,In-Store,108,648.64
10490,125,2670,2025-08-12,1,25.35,Email,290,25.35
10491,185,2671,2024-01-24,1,143.79,Social,190,143.79
10492,192,2671,2024-12-24,2,22.56,Online,57,45.12
10493,193,2671,2025-12-28,4,28.68,Online,77,114.72
10494,181,2671,2025-10-27,4,231.25,Online,72,925.0
10495,194,2671,2024-09-27,1,70.1,In-Store,125,70.1
10496,192,2671,2025-05-24,2,22.56,In-Store,139,45.12
10497,151,2671,2023-10-19,4,170.44,In-Store,108,681.76
10498,108,2671,2025-03-25,2,127.37,Online,61,254.74
10499,139,2671,2025-09-30,2,162.16,TV,361,324.32
10500,129,2671,2025-09-13,2,269.37,Online,70,538.74
10501,122,2671,2023-10-23,4,224.2,In-Store,109,896.8
10502,117,2671,2025-03-16,2,214.01,Online,61,428.02
10503,165,2671,2023-02-13,3,213.33,Online,20,639.99
10504,196,2671,2023-09-17,2,162.21,Online,33,324.42
10505,146,2671,2025-10-10,2,28.76,In-Store,145,57.52
10506,181,2671,2024-07-03,3,231.25,Email,268,693.75
10507,103,2671,2025-02-04,4,74.85,Email,281,299.4
10508,113,2671,2023-11-04,1,122.3,In-Store,110,122.3
10509,143,2671,2025-08-16,5,18.47,Online,69,92.35
10510,127,2671,2025-01-04,1,184.65,Online,58,184.65
10511,142,2671,2025-09-07,3,298.93,Online,69,896.79
10512,127,2671,2023-11-05,3,184.65,Online,35,553.95
10513,177,2671,2024-10-21,1,296.45,Online,53,296.45
10514,127,2671,2025-03-08,5,184.65,TV,351,923.25
10515,126,2671,2024-03-27,5,62.9,In-Store,118,314.5
10516,152,2671,2022-12-19,2,72.34,Online,19,144.68
10517,172,2671,2025-01-03,2,75.03,In-Store,131,150.06
10518,152,2671,2023-09-17,4,72.34,Online,33,289.36
10519,154,2672,2023-08-28,1,39.53,Email,251,39.53
10520,184,2672,2024-08-23,4,120.25,Online,49,481.0
10521,156,2672,2023-10-21,4,13.54,Social,184,54.16
10522,182,2672,2023-12-10,1,73.37,Online,36,73.37
10523,126,2672,2024-01-09,2,62.9,In-Store,112,125.8
10524,135,2672,2023-12-28,1,62.14,Online,37,62.14
10525,143,2672,2024-06-12,2,18.47,In-Store,121,36.94
10526,136,2672,2023-08-26,2,134.23,Online,32,268.46
10527,132,2673,2025-05-01,2,146.35,Online,63,292.7
10528,125,2673,2025-12-12,2,25.35,Online,76,50.7
10529,125,2673,2024-10-15,4,25.35,Online,53,101.4
10530,102,2673,2025-08-19,2,175.2,In-Store,143,350.4
10531,153,2673,2025-01-11,4,44.91,In-Store,132,179.64
10532,121,2673,2024-09-29,2,126.42,Email,274,252.84
10533,184,2673,2025-10-22,2,120.25,In-Store,147,240.5
10534,177,2673,2024-10-06,3,296.45,Online,52,889.3499999999999
10535,154,2673,2025-01-21,2,39.53,Online,59,79.06
10536,116,2673,2025-11-20,1,161.44,Email,294,161.44
10537,200,2673,2024-09-21,4,213.63,Online,51,854.52
10538,193,2673,2024-08-14,2,28.68,Online,49,57.36
10539,146,2673,2024-09-05,4,28.76,In-Store,124,115.04
10540,177,2673,2025-10-01,2,296.45,Online,71,592.9
10541,142,2673,2025-05-06,1,298.93,Online,64,298.93
10542,198,2673,2025-08-20,3,167.93,Online,69,503.79
10543,183,2673,2024-09-03,1,127.82,Online,50,127.82
10544,187,2673,2024-09-21,5,95.73,Online,51,478.65000000000003
10545,112,2673,2025-12-18,2,58.11,Online,77,116.22
10546,155,2673,2025-02-04,5,71.21,Online,59,356.04999999999995
10547,113,2673,2025-02-06,1,122.3,In-Store,134,122.3
10548,103,2673,2024-11-28,2,74.85,In-Store,130,149.7
10549,121,2673,2025-12-04,4,126.42,In-Store,149,505.68
10550,147,2673,2025-03-05,2,193.11,Social,209,386.22
10551,136,2674,2024-11-27,2,134.23,Online,55,268.46
10552,144,2674,2024-11-26,2,22.73,Online,55,45.46
10553,183,2674,2025-03-15,2,127.82,In-Store,136,255.64
10554,169,2674,2024-11-02,4,105.46,Online,54,421.84
10555,133,2674,2025-01-07,1,129.42,Online,57,129.42
10556,138,2674,2025-01-26,2,115.15,Online,58,230.3
10557,179,2674,2025-01-31,1,69.62,Social,207,69.62
10558,155,2674,2025-04-11,4,71.21,Online,62,284.84
10559,153,2674,2024-12-22,1,44.91,Online,57,44.91
10560,141,2675,2025-01-19,1,75.02,Online,58,75.02
10561,148,2675,2023-04-29,5,47.75,Social,177,238.75
10562,117,2675,2022-11-23,4,214.01,Online,17,856.04
10563,129,2675,2023-10-12,5,269.37,Online,34,1346.85
10564,177,2675,2025-03-30,5,296.45,Online,61,1482.25
10565,185,2675,2025-09-18,2,143.79,Online,70,287.58
10566,135,2675,2025-05-28,5,62.14,Online,65,310.7
10567,182,2675,2023-04-14,2,73.37,Social,177,146.74
10568,130,2675,2023-08-15,4,117.61,TV,323,470.44
10569,147,2675,2023-01-12,2,193.11,In-Store,96,386.22
10570,125,2675,2024-10-01,2,25.35,Online,52,50.7
10571,159,2675,2023-03-02,4,21.52,Online,22,86.08
10572,157,2675,2025-03-16,3,140.43,In-Store,136,421.29
10573,198,2675,2025-03-21,2,167.93,In-Store,136,335.86
10574,182,2675,2025-07-23,3,73.37,Online,67,220.11
10575,197,2675,2023-05-16,5,270.16,Online,26,1350.8000000000002
10576,183,2675,2024-02-18,4,127.82,Online,40,511.28
10577,167,2675,2025-09-02,3,75.91,In-Store,144,227.73
10578,164,2675,2024-06-10,5,91.03,Online,47,455.15
10579,138,2676,2025-02-04,3,115.15,Email,281,345.45000000000005
10580,171,2676,2024-12-24,3,117.28,Email,280,351.84000000000003
10581,158,2676,2025-01-05,1,132.56,Online,57,132.56
10582,104,2677,2023-07-16,3,50.25,Email,249,150.75
10583,112,2677,2023-10-13,1,58.11,In-Store,108,58.11
10584,183,2677,2023-06-06,2,127.82,Online,27,255.64
10585,178,2678,2023-03-05,2,58.92,Online,22,117.84
10586,153,2678,2022-11-27,1,44.91,Online,18,44.91
10587,183,2678,2023-01-18,2,127.82,Online,20,255.64
10588,178,2679,2024-06-14,1,58.92,TV,338,58.92
10589,123,2680,2024-03-14,2,28.54,In-Store,117,57.08
10590,187,2680,2023-05-23,1,95.73,Email,247,95.73
10591,135,2680,2023-06-01,1,62.14,In-Store,103,62.14
10592,101,2680,2023-01-03,2,116.4,Online,19,232.8
10593,180,2680,2023-04-29,4,97.9,Online,25,391.6
10594,184,2680,2023-01-03,2,120.25,In-Store,96,240.5
10595,109,2680,2023-06-07,1,69.39,Online,28,69.39
10596,190,2680,2023-03-17,1,121.42,Online,22,121.42
10597,164,2680,2023-06-10,4,91.03,Online,28,364.12
10598,178,2680,2023-08-19,2,58.92,Online,32,117.84
10599,156,2680,2022-12-16,1,13.54,Online,19,13.54
10600,160,2680,2023-10-23,4,74.86,Online,34,299.44
10601,164,2680,2023-01-30,1,91.03,Online,20,91.03
10602,189,2680,2023-11-13,4,47.31,In-Store,110,189.24
10603,131,2680,2023-10-28,1,76.52,In-Store,108,76.52
10604,144,2680,2024-03-20,4,22.73,Email,262,90.92
10605,189,2680,2023-07-25,1,47.31,Social,181,47.31
10606,179,2680,2023-05-14,2,69.62,In-Store,101,139.24
10607,166,2681,2024-09-21,5,151.16,Online,51,755.8
10608,102,2681,2024-12-19,3,175.2,In-Store,130,525.5999999999999
10609,172,2681,2025-01-03,1,75.03,Online,57,75.03
10610,109,2681,2025-08-19,3,69.39,Online,69,208.17000000000002
10611,118,2681,2025-10-31,4,128.58,Online,72,514.32
10612,113,2681,2024-12-01,1,122.3,In-Store,130,122.3
10613,131,2681,2025-11-21,1,76.52,In-Store,148,76.52
10614,110,2681,2025-08-09,3,138.19,TV,357,414.57
10615,168,2681,2025-11-04,3,151.07,Online,72,453.21
10616,129,2681,2025-08-20,1,269.37,In-Store,143,269.37
10617,112,2681,2025-07-25,4,58.11,Social,215,232.44
10618,182,2681,2024-09-08,2,73.37,TV,342,146.74
10619,192,2681,2025-09-26,1,22.56,Social,218,22.56
10620,183,2681,2024-12-17,3,127.82,Online,57,383.46
10621,144,2681,2025-10-19,1,22.73,Online,71,22.73
10622,124,2681,2025-04-28,4,174.26,Social,212,697.04
10623,185,2681,2025-10-07,3,143.79,Social,219,431.37
10624,197,2681,2025-07-07,1,270.16,Online,67,270.16
10625,177,2681,2025-01-13,2,296.45,Online,58,592.9
10626,121,2682,2023-11-27,1,126.42,Social,187,126.42
10627,115,2682,2023-02-27,3,114.62,Online,22,343.86
10628,145,2682,2023-08-11,3,87.44,Online,32,262.32
10629,125,2682,2023-10-18,3,25.35,In-Store,109,76.05000000000001
10630,173,2682,2023-07-11,2,100.75,In-Store,104,201.5
10631,160,2682,2023-07-02,2,74.86,In-Store,103,149.72
10632,110,2683,2025-12-30,4,138.19,In-Store,150,552.76
10633,166,2683,2025-01-20,3,151.16,Online,58,453.48
10634,200,2683,2025-09-27,4,213.63,TV,361,854.52
10635,160,2683,2023-11-14,3,74.86,Online,35,224.57999999999998
10636,118,2683,2022-12-05,4,128.58,Online,17,514.32
10637,188,2683,2025-04-25,4,12.93,In-Store,138,51.72
10638,190,2683,2023-01-29,5,121.42,Online,20,607.1
10639,159,2683,2022-04-12,3,21.52,Online,5,64.56
10640,148,2683,2022-07-19,1,47.75,In-Store,88,47.75
10641,144,2683,2023-09-11,3,22.73,Online,32,68.19
10642,101,2683,2024-08-14,5,116.4,Online,49,582.0
10643,145,2683,2022-05-20,3,87.44,Online,6,262.32
10644,180,2683,2025-04-11,2,97.9,Online,61,195.8
10645,124,2683,2025-09-30,4,174.26,Online,70,697.04
10646,190,2683,2025-02-09,4,121.42,In-Store,134,485.68
10647,178,2683,2025-10-13,1,58.92,TV,362,58.92
10648,116,2683,2022-06-13,2,161.44,Online,7,322.88
10649,127,2683,2024-09-15,4,184.65,TV,343,738.6
10650,172,2683,2025-07-21,5,75.03,In-Store,142,375.15
10651,108,2683,2025-10-06,2,127.37,In-Store,146,254.74
10652,136,2683,2022-11-24,5,134.23,Online,17,671.15
10653,150,2684,2024-07-11,1,66.48,In-Store,123,66.48
10654,188,2684,2025-02-16,4,12.93,Online,59,51.72
10655,130,2684,2024-05-17,4,117.61,In-Store,120,470.44
10656,109,2684,2024-02-09,1,69.39,Social,191,69.39
10657,155,2684,2024-06-30,1,71.21,Social,198,71.21
10658,145,2684,2023-12-01,3,87.44,Online,36,262.32
10659,118,2684,2023-12-05,1,128.58,Email,256,128.58
10660,182,2684,2024-01-11,3,73.37,Email,258,220.11
10661,121,2685,2023-01-01,3,126.42,Online,19,379.26
10662,186,2685,2022-05-27,2,29.78,Social,159,59.56
10663,143,2685,2022-12-12,2,18.47,Online,18,36.94
10664,133,2686,2023-11-10,1,129.42,Online,36,129.42
10665,107,2686,2023-03-09,4,110.76,Online,22,443.04
10666,184,2686,2023-05-24,3,120.25,In-Store,102,360.75
10667,123,2686,2023-09-13,4,28.54,Social,183,114.16
10668,184,2686,2023-02-23,4,120.25,In-Store,97,481.0
10669,152,2686,2024-06-12,1,72.34,Online,46,72.34
10670,138,2686,2023-06-28,4,115.15,Online,29,460.6
10671,162,2687,2024-06-01,1,23.29,TV,337,23.29
10672,171,2687,2023-10-22,3,117.28,Online,34,351.84000000000003
10673,179,2687,2023-09-21,2,69.62,Online,33,139.24
10674,113,2687,2024-10-26,1,122.3,In-Store,128,122.3
10675,115,2687,2024-01-15,3,114.62,In-Store,113,343.86
10676,184,2687,2024-09-26,3,120.25,In-Store,125,360.75
10677,141,2687,2023-08-11,3,75.02,Online,32,225.06
10678,146,2688,2024-09-22,1,28.76,Online,51,28.76
10679,130,2688,2024-07-07,2,117.61,Online,48,235.22
10680,148,2688,2024-03-16,2,47.75,In-Store,118,95.5
10681,162,2688,2024-06-01,2,23.29,In-Store,120,46.58
10682,189,2688,2024-05-27,1,47.31,Online,46,47.31
10683,111,2689,2025-04-05,2,78.12,Online,61,156.24
10684,197,2689,2025-01-01,4,270.16,Online,58,1080.64
10685,103,2689,2024-09-28,2,74.85,In-Store,125,149.7
10686,110,2689,2025-12-02,1,138.19,Online,75,138.19
10687,175,2689,2025-05-19,5,285.32,Email,285,1426.6
10688,118,2689,2024-08-28,4,128.58,Online,49,514.32
10689,106,2689,2025-06-15,1,41.44,In-Store,139,41.44
10690,105,2689,2024-08-22,3,45.85,Online,50,137.55
10691,155,2689,2025-04-15,4,71.21,Online,62,284.84
10692,181,2689,2024-10-06,5,231.25,Online,52,1156.25
10693,173,2689,2025-09-27,2,100.75,TV,361,201.5
10694,111,2689,2025-03-02,4,78.12,Social,209,312.48
10695,174,2689,2025-12-02,4,89.89,In-Store,149,359.56
10696,154,2689,2025-01-15,4,39.53,Social,206,158.12
10697,132,2689,2024-09-29,4,146.35,In-Store,126,585.4
10698,108,2689,2024-09-16,2,127.37,Online,51,254.74
10699,160,2689,2025-08-22,5,74.86,Online,68,374.3
10700,111,2689,2025-03-07,2,78.12,In-Store,136,156.24
10701,198,2689,2025-03-01,5,167.93,Online,60,839.6500000000001
10702,175,2689,2024-08-18,2,285.32,In-Store,124,570.64
10703,142,2689,2025-03-10,5,298.93,Online,60,1494.65
10704,118,2689,2025-01-15,3,128.58,Online,58,385.74
10705,153,2689,2025-02-16,3,44.91,In-Store,134,134.73
10706,165,2690,2024-04-29,3,213.33,Online,45,639.99
10707,124,2690,2023-12-19,5,174.26,In-Store,112,871.3
10708,181,2690,2024-03-08,1,231.25,In-Store,117,231.25
10709,120,2690,2024-09-14,5,186.86,In-Store,125,934.3000000000001
10710,146,2690,2023-01-01,5,28.76,In-Store,96,143.8
10711,169,2690,2024-01-01,2,105.46,Online,38,210.92
10712,110,2690,2022-09-15,5,138.19,Online,13,690.95
10713,187,2690,2022-09-05,4,95.73,Online,13,382.92
10714,112,2690,2024-03-11,4,58.11,Online,41,232.44
10715,170,2690,2024-12-02,1,124.94,Email,278,124.94
10716,183,2690,2025-12-11,2,127.82,Online,76,255.64
10717,166,2690,2024-05-06,3,151.16,Online,45,453.48
10718,117,2690,2024-02-06,1,214.01,Email,259,214.01
10719,122,2690,2025-02-17,3,224.2,In-Store,135,672.5999999999999
10720,124,2690,2023-05-22,5,174.26,Online,26,871.3
10721,183,2690,2023-02-04,2,127.82,Online,21,255.64
10722,146,2690,2025-10-09,2,28.76,Social,219,57.52
10723,142,2690,2023-11-04,3,298.93,Online,34,896.79
10724,113,2690,2024-04-25,1,122.3,Online,43,122.3
10725,196,2690,2024-01-28,3,162.21,Online,39,486.63
10726,140,2690,2024-09-10,2,139.7,Social,201,279.4
10727,158,2690,2024-08-12,4,132.56,Online,49,530.24
10728,185,2690,2022-08-26,5,143.79,Online,12,718.9499999999999
10729,131,2690,2025-04-21,2,76.52,In-Store,137,153.04
10730,183,2690,2024-08-21,2,127.82,Online,50,255.64
10731,196,2691,2024-08-14,3,162.21,Online,49,486.63
10732,116,2691,2025-09-05,1,161.44,Online,70,161.44
10733,176,2691,2025-09-17,4,98.45,Online,70,393.8
10734,171,2691,2024-01-26,3,117.28,In-Store,113,351.84000000000003
10735,184,2691,2023-10-18,5,120.25,In-Store,108,601.25
10736,111,2691,2025-07-24,5,78.12,Online,67,390.6
10737,180,2691,2024-06-04,3,97.9,TV,337,293.70000000000005
10738,123,2691,2024-07-14,3,28.54,Social,198,85.62
10739,105,2691,2024-07-18,4,45.85,Online,48,183.4
10740,150,2691,2025-01-28,4,66.48,Social,207,265.92
10741,185,2691,2025-05-25,5,143.79,Online,65,718.9499999999999
10742,190,2691,2025-09-16,5,121.42,Online,70,607.1
10743,114,2691,2025-07-30,3,120.5,Social,215,361.5
10744,154,2691,2024-04-08,3,39.53,In-Store,118,118.59
10745,193,2691,2024-11-18,5,28.68,Online,55,143.4
10746,116,2691,2025-08-23,3,161.44,In-Store,143,484.32
10747,111,2691,2025-01-31,2,78.12,In-Store,134,156.24
10748,146,2691,2023-09-24,3,28.76,In-Store,107,86.28
10749,174,2691,2024-10-02,1,89.89,Online,51,89.89
10750,114,2691,2024-09-16,4,120.5,Online,51,482.0
10751,184,2691,2025-05-02,3,120.25,In-Store,138,360.75
10752,133,2691,2024-11-09,4,129.42,Online,55,517.68
10753,168,2691,2024-04-02,2,151.07,Online,43,302.14
10754,167,2692,2024-01-01,2,75.91,Online,37,151.82
10755,103,2692,2024-11-30,3,74.85,In-Store,130,224.54999999999998
10756,103,2692,2024-03-30,2,74.85,Social,193,149.7
10757,101,2692,2024-04-03,1,116.4,Online,43,116.4
10758,160,2692,2023-12-21,3,74.86,Online,37,224.57999999999998
10759,144,2692,2024-03-07,3,22.73,Online,41,68.19
10760,182,2692,2024-01-22,3,73.37,TV,331,220.11
10761,138,2693,2024-11-10,2,115.15,Online,54,230.3
10762,143,2693,2023-12-03,3,18.47,Email,256,55.41
10763,148,2693,2023-09-28,1,47.75,TV,326,47.75
10764,155,2693,2024-01-28,4,71.21,Online,40,284.84
10765,138,2693,2024-03-14,3,115.15,In-Store,116,345.45000000000005
10766,163,2693,2024-04-10,1,115.65,Social,194,115.65
10767,109,2693,2024-05-14,2,69.39,In-Store,120,138.78
10768,154,2693,2024-02-15,2,39.53,Email,260,79.06
10769,109,2693,2024-08-18,2,69.39,Social,200,138.78
10770,183,2693,2023-09-05,2,127.82,Online,32,255.64
10771,101,2693,2024-05-19,3,116.4,In-Store,120,349.20000000000005
10772,138,2693,2023-11-03,3,115.15,In-Store,108,345.45000000000005
10773,166,2694,2024-12-26,5,151.16,Online,57,755.8
10774,145,2694,2025-08-19,3,87.44,In-Store,143,262.32
10775,116,2694,2025-04-28,2,161.44,Social,212,322.88
10776,195,2694,2024-02-16,5,109.44,In-Store,114,547.2
10777,166,2694,2024-06-18,1,151.16,In-Store,121,151.16
10778,181,2694,2024-10-23,5,231.25,Online,53,1156.25
10779,150,2694,2024-10-27,5,66.48,Online,53,332.40000000000003
10780,154,2694,2023-11-21,5,39.53,Email,255,197.65
10781,184,2694,2022-12-04,5,120.25,Online,18,601.25
10782,169,2694,2023-11-07,5,105.46,Online,35,527.3
10783,170,2694,2025-05-04,1,124.94,In-Store,138,124.94
10784,133,2694,2023-03-29,5,129.42,Online,24,647.0999999999999
10785,146,2694,2024-11-13,5,28.76,Social,204,143.8
10786,113,2694,2025-10-09,1,122.3,Social,218,122.3
10787,170,2694,2024-06-24,4,124.94,Online,47,499.76
10788,103,2694,2024-08-19,4,74.85,In-Store,124,299.4
10789,114,2694,2022-11-11,2,120.5,Online,16,241.0
10790,150,2694,2025-11-02,5,66.48,Online,73,332.40000000000003
10791,155,2694,2025-10-04,3,71.21,Online,70,213.63
10792,195,2694,2025-12-08,2,109.44,Online,75,218.88
10793,197,2694,2024-10-03,2,270.16,Online,52,540.32
10794,135,2694,2025-01-31,5,62.14,Email,281,310.7
10795,175,2694,2025-06-08,2,285.32,In-Store,139,570.64
10796,185,2694,2025-01-28,5,143.79,Online,58,718.9499999999999
10797,113,2694,2025-08-13,2,122.3,Online,68,244.6
10798,131,2694,2024-07-06,3,76.52,Social,198,229.56
10799,122,2694,2024-05-07,4,224.2,Online,45,896.8
10800,123,2695,2024-06-20,4,28.54,Online,47,114.16
10801,149,2695,2024-05-20,1,64.92,Online,46,64.92
10802,126,2695,2024-11-28,2,62.9,Online,56,125.8
10803,133,2695,2024-08-11,2,129.42,In-Store,123,258.84
10804,146,2695,2025-05-14,4,28.76,Email,286,115.04
10805,136,2695,2024-08-22,1,134.23,In-Store,125,134.23
10806,136,2695,2025-03-15,3,134.23,Email,283,402.68999999999994
10807,163,2695,2024-10-11,4,115.65,Online,52,462.6
10808,128,2695,2025-04-12,4,69.61,Online,62,278.44
10809,131,2695,2024-06-01,4,76.52,Online,46,306.08
10810,131,2696,2022-05-25,1,76.52,Online,7,76.52
10811,145,2696,2024-01-24,2,87.44,Online,39,174.88
10812,189,2696,2023-06-02,4,47.31,Online,26,189.24
10813,135,2696,2022-10-24,3,62.14,Online,15,186.42000000000002
10814,105,2696,2023-08-24,1,45.85,Online,32,45.85
10815,167,2696,2024-03-07,1,75.91,TV,334,75.91
10816,137,2696,2022-09-15,2,90.95,Online,13,181.9
10817,187,2696,2025-01-06,1,95.73,Online,57,95.73
10818,112,2696,2022-10-31,4,58.11,Online,15,232.44
10819,193,2696,2024-01-12,2,28.68,Online,38,57.36
10820,113,2696,2024-07-09,3,122.3,Online,48,366.9
10821,110,2697,2024-05-25,4,138.19,Online,46,552.76
10822,173,2697,2025-05-05,3,100.75,Online,64,302.25
10823,126,2697,2024-05-16,1,62.9,Social,194,62.9
10824,158,2697,2024-09-06,2,132.56,Online,50,265.12
10825,132,2697,2025-08-23,2,146.35,Social,215,292.7
10826,169,2697,2025-02-09,3,105.46,TV,350,316.38
10827,170,2697,2025-08-06,4,124.94,Online,68,499.76
10828,175,2697,2025-05-15,4,285.32,TV,355,1141.28
10829,168,2697,2024-12-06,4,151.07,Online,55,604.28
10830,102,2697,2024-09-23,1,175.2,Online,51,175.2
10831,165,2697,2024-05-18,2,213.33,Social,195,426.66
10832,190,2697,2024-05-04,3,121.42,Online,44,364.26
10833,141,2697,2025-10-05,1,75.02,In-Store,145,75.02
10834,181,2697,2025-07-19,3,231.25,In-Store,142,693.75
10835,137,2697,2025-01-10,4,90.95,In-Store,132,363.8
10836,107,2698,2024-01-22,3,110.76,Online,39,332.28000000000003
10837,153,2698,2024-02-04,3,44.91,Online,40,134.73
10838,126,2698,2023-09-21,1,62.9,Social,184,62.9
10839,152,2698,2024-06-21,2,72.34,Online,47,144.68
10840,138,2698,2023-11-15,4,115.15,Social,186,460.6
10841,146,2698,2023-10-10,3,28.76,In-Store,108,86.28
10842,187,2698,2024-01-15,3,95.73,In-Store,113,287.19
10843,148,2698,2024-07-20,1,47.75,Social,198,47.75
10844,103,2698,2023-10-27,1,74.85,Social,185,74.85
10845,101,2698,2024-01-20,2,116.4,In-Store,114,232.8
10846,197,2699,2025-06-29,4,270.16,Online,66,1080.64
10847,106,2699,2024-08-14,5,41.44,Online,49,207.2
10848,112,2699,2024-11-23,2,58.11,Online,55,116.22
10849,151,2699,2024-08-09,5,170.44,Social,199,852.2
10850,196,2699,2024-07-01,4,162.21,Social,197,648.84
10851,127,2699,2024-01-07,4,184.65,TV,331,738.6
10852,116,2699,2025-04-28,3,161.44,Online,63,484.32
10853,173,2699,2024-07-30,5,100.75,Online,49,503.75
10854,188,2699,2024-10-28,1,12.93,Email,277,12.93
10855,159,2699,2024-08-07,3,21.52,Online,49,64.56
10856,144,2699,2025-05-01,2,22.73,Social,212,45.46
10857,129,2699,2025-10-15,2,269.37,Social,219,538.74
10858,184,2699,2024-12-27,1,120.25,Online,56,120.25
10859,196,2699,2024-07-02,2,162.21,In-Store,121,324.42
10860,180,2699,2024-02-03,1,97.9,In-Store,114,97.9
10861,126,2699,2024-09-25,1,62.9,Online,51,62.9
10862,182,2699,2025-12-12,4,73.37,Social,221,293.48
10863,175,2699,2024-03-25,3,285.32,Online,42,855.96
10864,165,2699,2024-11-09,2,213.33,Online,54,426.66
10865,127,2699,2024-11-26,4,184.65,Email,278,738.6
10866,158,2699,2024-05-13,2,132.56,Online,46,265.12
10867,165,2700,2025-06-10,5,213.33,Online,66,1066.65
10868,128,2700,2023-01-29,4,69.61,TV,315,278.44
10869,189,2700,2024-12-13,3,47.31,Online,56,141.93
10870,124,2700,2024-06-01,4,174.26,Online,47,697.04
10871,185,2700,2025-01-28,1,143.79,Online,59,143.79
10872,152,2700,2022-08-01,5,72.34,Online,10,361.70000000000005
10873,175,2700,2024-12-22,3,285.32,Online,56,855.96
10874,125,2700,2025-03-13,3,25.35,Social,209,76.05000000000001
10875,187,2700,2024-04-15,5,95.73,Online,44,478.65000000000003
10876,170,2700,2025-02-28,2,124.94,Online,59,249.88
10877,164,2700,2024-04-29,4,91.03,Online,44,364.12
10878,172,2700,2025-09-27,4,75.03,In-Store,144,300.12
10879,167,2700,2023-10-14,5,75.91,Online,33,379.54999999999995
10880,133,2700,2024-09-20,4,129.42,Online,51,517.68
10881,142,2700,2023-06-13,2,298.93,In-Store,103,597.86
10882,185,2700,2022-09-18,1,143.79,Social,165,143.79
10883,190,2700,2024-07-10,1,121.42,In-Store,123,121.42
10884,164,2700,2022-12-23,1,91.03,In-Store,96,91.03
10885,117,2700,2024-09-04,2,214.01,Online,51,428.02
10886,133,2700,2022-11-14,4,129.42,Email,238,517.68
10887,177,2700,2023-05-24,5,296.45,Online,26,1482.25
10888,170,2700,2023-01-22,5,124.94,TV,315,624.7
10889,189,2701,2023-11-03,3,47.31,In-Store,108,141.93
10890,144,2701,2023-04-16,1,22.73,Online,24,22.73
10891,174,2701,2024-01-21,3,89.89,In-Store,113,269.67
10892,138,2701,2023-03-25,1,115.15,Online,22,115.15
10893,146,2701,2023-09-01,3,28.76,Social,183,86.28
10894,119,2702,2024-01-15,5,193.28,In-Store,112,966.4
10895,110,2702,2025-06-02,4,138.19,Online,65,552.76
10896,110,2702,2025-11-05,2,138.19,Online,72,276.38
10897,154,2702,2025-08-09,3,39.53,Email,290,118.59
10898,151,2702,2025-10-13,3,170.44,Email,293,511.32
10899,166,2702,2024-10-04,2,151.16,Online,52,302.32
10900,140,2702,2024-11-22,1,139.7,In-Store,129,139.7
10901,105,2702,2025-06-15,5,45.85,In-Store,141,229.25
10902,142,2702,2024-09-08,2,298.93,Online,51,597.86
10903,110,2702,2025-12-16,4,138.19,Online,76,552.76
10904,119,2702,2024-05-24,5,193.28,Online,46,966.4
10905,147,2702,2024-10-21,5,193.11,Online,53,965.5500000000001
10906,136,2702,2025-05-23,5,134.23,In-Store,139,671.15
10907,197,2702,2024-05-20,2,270.16,In-Store,120,540.32
10908,103,2702,2025-06-16,5,74.85,In-Store,141,374.25
10909,118,2702,2025-10-12,3,128.58,Online,70,385.74
10910,158,2702,2025-11-16,5,132.56,Online,74,662.8
10911,122,2702,2024-11-12,5,224.2,In-Store,128,1121.0
10912,119,2702,2025-01-18,4,193.28,Email,280,773.12
10913,185,2702,2024-08-13,2,143.79,Online,49,287.58
10914,191,2702,2024-04-05,5,196.98,Email,263,984.9
10915,130,2702,2025-02-03,2,117.61,Online,59,235.22
10916,184,2702,2024-09-16,5,120.25,Online,51,601.25
10917,119,2702,2024-09-12,4,193.28,Online,51,773.12
10918,121,2702,2025-12-30,2,126.42,Online,77,252.84
10919,124,2702,2025-09-14,3,174.26,Email,291,522.78
10920,143,2702,2024-04-24,2,18.47,Online,43,36.94
10921,108,2702,2025-01-11,1,127.37,Online,58,127.37
10922,127,2702,2025-12-02,5,184.65,Online,74,923.25
10923,185,2702,2024-09-20,1,143.79,In-Store,125,143.79
10924,116,2702,2024-11-27,1,161.44,Online,55,161.44
10925,136,2702,2025-03-23,3,134.23,In-Store,136,402.68999999999994
10926,156,2702,2024-02-11,4,13.54,Online,40,54.16
10927,151,2703,2024-12-02,5,170.44,In-Store,130,852.2
10928,200,2703,2024-06-01,4,213.63,Online,47,854.52
10929,184,2703,2025-08-02,2,120.25,Online,68,240.5
10930,110,2703,2024-11-20,2,138.19,Email,278,276.38
10931,161,2703,2025-02-06,5,233.25,Online,59,1166.25
10932,109,2703,2025-03-03,2,69.39,Social,209,138.78
10933,168,2703,2024-10-12,4,151.07,Online,53,604.28
10934,170,2703,2025-01-27,1,124.94,Social,206,124.94
10935,133,2703,2024-05-12,5,129.42,In-Store,120,647.0999999999999
10936,121,2703,2024-03-05,3,126.42,In-Store,117,379.26
10937,157,2703,2025-05-19,5,140.43,In-Store,139,702.1500000000001
10938,184,2703,2025-12-28,2,120.25,Social,222,240.5
10939,123,2703,2025-07-03,2,28.54,Email,288,57.08
10940,182,2703,2024-12-17,3,73.37,In-Store,131,220.11
10941,135,2703,2024-02-09,2,62.14,Online,40,124.28
10942,165,2703,2024-04-16,4,213.33,TV,336,853.32
10943,185,2704,2025-12-02,5,143.79,TV,365,718.9499999999999
10944,151,2704,2024-11-28,5,170.44,Online,56,852.2
10945,132,2704,2025-06-19,4,146.35,Online,66,585.4
10946,194,2704,2025-04-27,3,70.1,Online,63,210.29999999999998
10947,110,2704,2025-05-17,2,138.19,Online,64,276.38
10948,170,2704,2025-10-05,5,124.94,In-Store,145,624.7
10949,108,2704,2024-11-10,1,127.37,Social,204,127.37
10950,131,2704,2025-01-01,5,76.52,In-Store,132,382.59999999999997
10951,102,2704,2025-03-08,3,175.2,Online,60,525.5999999999999
10952,193,2704,2025-08-11,4,28.68,Online,69,114.72
10953,113,2704,2025-02-01,4,122.3,In-Store,134,489.2
10954,132,2704,2025-06-01,2,146.35,Online,65,292.7
10955,168,2704,2025-12-09,5,151.07,Social,222,755.3499999999999
10956,152,2704,2025-01-31,4,72.34,Online,59,289.36
10957,159,2704,2024-08-27,3,21.52,In-Store,124,64.56
10958,146,2704,2024-09-03,1,28.76,Social,201,28.76
10959,107,2704,2025-09-18,1,110.76,Online,70,110.76
10960,142,2704,2024-12-25,3,298.93,Email,279,896.79
10961,123,2704,2025-04-11,5,28.54,TV,352,142.7
10962,163,2704,2025-11-07,4,115.65,In-Store,147,462.6
10963,148,2704,2025-09-27,2,47.75,Online,70,95.5
10964,103,2704,2025-09-11,1,74.85,Online,70,74.85
10965,199,2704,2024-09-21,5,105.38,Online,51,526.9
10966,186,2705,2024-01-17,2,29.78,Social,190,59.56
10967,142,2705,2025-09-17,4,298.93,Online,70,1195.72
10968,158,2705,2025-02-22,3,132.56,Social,209,397.68
10969,113,2705,2023-06-21,5,122.3,Online,28,611.5
10970,117,2705,2023-02-08,2,214.01,Online,21,428.02
10971,121,2705,2023-11-04,2,126.42,Social,185,252.84
10972,183,2705,2024-10-26,2,127.82,In-Store,128,255.64
10973,198,2705,2025-05-20,5,167.93,In-Store,139,839.6500000000001
10974,120,2705,2024-06-03,2,186.86,In-Store,121,373.72
10975,151,2705,2025-04-12,5,170.44,In-Store,137,852.2
10976,144,2705,2025-10-28,3,22.73,In-Store,147,68.19
10977,167,2705,2025-01-22,1,75.91,In-Store,133,75.91
10978,129,2705,2024-05-18,3,269.37,Online,45,808.11
10979,190,2705,2025-12-01,2,121.42,Social,221,242.84
10980,200,2705,2024-04-30,2,213.63,In-Store,119,427.26
10981,122,2705,2023-08-21,1,224.2,In-Store,106,224.2
10982,184,2705,2023-03-29,5,120.25,Online,24,601.25
10983,197,2705,2024-04-03,2,270.16,In-Store,118,540.32
10984,113,2705,2023-07-29,5,122.3,In-Store,105,611.5
10985,189,2705,2023-05-30,5,47.31,Online,26,236.55
10986,178,2705,2025-06-29,3,58.92,In-Store,141,176.76
10987,157,2706,2023-10-17,5,140.43,In-Store,109,702.1500000000001
10988,189,2706,2025-02-05,1,47.31,Online,59,47.31
10989,179,2706,2024-05-30,1,69.62,Social,195,69.62
10990,146,2706,2025-04-01,1,28.76,Online,61,28.76
10991,118,2706,2024-02-16,3,128.58,In-Store,115,385.74
10992,106,2706,2024-07-08,4,41.44,Online,47,165.76
10993,108,2706,2024-05-24,1,127.37,In-Store,120,127.37
10994,120,2706,2024-02-29,5,186.86,Email,261,934.3000000000001
10995,153,2706,2025-02-14,3,44.91,In-Store,135,134.73
10996,191,2706,2023-09-26,4,196.98,In-Store,107,787.92
10997,112,2706,2023-09-25,5,58.11,In-Store,107,290.55
10998,143,2706,2023-09-27,1,18.47,Online,33,18.47
10999,166,2706,2025-01-25,2,151.16,TV,349,302.32
11000,146,2707,2024-10-27,2,28.76,In-Store,128,57.52
11001,119,2707,2025-08-25,3,193.28,TV,360,579.84
11002,107,2707,2025-11-16,4,110.76,Online,74,443.04
11003,117,2707,2025-11-21,3,214.01,Online,74,642.03
11004,192,2707,2025-08-08,1,22.56,Online,68,22.56
11005,122,2707,2025-11-13,1,224.2,Online,74,224.2
11006,110,2707,2024-07-06,2,138.19,Online,47,276.38
11007,165,2707,2024-06-11,3,213.33,In-Store,121,639.99
11008,118,2707,2025-10-27,2,128.58,TV,362,257.16
11009,161,2707,2024-11-20,1,233.25,Online,55,233.25
11010,121,2707,2025-09-29,2,126.42,Online,71,252.84
11011,184,2707,2024-09-03,1,120.25,In-Store,124,120.25
11012,173,2707,2024-12-05,4,100.75,In-Store,130,403.0
11013,148,2707,2024-05-14,5,47.75,Online,45,238.75
11014,154,2707,2024-09-23,2,39.53,TV,344,79.06
11015,147,2707,2024-01-27,5,193.11,Online,40,965.5500000000001
11016,139,2707,2025-02-25,5,162.16,In-Store,135,810.8
11017,161,2707,2025-08-26,1,233.25,Online,69,233.25
11018,181,2707,2025-11-09,2,231.25,Online,72,462.5
11019,181,2707,2025-03-18,1,231.25,Online,60,231.25
11020,173,2707,2024-08-29,2,100.75,Online,49,201.5
11021,151,2707,2024-05-08,1,170.44,Online,45,170.44
11022,107,2707,2025-07-02,3,110.76,Online,67,332.28000000000003
11023,182,2707,2024-07-09,4,73.37,TV,339,293.48
11024,110,2707,2025-10-01,5,138.19,Social,218,690.95
11025,108,2707,2024-12-24,4,127.37,Online,57,509.48
11026,191,2707,2024-12-02,3,196.98,Online,55,590.9399999999999
11027,161,2707,2025-06-25,4,233.25,Social,214,933.0
11028,131,2708,2023-12-18,3,76.52,TV,330,229.56
11029,152,2708,2023-11-28,2,72.34,Online,36,144.68
11030,131,2708,2023-12-01,3,76.52,Online,36,229.56
11031,163,2709,2024-02-02,4,115.65,Online,39,462.6
11032,194,2709,2025-01-31,4,70.1,Online,58,280.4
11033,169,2709,2024-12-28,1,105.46,Online,56,105.46
11034,154,2709,2024-02-09,2,39.53,Online,40,79.06
11035,138,2709,2024-04-04,3,115.15,Online,43,345.45000000000005
11036,143,2709,2024-02-21,3,18.47,Online,41,55.41
11037,163,2709,2024-11-28,2,115.65,Online,55,231.3
11038,194,2709,2024-02-04,4,70.1,In-Store,114,280.4
11039,168,2710,2025-08-09,5,151.07,Online,68,755.3499999999999
11040,132,2710,2024-11-16,1,146.35,In-Store,129,146.35
11041,136,2710,2024-01-26,3,134.23,In-Store,114,402.68999999999994
11042,122,2710,2024-06-26,2,224.2,Online,47,448.4
11043,107,2710,2024-09-20,3,110.76,In-Store,125,332.28000000000003
11044,178,2710,2022-09-10,5,58.92,Online,13,294.6
11045,161,2710,2023-01-01,4,233.25,Social,170,933.0
11046,159,2710,2024-05-13,3,21.52,Online,45,64.56
11047,183,2710,2023-11-22,5,127.82,Online,35,639.0999999999999
11048,121,2710,2022-11-26,2,126.42,Social,169,252.84
11049,158,2710,2025-12-15,1,132.56,In-Store,149,132.56
11050,109,2710,2025-10-08,4,69.39,In-Store,145,277.56
11051,189,2710,2022-10-11,1,47.31,In-Store,91,47.31
11052,138,2710,2024-06-09,4,115.15,Online,47,460.6
11053,154,2710,2023-05-30,3,39.53,Online,26,118.59
11054,136,2710,2022-05-04,5,134.23,Online,6,671.15
11055,152,2710,2023-03-12,3,72.34,Online,22,217.02
11056,191,2710,2024-08-27,3,196.98,Online,50,590.9399999999999
11057,133,2710,2025-09-17,3,129.42,In-Store,144,388.26
11058,116,2710,2024-07-06,5,161.44,Online,48,807.2
11059,196,2710,2023-07-07,4,162.21,Online,29,648.84
11060,162,2710,2025-11-13,5,23.29,In-Store,148,116.44999999999999
11061,151,2710,2024-11-24,3,170.44,Online,55,511.32
11062,143,2710,2022-08-21,2,18.47,Online,11,36.94
11063,106,2710,2025-10-16,3,41.44,Online,72,124.32
11064,114,2710,2022-09-13,4,120.5,Social,164,482.0
11065,118,2710,2022-07-12,1,128.58,Social,161,128.58
11066,118,2711,2023-04-02,4,128.58,Online,23,514.32
11067,188,2711,2024-09-03,4,12.93,Online,51,51.72
11068,177,2711,2023-09-03,5,296.45,In-Store,106,1482.25
11069,178,2711,2024-07-31,5,58.92,Online,49,294.6
11070,114,2711,2025-05-13,3,120.5,Online,63,361.5
11071,108,2711,2023-06-01,4,127.37,Online,26,509.48
11072,118,2711,2024-02-29,5,128.58,Online,40,642.9000000000001
11073,183,2711,2024-01-24,5,127.82,In-Store,113,639.0999999999999
11074,118,2711,2024-03-30,3,128.58,Online,42,385.74
11075,110,2711,2024-03-18,3,138.19,Online,42,414.57
11076,168,2711,2023-11-09,3,151.07,In-Store,110,453.21
11077,132,2711,2023-03-15,2,146.35,Online,22,292.7
11078,149,2711,2024-09-04,1,64.92,Email,272,64.92
11079,175,2711,2025-01-13,4,285.32,Online,58,1141.28
11080,120,2711,2024-01-20,3,186.86,In-Store,114,560.58
11081,178,2711,2025-10-09,2,58.92,Online,71,117.84
11082,119,2711,2023-03-13,1,193.28,Online,22,193.28
11083,153,2712,2024-10-23,1,44.91,Online,53,44.91
11084,176,2712,2024-11-07,1,98.45,Online,53,98.45
11085,105,2712,2025-04-01,4,45.85,Online,61,183.4
11086,131,2712,2024-12-17,4,76.52,Online,56,306.08
11087,103,2712,2025-04-14,3,74.85,Online,61,224.54999999999998
11088,187,2712,2024-08-18,2,95.73,Online,50,191.46
11089,176,2712,2024-10-15,4,98.45,Online,52,393.8
11090,176,2712,2025-04-15,4,98.45,TV,353,393.8
11091,137,2712,2025-05-06,2,90.95,Online,63,181.9
11092,149,2712,2024-12-28,3,64.92,Online,57,194.76
11093,178,2712,2024-12-05,1,58.92,In-Store,130,58.92
11094,188,2713,2025-10-23,4,12.93,Online,72,51.72
11095,157,2713,2024-08-18,1,140.43,Online,49,140.43
11096,161,2713,2024-05-25,2,233.25,Email,266,466.5
11097,103,2713,2024-06-01,2,74.85,In-Store,121,149.7
11098,138,2713,2025-07-28,3,115.15,In-Store,142,345.45000000000005
11099,139,2713,2025-12-30,3,162.16,Online,77,486.48
11100,107,2713,2024-04-17,2,110.76,Social,194,221.52
11101,151,2713,2024-11-02,4,170.44,Online,53,681.76
11102,102,2713,2024-08-15,3,175.2,Email,271,525.5999999999999
11103,135,2713,2025-02-27,2,62.14,Online,59,124.28
11104,198,2713,2025-04-15,1,167.93,TV,353,167.93
11105,151,2713,2025-11-13,3,170.44,Online,73,511.32
11106,172,2713,2025-08-21,2,75.03,Online,69,150.06
11107,139,2713,2025-12-05,3,162.16,Online,74,486.48
11108,113,2713,2025-07-12,3,122.3,Online,67,366.9
11109,116,2713,2024-10-12,3,161.44,TV,344,484.32
11110,113,2713,2025-04-11,3,122.3,In-Store,137,366.9
11111,128,2713,2024-04-29,2,69.61,In-Store,119,139.22
11112,112,2713,2024-09-26,4,58.11,Online,51,232.44
11113,109,2714,2024-08-15,3,69.39,In-Store,124,208.17000000000002
11114,109,2714,2024-03-14,1,69.39,Social,191,69.39
11115,174,2714,2024-05-24,3,89.89,Online,46,269.67
11116,190,2714,2024-08-13,3,121.42,TV,341,364.26
11117,106,2714,2024-11-22,1,41.44,Email,278,41.44
11118,121,2715,2023-07-18,2,126.42,Online,29,252.84
11119,150,2715,2024-06-25,4,66.48,Online,47,265.92
11120,190,2715,2022-08-25,3,121.42,Online,12,364.26
11121,187,2715,2022-07-09,3,95.73,Online,9,287.19
11122,152,2715,2022-09-14,3,72.34,Online,13,217.02
11123,167,2715,2023-02-01,4,75.91,Social,172,303.64
11124,105,2715,2023-04-01,1,45.85,Online,24,45.85
11125,125,2715,2023-10-04,4,25.35,Online,33,101.4
11126,141,2716,2025-08-07,1,75.02,In-Store,142,75.02
11127,104,2716,2024-11-01,4,50.25,Social,203,201.0
11128,102,2716,2025-04-28,2,175.2,Online,63,350.4
11129,158,2716,2024-05-28,1,132.56,Online,46,132.56
11130,102,2716,2023-12-25,2,175.2,In-Store,111,350.4
11131,133,2716,2025-07-16,1,129.42,Social,214,129.42
11132,194,2716,2025-07-06,1,70.1,In-Store,141,70.1
11133,194,2716,2024-08-15,2,70.1,Online,50,140.2
11134,118,2716,2024-02-25,1,128.58,Social,191,128.58
11135,181,2716,2025-12-11,1,231.25,TV,364,231.25
11136,187,2716,2024-05-12,1,95.73,Online,45,95.73
11137,127,2716,2024-05-02,5,184.65,Online,45,923.25
11138,198,2716,2024-04-08,2,167.93,In-Store,118,335.86
11139,113,2716,2024-11-08,2,122.3,Online,55,244.6
11140,133,2716,2025-08-06,3,129.42,Online,68,388.26
11141,118,2716,2024-05-07,2,128.58,In-Store,120,257.16
11142,151,2716,2024-02-02,1,170.44,Online,40,170.44
11143,200,2716,2025-03-09,5,213.63,Online,60,1068.15
11144,127,2716,2025-10-12,3,184.65,In-Store,145,553.95
11145,177,2716,2024-11-11,5,296.45,Social,204,1482.25
11146,142,2716,2025-07-09,2,298.93,Online,67,597.86
11147,105,2716,2024-05-20,4,45.85,Online,46,183.4
11148,122,2717,2024-11-12,3,224.2,Social,204,672.5999999999999
11149,181,2717,2025-09-01,4,231.25,In-Store,144,925.0
11150,133,2717,2025-12-16,1,129.42,Social,222,129.42
11151,122,2717,2025-03-22,5,224.2,Social,209,1121.0
11152,110,2717,2024-12-31,3,138.19,Online,57,414.57
11153,112,2717,2023-11-28,1,58.11,In-Store,110,58.11
11154,183,2717,2023-09-19,1,127.82,In-Store,107,127.82
11155,108,2717,2024-10-24,2,127.37,Online,53,254.74
11156,113,2717,2024-01-28,2,122.3,Email,259,244.6
11157,149,2717,2025-09-26,4,64.92,Online,70,259.68
11158,119,2717,2025-09-29,1,193.28,Online,71,193.28
11159,166,2717,2025-11-26,2,151.16,In-Store,148,302.32
11160,196,2717,2024-07-13,5,162.21,In-Store,122,811.0500000000001
11161,157,2717,2025-04-26,4,140.43,Social,212,561.72
11162,197,2717,2024-04-06,2,270.16,In-Store,118,540.32
11163,105,2717,2024-04-04,2,45.85,Online,43,91.7
11164,133,2717,2024-12-04,2,129.42,Online,56,258.84
11165,177,2717,2024-03-01,2,296.45,Online,41,592.9
11166,190,2717,2025-09-26,2,121.42,Online,70,242.84
11167,124,2717,2024-08-17,2,174.26,Online,50,348.52
11168,146,2718,2023-09-16,4,28.76,In-Store,107,115.04
11169,197,2718,2025-10-16,3,270.16,Email,292,810.48
11170,151,2718,2025-12-03,1,170.44,TV,364,170.44
11171,110,2718,2024-06-20,3,138.19,Online,47,414.57
11172,119,2718,2024-01-30,2,193.28,Online,40,386.56
11173,104,2718,2024-08-31,1,50.25,Online,49,50.25
11174,109,2718,2025-12-09,2,69.39,In-Store,149,138.78
11175,177,2718,2024-04-07,3,296.45,Online,43,889.3499999999999
11176,122,2718,2024-10-16,5,224.2,In-Store,128,1121.0
11177,192,2718,2024-03-07,4,22.56,Online,41,90.24
11178,190,2718,2024-08-13,3,121.42,In-Store,124,364.26
11179,141,2718,2025-11-27,2,75.02,Online,74,150.04
11180,130,2718,2025-02-03,5,117.61,Online,59,588.05
11181,168,2718,2025-05-19,5,151.07,Online,65,755.3499999999999
11182,199,2718,2024-04-23,5,105.38,In-Store,119,526.9
11183,113,2718,2024-05-19,4,122.3,Online,46,489.2
11184,118,2718,2024-08-06,2,128.58,Online,49,257.16
11185,113,2718,2024-12-19,2,122.3,In-Store,130,244.6
11186,132,2718,2025-07-16,1,146.35,Online,67,146.35
11187,177,2718,2025-03-13,1,296.45,In-Store,136,296.45
11188,111,2718,2025-04-27,5,78.12,Social,212,390.6
11189,132,2718,2024-09-25,3,146.35,Online,51,439.04999999999995
11190,153,2718,2025-05-25,2,44.91,In-Store,139,89.82
11191,133,2718,2023-11-27,2,129.42,In-Store,110,258.84
11192,112,2718,2025-06-10,3,58.11,Online,65,174.32999999999998
11193,190,2718,2025-06-02,5,121.42,Online,66,607.1
11194,120,2719,2025-04-27,1,186.86,In-Store,138,186.86
11195,179,2719,2024-08-13,3,69.62,Social,200,208.86
11196,107,2719,2024-03-26,1,110.76,In-Store,118,110.76
11197,194,2719,2023-02-06,3,70.1,Online,21,210.29999999999998
11198,168,2719,2025-01-19,3,151.07,TV,350,453.21
11199,165,2719,2023-07-21,4,213.33,Online,30,853.32
11200,181,2719,2025-08-06,5,231.25,Social,215,1156.25
11201,117,2719,2023-01-11,5,214.01,Online,19,1070.05
11202,198,2719,2025-06-18,2,167.93,Online,66,335.86
11203,177,2719,2024-03-31,3,296.45,Social,192,889.3499999999999
11204,180,2719,2024-07-28,2,97.9,Online,49,195.8
11205,121,2719,2024-07-18,2,126.42,Online,48,252.84
11206,185,2719,2025-01-14,3,143.79,TV,349,431.37
11207,168,2719,2024-06-04,2,151.07,Online,46,302.14
11208,191,2719,2024-09-08,3,196.98,Online,51,590.9399999999999
11209,121,2719,2023-06-04,1,126.42,Online,27,126.42
11210,168,2719,2025-01-21,1,151.07,In-Store,134,151.07
11211,197,2719,2024-10-18,1,270.16,In-Store,127,270.16
11212,191,2719,2023-10-18,3,196.98,Online,34,590.9399999999999
11213,190,2719,2025-01-01,4,121.42,Online,58,485.68
11214,134,2719,2025-10-30,4,113.57,Online,72,454.28
11215,122,2719,2024-11-20,2,224.2,Online,54,448.4
11216,183,2720,2022-12-31,1,127.82,Online,19,127.82
11217,135,2720,2023-05-20,3,62.14,In-Store,102,186.42000000000002
11218,199,2720,2023-06-24,2,105.38,Online,29,210.76
11219,146,2720,2023-08-29,3,28.76,Online,32,86.28
11220,111,2720,2023-10-01,1,78.12,In-Store,108,78.12
11221,172,2720,2023-09-19,1,75.03,Online,33,75.03
11222,105,2720,2023-05-10,2,45.85,Online,25,91.7
11223,126,2720,2024-01-24,1,62.9,Online,39,62.9
11224,149,2720,2023-02-25,3,64.92,In-Store,98,194.76
11225,133,2720,2023-05-08,1,129.42,Online,25,129.42
11226,169,2720,2023-01-14,3,105.46,Online,19,316.38
11227,184,2720,2023-04-16,2,120.25,In-Store,100,240.5
11228,118,2721,2023-05-09,5,128.58,Online,25,642.9000000000001
11229,120,2721,2023-06-07,1,186.86,Online,28,186.86
11230,124,2721,2025-03-28,1,174.26,In-Store,137,174.26
11231,200,2721,2025-07-15,5,213.63,Online,67,1068.15
11232,119,2721,2023-05-14,5,193.28,Online,26,966.4
11233,194,2721,2025-04-12,3,70.1,Online,62,210.29999999999998
11234,151,2721,2024-01-09,1,170.44,Online,38,170.44
11235,178,2721,2023-05-24,3,58.92,In-Store,101,176.76
11236,168,2721,2023-11-10,3,151.07,Online,35,453.21
11237,133,2721,2023-04-22,3,129.42,In-Store,100,388.26
11238,158,2721,2024-09-19,3,132.56,Online,51,397.68
11239,116,2721,2024-06-11,4,161.44,Online,47,645.76
11240,154,2721,2025-07-20,1,39.53,Online,68,39.53
11241,167,2721,2024-01-09,3,75.91,Email,259,227.73
11242,154,2721,2024-03-18,5,39.53,Online,42,197.65
11243,102,2721,2024-01-10,4,175.2,Online,39,700.8
11244,147,2721,2025-03-14,3,193.11,In-Store,136,579.33
11245,114,2721,2024-10-16,1,120.5,TV,345,120.5
11246,185,2721,2023-08-16,4,143.79,Online,32,575.16
11247,107,2721,2025-04-24,1,110.76,Online,62,110.76
11248,101,2721,2025-05-21,2,116.4,Online,64,232.8
11249,173,2721,2023-05-19,4,100.75,TV,320,403.0
11250,172,2721,2023-04-23,4,75.03,Online,25,300.12
11251,121,2721,2024-03-03,1,126.42,Social,192,126.42
11252,167,2721,2023-05-19,4,75.91,Social,177,303.64
11253,170,2721,2023-10-21,4,124.94,Online,34,499.76
11254,197,2721,2025-05-03,3,270.16,Online,64,810.48
11255,133,2721,2025-04-23,3,129.42,Email,285,388.26
11256,152,2721,2024-10-25,1,72.34,In-Store,128,72.34
11257,111,2721,2024-06-24,2,78.12,Online,47,156.24
11258,119,2721,2025-12-05,2,193.28,Online,74,386.56
11259,184,2721,2023-07-23,5,120.25,In-Store,105,601.25
11260,180,2721,2024-12-30,1,97.9,Social,206,97.9
11261,133,2722,2022-09-03,3,129.42,In-Store,90,388.26
11262,163,2722,2022-04-07,5,115.65,In-Store,83,578.25
11263,118,2722,2022-10-06,5,128.58,Online,13,642.9000000000001
11264,128,2722,2022-09-28,5,69.61,Online,14,348.05
11265,122,2722,2025-09-22,5,224.2,Online,70,1121.0
11266,162,2722,2023-11-02,3,23.29,In-Store,110,69.87
11267,184,2722,2023-07-25,3,120.25,Online,30,360.75
11268,170,2722,2023-03-13,3,124.94,Social,174,374.82
11269,168,2722,2022-12-15,3,151.07,In-Store,95,453.21
11270,119,2722,2024-10-22,4,193.28,In-Store,128,773.12
11271,158,2722,2024-04-30,3,132.56,Online,44,397.68
11272,185,2722,2022-08-03,1,143.79,TV,308,143.79
11273,167,2722,2023-01-30,2,75.91,In-Store,97,151.82
11274,151,2722,2024-09-30,3,170.44,Online,51,511.32
11275,136,2722,2024-07-05,4,134.23,In-Store,122,536.92
11276,139,2722,2023-06-07,4,162.16,Online,28,648.64
11277,168,2722,2022-06-30,1,151.07,Online,8,151.07
11278,166,2722,2022-11-16,1,151.16,Online,17,151.16
11279,134,2722,2023-05-16,1,113.57,In-Store,102,113.57
11280,190,2722,2023-05-08,1,121.42,TV,320,121.42
11281,174,2722,2024-09-01,1,89.89,In-Store,124,89.89
11282,119,2722,2025-11-20,4,193.28,Online,74,773.12
11283,171,2722,2024-04-17,1,117.28,Online,43,117.28
11284,152,2722,2022-12-20,3,72.34,In-Store,95,217.02
11285,124,2723,2024-05-07,4,174.26,Online,45,697.04
11286,105,2723,2025-05-12,4,45.85,TV,355,183.4
11287,161,2723,2024-07-31,1,233.25,Social,199,233.25
11288,130,2723,2022-04-27,1,117.61,In-Store,84,117.61
11289,139,2723,2025-09-17,5,162.16,Online,70,810.8
11290,188,2723,2025-11-18,4,12.93,Online,74,51.72
11291,140,2723,2024-12-02,4,139.7,Online,56,558.8
11292,189,2723,2025-03-04,2,47.31,Online,60,94.62
11293,162,2723,2025-06-24,3,23.29,Online,66,69.87
11294,135,2723,2024-05-26,4,62.14,Online,46,248.56
11295,192,2723,2024-02-13,5,22.56,In-Store,115,112.8
11296,200,2723,2025-11-05,1,213.63,In-Store,147,213.63
11297,112,2723,2022-07-05,1,58.11,Online,9,58.11
11298,136,2723,2025-09-11,1,134.23,In-Store,144,134.23
11299,124,2723,2025-07-09,1,174.26,Online,67,174.26
11300,167,2723,2024-04-15,3,75.91,Online,44,227.73
11301,143,2723,2022-08-24,3,18.47,In-Store,89,55.41
11302,116,2723,2022-12-02,4,161.44,Online,17,645.76
11303,193,2723,2022-06-24,2,28.68,In-Store,87,57.36
11304,129,2723,2025-06-26,1,269.37,Online,67,269.37
11305,169,2723,2022-09-22,5,105.46,Online,13,527.3
11306,105,2723,2023-12-13,5,45.85,Online,36,229.25
11307,144,2723,2024-12-22,5,22.73,Online,56,113.65
11308,122,2723,2022-12-17,1,224.2,Online,18,224.2
11309,146,2724,2022-10-18,4,28.76,Online,14,115.04
11310,115,2724,2024-02-20,1,114.62,Online,41,114.62
11311,157,2724,2025-01-15,2,140.43,In-Store,133,280.86
11312,181,2724,2022-11-11,4,231.25,Online,17,925.0
11313,123,2724,2025-12-31,2,28.54,In-Store,149,57.08
11314,179,2724,2022-07-26,2,69.62,Social,162,139.24
11315,183,2724,2024-06-24,2,127.82,Email,268,255.64
11316,197,2724,2022-08-08,4,270.16,Online,11,1080.64
11317,184,2724,2024-09-05,3,120.25,Social,201,360.75
11318,120,2724,2024-12-01,2,186.86,In-Store,130,373.72
11319,130,2724,2024-02-04,3,117.61,Online,39,352.83
11320,128,2724,2025-12-24,4,69.61,Online,76,278.44
11321,105,2724,2025-08-17,4,45.85,Online,69,183.4
11322,113,2724,2022-11-10,4,122.3,Online,16,489.2
11323,170,2724,2022-06-01,5,124.94,Online,7,624.7
11324,191,2724,2022-04-14,2,196.98,In-Store,83,393.96
11325,167,2724,2022-04-21,2,75.91,Online,6,151.82
11326,172,2724,2022-10-25,4,75.03,Online,15,300.12
11327,148,2725,2022-04-01,3,47.75,Online,5,143.25
11328,114,2725,2025-01-10,3,120.5,Online,58,361.5
11329,171,2725,2024-05-10,5,117.28,Online,45,586.4
11330,102,2725,2024-05-01,3,175.2,Social,194,525.5999999999999
11331,177,2725,2022-05-19,5,296.45,Online,6,1482.25
11332,159,2725,2025-11-16,4,21.52,In-Store,148,86.08
11333,114,2725,2024-07-18,2,120.5,Online,48,241.0
11334,195,2725,2023-01-21,4,109.44,Online,19,437.76
11335,110,2725,2022-09-12,3,138.19,In-Store,90,414.57
11336,118,2725,2022-04-28,4,128.58,Online,5,514.32
11337,123,2725,2023-02-13,3,28.54,Social,173,85.62
11338,153,2725,2024-06-03,3,44.91,In-Store,121,134.73
11339,159,2725,2022-08-15,5,21.52,Online,11,107.6
11340,140,2725,2025-02-21,4,139.7,Email,282,558.8
11341,158,2725,2025-08-12,2,132.56,Social,215,265.12
11342,152,2725,2025-11-10,3,72.34,Online,72,217.02
11343,169,2725,2025-07-06,5,105.46,Online,67,527.3
11344,187,2725,2023-06-02,5,95.73,Online,26,478.65000000000003
11345,119,2725,2022-08-01,3,193.28,Online,10,579.84
11346,101,2725,2023-05-14,2,116.4,In-Store,101,232.8
11347,191,2725,2024-08-01,4,196.98,In-Store,124,787.92
11348,181,2725,2025-09-24,1,231.25,Online,70,231.25
11349,193,2726,2024-10-03,4,28.68,In-Store,126,114.72
11350,159,2726,2025-05-16,2,21.52,Online,65,43.04
11351,193,2726,2024-09-28,2,28.68,In-Store,126,57.36
11352,191,2726,2024-03-05,3,196.98,Email,261,590.9399999999999
11353,147,2726,2024-08-05,5,193.11,Email,271,965.5500000000001
11354,158,2726,2025-02-02,2,132.56,Online,59,265.12
11355,200,2726,2025-12-23,1,213.63,In-Store,149,213.63
11356,157,2726,2024-07-30,4,140.43,Online,49,561.72
11357,161,2726,2024-02-22,5,233.25,Online,41,1166.25
11358,175,2726,2024-05-18,4,285.32,Social,195,1141.28
11359,142,2726,2025-07-19,4,298.93,Online,67,1195.72
11360,178,2726,2024-07-30,2,58.92,In-Store,123,117.84
11361,158,2726,2025-04-24,2,132.56,In-Store,138,265.12
11362,129,2726,2024-09-28,3,269.37,Online,52,808.11
11363,159,2726,2025-12-02,3,21.52,In-Store,148,64.56
11364,116,2726,2025-11-20,2,161.44,Social,221,322.88
11365,153,2726,2025-09-03,5,44.91,Social,217,224.54999999999998
11366,178,2727,2024-04-12,4,58.92,In-Store,118,235.68
11367,160,2727,2022-12-26,3,74.86,Online,19,224.57999999999998
11368,141,2727,2025-11-01,1,75.02,Online,72,75.02
11369,106,2727,2025-02-15,2,41.44,Online,59,82.88
11370,105,2727,2025-12-22,2,45.85,Social,222,91.7
11371,128,2727,2024-10-15,2,69.61,Online,53,139.22
11372,106,2727,2022-12-14,5,41.44,In-Store,95,207.2
11373,117,2727,2023-06-11,3,214.01,In-Store,103,642.03
11374,105,2727,2025-08-22,1,45.85,Online,69,45.85
11375,113,2727,2023-03-17,2,122.3,Email,243,244.6
11376,130,2727,2024-03-12,3,117.61,Social,192,352.83
11377,191,2727,2023-04-03,5,196.98,Online,24,984.9
11378,127,2727,2024-04-08,1,184.65,Online,43,184.65
11379,146,2727,2023-12-23,5,28.76,Online,37,143.8
11380,153,2727,2024-07-25,3,44.91,Online,48,134.73
11381,158,2727,2024-10-26,3,132.56,Online,53,397.68
11382,177,2727,2023-08-09,2,296.45,In-Store,105,592.9
11383,112,2727,2023-03-11,1,58.11,Online,22,58.11
11384,194,2727,2025-04-04,3,70.1,Online,61,210.29999999999998
11385,155,2728,2024-11-19,3,71.21,Online,54,213.63
11386,160,2728,2024-09-28,3,74.86,Online,51,224.57999999999998
11387,164,2728,2024-11-11,4,91.03,In-Store,129,364.12
11388,159,2728,2025-02-26,2,21.52,Online,60,43.04
11389,172,2728,2025-01-24,4,75.03,Online,58,300.12
11390,158,2729,2023-02-24,3,132.56,Online,20,397.68
11391,119,2729,2023-03-30,1,193.28,Social,176,193.28
11392,190,2729,2024-01-09,3,121.42,Online,38,364.26
11393,136,2729,2023-02-16,5,134.23,Social,173,671.15
11394,163,2729,2023-08-24,3,115.65,In-Store,106,346.95000000000005
11395,110,2729,2025-02-07,3,138.19,Online,59,414.57
11396,129,2729,2025-09-22,4,269.37,In-Store,145,1077.48
11397,139,2729,2025-07-18,1,162.16,In-Store,142,162.16
11398,110,2729,2023-02-24,4,138.19,Online,20,552.76
11399,160,2729,2025-07-12,1,74.86,In-Store,141,74.86
11400,147,2729,2024-06-26,1,193.11,Online,47,193.11
11401,181,2729,2023-08-21,5,231.25,In-Store,106,1156.25
11402,192,2729,2024-08-13,4,22.56,Social,200,90.24
11403,132,2729,2025-04-08,5,146.35,Online,62,731.75
11404,136,2729,2025-06-14,3,134.23,Online,65,402.68999999999994
11405,120,2729,2024-01-10,4,186.86,In-Store,112,747.44
11406,122,2729,2024-05-09,2,224.2,Online,45,448.4
11407,172,2729,2022-10-21,5,75.03,In-Store,92,375.15
11408,166,2729,2023-09-07,3,151.16,In-Store,107,453.48
11409,174,2729,2025-03-09,2,89.89,In-Store,136,179.78
11410,134,2729,2024-11-16,4,113.57,Online,55,454.28
11411,200,2729,2024-11-03,3,213.63,In-Store,128,640.89
11412,140,2729,2024-03-20,3,139.7,In-Store,118,419.09999999999997
11413,130,2729,2025-08-17,5,117.61,Online,68,588.05
11414,138,2729,2025-04-14,3,115.15,Online,62,345.45000000000005
11415,135,2729,2025-01-02,2,62.14,Online,57,124.28
11416,187,2729,2023-01-16,3,95.73,Online,19,287.19
11417,147,2729,2024-08-17,3,193.11,Online,50,579.33
11418,183,2729,2024-12-30,2,127.82,In-Store,132,255.64
11419,185,2729,2022-10-30,5,143.79,In-Store,92,718.9499999999999
11420,189,2729,2025-05-24,5,47.31,Online,65,236.55
11421,119,2729,2025-04-08,2,193.28,Online,61,386.56
11422,105,2730,2024-09-28,2,45.85,Social,202,91.7
11423,153,2730,2024-02-03,4,44.91,Online,40,179.64
11424,145,2730,2023-09-21,3,87.44,In-Store,107,262.32
11425,174,2730,2023-03-31,2,89.89,Online,22,179.78
11426,143,2730,2022-09-29,3,18.47,Online,14,55.41
11427,184,2730,2024-01-07,2,120.25,Social,188,240.5
11428,154,2730,2023-10-21,4,39.53,Social,184,158.12
11429,194,2730,2024-04-21,2,70.1,Online,43,140.2
11430,183,2730,2023-10-06,3,127.82,Online,33,383.46
11431,131,2730,2024-03-08,2,76.52,Social,191,153.04
11432,109,2730,2023-02-04,1,69.39,Online,20,69.39
11433,130,2731,2024-02-01,3,117.61,Social,190,352.83
11434,173,2731,2023-08-19,1,100.75,Online,32,100.75
11435,156,2731,2023-10-26,4,13.54,Online,34,54.16
11436,141,2731,2024-02-27,4,75.02,In-Store,114,300.08
11437,156,2731,2023-11-24,1,13.54,Online,36,13.54
11438,135,2731,2024-04-09,4,62.14,Online,43,248.56
11439,107,2731,2024-06-29,3,110.76,Email,268,332.28000000000003
11440,107,2731,2024-06-14,2,110.76,Online,47,221.52
11441,163,2731,2023-08-14,3,115.65,Online,32,346.95000000000005
11442,194,2731,2024-05-01,4,70.1,Online,44,280.4
11443,194,2731,2023-07-01,3,70.1,Online,29,210.29999999999998
11444,135,2731,2024-03-16,4,62.14,Online,42,248.56
11445,153,2731,2023-08-08,1,44.91,Online,31,44.91
11446,128,2731,2024-05-13,4,69.61,Online,46,278.44
11447,121,2731,2023-05-17,4,126.42,Online,26,505.68
11448,189,2731,2023-07-27,4,47.31,Online,31,189.24
11449,108,2731,2024-05-13,4,127.37,Social,195,509.48
11450,113,2731,2023-11-06,2,122.3,In-Store,109,244.6
11451,131,2731,2024-05-01,4,76.52,Online,43,306.08
11452,101,2731,2023-11-26,3,116.4,Online,36,349.20000000000005
11453,103,2731,2024-05-03,2,74.85,Email,265,149.7
11454,195,2732,2024-08-17,4,109.44,Social,200,437.76
11455,189,2732,2024-08-20,3,47.31,In-Store,124,141.93
11456,173,2732,2025-05-30,5,100.75,Online,65,503.75
11457,125,2732,2025-12-01,4,25.35,Online,75,101.4
11458,108,2732,2025-05-26,1,127.37,Online,65,127.37
11459,139,2732,2024-10-20,5,162.16,TV,345,810.8
11460,129,2732,2024-10-21,4,269.37,Online,53,1077.48
11461,102,2732,2025-11-05,1,175.2,TV,364,175.2
11462,122,2732,2025-07-29,4,224.2,Online,67,896.8
11463,149,2732,2025-01-18,5,64.92,Online,58,324.6
11464,136,2732,2024-09-10,5,134.23,Online,51,671.15
11465,142,2732,2024-10-12,3,298.93,TV,344,896.79
11466,159,2732,2025-12-21,1,21.52,In-Store,149,21.52
11467,142,2732,2024-10-29,1,298.93,Online,53,298.93
11468,110,2732,2025-07-15,3,138.19,Online,67,414.57
11469,120,2732,2025-02-05,1,186.86,TV,350,186.86
11470,193,2732,2025-04-08,5,28.68,TV,352,143.4
11471,127,2732,2024-10-21,5,184.65,Online,53,923.25
11472,136,2732,2025-11-19,4,134.23,Online,74,536.92
11473,182,2732,2025-12-28,4,73.37,Social,222,293.48
11474,107,2732,2025-07-08,4,110.76,TV,357,443.04
11475,120,2732,2025-12-30,1,186.86,Online,77,186.86
11476,134,2732,2025-05-24,3,113.57,Online,65,340.71
11477,139,2732,2025-11-06,4,162.16,Social,220,648.64
11478,151,2732,2024-10-01,1,170.44,Social,202,170.44
11479,196,2732,2025-04-23,2,162.21,Social,211,324.42
11480,139,2732,2024-07-18,2,162.16,Online,48,324.32
11481,173,2733,2025-04-05,5,100.75,Online,62,503.75
11482,179,2733,2025-07-04,5,69.62,Online,67,348.1
11483,152,2733,2025-06-30,4,72.34,Online,66,289.36
11484,142,2733,2025-01-08,4,298.93,Online,58,1195.72
11485,143,2733,2025-04-18,2,18.47,Online,61,36.94
11486,183,2733,2024-12-20,1,127.82,Social,205,127.82
11487,112,2733,2025-10-26,3,58.11,Online,72,174.32999999999998
11488,171,2733,2025-03-28,2,117.28,In-Store,136,234.56
11489,150,2733,2025-12-02,5,66.48,Online,75,332.40000000000003
11490,190,2733,2025-10-27,2,121.42,Online,72,242.84
11491,168,2733,2025-04-20,3,151.07,TV,353,453.21
11492,143,2733,2025-02-17,5,18.47,Online,59,92.35
11493,165,2733,2024-11-09,4,213.33,Email,277,853.32
11494,178,2733,2024-12-19,4,58.92,Social,205,235.68
11495,116,2733,2025-10-05,2,161.44,In-Store,145,322.88
11496,200,2733,2025-03-23,1,213.63,Online,61,213.63
11497,140,2733,2025-11-29,3,139.7,Online,75,419.09999999999997
11498,178,2734,2023-01-31,1,58.92,In-Store,97,58.92
11499,126,2734,2022-10-25,1,62.9,In-Store,92,62.9
11500,160,2734,2023-02-13,1,74.86,Online,20,74.86
11501,159,2734,2023-06-12,2,21.52,TV,321,43.04
11502,121,2734,2022-10-24,3,126.42,In-Store,91,379.26
11503,182,2734,2022-12-09,3,73.37,Online,18,220.11
11504,131,2734,2022-10-18,2,76.52,In-Store,91,153.04
11505,128,2734,2023-03-22,2,69.61,Online,22,139.22
11506,194,2734,2022-08-25,1,70.1,Online,12,70.1
11507,144,2735,2023-03-20,2,22.73,Online,22,45.46
11508,109,2735,2022-08-29,2,69.39,Social,163,138.78
11509,171,2735,2023-05-10,1,117.28,Online,25,117.28
11510,105,2735,2023-03-28,1,45.85,Online,23,45.85
11511,193,2735,2024-09-02,2,28.68,In-Store,124,57.36
11512,101,2735,2022-12-12,2,116.4,In-Store,95,232.8
11513,158,2735,2023-06-07,1,132.56,Online,28,132.56
11514,200,2736,2025-06-26,3,213.63,In-Store,141,640.89
11515,127,2736,2025-12-06,4,184.65,Online,74,738.6
11516,103,2736,2024-11-11,1,74.85,In-Store,129,74.85
11517,152,2736,2024-05-20,2,72.34,Online,46,144.68
11518,182,2736,2025-05-02,1,73.37,Online,64,73.37
11519,178,2736,2024-03-18,3,58.92,Social,192,176.76
11520,181,2736,2024-10-03,2,231.25,Online,52,462.5
11521,111,2736,2025-09-25,2,78.12,Email,291,156.24
11522,122,2736,2024-06-18,3,224.2,Online,47,672.5999999999999
11523,120,2736,2023-11-05,1,186.86,Online,34,186.86
11524,139,2736,2024-04-05,3,162.16,In-Store,118,486.48
11525,160,2736,2025-05-14,5,74.86,Online,65,374.3
11526,142,2736,2023-07-11,4,298.93,In-Store,104,1195.72
11527,197,2736,2023-08-07,5,270.16,In-Store,105,1350.8000000000002
11528,174,2736,2023-06-06,1,89.89,Online,27,89.89
11529,120,2736,2024-02-12,4,186.86,Online,40,747.44
11530,185,2736,2025-04-04,1,143.79,Email,283,143.79
11531,103,2736,2025-08-12,5,74.85,Online,69,374.25
11532,166,2736,2025-01-27,4,151.16,Online,59,604.64
11533,154,2736,2024-11-22,1,39.53,Online,55,39.53
11534,177,2736,2024-10-02,1,296.45,Online,52,296.45
11535,170,2737,2025-12-28,4,124.94,Online,77,499.76
11536,165,2737,2024-06-09,5,213.33,Online,46,1066.65
11537,149,2737,2025-10-27,2,64.92,In-Store,146,129.84
11538,162,2737,2025-09-08,2,23.29,Online,70,46.58
11539,139,2737,2025-07-20,1,162.16,Online,68,162.16
11540,198,2737,2024-02-27,1,167.93,Online,41,167.93
11541,191,2737,2023-04-14,3,196.98,TV,319,590.9399999999999
11542,200,2737,2023-04-01,5,213.63,Online,24,1068.15
11543,174,2737,2025-06-06,5,89.89,Online,66,449.45
11544,176,2737,2023-12-19,4,98.45,Online,36,393.8
11545,183,2737,2024-08-03,3,127.82,Online,49,383.46
11546,163,2737,2022-10-29,5,115.65,In-Store,92,578.25
11547,154,2737,2023-03-12,1,39.53,Social,174,39.53
11548,168,2737,2025-11-10,3,151.07,Online,73,453.21
11549,154,2737,2025-11-14,3,39.53,Online,73,118.59
11550,143,2737,2022-10-31,2,18.47,Online,15,36.94
11551,121,2737,2025-07-12,4,126.42,Social,214,505.68
11552,192,2737,2024-07-10,1,22.56,In-Store,122,22.56
11553,158,2737,2024-04-19,5,132.56,Email,263,662.8
11554,103,2737,2024-02-22,4,74.85,Online,41,299.4
11555,127,2737,2022-07-09,2,184.65,In-Store,87,369.3
11556,155,2737,2023-02-02,1,71.21,TV,315,71.21
11557,180,2737,2025-03-02,5,97.9,In-Store,136,489.5
11558,120,2737,2023-01-30,5,186.86,Social,172,934.3000000000001
11559,149,2737,2024-02-06,2,64.92,In-Store,114,129.84
11560,190,2737,2025-05-01,4,121.42,Online,63,485.68
11561,136,2738,2024-05-18,1,134.23,In-Store,120,134.23
11562,136,2738,2024-05-25,1,134.23,Online,46,134.23
11563,159,2738,2024-04-12,3,21.52,In-Store,119,64.56
11564,160,2738,2024-05-25,2,74.86,In-Store,120,149.72
11565,160,2738,2024-04-16,3,74.86,Online,43,224.57999999999998
11566,108,2738,2024-04-04,2,127.37,Online,43,254.74
11567,179,2738,2024-03-15,1,69.62,Online,42,69.62
11568,190,2738,2024-08-28,3,121.42,Online,50,364.26
11569,195,2738,2024-04-06,3,109.44,Online,43,328.32
11570,155,2739,2022-10-10,3,71.21,In-Store,92,213.63
11571,124,2739,2023-04-23,1,174.26,Online,24,174.26
11572,170,2739,2023-01-20,2,124.94,In-Store,96,249.88
11573,190,2739,2024-10-25,1,121.42,Online,53,121.42
11574,156,2739,2024-03-13,3,13.54,Online,41,40.62
11575,177,2739,2023-04-06,2,296.45,In-Store,100,592.9
11576,155,2739,2024-01-21,1,71.21,Online,39,71.21
11577,165,2739,2025-12-01,3,213.33,Online,74,639.99
11578,183,2739,2024-06-25,5,127.82,Online,47,639.0999999999999
11579,161,2739,2024-06-17,4,233.25,Online,47,933.0
11580,142,2739,2024-02-27,2,298.93,In-Store,114,597.86
11581,104,2739,2025-10-24,1,50.25,Online,72,50.25
11582,183,2739,2022-12-23,2,127.82,Online,18,255.64
11583,184,2739,2023-06-20,1,120.25,Online,28,120.25
11584,133,2740,2023-03-12,1,129.42,Online,22,129.42
11585,115,2740,2023-03-18,3,114.62,Online,22,343.86
11586,190,2740,2023-09-07,2,121.42,Online,33,242.84
11587,178,2740,2023-10-18,1,58.92,In-Store,109,58.92
11588,106,2740,2024-01-10,3,41.44,Email,259,124.32
11589,145,2740,2022-12-20,2,87.44,Email,240,174.88
11590,156,2740,2023-06-19,4,13.54,Social,179,54.16
11591,174,2740,2024-01-13,2,89.89,Online,38,179.78
11592,141,2740,2023-04-26,4,75.02,TV,319,300.08
11593,136,2740,2022-12-30,3,134.23,Online,19,402.68999999999994
11594,173,2740,2023-07-19,1,100.75,Online,29,100.75
11595,138,2741,2024-10-13,3,115.15,Online,53,345.45000000000005
11596,134,2741,2024-07-31,3,113.57,Online,49,340.71
11597,128,2741,2024-08-21,2,69.61,Online,49,139.22
11598,194,2741,2024-09-27,2,70.1,Online,51,140.2
11599,141,2741,2024-09-03,2,75.02,In-Store,125,150.04
11600,121,2742,2025-03-22,2,126.42,Online,61,252.84
11601,107,2742,2025-12-16,2,110.76,Online,76,221.52
11602,122,2742,2024-10-12,2,224.2,Online,52,448.4
11603,140,2742,2025-01-08,2,139.7,Social,206,279.4
11604,142,2742,2023-12-26,3,298.93,In-Store,112,896.79
11605,161,2742,2025-09-21,2,233.25,Online,70,466.5
11606,192,2742,2025-12-19,1,22.56,Online,76,22.56
11607,130,2742,2025-08-22,5,117.61,In-Store,143,588.05
11608,128,2742,2025-12-18,2,69.61,Online,76,139.22
11609,127,2742,2024-02-11,2,184.65,Online,40,369.3
11610,147,2742,2024-11-06,4,193.11,Online,54,772.44
11611,188,2743,2024-01-02,3,12.93,Online,37,38.79
11612,199,2743,2023-10-18,2,105.38,Online,33,210.76
11613,131,2743,2023-09-17,1,76.52,TV,325,76.52
11614,199,2743,2023-12-01,2,105.38,In-Store,111,210.76
11615,138,2744,2024-11-23,5,115.15,Online,55,575.75
11616,122,2744,2023-05-29,3,224.2,Online,27,672.5999999999999
11617,197,2744,2024-09-06,3,270.16,Online,51,810.48
11618,124,2744,2025-04-24,3,174.26,Online,62,522.78
11619,126,2744,2023-06-22,2,62.9,In-Store,104,125.8
11620,102,2744,2023-09-23,5,175.2,Online,33,876.0
11621,161,2744,2023-11-24,1,233.25,In-Store,110,233.25
11622,169,2744,2023-01-23,5,105.46,Online,19,527.3
11623,155,2744,2025-07-04,4,71.21,Online,67,284.84
11624,152,2744,2023-07-13,2,72.34,In-Store,104,144.68
11625,136,2744,2023-10-02,3,134.23,Social,184,402.68999999999994
11626,159,2744,2025-10-29,2,21.52,Online,72,43.04
11627,153,2744,2024-12-20,4,44.91,Online,56,179.64
11628,157,2744,2025-01-09,2,140.43,Online,57,280.86
11629,129,2744,2023-09-17,1,269.37,Online,33,269.37
11630,166,2744,2023-01-08,2,151.16,Online,19,302.32
11631,102,2744,2025-04-24,3,175.2,Online,63,525.5999999999999
11632,132,2744,2024-07-07,4,146.35,Online,47,585.4
11633,149,2744,2023-02-02,3,64.92,Online,20,194.76
11634,160,2744,2023-09-16,4,74.86,TV,324,299.44
11635,108,2744,2023-01-25,2,127.37,Online,20,254.74
11636,125,2744,2024-08-25,4,25.35,In-Store,125,101.4
11637,123,2744,2025-08-02,5,28.54,Email,289,142.7
11638,107,2744,2023-12-19,5,110.76,Online,36,553.8000000000001
11639,151,2744,2024-08-25,2,170.44,Online,49,340.88
11640,138,2744,2025-06-12,3,115.15,In-Store,141,345.45000000000005
11641,142,2744,2025-01-24,4,298.93,In-Store,133,1195.72
11642,113,2744,2024-01-01,4,122.3,Online,38,489.2
11643,177,2744,2023-02-28,1,296.45,In-Store,99,296.45
11644,112,2744,2024-07-08,1,58.11,In-Store,123,58.11
11645,152,2744,2024-12-06,2,72.34,Online,55,144.68
11646,190,2745,2025-04-17,1,121.42,In-Store,137,121.42
11647,191,2745,2023-05-19,3,196.98,Email,246,590.9399999999999
11648,183,2745,2023-11-01,2,127.82,Online,34,255.64
11649,120,2745,2025-09-04,3,186.86,Online,69,560.58
11650,144,2745,2023-03-17,1,22.73,Online,22,22.73
11651,112,2745,2024-11-09,5,58.11,Social,204,290.55
11652,127,2745,2025-03-23,3,184.65,Email,283,553.95
11653,114,2745,2024-11-24,1,120.5,Online,55,120.5
11654,198,2745,2023-03-18,5,167.93,Social,175,839.6500000000001
11655,177,2745,2025-10-31,1,296.45,In-Store,147,296.45
11656,108,2745,2023-03-30,5,127.37,Email,244,636.85
11657,177,2745,2023-04-20,1,296.45,Email,245,296.45
11658,118,2745,2025-05-10,3,128.58,Email,286,385.74
11659,190,2746,2024-06-26,3,121.42,Online,47,364.26
11660,180,2746,2025-08-02,3,97.9,Online,68,293.70000000000005
11661,155,2746,2025-11-19,3,71.21,In-Store,148,213.63
11662,189,2746,2025-01-13,3,47.31,Online,58,141.93
11663,140,2746,2025-11-06,1,139.7,Online,73,139.7
11664,176,2746,2024-07-09,4,98.45,In-Store,122,393.8
11665,124,2746,2024-08-24,4,174.26,Online,49,697.04
11666,140,2746,2025-04-26,1,139.7,Online,63,139.7
11667,146,2746,2025-10-28,5,28.76,In-Store,146,143.8
11668,119,2746,2024-12-07,2,193.28,Online,56,386.56
11669,160,2746,2025-01-11,4,74.86,TV,349,299.44
11670,183,2746,2025-04-05,4,127.82,In-Store,137,511.28
11671,108,2746,2025-09-28,5,127.37,Online,71,636.85
11672,198,2746,2025-08-06,2,167.93,In-Store,142,335.86
11673,152,2746,2025-09-10,3,72.34,Social,218,217.02
11674,197,2746,2025-10-03,4,270.16,Online,70,1080.64
11675,184,2746,2025-11-28,3,120.25,In-Store,149,360.75
11676,148,2746,2025-10-02,2,47.75,In-Store,145,95.5
11677,140,2746,2024-09-28,5,139.7,Online,52,698.5
11678,125,2746,2025-08-15,3,25.35,Online,69,76.05000000000001
11679,112,2747,2023-05-05,2,58.11,Online,25,116.22
11680,109,2747,2022-11-02,3,69.39,Online,15,208.17000000000002
11681,192,2747,2023-02-24,3,22.56,Online,21,67.67999999999999
11682,102,2748,2025-11-13,4,175.2,In-Store,148,700.8
11683,177,2748,2025-09-29,4,296.45,In-Store,144,1185.8
11684,175,2748,2025-11-26,3,285.32,Online,74,855.96
11685,197,2748,2025-01-11,1,270.16,Online,58,270.16
11686,177,2748,2025-01-04,3,296.45,Online,58,889.3499999999999
11687,139,2748,2025-05-25,3,162.16,In-Store,139,486.48
11688,135,2748,2024-11-20,5,62.14,In-Store,130,310.7
11689,156,2748,2025-03-27,2,13.54,Online,61,27.08
11690,106,2748,2025-04-01,2,41.44,Online,61,82.88
11691,183,2748,2025-11-29,4,127.82,Online,75,511.28
11692,160,2748,2025-06-25,3,74.86,Online,66,224.57999999999998
11693,174,2748,2025-08-24,2,89.89,In-Store,143,179.78
11694,181,2748,2025-10-14,4,231.25,Online,71,925.0
11695,115,2748,2025-06-11,2,114.62,Online,65,229.24
11696,190,2748,2024-11-30,1,121.42,Online,55,121.42
11697,166,2748,2025-02-22,4,151.16,Online,60,604.64
11698,197,2748,2024-12-17,2,270.16,In-Store,131,540.32
11699,147,2748,2025-11-24,1,193.11,In-Store,149,193.11
11700,141,2748,2025-06-15,1,75.02,In-Store,139,75.02
11701,105,2748,2025-05-15,4,45.85,Online,63,183.4
11702,191,2748,2024-10-13,2,196.98,TV,344,393.96
11703,127,2748,2024-11-25,3,184.65,Online,55,553.95
11704,160,2748,2025-11-29,2,74.86,In-Store,148,149.72
11705,164,2748,2024-10-26,1,91.03,Online,53,91.03
11706,166,2748,2025-03-22,5,151.16,Online,60,755.8
11707,118,2748,2025-08-13,3,128.58,Email,290,385.74
11708,168,2748,2025-06-19,3,151.07,Online,66,453.21
11709,177,2748,2025-04-17,3,296.45,Online,62,889.3499999999999
11710,127,2748,2025-10-11,1,184.65,In-Store,146,184.65
11711,190,2748,2025-09-07,5,121.42,In-Store,143,607.1
11712,177,2748,2025-06-04,1,296.45,Online,65,296.45
11713,181,2748,2025-11-04,2,231.25,Email,293,462.5
11714,140,2749,2024-05-21,4,139.7,Online,46,558.8
11715,136,2749,2025-09-24,5,134.23,In-Store,145,671.15
11716,139,2749,2025-08-02,3,162.16,Online,68,486.48
11717,200,2749,2024-05-03,3,213.63,In-Store,119,640.89
11718,132,2749,2023-07-17,2,146.35,Online,29,292.7
11719,174,2749,2025-02-17,3,89.89,Online,59,269.67
11720,195,2749,2022-08-10,4,109.44,Online,11,437.76
11721,192,2749,2023-02-27,3,22.56,In-Store,98,67.67999999999999
11722,125,2749,2025-09-14,5,25.35,In-Store,144,126.75
11723,123,2749,2024-08-06,3,28.54,Online,49,85.62
11724,197,2749,2024-08-01,4,270.16,In-Store,123,1080.64
11725,174,2749,2025-12-13,5,89.89,Online,76,449.45
11726,159,2750,2025-05-08,1,21.52,Online,64,21.52
11727,131,2750,2025-03-01,1,76.52,Social,209,76.52
11728,193,2750,2025-06-05,1,28.68,In-Store,139,28.68
11729,160,2750,2025-07-07,2,74.86,In-Store,142,149.72
11730,121,2750,2025-02-25,2,126.42,Email,282,252.84
11731,135,2750,2025-06-14,2,62.14,Online,65,124.28
11732,121,2750,2024-12-11,2,126.42,Online,56,252.84
11733,117,2751,2024-11-01,3,214.01,In-Store,128,642.03
11734,192,2751,2023-12-24,2,22.56,In-Store,111,45.12
11735,120,2751,2024-08-20,5,186.86,Online,50,934.3000000000001
11736,107,2751,2024-08-06,3,110.76,Social,200,332.28000000000003
11737,185,2751,2025-11-23,1,143.79,Online,74,143.79
11738,105,2751,2025-12-24,3,45.85,Online,77,137.55
11739,127,2751,2025-07-15,5,184.65,In-Store,141,923.25
11740,119,2751,2024-01-20,3,193.28,In-Store,113,579.84
11741,128,2751,2024-02-11,5,69.61,Social,191,348.05
11742,118,2751,2023-12-29,4,128.58,Online,38,514.32
11743,138,2751,2024-04-24,4,115.15,In-Store,119,460.6
11744,199,2751,2025-09-18,3,105.38,Online,70,316.14
11745,164,2751,2024-02-16,1,91.03,In-Store,115,91.03
11746,127,2751,2024-08-21,4,184.65,Social,200,738.6
11747,169,2751,2024-05-12,4,105.46,Online,46,421.84
11748,191,2751,2023-12-27,2,196.98,Online,37,393.96
11749,142,2751,2024-05-14,4,298.93,Social,195,1195.72
11750,143,2752,2024-02-29,3,18.47,In-Store,116,55.41
11751,169,2752,2025-08-29,3,105.46,Online,69,316.38
11752,152,2752,2025-11-28,1,72.34,Online,74,72.34
11753,151,2752,2025-01-21,4,170.44,Online,58,681.76
11754,149,2752,2024-06-30,2,64.92,Social,197,129.84
11755,153,2752,2025-04-13,5,44.91,Online,61,224.54999999999998
11756,161,2752,2023-09-20,4,233.25,Online,33,933.0
11757,196,2752,2023-09-18,5,162.21,In-Store,107,811.0500000000001
11758,184,2752,2025-04-21,5,120.25,Online,62,601.25
11759,151,2752,2025-01-25,2,170.44,In-Store,133,340.88
11760,184,2752,2023-10-05,5,120.25,Online,33,601.25
11761,133,2752,2024-05-15,3,129.42,Online,46,388.26
11762,129,2752,2024-08-20,4,269.37,TV,341,1077.48
11763,157,2752,2024-06-27,4,140.43,Online,47,561.72
11764,118,2752,2024-10-02,3,128.58,Social,202,385.74
11765,156,2752,2025-12-31,5,13.54,Social,222,67.69999999999999
11766,154,2752,2024-11-07,2,39.53,Online,53,79.06
11767,189,2752,2023-06-08,5,47.31,Online,28,236.55
11768,177,2752,2025-04-02,5,296.45,Online,61,1482.25
11769,163,2752,2025-09-04,4,115.65,Online,70,462.6
11770,106,2752,2024-06-29,1,41.44,Online,48,41.44
11771,153,2752,2025-03-04,4,44.91,Online,60,179.64
11772,152,2752,2024-07-13,5,72.34,Online,48,361.70000000000005
11773,160,2752,2023-06-16,3,74.86,Online,27,224.57999999999998
11774,108,2752,2024-01-24,1,127.37,Online,39,127.37
11775,149,2752,2023-10-18,3,64.92,Online,33,194.76
11776,105,2752,2023-12-17,1,45.85,Online,37,45.85
11777,117,2752,2025-11-04,2,214.01,In-Store,147,428.02
11778,162,2752,2024-01-20,4,23.29,Social,190,93.16
11779,175,2752,2024-02-20,1,285.32,Online,40,285.32
11780,175,2752,2024-09-19,2,285.32,Online,51,570.64
11781,165,2752,2024-12-27,2,213.33,In-Store,131,426.66
11782,114,2752,2025-04-25,5,120.5,In-Store,137,602.5
11783,106,2752,2025-11-05,3,41.44,Online,72,124.32
11784,107,2753,2023-01-04,2,110.76,Email,239,221.52
11785,127,2753,2025-07-10,5,184.65,Online,67,923.25
11786,158,2753,2024-01-15,4,132.56,Online,38,530.24
11787,183,2753,2025-03-11,5,127.82,Social,210,639.0999999999999
11788,135,2753,2025-09-25,4,62.14,Email,291,248.56
11789,177,2753,2025-02-11,5,296.45,Social,208,1482.25
11790,114,2753,2022-06-24,5,120.5,In-Store,86,602.5
11791,157,2753,2023-10-12,2,140.43,Online,33,280.86
11792,123,2753,2023-04-19,3,28.54,In-Store,100,85.62
11793,115,2753,2024-02-25,2,114.62,Online,40,229.24
11794,116,2753,2025-09-06,4,161.44,Online,70,645.76
11795,182,2753,2023-01-21,4,73.37,Online,19,293.48
11796,124,2753,2023-02-18,3,174.26,TV,315,522.78
11797,177,2753,2023-08-22,1,296.45,In-Store,106,296.45
11798,111,2753,2024-07-03,5,78.12,Online,47,390.6
11799,165,2753,2023-05-07,4,213.33,Online,25,853.32
11800,127,2753,2022-11-05,4,184.65,Online,15,738.6
11801,135,2753,2022-09-09,5,62.14,Online,12,310.7
11802,128,2753,2023-12-19,3,69.61,Social,188,208.82999999999998
11803,127,2753,2023-07-26,4,184.65,Online,31,738.6
11804,183,2754,2024-11-02,3,127.82,Social,204,383.46
11805,169,2754,2025-03-15,3,105.46,Email,283,316.38
11806,132,2754,2025-08-11,1,146.35,Online,68,146.35
11807,185,2754,2024-02-12,2,143.79,In-Store,115,287.58
11808,198,2754,2025-06-20,5,167.93,Online,66,839.6500000000001
11809,103,2754,2023-06-01,4,74.85,Online,27,299.4
11810,134,2754,2024-12-21,4,113.57,Email,279,454.28
11811,159,2754,2025-05-09,5,21.52,Online,63,107.6
11812,166,2754,2023-04-13,4,151.16,Social,177,604.64
11813,200,2754,2025-04-14,3,213.63,Online,62,640.89
11814,150,2754,2023-05-08,5,66.48,Online,25,332.40000000000003
11815,148,2754,2025-03-28,4,47.75,Online,61,191.0
11816,198,2754,2023-12-16,4,167.93,Online,36,671.72
11817,111,2754,2024-08-23,5,78.12,In-Store,125,390.6
11818,160,2754,2024-11-15,3,74.86,Online,55,224.57999999999998
11819,173,2754,2022-12-14,2,100.75,Social,170,201.5
11820,121,2754,2024-05-03,3,126.42,In-Store,119,379.26
11821,122,2754,2025-04-09,2,224.2,Online,61,448.4
11822,133,2754,2025-07-20,3,129.42,In-Store,142,388.26
11823,196,2754,2024-06-16,2,162.21,Online,47,324.42
11824,109,2754,2023-12-20,2,69.39,TV,330,138.78
11825,168,2754,2023-07-13,5,151.07,Social,181,755.3499999999999
11826,158,2754,2024-01-01,1,132.56,In-Store,111,132.56
11827,170,2754,2023-01-31,3,124.94,Online,20,374.82
11828,165,2754,2023-07-05,1,213.33,Online,29,213.33
11829,124,2754,2023-12-01,3,174.26,Online,36,522.78
11830,118,2754,2024-10-04,2,128.58,Online,52,257.16
11831,124,2754,2025-08-01,3,174.26,Online,68,522.78
11832,133,2754,2024-09-25,2,129.42,Online,52,258.84
11833,138,2754,2025-04-26,3,115.15,TV,354,345.45000000000005
11834,157,2754,2023-04-18,1,140.43,In-Store,100,140.43
11835,141,2755,2024-04-01,1,75.02,Social,192,75.02
11836,173,2755,2023-12-29,2,100.75,Online,38,201.5
11837,130,2755,2024-06-27,1,117.61,In-Store,122,117.61
11838,137,2755,2024-02-01,2,90.95,Online,39,181.9
11839,113,2756,2025-02-16,2,122.3,Online,59,244.6
11840,145,2756,2025-11-30,2,87.44,Online,74,174.88
11841,114,2756,2024-06-04,4,120.5,Online,47,482.0
11842,128,2756,2024-07-08,2,69.61,Online,48,139.22
11843,161,2756,2025-08-20,5,233.25,Email,290,1166.25
11844,170,2756,2024-11-01,5,124.94,In-Store,128,624.7
11845,187,2756,2024-08-10,3,95.73,Online,49,287.19
11846,115,2756,2024-06-15,4,114.62,In-Store,121,458.48
11847,139,2756,2024-05-27,5,162.16,TV,338,810.8
11848,155,2757,2024-12-10,1,71.21,Online,56,71.21
11849,155,2757,2024-08-09,2,71.21,In-Store,123,142.42
11850,169,2757,2024-08-15,1,105.46,Online,50,105.46
11851,113,2757,2024-10-30,2,122.3,Online,53,244.6
11852,114,2757,2024-07-25,3,120.5,Online,48,361.5
11853,172,2757,2024-09-25,1,75.03,Online,51,75.03
11854,114,2757,2024-10-15,3,120.5,TV,345,361.5
11855,152,2758,2025-02-17,3,72.34,Social,208,217.02
11856,121,2758,2024-09-25,4,126.42,Social,202,505.68
11857,127,2758,2025-05-26,2,184.65,Online,65,369.3
11858,103,2758,2024-07-24,2,74.85,Online,48,149.7
11859,151,2758,2024-09-22,3,170.44,Online,51,511.32
11860,110,2758,2025-09-04,3,138.19,TV,360,414.57
11861,110,2758,2024-09-21,4,138.19,In-Store,126,552.76
11862,109,2758,2025-05-09,4,69.39,In-Store,138,277.56
11863,122,2758,2025-10-08,5,224.2,Online,71,1121.0
11864,195,2758,2024-11-25,3,109.44,Online,55,328.32
11865,147,2758,2025-09-17,2,193.11,Online,70,386.22
11866,197,2758,2024-10-20,4,270.16,In-Store,127,1080.64
11867,121,2758,2025-10-10,5,126.42,Online,71,632.1
11868,120,2758,2025-03-25,3,186.86,Online,61,560.58
11869,163,2758,2024-10-31,2,115.65,In-Store,128,231.3
11870,200,2758,2025-06-21,1,213.63,Online,66,213.63
11871,136,2758,2025-06-11,1,134.23,Online,66,134.23
11872,190,2758,2024-10-17,3,121.42,In-Store,127,364.26
11873,108,2758,2025-04-08,5,127.37,Social,211,636.85
11874,114,2758,2024-11-09,4,120.5,Online,54,482.0
11875,138,2759,2025-06-08,1,115.15,In-Store,140,115.15
11876,175,2759,2024-07-06,3,285.32,Email,268,855.96
11877,183,2759,2024-06-08,4,127.82,Online,47,511.28
11878,196,2759,2024-06-02,3,162.21,In-Store,121,486.63
11879,155,2759,2024-09-17,5,71.21,Online,51,356.04999999999995
11880,126,2759,2024-08-02,2,62.9,In-Store,123,125.8
11881,190,2759,2025-06-17,2,121.42,Social,213,242.84
11882,127,2759,2025-02-16,3,184.65,Online,59,553.95
11883,106,2759,2025-04-14,1,41.44,Social,211,41.44
11884,194,2759,2025-07-24,4,70.1,Online,68,280.4
11885,197,2759,2025-09-12,4,270.16,In-Store,144,1080.64
11886,116,2759,2025-11-16,3,161.44,In-Store,148,484.32
11887,191,2759,2025-01-07,4,196.98,Online,58,787.92
11888,116,2759,2025-05-25,4,161.44,Online,65,645.76
11889,153,2759,2025-07-22,4,44.91,Online,68,179.64
11890,122,2759,2024-11-09,3,224.2,In-Store,128,672.5999999999999
11891,110,2759,2025-03-12,2,138.19,In-Store,136,276.38
11892,159,2759,2025-04-19,4,21.52,In-Store,138,86.08
11893,193,2759,2025-09-21,5,28.68,In-Store,144,143.4
11894,149,2760,2023-11-07,2,64.92,Online,35,129.84
11895,105,2760,2024-01-04,1,45.85,In-Store,112,45.85
11896,114,2761,2024-08-12,3,120.5,In-Store,123,361.5
11897,153,2761,2024-09-04,3,44.91,Online,51,134.73
11898,135,2761,2024-10-15,2,62.14,Online,52,124.28
11899,149,2761,2024-10-25,3,64.92,Online,53,194.76
11900,178,2762,2025-02-13,5,58.92,Online,59,294.6
11901,198,2762,2025-02-28,5,167.93,In-Store,136,839.6500000000001
11902,142,2762,2025-04-14,1,298.93,Online,63,298.93
11903,124,2762,2025-06-01,1,174.26,In-Store,139,174.26
11904,128,2762,2025-11-04,2,69.61,Online,72,139.22
11905,186,2762,2024-12-12,3,29.78,Online,56,89.34
11906,147,2762,2024-08-21,3,193.11,Online,50,579.33
11907,199,2762,2025-11-27,4,105.38,TV,364,421.52
11908,102,2762,2024-08-08,3,175.2,Email,270,525.5999999999999
11909,104,2762,2025-10-03,2,50.25,Online,71,100.5
11910,113,2762,2025-10-25,4,122.3,In-Store,146,489.2
11911,116,2762,2025-12-01,1,161.44,In-Store,149,161.44
11912,173,2762,2025-08-27,3,100.75,In-Store,144,302.25
11913,109,2762,2024-10-27,3,69.39,Online,53,208.17000000000002
11914,103,2762,2025-01-08,2,74.85,Online,58,149.7
11915,196,2762,2025-09-09,1,162.21,Online,70,162.21
11916,148,2762,2024-09-21,5,47.75,Online,51,238.75
11917,170,2762,2024-12-21,5,124.94,Online,56,624.7
11918,108,2762,2025-06-09,2,127.37,In-Store,140,254.74
11919,117,2762,2024-07-23,3,214.01,Online,48,642.03
11920,166,2762,2024-10-22,3,151.16,Email,276,453.48
11921,168,2762,2025-10-18,5,151.07,Online,71,755.3499999999999
11922,167,2763,2024-02-12,3,75.91,Online,40,227.73
11923,118,2763,2024-03-21,2,128.58,Online,42,257.16
11924,111,2763,2025-03-06,2,78.12,In-Store,135,156.24
11925,141,2763,2024-09-15,1,75.02,Online,51,75.02
11926,133,2763,2025-03-25,4,129.42,Online,60,517.68
11927,113,2764,2024-01-24,5,122.3,Online,39,611.5
11928,180,2764,2023-08-17,2,97.9,Online,32,195.8
11929,145,2764,2025-07-21,5,87.44,Online,68,437.2
11930,144,2764,2024-02-08,4,22.73,Online,40,90.92
11931,193,2764,2024-11-04,2,28.68,In-Store,128,57.36
11932,166,2764,2024-10-25,1,151.16,In-Store,128,151.16
11933,140,2764,2024-01-26,1,139.7,Online,39,139.7
11934,200,2764,2025-06-21,3,213.63,In-Store,141,640.89
11935,191,2764,2025-04-26,5,196.98,Online,63,984.9
11936,162,2764,2024-04-08,5,23.29,Online,43,116.44999999999999
11937,132,2764,2024-01-22,1,146.35,TV,332,146.35
11938,176,2764,2025-02-27,2,98.45,Online,59,196.9
11939,111,2764,2025-04-04,2,78.12,Email,284,156.24
11940,127,2764,2025-03-25,4,184.65,Online,60,738.6
11941,136,2764,2025-04-05,1,134.23,In-Store,137,134.23
11942,165,2764,2024-09-25,4,213.33,In-Store,125,853.32
11943,177,2764,2025-09-21,2,296.45,In-Store,144,592.9
11944,140,2764,2025-12-09,5,139.7,Email,295,698.5
11945,137,2764,2024-07-15,5,90.95,Online,48,454.75
11946,136,2765,2024-12-18,1,134.23,Online,57,134.23
11947,120,2765,2025-04-04,5,186.86,Online,62,934.3000000000001
11948,165,2765,2025-06-27,4,213.33,Email,287,853.32
11949,133,2765,2025-11-15,3,129.42,Online,73,388.26
11950,108,2765,2025-05-16,3,127.37,Online,64,382.11
11951,141,2765,2025-04-22,1,75.02,In-Store,137,75.02
11952,157,2765,2025-11-18,3,140.43,Email,293,421.29
11953,143,2765,2025-07-24,5,18.47,Online,68,92.35
11954,155,2765,2025-10-04,4,71.21,Online,70,284.84
11955,191,2765,2024-12-13,2,196.98,Online,56,393.96
11956,114,2765,2025-04-18,2,120.5,Online,62,241.0
11957,153,2765,2025-01-10,3,44.91,In-Store,132,134.73
11958,113,2765,2025-04-17,5,122.3,Online,61,611.5
11959,196,2765,2025-10-30,2,162.21,In-Store,147,324.42
11960,106,2765,2025-06-09,2,41.44,Online,65,82.88
11961,114,2765,2025-06-15,5,120.5,Online,66,602.5
11962,137,2765,2025-09-26,1,90.95,Online,70,90.95
11963,185,2766,2025-06-08,2,143.79,Email,287,287.58
11964,186,2766,2025-01-07,3,29.78,Social,206,89.34
11965,116,2766,2025-10-29,1,161.44,Social,220,161.44
11966,127,2766,2025-09-24,4,184.65,Online,70,738.6
11967,109,2766,2025-08-16,2,69.39,Online,69,138.78
11968,133,2766,2025-07-17,3,129.42,In-Store,141,388.26
11969,119,2766,2025-10-18,1,193.28,Online,72,193.28
11970,160,2766,2024-12-01,3,74.86,In-Store,130,224.57999999999998
11971,182,2766,2025-03-09,5,73.37,Social,209,366.85
11972,130,2766,2025-06-13,1,117.61,Online,65,117.61
11973,162,2766,2024-11-03,5,23.29,Social,204,116.44999999999999
11974,124,2766,2025-05-31,2,174.26,In-Store,139,348.52
11975,181,2766,2024-12-31,4,231.25,Online,58,925.0
11976,135,2766,2025-08-16,2,62.14,Online,68,124.28
11977,151,2766,2025-02-10,5,170.44,Email,282,852.2
11978,175,2766,2025-07-03,1,285.32,Online,67,285.32
11979,190,2766,2025-01-19,3,121.42,Online,58,364.26
11980,181,2766,2024-10-31,4,231.25,Online,54,925.0
11981,181,2766,2025-10-30,2,231.25,Email,293,462.5
11982,122,2766,2025-12-30,2,224.2,In-Store,150,448.4
11983,104,2766,2025-11-27,3,50.25,TV,365,150.75
11984,178,2766,2025-12-31,2,58.92,Online,77,117.84
11985,175,2766,2025-05-30,1,285.32,Online,65,285.32
11986,148,2766,2025-08-11,2,47.75,Online,69,95.5
11987,178,2767,2023-08-10,2,58.92,Online,32,117.84
11988,105,2767,2023-07-20,1,45.85,Online,30,45.85
11989,150,2767,2023-10-18,4,66.48,Online,34,265.92
11990,192,2767,2024-06-07,2,22.56,Online,46,45.12
11991,193,2767,2025-01-31,2,28.68,Online,58,57.36
11992,123,2768,2023-06-27,2,28.54,Online,28,57.08
11993,124,2768,2024-10-28,3,174.26,In-Store,128,522.78
11994,107,2768,2024-12-31,3,110.76,TV,348,332.28000000000003
11995,126,2768,2025-11-01,2,62.9,Online,72,125.8
11996,191,2768,2025-11-19,3,196.98,Social,221,590.9399999999999
11997,197,2768,2023-04-20,5,270.16,Online,24,1350.8000000000002
11998,151,2768,2024-01-16,3,170.44,Online,39,511.32
11999,122,2768,2025-10-13,4,224.2,Online,72,896.8
12000,151,2768,2023-10-04,5,170.44,Email,254,852.2
12001,106,2768,2025-12-14,3,41.44,TV,365,124.32
12002,129,2768,2025-10-30,5,269.37,Online,72,1346.85
12003,114,2768,2024-05-29,4,120.5,Online,46,482.0
12004,101,2768,2024-11-04,3,116.4,In-Store,128,349.20000000000005
12005,138,2768,2024-07-27,3,115.15,Online,49,345.45000000000005
12006,144,2768,2024-05-07,1,22.73,Online,45,22.73
12007,138,2768,2024-11-20,5,115.15,Online,55,575.75
12008,172,2768,2023-12-29,1,75.03,Online,38,75.03
12009,121,2768,2024-11-06,3,126.42,In-Store,128,379.26
12010,125,2768,2025-08-28,3,25.35,Online,68,76.05000000000001
12011,167,2769,2024-10-06,4,75.91,Online,52,303.64
12012,183,2769,2025-08-10,3,127.82,Online,68,383.46
12013,171,2769,2025-12-09,3,117.28,In-Store,149,351.84000000000003
12014,175,2769,2025-01-14,4,285.32,Online,58,1141.28
12015,160,2769,2025-11-14,2,74.86,Online,74,149.72
12016,172,2769,2023-12-26,1,75.03,Online,37,75.03
12017,197,2769,2025-03-13,2,270.16,Online,60,540.32
12018,147,2769,2025-08-14,3,193.11,Online,68,579.33
12019,200,2769,2024-05-30,2,213.63,In-Store,121,427.26
12020,145,2769,2024-05-20,3,87.44,Online,46,262.32
12021,144,2769,2024-12-19,2,22.73,Social,205,45.46
12022,147,2769,2024-12-15,1,193.11,Social,205,193.11
12023,194,2769,2024-09-19,3,70.1,In-Store,125,210.29999999999998
12024,115,2769,2025-03-20,3,114.62,In-Store,136,343.86
12025,155,2769,2024-04-06,3,71.21,Online,43,213.63
12026,194,2769,2025-06-19,5,70.1,Online,66,350.5
12027,151,2769,2025-09-01,2,170.44,Online,70,340.88
12028,116,2769,2025-09-30,5,161.44,In-Store,145,807.2
12029,171,2769,2025-08-02,1,117.28,Online,68,117.28
12030,168,2769,2024-11-13,3,151.07,Email,277,453.21
12031,156,2770,2023-08-09,3,13.54,Online,32,40.62
12032,184,2770,2024-05-10,4,120.25,In-Store,120,481.0
12033,133,2770,2024-05-03,3,129.42,Online,44,388.26
12034,193,2770,2024-03-22,1,28.68,In-Store,117,28.68
12035,149,2770,2024-01-15,1,64.92,Online,39,64.92
12036,194,2770,2022-11-05,1,70.1,Online,15,70.1
12037,167,2770,2023-04-01,3,75.91,In-Store,100,227.73
12038,108,2770,2022-10-15,4,127.37,Online,15,509.48
12039,140,2771,2024-12-08,5,139.7,Online,56,698.5
12040,167,2771,2025-02-13,1,75.91,In-Store,135,75.91
12041,139,2771,2025-09-06,1,162.16,Online,69,162.16
12042,139,2771,2024-10-30,3,162.16,In-Store,128,486.48
12043,121,2771,2025-05-16,1,126.42,In-Store,139,126.42
12044,134,2771,2025-06-17,3,113.57,Online,66,340.71
12045,131,2771,2025-10-24,4,76.52,Online,72,306.08
12046,121,2771,2025-07-22,3,126.42,Online,67,379.26
12047,120,2771,2025-11-09,1,186.86,Online,73,186.86
12048,124,2771,2025-03-31,5,174.26,Email,284,871.3
12049,108,2771,2025-12-19,5,127.37,Online,77,636.85
12050,160,2771,2025-09-15,4,74.86,Online,70,299.44
12051,198,2771,2025-08-16,4,167.93,Online,69,671.72
12052,151,2772,2024-02-12,3,170.44,Online,40,511.32
12053,104,2772,2024-02-24,1,50.25,In-Store,115,50.25
12054,120,2772,2025-06-28,3,186.86,Social,213,560.58
12055,126,2772,2024-11-19,4,62.9,Social,204,251.6
12056,116,2772,2025-07-09,1,161.44,TV,357,161.44
12057,190,2772,2024-07-11,4,121.42,In-Store,122,485.68
12058,198,2772,2022-11-26,3,167.93,Social,169,503.79
12059,176,2772,2023-03-27,3,98.45,In-Store,100,295.35
12060,136,2772,2025-05-23,5,134.23,Online,65,671.15
12061,193,2772,2024-04-16,3,28.68,Online,43,86.03999999999999
12062,114,2772,2023-03-03,1,120.5,In-Store,98,120.5
12063,177,2772,2025-07-17,2,296.45,Social,215,592.9
12064,153,2772,2024-08-08,1,44.91,Social,200,44.91
12065,125,2772,2024-06-13,3,25.35,In-Store,120,76.05000000000001
12066,148,2772,2024-09-16,5,47.75,In-Store,126,238.75
12067,138,2772,2025-01-22,1,115.15,Online,58,115.15
12068,119,2772,2023-07-15,1,193.28,In-Store,104,193.28
12069,172,2772,2022-06-04,3,75.03,Online,7,225.09
12070,117,2772,2025-07-23,4,214.01,In-Store,142,856.04
12071,123,2772,2024-02-23,4,28.54,Online,41,114.16
12072,136,2773,2024-01-06,3,134.23,Social,189,402.68999999999994
12073,137,2773,2024-03-10,3,90.95,Email,262,272.85
12074,104,2773,2023-05-08,4,50.25,Online,25,201.0
12075,192,2773,2023-12-21,4,22.56,Online,37,90.24
12076,194,2773,2024-01-18,3,70.1,In-Store,112,210.29999999999998
12077,141,2773,2024-06-17,1,75.02,Online,47,75.02
12078,167,2773,2023-12-10,4,75.91,Social,187,303.64
12079,154,2773,2023-10-25,4,39.53,Social,185,158.12
12080,131,2774,2024-10-14,1,76.52,In-Store,127,76.52
12081,128,2774,2024-05-23,1,69.61,Online,46,69.61
12082,130,2774,2024-09-30,2,117.61,Online,51,235.22
12083,190,2774,2024-09-27,4,121.42,In-Store,126,485.68
12084,169,2774,2024-08-09,2,105.46,Online,49,210.92
12085,130,2774,2024-06-14,1,117.61,Online,47,117.61
12086,141,2775,2024-05-20,4,75.02,Online,46,300.08
12087,106,2775,2025-06-17,1,41.44,Online,66,41.44
12088,192,2775,2025-07-26,5,22.56,Online,68,112.8
12089,130,2775,2024-11-04,4,117.61,In-Store,128,470.44
12090,152,2775,2025-11-19,5,72.34,In-Store,147,361.70000000000005
12091,157,2775,2024-09-10,2,140.43,Online,51,280.86
12092,174,2775,2024-04-18,2,89.89,Online,43,179.78
12093,175,2775,2024-04-22,5,285.32,Online,43,1426.6
12094,170,2775,2024-10-28,1,124.94,In-Store,128,124.94
12095,189,2775,2025-08-07,5,47.31,Online,68,236.55
12096,152,2775,2024-11-14,4,72.34,Online,54,289.36
12097,148,2775,2024-04-02,2,47.75,In-Store,118,95.5
12098,157,2775,2025-02-09,5,140.43,Online,59,702.1500000000001
12099,108,2775,2025-12-05,3,127.37,Online,74,382.11
12100,156,2775,2024-12-04,4,13.54,Online,55,54.16
12101,106,2776,2024-04-03,3,41.44,Social,192,124.32
12102,173,2776,2024-04-21,1,100.75,Social,194,100.75
12103,141,2776,2024-06-07,1,75.02,Online,46,75.02
12104,158,2777,2024-04-26,1,132.56,Online,44,132.56
12105,169,2777,2023-02-08,4,105.46,In-Store,97,421.84
12106,186,2777,2024-08-20,1,29.78,Online,49,29.78
12107,118,2777,2024-01-09,3,128.58,Online,38,385.74
12108,198,2777,2024-01-29,2,167.93,In-Store,113,335.86
12109,119,2777,2023-01-14,3,193.28,Social,171,579.84
12110,189,2777,2025-07-02,5,47.31,Online,67,236.55
12111,151,2777,2024-05-21,1,170.44,Online,46,170.44
12112,191,2777,2025-04-22,1,196.98,Online,62,196.98
12113,186,2777,2023-01-07,1,29.78,Social,171,29.78
12114,121,2777,2024-04-10,4,126.42,Online,43,505.68
12115,189,2777,2024-08-31,2,47.31,Online,51,94.62
12116,198,2777,2025-12-30,2,167.93,Social,222,335.86
12117,122,2777,2024-08-21,1,224.2,Online,49,224.2
12118,158,2777,2024-04-16,5,132.56,Online,43,662.8
12119,129,2777,2024-08-08,2,269.37,Social,200,538.74
12120,152,2777,2023-03-28,5,72.34,Online,22,361.70000000000005
12121,123,2778,2024-07-14,3,28.54,Online,48,85.62
12122,172,2778,2024-04-14,3,75.03,In-Store,118,225.09
12123,163,2778,2024-01-31,4,115.65,Online,40,462.6
12124,194,2778,2024-01-29,3,70.1,Online,40,210.29999999999998
12125,125,2778,2024-04-19,2,25.35,In-Store,118,50.7
12126,160,2778,2024-01-29,1,74.86,Online,40,74.86
12127,170,2778,2024-08-17,3,124.94,In-Store,124,374.82
12128,154,2778,2024-05-05,3,39.53,TV,337,118.59
12129,111,2778,2024-08-21,1,78.12,Online,50,78.12
12130,154,2778,2024-08-30,3,39.53,Online,49,118.59
12131,103,2778,2024-06-20,3,74.85,In-Store,121,224.54999999999998
12132,103,2778,2024-08-05,3,74.85,Social,199,224.54999999999998
12133,105,2778,2024-01-06,3,45.85,Online,38,137.55
12134,155,2778,2024-04-26,3,71.21,Online,45,213.63
12135,111,2778,2024-05-22,3,78.12,Online,46,234.36
12136,101,2779,2023-12-09,4,116.4,Online,37,465.6
12137,131,2779,2024-07-13,1,76.52,In-Store,122,76.52
12138,121,2779,2023-06-21,3,126.42,Online,28,379.26
12139,183,2779,2024-04-20,2,127.82,In-Store,118,255.64
12140,145,2779,2023-07-07,4,87.44,Online,29,349.76
12141,135,2779,2023-07-13,3,62.14,Social,180,186.42000000000002
12142,199,2779,2023-10-22,2,105.38,Social,184,210.76
12143,137,2779,2023-07-11,3,90.95,Online,29,272.85
12144,173,2779,2024-04-08,1,100.75,Online,43,100.75
12145,104,2779,2024-05-16,3,50.25,Online,45,150.75
12146,135,2779,2023-09-25,2,62.14,Email,253,124.28
12147,136,2779,2023-12-10,1,134.23,Online,36,134.23
12148,176,2779,2024-07-06,4,98.45,In-Store,123,393.8
12149,135,2779,2023-12-03,4,62.14,Online,37,248.56
12150,144,2780,2023-02-26,3,22.73,Online,22,68.19
12151,133,2780,2023-03-09,2,129.42,Online,22,258.84
12152,173,2780,2023-05-11,1,100.75,In-Store,101,100.75
12153,192,2780,2023-08-15,2,22.56,In-Store,106,45.12
12154,169,2780,2023-03-25,2,105.46,Online,23,210.92
12155,188,2780,2023-01-18,1,12.93,Online,19,12.93
12156,156,2781,2024-08-12,3,13.54,TV,340,40.62
12157,199,2781,2024-09-05,1,105.38,In-Store,124,105.38
12158,184,2781,2024-07-18,2,120.25,Online,48,240.5
12159,169,2781,2024-05-06,1,105.46,Online,45,105.46
12160,194,2781,2024-09-28,4,70.1,Online,52,280.4
12161,136,2781,2024-08-27,2,134.23,TV,342,268.46
12162,117,2782,2025-12-21,4,214.01,Online,77,856.04
12163,181,2782,2024-10-15,3,231.25,Online,52,693.75
12164,108,2782,2025-05-12,1,127.37,Social,212,127.37
12165,190,2782,2025-01-08,5,121.42,Email,280,607.1
12166,182,2782,2025-07-16,5,73.37,Email,289,366.85
12167,190,2782,2025-05-01,3,121.42,Online,64,364.26
12168,108,2782,2024-09-10,5,127.37,Online,51,636.85
12169,131,2782,2025-08-03,3,76.52,In-Store,143,229.56
12170,103,2782,2025-06-16,2,74.85,TV,356,149.7
12171,132,2782,2025-01-03,1,146.35,Online,58,146.35
12172,151,2782,2025-01-31,3,170.44,Social,207,511.32
12173,181,2782,2025-09-17,5,231.25,Online,70,1156.25
12174,155,2782,2025-05-27,5,71.21,Online,65,356.04999999999995
12175,110,2782,2025-09-08,5,138.19,Online,69,690.95
12176,111,2782,2024-10-31,5,78.12,In-Store,128,390.6
12177,132,2782,2024-12-11,4,146.35,Social,205,585.4
12178,167,2782,2025-09-08,3,75.91,Online,70,227.73
12179,127,2782,2025-08-04,3,184.65,Online,68,553.95
12180,103,2782,2025-08-12,3,74.85,Online,69,224.54999999999998
12181,142,2782,2025-10-30,2,298.93,Online,72,597.86
12182,182,2782,2025-08-22,1,73.37,In-Store,143,73.37
12183,122,2782,2025-04-25,1,224.2,Online,63,224.2
12184,130,2782,2025-11-08,5,117.61,In-Store,147,588.05
12185,139,2782,2024-12-29,2,162.16,Online,56,324.32
12186,154,2782,2024-12-19,1,39.53,Social,205,39.53
12187,161,2782,2025-07-20,4,233.25,Online,68,933.0
12188,165,2782,2025-03-21,2,213.33,Online,60,426.66
12189,196,2782,2025-01-04,5,162.21,In-Store,132,811.0500000000001
12190,143,2782,2025-08-16,2,18.47,Online,68,36.94
12191,135,2783,2025-04-30,1,62.14,Email,285,62.14
12192,129,2783,2025-02-27,1,269.37,Email,282,269.37
12193,101,2783,2025-03-24,5,116.4,Social,210,582.0
12194,174,2783,2025-10-26,5,89.89,TV,363,449.45
12195,113,2783,2025-01-23,1,122.3,In-Store,133,122.3
12196,103,2783,2025-09-12,2,74.85,Online,70,149.7
12197,192,2783,2025-03-22,3,22.56,In-Store,136,67.67999999999999
12198,190,2783,2025-07-01,1,121.42,Online,67,121.42
12199,156,2783,2025-10-17,1,13.54,Online,71,13.54
12200,166,2783,2025-10-01,1,151.16,Email,291,151.16
12201,186,2783,2025-10-14,5,29.78,In-Store,146,148.9
12202,184,2783,2025-02-21,3,120.25,Social,208,360.75
12203,141,2783,2025-01-26,5,75.02,Online,59,375.09999999999997
12204,168,2783,2025-07-07,1,151.07,In-Store,142,151.07
12205,123,2783,2025-08-24,1,28.54,Online,69,28.54
12206,102,2783,2025-03-03,4,175.2,Online,60,700.8
12207,139,2783,2025-08-27,1,162.16,TV,360,162.16
12208,120,2783,2025-01-07,4,186.86,In-Store,132,747.44
12209,189,2783,2025-06-25,3,47.31,Online,66,141.93
12210,109,2783,2025-08-29,2,69.39,Online,68,138.78
12211,194,2784,2025-02-15,1,70.1,In-Store,135,70.1
12212,183,2784,2025-08-30,3,127.82,Online,69,383.46
12213,102,2784,2024-10-10,1,175.2,Email,274,175.2
12214,132,2784,2023-03-14,1,146.35,Online,22,146.35
12215,189,2784,2023-09-04,4,47.31,TV,324,189.24
12216,193,2784,2024-06-13,1,28.68,Online,46,28.68
12217,166,2784,2025-07-09,2,151.16,TV,356,302.32
12218,113,2784,2023-01-31,4,122.3,Online,20,489.2
12219,102,2784,2025-01-25,1,175.2,Online,58,175.2
12220,144,2784,2025-02-22,5,22.73,In-Store,134,113.65
12221,167,2784,2023-07-30,2,75.91,Social,181,151.82
12222,195,2784,2023-06-15,3,109.44,Online,28,328.32
12223,166,2784,2024-10-20,3,151.16,Online,53,453.48
12224,157,2784,2023-11-05,4,140.43,In-Store,109,561.72
12225,146,2784,2024-04-06,5,28.76,TV,335,143.8
12226,127,2784,2022-11-24,3,184.65,Online,17,553.95
12227,140,2784,2024-03-06,2,139.7,Online,41,279.4
12228,133,2784,2024-01-12,4,129.42,Social,190,517.68
12229,183,2784,2023-04-21,4,127.82,Online,24,511.28
12230,142,2784,2025-05-12,4,298.93,In-Store,138,1195.72
12231,109,2784,2024-02-26,3,69.39,Email,261,208.17000000000002
12232,168,2784,2023-05-26,2,151.07,In-Store,102,302.14
12233,103,2784,2024-08-13,4,74.85,Online,49,299.4
12234,160,2784,2023-06-04,5,74.86,Online,28,374.3
12235,186,2784,2022-11-22,2,29.78,Online,17,59.56
12236,158,2784,2024-10-30,2,132.56,Online,54,265.12
12237,149,2784,2025-06-19,2,64.92,Online,66,129.84
12238,129,2784,2024-12-30,3,269.37,Online,56,808.11
12239,136,2784,2024-07-09,5,134.23,In-Store,122,671.15
12240,190,2784,2023-08-21,1,121.42,In-Store,106,121.42
12241,166,2784,2024-05-19,2,151.16,Online,46,302.32
12242,110,2784,2023-02-14,3,138.19,Online,20,414.57
12243,160,2785,2025-09-28,1,74.86,In-Store,145,74.86
12244,123,2785,2024-08-24,1,28.54,Online,49,28.54
12245,121,2785,2025-03-09,5,126.42,In-Store,135,632.1
12246,125,2785,2024-05-21,5,25.35,In-Store,120,126.75
12247,188,2785,2023-07-29,3,12.93,Online,31,38.79
12248,193,2785,2025-06-19,5,28.68,Online,66,143.4
12249,142,2785,2025-06-26,4,298.93,Online,66,1195.72
12250,149,2785,2024-04-10,2,64.92,In-Store,118,129.84
12251,131,2785,2025-12-13,3,76.52,Online,76,229.56
12252,108,2785,2025-04-15,4,127.37,Online,61,509.48
12253,168,2785,2025-03-15,4,151.07,Social,209,604.28
12254,110,2785,2025-04-11,4,138.19,Online,61,552.76
12255,169,2785,2025-11-28,4,105.46,Email,294,421.84
12256,139,2785,2024-02-05,5,162.16,Online,40,810.8
12257,175,2785,2025-04-15,4,285.32,TV,353,1141.28
12258,163,2785,2025-03-30,5,115.65,Online,61,578.25
12259,136,2785,2022-12-03,5,134.23,Email,238,671.15
12260,129,2785,2023-03-17,4,269.37,Online,22,1077.48
12261,154,2785,2025-12-08,5,39.53,In-Store,149,197.65
12262,163,2785,2023-03-08,2,115.65,Online,22,231.3
12263,116,2785,2022-11-28,1,161.44,In-Store,94,161.44
12264,175,2785,2025-10-22,3,285.32,Social,220,855.96
12265,132,2785,2025-11-28,3,146.35,Online,74,439.04999999999995
12266,143,2785,2025-06-14,3,18.47,Online,66,55.41
12267,196,2785,2024-05-15,2,162.21,Online,46,324.42
12268,110,2785,2023-09-11,2,138.19,In-Store,107,276.38
12269,110,2785,2022-06-06,3,138.19,Social,160,414.57
12270,159,2785,2023-11-07,1,21.52,In-Store,110,21.52
12271,140,2785,2025-01-07,5,139.7,Social,206,698.5
12272,123,2786,2023-08-09,2,28.54,Online,32,57.08
12273,126,2786,2024-04-28,1,62.9,Online,43,62.9
12274,189,2786,2025-08-05,2,47.31,In-Store,142,94.62
12275,188,2786,2025-07-27,5,12.93,Social,214,64.65
12276,190,2786,2024-02-25,1,121.42,Online,40,121.42
12277,198,2786,2025-09-27,1,167.93,In-Store,145,167.93
12278,104,2786,2025-05-21,5,50.25,Online,65,251.25
12279,132,2786,2024-11-20,4,146.35,In-Store,128,585.4
12280,104,2786,2024-12-14,2,50.25,Online,56,100.5
12281,168,2786,2025-03-11,4,151.07,Social,209,604.28
12282,116,2786,2025-08-19,3,161.44,In-Store,143,484.32
12283,200,2786,2024-10-12,1,213.63,Online,53,213.63
12284,120,2786,2023-06-14,5,186.86,Email,249,934.3000000000001
12285,186,2786,2025-09-09,3,29.78,Online,69,89.34
12286,111,2786,2025-01-26,1,78.12,Online,58,78.12
12287,116,2786,2024-01-04,4,161.44,Online,38,645.76
12288,118,2786,2025-11-01,1,128.58,Online,73,128.58
12289,178,2786,2023-06-01,3,58.92,In-Store,102,176.76
12290,179,2786,2025-09-05,1,69.62,Online,70,69.62
12291,175,2786,2025-09-24,1,285.32,Email,291,285.32
12292,177,2786,2025-07-05,1,296.45,Online,67,296.45
12293,138,2786,2024-07-07,2,115.15,Social,198,230.3
12294,127,2786,2025-02-15,1,184.65,Social,208,184.65
12295,170,2786,2023-07-04,1,124.94,In-Store,104,124.94
12296,187,2786,2025-11-28,1,95.73,In-Store,148,95.73
12297,133,2787,2023-09-09,1,129.42,Online,33,129.42
12298,125,2787,2024-04-28,4,25.35,In-Store,119,101.4
12299,141,2787,2024-11-08,1,75.02,Social,204,75.02
12300,151,2787,2022-10-19,3,170.44,Online,15,511.32
12301,200,2787,2024-07-26,2,213.63,In-Store,123,427.26
12302,107,2787,2023-01-12,5,110.76,Online,19,553.8000000000001
12303,113,2787,2022-12-09,5,122.3,Email,239,611.5
12304,102,2787,2025-01-09,1,175.2,Online,58,175.2
12305,121,2787,2022-12-31,4,126.42,Online,19,505.68
12306,176,2787,2023-01-21,3,98.45,Social,172,295.35
12307,183,2787,2025-07-08,3,127.82,Online,67,383.46
12308,168,2787,2023-01-23,2,151.07,Email,241,302.14
12309,122,2787,2022-08-26,2,224.2,Email,235,448.4
12310,119,2787,2023-08-29,1,193.28,Online,32,193.28
12311,158,2787,2024-10-18,5,132.56,Social,203,662.8
12312,198,2787,2024-01-10,2,167.93,Online,39,335.86
12313,118,2787,2023-08-05,2,128.58,Online,30,257.16
12314,152,2787,2023-07-22,2,72.34,Online,30,144.68
12315,153,2787,2025-11-17,3,44.91,Online,73,134.73
12316,188,2787,2024-08-30,1,12.93,Social,201,12.93
12317,136,2787,2023-04-09,2,134.23,Online,24,268.46
12318,177,2787,2022-09-08,5,296.45,Social,163,1482.25
12319,188,2788,2024-09-22,2,12.93,Online,51,25.86
12320,152,2788,2023-11-06,4,72.34,Online,34,289.36
12321,108,2788,2023-11-08,4,127.37,Online,35,509.48
12322,167,2788,2024-04-26,2,75.91,Online,43,151.82
12323,106,2788,2023-09-13,4,41.44,In-Store,107,165.76
12324,193,2788,2024-01-09,4,28.68,Email,258,114.72
12325,111,2789,2025-04-28,1,78.12,Email,285,78.12
12326,123,2789,2025-03-01,3,28.54,In-Store,136,85.62
12327,169,2789,2024-11-16,2,105.46,Online,54,210.92
12328,169,2789,2025-03-28,4,105.46,Online,60,421.84
12329,144,2789,2025-01-28,4,22.73,In-Store,134,90.92
12330,170,2789,2025-01-20,4,124.94,Online,58,499.76
12331,167,2790,2023-12-05,3,75.91,Online,36,227.73
12332,141,2790,2023-03-11,3,75.02,In-Store,99,225.06
12333,188,2790,2023-01-18,2,12.93,Email,240,25.86
12334,136,2790,2022-12-22,2,134.23,Social,170,268.46
12335,136,2790,2022-11-22,3,134.23,Online,17,402.68999999999994
12336,193,2790,2022-08-14,3,28.68,Online,11,86.03999999999999
12337,160,2790,2023-06-28,3,74.86,Online,29,224.57999999999998
12338,126,2790,2022-10-18,2,62.9,Online,14,125.8
12339,194,2791,2024-02-25,2,70.1,Social,191,140.2
12340,141,2791,2023-12-14,2,75.02,In-Store,111,150.04
12341,193,2791,2024-02-10,2,28.68,In-Store,115,57.36
12342,133,2791,2024-09-15,2,129.42,Online,51,258.84
12343,187,2791,2024-03-07,2,95.73,In-Store,117,191.46
12344,103,2792,2025-05-03,4,74.85,Online,63,299.4
12345,129,2792,2023-12-18,4,269.37,Online,36,1077.48
12346,136,2792,2025-01-14,2,134.23,Online,58,268.46
12347,116,2792,2025-10-15,2,161.44,Online,71,322.88
12348,116,2792,2025-08-08,4,161.44,In-Store,143,645.76
12349,182,2792,2024-08-08,3,73.37,In-Store,124,220.11
12350,167,2792,2024-11-27,2,75.91,Online,55,151.82
12351,124,2792,2024-04-06,3,174.26,TV,335,522.78
12352,177,2792,2025-05-04,3,296.45,In-Store,138,889.3499999999999
12353,129,2792,2023-12-09,1,269.37,In-Store,111,269.37
12354,149,2792,2023-11-05,3,64.92,Online,35,194.76
12355,119,2792,2024-07-28,5,193.28,Online,49,966.4
12356,173,2792,2025-12-05,5,100.75,TV,365,503.75
12357,126,2792,2023-11-22,2,62.9,Online,35,125.8
12358,120,2792,2024-02-08,3,186.86,In-Store,114,560.58
12359,175,2792,2024-01-08,4,285.32,Online,39,1141.28
12360,107,2792,2023-11-11,5,110.76,In-Store,110,553.8000000000001
12361,169,2792,2025-06-19,3,105.46,In-Store,141,316.38
12362,181,2792,2025-04-15,5,231.25,Email,284,1156.25
12363,194,2793,2024-08-31,1,70.1,TV,342,70.1
12364,133,2793,2024-06-30,2,129.42,Social,198,258.84
12365,107,2793,2024-05-28,1,110.76,Online,46,110.76
12366,200,2794,2025-09-13,1,213.63,In-Store,144,213.63
12367,104,2794,2023-07-10,4,50.25,Online,29,201.0
12368,116,2794,2023-02-17,3,161.44,Social,173,484.32
12369,111,2794,2023-09-24,3,78.12,In-Store,107,234.36
12370,128,2794,2023-09-10,2,69.61,Online,33,139.22
12371,110,2794,2025-01-25,3,138.19,Online,59,414.57
12372,116,2794,2023-07-01,5,161.44,Online,29,807.2
12373,133,2794,2025-05-10,5,129.42,In-Store,139,647.0999999999999
12374,140,2794,2025-03-12,5,139.7,Online,60,698.5
12375,183,2794,2025-02-16,4,127.82,Social,208,511.28
12376,190,2794,2023-11-08,3,121.42,Online,35,364.26
12377,166,2794,2023-08-09,5,151.16,Social,182,755.8
12378,157,2794,2024-09-26,1,140.43,Online,52,140.43
12379,200,2794,2025-10-27,1,213.63,In-Store,147,213.63
12380,145,2794,2024-12-19,3,87.44,Online,57,262.32
12381,167,2794,2025-05-26,5,75.91,Online,65,379.54999999999995
12382,148,2794,2024-01-21,2,47.75,Email,259,95.5
12383,102,2794,2025-04-17,4,175.2,In-Store,138,700.8
12384,105,2795,2023-11-18,1,45.85,Online,36,45.85
12385,103,2795,2023-10-13,2,74.85,Online,33,149.7
12386,190,2795,2023-04-13,1,121.42,Online,24,121.42
12387,167,2795,2023-08-16,2,75.91,Social,182,151.82
12388,173,2795,2024-02-25,4,100.75,TV,333,403.0
12389,143,2795,2023-07-11,3,18.47,Online,29,55.41
12390,156,2795,2024-02-17,2,13.54,Online,40,27.08
12391,114,2795,2023-10-05,3,120.5,Online,33,361.5
12392,128,2795,2023-02-26,2,69.61,Online,22,139.22
12393,130,2796,2025-02-14,1,117.61,Online,59,117.61
12394,191,2796,2024-12-16,2,196.98,Social,205,393.96
12395,187,2796,2025-10-27,1,95.73,Online,72,95.73
12396,122,2796,2025-03-30,2,224.2,In-Store,137,448.4
12397,134,2796,2025-04-12,1,113.57,Online,62,113.57
12398,151,2796,2025-03-14,3,170.44,Online,60,511.32
12399,108,2796,2025-03-22,3,127.37,Online,61,382.11
12400,197,2796,2025-10-29,4,270.16,Social,220,1080.64
12401,174,2796,2024-11-08,3,89.89,Social,203,269.67
12402,117,2796,2025-09-08,5,214.01,Email,291,1070.05
12403,198,2796,2025-12-04,3,167.93,Online,75,503.79
12404,183,2796,2025-03-25,3,127.82,Online,60,383.46
12405,140,2796,2024-06-17,3,139.7,In-Store,121,419.09999999999997
12406,110,2796,2025-07-10,4,138.19,Online,67,552.76
12407,199,2796,2025-04-21,3,105.38,Online,63,316.14
12408,191,2796,2024-06-28,4,196.98,In-Store,122,787.92
12409,171,2796,2025-12-07,2,117.28,TV,364,234.56
12410,111,2797,2023-12-04,2,78.12,Online,36,156.24
12411,143,2797,2024-05-18,1,18.47,Online,46,18.47
12412,200,2797,2025-04-24,2,213.63,In-Store,137,427.26
12413,151,2797,2025-07-01,2,170.44,In-Store,141,340.88
12414,180,2797,2025-11-04,3,97.9,Online,73,293.70000000000005
12415,182,2797,2024-01-04,4,73.37,In-Store,111,293.48
12416,158,2797,2024-01-16,3,132.56,Online,38,397.68
12417,107,2797,2024-06-11,4,110.76,Social,196,443.04
12418,185,2797,2023-10-10,1,143.79,In-Store,108,143.79
12419,124,2797,2023-10-04,3,174.26,Online,33,522.78
12420,185,2797,2024-02-05,3,143.79,In-Store,114,431.37
12421,132,2797,2024-08-01,3,146.35,Social,199,439.04999999999995
12422,165,2797,2025-03-15,3,213.33,Online,61,639.99
12423,164,2797,2024-08-19,3,91.03,Online,50,273.09000000000003
12424,146,2797,2024-10-26,4,28.76,Online,53,115.04
12425,133,2797,2023-08-16,5,129.42,Online,32,647.0999999999999
12426,192,2797,2025-12-10,5,22.56,In-Store,149,112.8
12427,154,2798,2023-06-08,1,39.53,Email,248,39.53
12428,183,2798,2023-05-10,2,127.82,Online,25,255.64
12429,186,2798,2023-07-10,1,29.78,Online,29,29.78
12430,161,2799,2025-01-16,4,233.25,In-Store,132,933.0
12431,121,2799,2024-03-30,2,126.42,Social,192,252.84
12432,185,2799,2024-11-22,2,143.79,Online,55,287.58
12433,130,2799,2025-05-14,5,117.61,Online,64,588.05
12434,153,2799,2025-03-08,4,44.91,In-Store,135,179.64
12435,123,2799,2024-02-12,4,28.54,Online,40,114.16
12436,102,2799,2023-12-23,4,175.2,In-Store,112,700.8
12437,116,2799,2025-11-26,5,161.44,Online,75,807.2
12438,157,2799,2025-10-14,1,140.43,Social,218,140.43
12439,155,2799,2024-09-27,1,71.21,In-Store,125,71.21
12440,140,2799,2025-06-27,5,139.7,Online,67,698.5
12441,159,2799,2025-10-03,3,21.52,In-Store,145,64.56
12442,113,2799,2024-06-16,4,122.3,Online,47,489.2
12443,102,2799,2025-04-16,1,175.2,In-Store,137,175.2
12444,108,2799,2023-12-03,4,127.37,In-Store,111,509.48
12445,111,2799,2025-09-02,3,78.12,TV,359,234.36
12446,152,2799,2024-03-01,2,72.34,Online,41,144.68
12447,148,2799,2023-10-21,1,47.75,In-Store,108,47.75
12448,159,2799,2025-10-16,2,21.52,Online,72,43.04
12449,116,2800,2025-11-08,3,161.44,Social,220,484.32
12450,119,2800,2024-03-09,1,193.28,Online,42,193.28
12451,188,2800,2024-10-09,2,12.93,In-Store,127,25.86
12452,184,2800,2023-12-15,2,120.25,In-Store,112,240.5
12453,187,2800,2025-03-23,1,95.73,In-Store,136,95.73
12454,119,2800,2024-08-05,3,193.28,TV,340,579.84
12455,180,2800,2024-08-23,2,97.9,Online,50,195.8
12456,149,2800,2025-01-30,3,64.92,Social,207,194.76
12457,154,2800,2025-12-02,4,39.53,In-Store,149,158.12
12458,192,2800,2025-02-04,1,22.56,In-Store,134,22.56
12459,143,2800,2024-08-08,3,18.47,Social,199,55.41
12460,136,2800,2025-03-09,4,134.23,Online,60,536.92
12461,151,2800,2025-11-26,3,170.44,Online,75,511.32
12462,114,2800,2025-12-25,2,120.5,In-Store,149,241.0
12463,177,2800,2024-05-01,4,296.45,In-Store,119,1185.8
12464,196,2800,2025-01-29,4,162.21,Online,59,648.84
12465,118,2800,2023-12-09,1,128.58,Online,37,128.58
12466,185,2800,2024-09-21,4,143.79,Online,51,575.16
12467,134,2800,2023-11-27,5,113.57,In-Store,110,567.8499999999999
12468,122,2800,2024-10-12,3,224.2,In-Store,127,672.5999999999999
12469,158,2800,2024-12-22,1,132.56,Online,56,132.56
12470,106,2800,2025-07-05,3,41.44,Social,214,124.32
12471,110,2800,2025-11-03,4,138.19,In-Store,147,552.76
12472,128,2800,2024-06-29,1,69.61,In-Store,122,69.61
12473,124,2800,2024-07-04,3,174.26,Online,48,522.78
12474,160,2800,2025-11-21,2,74.86,In-Store,148,149.72
12475,147,2800,2025-03-28,2,193.11,Online,61,386.22
12476,146,2800,2025-12-27,1,28.76,Online,77,28.76
12477,155,2801,2025-12-27,2,71.21,Online,76,142.42
12478,163,2801,2025-10-09,4,115.65,In-Store,145,462.6
12479,135,2801,2025-11-14,1,62.14,In-Store,148,62.14
12480,101,2801,2023-09-16,5,116.4,Online,33,582.0
12481,192,2801,2024-02-17,1,22.56,TV,334,22.56
12482,129,2801,2025-11-21,5,269.37,Online,74,1346.85
12483,197,2801,2025-03-18,1,270.16,Social,209,270.16
12484,136,2801,2023-04-23,3,134.23,Online,25,402.68999999999994
12485,170,2801,2022-12-09,1,124.94,TV,313,124.94
12486,155,2801,2025-04-23,3,71.21,In-Store,138,213.63
12487,101,2801,2023-08-08,3,116.4,In-Store,106,349.20000000000005
12488,181,2801,2023-05-19,5,231.25,In-Store,102,1156.25
12489,138,2801,2023-11-02,4,115.15,Social,185,460.6
12490,151,2801,2024-10-13,1,170.44,Online,52,170.44
12491,140,2801,2025-08-20,2,139.7,Online,69,279.4
12492,138,2801,2025-06-23,5,115.15,Online,66,575.75
12493,175,2801,2024-03-27,4,285.32,In-Store,118,1141.28
12494,126,2801,2025-04-14,3,62.9,Online,62,188.7
12495,189,2801,2024-04-11,4,47.31,In-Store,118,189.24
12496,136,2801,2023-03-31,5,134.23,Social,176,671.15
12497,197,2801,2024-09-09,4,270.16,In-Store,124,1080.64
12498,117,2801,2024-10-14,2,214.01,In-Store,127,428.02
12499,136,2801,2025-06-13,1,134.23,In-Store,141,134.23
12500,106,2801,2024-04-21,2,41.44,Online,44,82.88
12501,110,2801,2025-11-22,2,138.19,Online,74,276.38
12502,167,2801,2024-03-16,1,75.91,Online,42,75.91
12503,155,2801,2024-06-25,4,71.21,Online,47,284.84
12504,178,2801,2025-03-23,5,58.92,Online,61,294.6
12505,121,2801,2025-05-24,3,126.42,Online,65,379.26
12506,122,2801,2024-08-29,3,224.2,Online,49,672.5999999999999
12507,190,2801,2023-07-16,4,121.42,Online,29,485.68
12508,151,2801,2023-11-20,2,170.44,Social,187,340.88
12509,163,2801,2024-09-20,4,115.65,TV,344,462.6
12510,133,2801,2024-06-17,3,129.42,Online,47,388.26
12511,132,2801,2023-04-05,2,146.35,Online,23,292.7
12512,101,2801,2025-01-07,5,116.4,In-Store,132,582.0
12513,119,2801,2025-03-23,4,193.28,In-Store,136,773.12
12514,193,2802,2025-11-22,5,28.68,Online,75,143.4
12515,108,2802,2024-09-14,4,127.37,Online,51,509.48
12516,108,2802,2024-10-27,3,127.37,In-Store,128,382.11
12517,112,2802,2025-10-03,2,58.11,Online,71,116.22
12518,177,2802,2024-03-15,3,296.45,In-Store,116,889.3499999999999
12519,187,2802,2024-05-03,5,95.73,Email,265,478.65000000000003
12520,176,2802,2025-02-20,3,98.45,Online,59,295.35
12521,192,2802,2024-05-25,1,22.56,Social,195,22.56
12522,200,2802,2025-05-10,2,213.63,Social,212,427.26
12523,120,2802,2024-08-11,4,186.86,Online,49,747.44
12524,156,2802,2025-11-12,3,13.54,Online,73,40.62
12525,117,2802,2024-03-23,5,214.01,Online,43,1070.05
12526,119,2802,2025-08-07,1,193.28,In-Store,142,193.28
12527,179,2802,2024-04-09,1,69.62,Email,263,69.62
12528,143,2802,2024-07-27,3,18.47,Online,48,55.41
12529,175,2802,2024-08-24,5,285.32,Online,49,1426.6
12530,122,2802,2025-11-16,4,224.2,Online,73,896.8
12531,113,2802,2024-05-03,1,122.3,Online,44,122.3
12532,198,2802,2025-10-27,4,167.93,Online,72,671.72
12533,174,2802,2025-03-07,1,89.89,Social,209,89.89
12534,171,2802,2025-05-13,4,117.28,Online,63,469.12
12535,196,2802,2025-05-20,5,162.21,Online,64,811.0500000000001
12536,133,2802,2025-07-01,3,129.42,Online,66,388.26
12537,172,2802,2025-05-12,4,75.03,In-Store,138,300.12
12538,185,2802,2024-12-15,5,143.79,Online,57,718.9499999999999
12539,110,2802,2024-03-27,5,138.19,Online,42,690.95
12540,117,2803,2025-09-16,4,214.01,Online,70,856.04
12541,197,2803,2025-09-26,4,270.16,In-Store,144,1080.64
12542,104,2803,2024-07-08,5,50.25,Social,198,251.25
12543,170,2803,2024-04-16,2,124.94,Email,264,249.88
12544,181,2803,2025-05-28,4,231.25,Online,65,925.0
12545,197,2803,2025-03-19,5,270.16,In-Store,136,1350.8000000000002
12546,108,2803,2024-11-12,1,127.37,Online,55,127.37
12547,104,2803,2025-02-06,3,50.25,Online,59,150.75
12548,175,2803,2024-08-29,3,285.32,Email,272,855.96
12549,110,2803,2024-10-02,3,138.19,In-Store,126,414.57
12550,104,2803,2024-02-18,4,50.25,Online,40,201.0
12551,130,2803,2024-04-15,2,117.61,Online,44,235.22
12552,130,2803,2024-07-09,3,117.61,In-Store,122,352.83
12553,155,2803,2025-05-10,2,71.21,In-Store,138,142.42
12554,149,2803,2025-10-15,4,64.92,Social,218,259.68
12555,103,2803,2024-03-21,5,74.85,Online,42,374.25
12556,109,2803,2025-10-17,2,69.39,In-Store,146,138.78
12557,106,2803,2025-09-04,3,41.44,In-Store,144,124.32
12558,197,2803,2024-08-06,4,270.16,Online,49,1080.64
12559,136,2803,2025-02-19,5,134.23,Online,59,671.15
12560,105,2803,2025-05-25,1,45.85,Email,286,45.85
12561,121,2803,2024-07-27,3,126.42,Online,48,379.26
12562,138,2803,2024-03-18,2,115.15,TV,335,230.3
12563,175,2803,2024-05-11,2,285.32,Email,265,570.64
12564,189,2803,2025-06-16,3,47.31,In-Store,141,141.93
12565,107,2803,2025-10-26,5,110.76,In-Store,147,553.8000000000001
12566,120,2803,2025-01-14,1,186.86,Online,58,186.86
12567,118,2803,2024-02-29,3,128.58,In-Store,114,385.74
12568,147,2803,2024-02-21,1,193.11,Social,191,193.11
12569,190,2803,2024-10-21,4,121.42,Online,53,485.68
12570,191,2804,2023-06-18,2,196.98,In-Store,103,393.96
12571,200,2804,2023-06-11,2,213.63,Online,27,427.26
12572,185,2804,2025-08-08,1,143.79,Online,68,143.79
12573,192,2804,2025-07-24,5,22.56,In-Store,142,112.8
12574,116,2804,2024-10-02,4,161.44,Online,52,645.76
12575,166,2804,2022-06-21,4,151.16,In-Store,86,604.64
12576,121,2804,2025-09-30,3,126.42,In-Store,144,379.26
12577,193,2804,2025-08-25,1,28.68,Online,68,28.68
12578,176,2804,2022-08-19,4,98.45,Social,163,393.8
12579,136,2804,2025-02-01,1,134.23,In-Store,134,134.23
12580,113,2804,2022-07-15,3,122.3,TV,306,366.9
12581,175,2804,2024-10-19,4,285.32,Online,53,1141.28
12582,133,2804,2023-04-24,1,129.42,In-Store,100,129.42
12583,197,2804,2023-08-04,1,270.16,In-Store,105,270.16
12584,154,2804,2024-05-27,3,39.53,Online,46,118.59
12585,128,2804,2024-04-09,4,69.61,Online,43,278.44
12586,166,2804,2024-01-07,4,151.16,Online,38,604.64
12587,116,2804,2025-12-02,4,161.44,In-Store,148,645.76
12588,196,2804,2024-06-29,2,162.21,Online,48,324.42
12589,131,2805,2023-10-12,2,76.52,Online,34,153.04
12590,130,2805,2023-11-08,3,117.61,Social,186,352.83
12591,173,2805,2024-03-25,2,100.75,Online,42,201.5
12592,116,2806,2025-12-12,2,161.44,Social,221,322.88
12593,117,2806,2023-02-13,4,214.01,Online,20,856.04
12594,154,2806,2025-05-19,1,39.53,Online,64,39.53
12595,189,2806,2025-02-04,4,47.31,In-Store,134,189.24
12596,185,2806,2024-03-09,2,143.79,Online,42,287.58
12597,160,2806,2024-04-06,1,74.86,In-Store,118,74.86
12598,132,2806,2022-09-11,5,146.35,Online,13,731.75
12599,122,2806,2022-11-10,3,224.2,Online,17,672.5999999999999
12600,154,2806,2024-07-18,3,39.53,In-Store,123,118.59
12601,190,2806,2023-02-16,5,121.42,Online,21,607.1
12602,183,2806,2024-05-04,5,127.82,Online,45,639.0999999999999
12603,149,2806,2024-02-28,2,64.92,In-Store,114,129.84
12604,120,2806,2022-09-05,5,186.86,Online,12,934.3000000000001
12605,153,2806,2024-10-03,4,44.91,Online,52,179.64
12606,143,2806,2022-10-12,2,18.47,Online,14,36.94
12607,110,2806,2024-09-21,4,138.19,Online,51,552.76
12608,198,2806,2024-03-30,4,167.93,Social,192,671.72
12609,138,2807,2024-12-30,3,115.15,Online,58,345.45000000000005
12610,171,2807,2024-12-14,3,117.28,TV,347,351.84000000000003
12611,112,2807,2024-12-18,2,58.11,Online,56,116.22
12612,103,2807,2024-12-02,3,74.85,Online,55,224.54999999999998
12613,196,2808,2023-03-20,4,162.21,Online,22,648.84
12614,197,2808,2023-09-11,2,270.16,Online,33,540.32
12615,155,2808,2023-12-17,3,71.21,In-Store,112,213.63
12616,104,2808,2022-04-06,3,50.25,Online,5,150.75
12617,121,2808,2025-11-14,2,126.42,Online,73,252.84
12618,108,2808,2025-06-10,4,127.37,Online,66,509.48
12619,152,2808,2023-01-22,3,72.34,Online,19,217.02
12620,177,2808,2024-08-24,5,296.45,Online,49,1482.25
12621,158,2808,2025-01-22,1,132.56,Online,58,132.56
12622,136,2808,2023-01-20,5,134.23,In-Store,96,671.15
12623,184,2808,2025-03-16,4,120.25,Online,61,481.0
12624,147,2808,2025-10-09,5,193.11,Online,71,965.5500000000001
12625,113,2808,2025-08-16,5,122.3,Online,69,611.5
12626,162,2809,2025-12-10,2,23.29,In-Store,149,46.58
12627,156,2809,2025-09-27,2,13.54,Online,70,27.08
12628,132,2809,2025-11-23,4,146.35,Social,220,585.4
12629,176,2809,2025-08-28,5,98.45,In-Store,143,492.25
12630,154,2809,2025-06-10,5,39.53,Online,65,197.65
12631,108,2809,2025-08-07,4,127.37,Online,68,509.48
12632,136,2809,2025-11-21,5,134.23,Online,74,671.15
12633,122,2809,2025-05-30,2,224.2,Online,65,448.4
12634,103,2809,2024-12-07,5,74.85,Social,205,374.25
12635,135,2809,2025-10-07,4,62.14,Online,70,248.56
12636,190,2809,2025-07-27,3,121.42,Online,67,364.26
12637,190,2809,2025-09-10,1,121.42,Online,70,121.42
12638,121,2809,2025-08-09,5,126.42,Online,68,632.1
12639,185,2809,2025-10-25,2,143.79,Email,292,287.58
12640,148,2809,2025-02-16,5,47.75,In-Store,135,238.75
12641,148,2809,2024-12-17,4,47.75,Online,56,191.0
12642,166,2809,2025-11-21,4,151.16,Online,75,604.64
12643,126,2809,2025-01-02,4,62.9,Online,57,251.6
12644,140,2809,2025-07-09,4,139.7,Social,214,558.8
12645,157,2809,2025-08-20,4,140.43,In-Store,143,561.72
12646,118,2809,2025-03-15,4,128.58,Online,60,514.32
12647,143,2809,2024-12-22,1,18.47,Online,57,18.47
12648,137,2809,2025-09-09,4,90.95,Online,70,363.8
12649,115,2809,2025-12-26,5,114.62,Online,76,573.1
12650,148,2809,2024-12-04,4,47.75,Online,56,191.0
12651,188,2810,2025-03-18,2,12.93,Online,60,25.86
12652,154,2810,2025-01-25,2,39.53,Online,58,79.06
12653,169,2810,2025-10-08,4,105.46,Online,71,421.84
12654,168,2810,2025-06-25,5,151.07,Online,66,755.3499999999999
12655,139,2810,2025-11-03,5,162.16,Social,220,810.8
12656,197,2810,2025-07-17,2,270.16,In-Store,142,540.32
12657,166,2810,2025-01-07,3,151.16,TV,349,453.48
12658,110,2810,2025-03-31,4,138.19,Social,211,552.76
12659,134,2810,2025-10-30,4,113.57,In-Store,146,454.28
12660,180,2810,2025-07-19,5,97.9,Online,68,489.5
12661,127,2810,2025-01-02,5,184.65,Email,279,923.25
12662,168,2810,2025-12-24,2,151.07,Online,77,302.14
12663,156,2810,2025-12-27,5,13.54,In-Store,149,67.69999999999999
12664,196,2810,2025-01-01,5,162.21,Social,206,811.0500000000001
12665,123,2810,2025-09-15,5,28.54,Online,70,142.7
12666,109,2810,2025-12-20,3,69.39,In-Store,149,208.17000000000002
12667,110,2810,2025-06-13,3,138.19,In-Store,140,414.57
12668,118,2810,2025-06-04,4,128.58,In-Store,140,514.32
12669,103,2810,2025-06-22,4,74.85,Online,66,299.4
12670,160,2810,2025-04-22,3,74.86,Online,62,224.57999999999998
12671,126,2810,2025-07-11,5,62.9,In-Store,141,314.5
12672,194,2810,2025-02-17,4,70.1,Online,59,280.4
12673,173,2810,2025-10-17,4,100.75,Online,72,403.0
12674,154,2811,2023-06-28,1,39.53,In-Store,104,39.53
12675,118,2811,2023-04-06,2,128.58,Social,176,257.16
12676,190,2811,2024-01-19,2,121.42,In-Store,113,242.84
12677,135,2811,2024-05-14,1,62.14,In-Store,120,62.14
12678,145,2811,2024-02-07,2,87.44,Email,260,174.88
12679,169,2811,2024-02-11,1,105.46,Email,260,105.46
12680,123,2811,2023-07-02,1,28.54,Online,29,28.54
12681,190,2812,2024-11-19,4,121.42,In-Store,128,485.68
12682,131,2812,2025-02-03,1,76.52,Social,207,76.52
12683,173,2812,2024-11-21,4,100.75,Social,205,403.0
12684,178,2812,2024-10-28,4,58.92,In-Store,128,235.68
12685,143,2812,2024-09-18,4,18.47,In-Store,125,73.88
12686,105,2812,2024-09-06,2,45.85,Social,201,91.7
12687,160,2812,2024-08-17,1,74.86,Social,200,74.86
12688,141,2812,2024-08-29,1,75.02,Online,50,75.02
12689,109,2813,2025-03-17,4,69.39,In-Store,136,277.56
12690,174,2813,2024-10-14,1,89.89,Online,52,89.89
12691,145,2813,2024-10-14,4,87.44,Online,52,349.76
12692,112,2813,2024-12-25,1,58.11,Online,56,58.11
12693,131,2813,2024-09-09,1,76.52,Online,51,76.52
12694,187,2813,2025-02-18,1,95.73,Online,60,95.73
12695,171,2813,2025-01-16,4,117.28,In-Store,133,469.12
12696,174,2813,2025-02-09,1,89.89,TV,350,89.89
12697,111,2813,2024-11-28,3,78.12,Online,55,234.36
12698,121,2814,2025-06-29,5,126.42,Social,214,632.1
12699,200,2814,2023-03-09,3,213.63,Online,22,640.89
12700,133,2814,2024-04-19,3,129.42,Online,43,388.26
12701,191,2814,2023-04-28,3,196.98,In-Store,100,590.9399999999999
12702,129,2814,2025-04-23,3,269.37,Online,62,808.11
12703,117,2814,2022-10-10,5,214.01,In-Store,92,1070.05
12704,165,2814,2025-12-25,4,213.33,Online,76,853.32
12705,129,2814,2025-09-01,1,269.37,Online,69,269.37
12706,118,2814,2022-10-01,5,128.58,Online,14,642.9000000000001
12707,139,2814,2022-07-16,3,162.16,In-Store,88,486.48
12708,134,2814,2024-09-29,1,113.57,Online,51,113.57
12709,142,2814,2024-09-21,2,298.93,Online,51,597.86
12710,126,2814,2022-12-07,1,62.9,Social,169,62.9
12711,164,2814,2025-03-19,3,91.03,Online,61,273.09000000000003
12712,146,2814,2025-02-14,1,28.76,Online,59,28.76
12713,185,2814,2023-05-17,4,143.79,In-Store,101,575.16
12714,168,2814,2025-09-04,5,151.07,Online,70,755.3499999999999
12715,190,2814,2023-11-07,5,121.42,Online,34,607.1
12716,107,2814,2025-03-20,5,110.76,Social,209,553.8000000000001
12717,133,2814,2024-07-12,5,129.42,TV,340,647.0999999999999
12718,113,2814,2023-08-15,2,122.3,In-Store,106,244.6
12719,109,2814,2022-08-15,1,69.39,Online,12,69.39
12720,116,2814,2022-07-27,1,161.44,In-Store,88,161.44
12721,123,2814,2023-05-15,5,28.54,Online,26,142.7
12722,178,2814,2025-12-18,3,58.92,In-Store,149,176.76
12723,140,2814,2025-05-14,5,139.7,In-Store,138,698.5
12724,152,2815,2024-05-01,3,72.34,Email,264,217.02
12725,170,2815,2023-09-20,1,124.94,Online,33,124.94
12726,109,2815,2024-06-17,2,69.39,Online,47,138.78
12727,162,2816,2024-12-11,4,23.29,Online,56,93.16
12728,149,2816,2025-02-17,5,64.92,In-Store,135,324.6
12729,178,2816,2025-09-01,1,58.92,In-Store,144,58.92
12730,129,2816,2025-04-24,4,269.37,Online,63,1077.48
12731,177,2816,2025-08-04,4,296.45,Online,68,1185.8
12732,198,2816,2024-11-24,1,167.93,Social,204,167.93
12733,149,2816,2025-05-14,5,64.92,In-Store,138,324.6
12734,133,2816,2025-02-18,4,129.42,Social,208,517.68
12735,140,2816,2025-04-12,1,139.7,Online,62,139.7
12736,115,2816,2024-11-20,1,114.62,Online,54,114.62
12737,144,2816,2025-04-26,4,22.73,Social,212,90.92
12738,133,2816,2025-04-11,3,129.42,In-Store,138,388.26
12739,150,2816,2025-09-13,3,66.48,In-Store,144,199.44
12740,190,2816,2025-06-20,5,121.42,Social,214,607.1
12741,163,2816,2024-11-11,4,115.65,In-Store,128,462.6
12742,118,2816,2024-12-18,5,128.58,Online,56,642.9000000000001
12743,119,2817,2025-04-02,5,193.28,Social,211,966.4
12744,146,2817,2022-11-24,3,28.76,Social,167,86.28
12745,186,2817,2023-02-16,5,29.78,In-Store,97,148.9
12746,189,2817,2024-11-01,1,47.31,In-Store,128,47.31
12747,136,2817,2022-10-25,4,134.23,Email,237,536.92
12748,187,2817,2024-03-10,3,95.73,Online,42,287.19
12749,177,2817,2023-12-10,1,296.45,Online,36,296.45
12750,124,2817,2025-12-02,4,174.26,In-Store,148,697.04
12751,196,2817,2023-05-31,4,162.21,Online,26,648.84
12752,124,2817,2025-10-04,2,174.26,Email,292,348.52
12753,129,2817,2024-01-23,5,269.37,Online,39,1346.85
12754,107,2817,2024-02-20,2,110.76,Online,40,221.52
12755,155,2817,2025-08-28,1,71.21,Online,68,71.21
12756,119,2817,2024-10-29,2,193.28,In-Store,128,386.56
12757,149,2817,2023-09-05,3,64.92,In-Store,107,194.76
12758,148,2817,2024-09-15,4,47.75,TV,344,191.0
12759,104,2818,2023-01-28,4,50.25,Online,20,201.0
12760,118,2818,2023-12-30,1,128.58,In-Store,112,128.58
12761,153,2818,2022-07-14,3,44.91,Email,233,134.73
12762,194,2818,2024-01-20,1,70.1,Online,39,70.1
12763,160,2818,2024-02-19,3,74.86,Email,260,224.57999999999998
12764,163,2818,2023-01-31,3,115.65,Email,241,346.95000000000005
12765,146,2818,2022-05-22,2,28.76,Online,6,57.52
12766,187,2818,2024-06-02,3,95.73,Online,46,287.19
12767,109,2818,2023-02-15,3,69.39,Social,173,208.17000000000002
12768,154,2818,2024-05-22,1,39.53,Email,266,39.53
12769,182,2818,2023-05-24,3,73.37,Online,26,220.11
12770,153,2818,2022-10-11,3,44.91,Online,14,134.73
12771,103,2818,2022-11-11,1,74.85,In-Store,93,74.85
12772,130,2818,2022-12-30,1,117.61,TV,313,117.61
12773,199,2819,2024-02-17,1,105.38,In-Store,115,105.38
12774,162,2819,2025-07-27,1,23.29,Online,68,23.29
12775,181,2819,2023-03-27,3,231.25,Online,22,693.75
12776,175,2819,2023-02-11,5,285.32,Online,21,1426.6
12777,151,2819,2023-03-20,1,170.44,Online,23,170.44
12778,141,2819,2024-11-15,4,75.02,Social,204,300.08
12779,190,2819,2024-10-24,5,121.42,In-Store,127,607.1
12780,175,2819,2024-03-22,3,285.32,In-Store,118,855.96
12781,193,2819,2023-11-30,4,28.68,Online,36,114.72
12782,135,2819,2025-05-18,3,62.14,In-Store,139,186.42000000000002
12783,147,2819,2024-07-27,1,193.11,Online,49,193.11
12784,181,2819,2023-11-17,2,231.25,Online,35,462.5
12785,181,2819,2025-09-28,4,231.25,Online,70,925.0
12786,173,2819,2024-09-24,3,100.75,Online,52,302.25
12787,101,2819,2024-05-01,1,116.4,Online,45,116.4
12788,185,2819,2024-10-16,4,143.79,Social,202,575.16
12789,124,2819,2025-09-02,4,174.26,Online,70,697.04
12790,151,2819,2024-06-22,1,170.44,In-Store,122,170.44
12791,139,2820,2023-08-12,3,162.16,Online,32,486.48
12792,102,2820,2023-08-09,2,175.2,Online,31,350.4
12793,168,2820,2023-02-14,4,151.07,Social,173,604.28
12794,199,2820,2023-05-28,3,105.38,Online,27,316.14
12795,191,2820,2024-02-25,5,196.98,In-Store,114,984.9
12796,124,2820,2024-12-25,2,174.26,Online,56,348.52
12797,159,2820,2025-12-18,1,21.52,Online,76,21.52
12798,170,2820,2024-08-13,4,124.94,In-Store,124,499.76
12799,110,2820,2023-06-10,5,138.19,Online,28,690.95
12800,196,2820,2025-06-01,3,162.21,In-Store,139,486.63
12801,165,2820,2023-02-28,3,213.33,In-Store,98,639.99
12802,118,2820,2025-04-06,5,128.58,Online,62,642.9000000000001
12803,158,2820,2024-12-28,4,132.56,Online,58,530.24
12804,147,2820,2025-02-27,4,193.11,Online,60,772.44
12805,196,2820,2025-03-20,3,162.21,Online,60,486.63
12806,184,2820,2025-10-16,1,120.25,Online,72,120.25
12807,170,2820,2025-04-29,3,124.94,Online,63,374.82
12808,127,2820,2024-04-30,5,184.65,Online,44,923.25
12809,117,2820,2024-04-04,3,214.01,Online,43,642.03
12810,185,2820,2023-03-12,3,143.79,Email,243,431.37
12811,110,2820,2025-05-14,2,138.19,Online,65,276.38
12812,198,2820,2023-11-23,4,167.93,Social,186,671.72
12813,155,2820,2022-12-22,1,71.21,Social,170,71.21
12814,147,2820,2024-08-14,1,193.11,Online,49,193.11
12815,147,2820,2024-04-23,2,193.11,Online,44,386.22
12816,158,2820,2024-06-11,1,132.56,Online,46,132.56
12817,144,2820,2024-07-02,1,22.73,Online,47,22.73
12818,185,2820,2023-02-05,3,143.79,TV,315,431.37
12819,161,2821,2024-10-30,4,233.25,Online,53,933.0
12820,183,2821,2025-01-28,5,127.82,Online,58,639.0999999999999
12821,133,2821,2023-09-03,4,129.42,Online,32,517.68
12822,116,2821,2022-04-05,4,161.44,Online,5,645.76
12823,182,2821,2024-04-09,1,73.37,In-Store,118,73.37
12824,156,2821,2023-11-07,1,13.54,Online,34,13.54
12825,147,2821,2024-03-08,5,193.11,Social,191,965.5500000000001
12826,130,2821,2025-10-29,5,117.61,In-Store,146,588.05
12827,173,2821,2025-03-20,2,100.75,Online,61,201.5
12828,181,2821,2022-05-18,4,231.25,Online,6,925.0
12829,188,2821,2024-05-20,1,12.93,Social,195,12.93
12830,121,2821,2025-01-27,3,126.42,Online,59,379.26
12831,116,2821,2025-02-02,1,161.44,Online,59,161.44
12832,136,2821,2025-03-16,2,134.23,Social,210,268.46
12833,159,2821,2023-02-15,1,21.52,Social,173,21.52
12834,118,2821,2025-07-24,1,128.58,In-Store,142,128.58
12835,119,2821,2024-05-01,3,193.28,Online,45,579.84
12836,183,2821,2022-04-18,4,127.82,In-Store,83,511.28
12837,170,2821,2023-08-22,1,124.94,In-Store,106,124.94
12838,174,2822,2024-09-21,1,89.89,Social,202,89.89
12839,159,2822,2025-01-19,4,21.52,Online,58,86.08
12840,160,2822,2024-03-17,1,74.86,Online,42,74.86
12841,153,2822,2024-09-15,4,44.91,In-Store,126,179.64
12842,141,2822,2024-07-17,4,75.02,Online,48,300.08
12843,101,2822,2024-09-01,2,116.4,Social,201,232.8
12844,186,2822,2024-11-06,4,29.78,Online,53,119.12
12845,106,2822,2024-10-29,2,41.44,In-Store,128,82.88
12846,143,2822,2024-05-12,2,18.47,Social,195,36.94
12847,113,2822,2024-09-13,3,122.3,Online,51,366.9
12848,143,2822,2025-02-06,2,18.47,Online,59,36.94
12849,126,2822,2024-05-31,4,62.9,Social,196,251.6
12850,186,2822,2025-02-16,3,29.78,In-Store,134,89.34
12851,181,2823,2024-02-13,3,231.25,Social,191,693.75
12852,186,2823,2023-09-24,3,29.78,Online,33,89.34
12853,110,2823,2023-12-18,3,138.19,Social,188,414.57
12854,114,2823,2025-12-19,2,120.5,In-Store,149,241.0
12855,175,2823,2024-11-17,3,285.32,Social,204,855.96
12856,175,2823,2025-03-30,4,285.32,Online,61,1141.28
12857,181,2823,2024-12-08,1,231.25,In-Store,130,231.25
12858,108,2823,2025-05-18,3,127.37,Social,212,382.11
12859,133,2823,2024-07-27,2,129.42,Online,49,258.84
12860,136,2823,2024-12-23,1,134.23,In-Store,131,134.23
12861,104,2823,2023-04-23,4,50.25,Online,24,201.0
12862,126,2823,2024-07-19,2,62.9,In-Store,123,125.8
12863,136,2823,2024-06-04,2,134.23,Online,47,268.46
12864,167,2823,2023-01-17,5,75.91,In-Store,97,379.54999999999995
12865,197,2823,2023-11-02,5,270.16,Online,35,1350.8000000000002
12866,114,2823,2024-10-29,5,120.5,Email,277,602.5
12867,103,2823,2023-11-11,5,74.85,Online,35,374.25
12868,162,2824,2024-11-07,5,23.29,In-Store,128,116.44999999999999
12869,168,2824,2023-08-31,4,151.07,Online,32,604.28
12870,197,2824,2025-07-08,5,270.16,Online,67,1350.8000000000002
12871,119,2824,2025-04-15,4,193.28,Online,63,773.12
12872,166,2824,2023-05-14,5,151.16,In-Store,101,755.8
12873,174,2824,2024-08-29,2,89.89,Online,50,179.78
12874,200,2824,2025-03-11,4,213.63,Online,60,854.52
12875,127,2824,2025-05-03,1,184.65,In-Store,138,184.65
12876,108,2824,2023-03-26,1,127.37,Online,22,127.37
12877,131,2824,2025-09-07,2,76.52,In-Store,144,153.04
12878,161,2824,2024-04-05,3,233.25,Online,43,699.75
12879,168,2824,2025-08-29,3,151.07,Online,68,453.21
12880,138,2824,2024-08-26,4,115.15,Online,49,460.6
12881,139,2824,2025-08-19,2,162.16,In-Store,143,324.32
12882,165,2824,2025-09-16,5,213.33,In-Store,144,1066.65
12883,122,2824,2024-10-27,3,224.2,Online,53,672.5999999999999
12884,162,2824,2023-11-14,2,23.29,Email,256,46.58
12885,190,2824,2024-09-11,1,121.42,Online,51,121.42
12886,185,2824,2025-07-16,3,143.79,In-Store,141,431.37
12887,140,2824,2025-02-23,1,139.7,Email,282,139.7
12888,183,2824,2025-03-20,5,127.82,In-Store,136,639.0999999999999
12889,183,2824,2023-08-23,3,127.82,Online,32,383.46
12890,112,2824,2024-10-19,3,58.11,Online,53,174.32999999999998
12891,183,2824,2023-05-20,1,127.82,In-Store,102,127.82
12892,151,2824,2023-03-23,2,170.44,Social,175,340.88
12893,181,2824,2023-09-14,1,231.25,In-Store,107,231.25
12894,118,2824,2023-12-20,3,128.58,Online,37,385.74
12895,194,2824,2023-05-02,4,70.1,In-Store,101,280.4
12896,147,2824,2024-01-19,2,193.11,In-Store,113,386.22
12897,102,2824,2024-03-31,2,175.2,Email,263,350.4
12898,142,2825,2023-10-09,4,298.93,In-Store,108,1195.72
12899,102,2825,2023-03-12,3,175.2,Online,22,525.5999999999999
12900,127,2825,2025-02-20,1,184.65,Online,59,184.65
12901,181,2825,2023-03-06,4,231.25,Online,21,925.0
12902,107,2825,2024-12-12,5,110.76,Social,205,553.8000000000001
12903,113,2825,2022-12-01,3,122.3,In-Store,95,366.9
12904,170,2825,2023-01-15,4,124.94,Online,20,499.76
12905,158,2825,2023-07-10,2,132.56,In-Store,104,265.12
12906,133,2825,2024-09-06,3,129.42,In-Store,125,388.26
12907,143,2825,2024-10-19,1,18.47,Online,53,18.47
12908,172,2825,2024-08-24,5,75.03,In-Store,125,375.15
12909,140,2825,2022-12-18,3,139.7,Online,18,419.09999999999997
12910,173,2825,2025-08-29,2,100.75,Online,69,201.5
12911,110,2825,2025-07-20,3,138.19,Online,68,414.57
12912,124,2825,2023-04-01,5,174.26,In-Store,99,871.3
12913,135,2825,2024-12-05,2,62.14,In-Store,130,124.28
12914,197,2825,2022-07-07,2,270.16,Online,9,540.32
12915,197,2825,2024-01-27,5,270.16,Online,39,1350.8000000000002
12916,157,2825,2025-12-19,5,140.43,Online,76,702.1500000000001
12917,187,2825,2025-05-01,1,95.73,In-Store,138,95.73
12918,177,2825,2024-07-27,5,296.45,Online,48,1482.25
12919,199,2825,2025-09-01,5,105.38,In-Store,143,526.9
12920,108,2825,2025-08-26,5,127.37,TV,359,636.85
12921,170,2825,2025-09-02,1,124.94,Social,217,124.94
12922,138,2826,2024-09-08,2,115.15,In-Store,125,230.3
12923,133,2826,2024-07-23,3,129.42,Online,48,388.26
12924,167,2826,2024-06-18,2,75.91,Online,47,151.82
12925,128,2826,2024-07-21,1,69.61,TV,339,69.61
12926,167,2826,2025-01-10,1,75.91,In-Store,132,75.91
12927,110,2827,2023-03-26,1,138.19,Online,22,138.19
12928,162,2827,2023-08-31,3,23.29,Online,32,69.87
12929,187,2827,2025-04-02,4,95.73,Online,61,382.92
12930,117,2827,2024-03-05,4,214.01,Online,42,856.04
12931,142,2827,2025-11-10,5,298.93,In-Store,147,1494.65
12932,135,2827,2025-04-27,5,62.14,Online,63,310.7
12933,130,2827,2025-02-05,3,117.61,Online,59,352.83
12934,191,2827,2023-07-13,1,196.98,Online,29,196.98
12935,172,2827,2025-04-20,1,75.03,Online,62,75.03
12936,108,2827,2024-06-13,2,127.37,In-Store,121,254.74
12937,181,2827,2025-04-15,3,231.25,In-Store,138,693.75
12938,185,2827,2023-06-21,3,143.79,Online,28,431.37
12939,179,2827,2023-05-27,2,69.62,In-Store,101,139.24
12940,175,2827,2023-11-02,5,285.32,Online,35,1426.6
12941,117,2827,2024-11-19,5,214.01,Online,54,1070.05
12942,121,2827,2024-02-03,5,126.42,Online,40,632.1
12943,104,2827,2024-06-18,2,50.25,Online,47,100.5
12944,154,2827,2024-07-31,2,39.53,In-Store,123,79.06
12945,142,2827,2023-12-23,5,298.93,Online,37,1494.65
12946,110,2827,2025-05-29,1,138.19,In-Store,139,138.19
12947,124,2827,2025-11-25,1,174.26,In-Store,149,174.26
12948,122,2827,2023-04-19,5,224.2,In-Store,101,1121.0
12949,200,2827,2024-10-22,3,213.63,In-Store,128,640.89
12950,119,2827,2024-08-31,1,193.28,In-Store,125,193.28
12951,193,2827,2023-02-10,2,28.68,In-Store,97,57.36
12952,177,2827,2025-09-19,2,296.45,TV,361,592.9
12953,195,2827,2025-04-13,4,109.44,Online,61,437.76
12954,175,2827,2024-01-21,4,285.32,Online,39,1141.28
12955,165,2827,2023-10-16,3,213.33,In-Store,108,639.99
12956,190,2827,2024-01-12,2,121.42,In-Store,113,242.84
12957,126,2828,2023-05-09,1,62.9,Social,177,62.9
12958,156,2828,2023-08-09,2,13.54,Online,31,27.08
12959,107,2828,2024-02-14,1,110.76,Online,40,110.76
12960,121,2828,2023-11-20,3,126.42,Online,35,379.26
12961,190,2828,2024-01-02,2,121.42,Email,259,242.84
12962,194,2828,2024-04-25,4,70.1,Online,44,280.4
12963,156,2828,2023-12-06,3,13.54,In-Store,110,40.62
12964,113,2828,2023-11-13,2,122.3,Online,35,244.6
12965,130,2828,2023-05-11,4,117.61,Online,26,470.44
12966,115,2829,2024-12-04,1,114.62,Online,56,114.62
12967,163,2829,2024-12-05,1,115.65,Online,55,115.65
12968,118,2829,2025-02-13,3,128.58,In-Store,135,385.74
12969,194,2829,2024-12-15,4,70.1,Online,57,280.4
12970,126,2829,2025-03-26,3,62.9,Social,210,188.7
12971,166,2830,2025-05-21,4,151.16,Online,64,604.64
12972,117,2830,2022-06-03,4,214.01,In-Store,86,856.04
12973,193,2830,2022-06-18,2,28.68,Online,8,57.36
12974,119,2830,2022-12-11,3,193.28,In-Store,94,579.84
12975,126,2830,2022-10-18,2,62.9,Online,14,125.8
12976,120,2830,2024-11-03,3,186.86,Social,204,560.58
12977,193,2830,2023-09-19,4,28.68,Online,33,114.72
12978,147,2830,2024-07-23,2,193.11,Online,48,386.22
12979,142,2830,2025-01-22,5,298.93,Online,58,1494.65
12980,183,2830,2024-06-09,1,127.82,Online,47,127.82
12981,145,2830,2022-07-29,3,87.44,Online,11,262.32
12982,197,2830,2023-08-26,2,270.16,Email,251,540.32
12983,181,2830,2023-06-03,4,231.25,In-Store,103,925.0
12984,170,2830,2024-09-15,3,124.94,Email,274,374.82
12985,118,2830,2022-10-02,2,128.58,Online,14,257.16
12986,191,2830,2022-12-09,5,196.98,Online,17,984.9
12987,193,2830,2023-08-25,5,28.68,In-Store,106,143.4
12988,196,2830,2024-01-24,4,162.21,In-Store,113,648.84
12989,166,2830,2023-06-26,3,151.16,Social,179,453.48
12990,154,2830,2022-06-23,5,39.53,Online,8,197.65
12991,180,2830,2023-07-14,3,97.9,In-Store,104,293.70000000000005
12992,132,2831,2024-03-19,4,146.35,In-Store,118,585.4
12993,136,2831,2024-07-20,4,134.23,Online,48,536.92
12994,140,2831,2024-04-01,3,139.7,Online,43,419.09999999999997
12995,139,2831,2025-12-24,1,162.16,In-Store,149,162.16
12996,181,2831,2024-11-05,2,231.25,Online,54,462.5
12997,191,2831,2025-10-17,2,196.98,Social,219,393.96
12998,170,2831,2025-12-05,3,124.94,Online,75,374.82
12999,141,2831,2024-11-25,5,75.02,Online,55,375.09999999999997
13000,121,2831,2025-09-20,3,126.42,In-Store,144,379.26
13001,121,2831,2025-02-21,4,126.42,Online,59,505.68
13002,102,2831,2025-07-17,2,175.2,Online,67,350.4
13003,101,2831,2024-05-03,4,116.4,Online,44,465.6
13004,197,2831,2025-12-01,1,270.16,TV,364,270.16
13005,158,2831,2024-10-23,2,132.56,Email,274,265.12
13006,165,2831,2025-10-19,3,213.33,Online,72,639.99
13007,148,2832,2024-08-17,4,47.75,Online,49,191.0
13008,138,2832,2023-12-16,1,115.15,Social,188,115.15
13009,107,2832,2023-12-09,4,110.76,Social,188,443.04
13010,109,2832,2024-01-28,1,69.39,Online,40,69.39
13011,186,2832,2025-04-15,2,29.78,Online,63,59.56
13012,109,2832,2023-12-31,1,69.39,TV,331,69.39
13013,160,2832,2024-06-02,3,74.86,In-Store,121,224.57999999999998
13014,194,2832,2024-01-26,3,70.1,Online,39,210.29999999999998
13015,192,2832,2024-10-21,1,22.56,In-Store,128,22.56
13016,117,2833,2025-08-21,4,214.01,Email,290,856.04
13017,175,2833,2024-12-29,2,285.32,In-Store,132,570.64
13018,190,2833,2025-01-18,4,121.42,Email,280,485.68
13019,186,2833,2025-04-04,3,29.78,Online,62,89.34
13020,155,2833,2025-11-21,4,71.21,In-Store,148,284.84
13021,169,2833,2025-09-27,3,105.46,Online,71,316.38
13022,135,2833,2025-01-17,5,62.14,Online,58,310.7
13023,181,2833,2025-01-26,1,231.25,In-Store,134,231.25
13024,132,2833,2025-02-07,4,146.35,In-Store,134,585.4
13025,151,2833,2024-11-26,4,170.44,Online,55,681.76
13026,186,2833,2025-09-11,4,29.78,Online,70,119.12
13027,121,2833,2025-08-09,5,126.42,Online,69,632.1
13028,106,2833,2024-10-15,3,41.44,Online,52,124.32
13029,161,2833,2025-10-24,1,233.25,TV,363,233.25
13030,117,2834,2024-01-10,5,214.01,Email,258,1070.05
13031,145,2834,2023-09-12,4,87.44,Online,33,349.76
13032,190,2834,2023-11-20,5,121.42,Online,35,607.1
13033,192,2834,2024-08-11,1,22.56,Online,49,22.56
13034,117,2834,2023-05-01,5,214.01,Email,245,1070.05
13035,170,2834,2024-12-31,3,124.94,In-Store,131,374.82
13036,177,2834,2023-12-03,3,296.45,TV,329,889.3499999999999
13037,127,2834,2025-05-22,1,184.65,Email,285,184.65
13038,166,2834,2025-09-07,1,151.16,Online,70,151.16
13039,127,2834,2022-12-09,2,184.65,Online,18,369.3
13040,170,2834,2025-07-24,1,124.94,Online,68,124.94
13041,197,2834,2023-02-17,2,270.16,Online,21,540.32
13042,124,2834,2023-08-20,5,174.26,In-Store,106,871.3
13043,159,2834,2024-11-20,3,21.52,In-Store,130,64.56
13044,164,2834,2023-05-27,2,91.03,In-Store,102,182.06
13045,199,2834,2023-09-20,1,105.38,Online,33,105.38
13046,120,2834,2023-09-06,2,186.86,Online,32,373.72
13047,151,2834,2025-12-16,2,170.44,In-Store,149,340.88
13048,117,2834,2024-11-13,1,214.01,TV,345,214.01
13049,159,2834,2025-08-23,4,21.52,Email,290,86.08
13050,109,2834,2024-03-21,4,69.39,In-Store,118,277.56
13051,186,2834,2025-04-26,4,29.78,Online,63,119.12
13052,196,2834,2025-04-23,2,162.21,Online,62,324.42
13053,122,2834,2022-11-24,3,224.2,Online,17,672.5999999999999
13054,191,2834,2025-01-01,4,196.98,Online,57,787.92
13055,136,2834,2024-07-24,3,134.23,In-Store,123,402.68999999999994
13056,177,2834,2024-12-19,3,296.45,Online,57,889.3499999999999
13057,130,2835,2023-10-25,4,117.61,Online,34,470.44
13058,144,2835,2024-09-05,5,22.73,In-Store,125,113.65
13059,164,2835,2023-08-21,4,91.03,Online,32,364.12
13060,150,2835,2023-12-01,5,66.48,Online,36,332.40000000000003
13061,129,2835,2024-02-11,1,269.37,Online,40,269.37
13062,191,2835,2024-04-11,2,196.98,In-Store,118,393.96
13063,154,2835,2024-07-27,5,39.53,In-Store,123,197.65
13064,174,2835,2023-08-06,1,89.89,In-Store,105,89.89
13065,138,2835,2025-05-27,2,115.15,Social,213,230.3
13066,136,2835,2023-01-24,1,134.23,TV,314,134.23
13067,150,2835,2024-07-06,3,66.48,Online,47,199.44
13068,165,2835,2024-07-12,2,213.33,Online,48,426.66
13069,130,2835,2023-11-17,1,117.61,Online,36,117.61
13070,200,2835,2025-11-11,3,213.63,In-Store,148,640.89
13071,132,2835,2023-07-28,4,146.35,Online,30,585.4
13072,176,2835,2025-01-23,4,98.45,Social,207,393.8
13073,136,2835,2024-06-23,5,134.23,In-Store,121,671.15
13074,107,2835,2024-10-18,1,110.76,Email,276,110.76
13075,157,2835,2025-05-06,2,140.43,Online,64,280.86
13076,164,2835,2024-01-17,3,91.03,Online,39,273.09000000000003
13077,120,2835,2024-08-05,2,186.86,Online,49,373.72
13078,183,2835,2023-11-02,3,127.82,In-Store,110,383.46
13079,168,2835,2023-08-19,2,151.07,Online,32,302.14
13080,113,2835,2025-12-09,3,122.3,Online,76,366.9
13081,183,2835,2025-05-13,4,127.82,Online,63,511.28
13082,129,2835,2023-08-11,3,269.37,In-Store,105,808.11
13083,158,2835,2025-03-31,3,132.56,Social,211,397.68
13084,122,2835,2023-07-17,2,224.2,In-Store,104,448.4
13085,141,2836,2024-09-22,2,75.02,Social,202,150.04
13086,147,2836,2024-09-23,5,193.11,In-Store,125,965.5500000000001
13087,196,2836,2025-05-27,1,162.21,In-Store,139,162.21
13088,158,2836,2025-12-02,1,132.56,Social,221,132.56
13089,127,2836,2024-08-05,4,184.65,Online,49,738.6
13090,160,2836,2024-12-24,3,74.86,Online,56,224.57999999999998
13091,172,2836,2025-05-23,5,75.03,TV,355,375.15
13092,127,2836,2025-11-15,5,184.65,Online,73,923.25
13093,149,2836,2025-03-16,5,64.92,Online,61,324.6
13094,184,2836,2024-11-02,3,120.25,Online,54,360.75
13095,116,2836,2024-09-03,4,161.44,Online,50,645.76
13096,106,2836,2024-11-05,4,41.44,In-Store,128,165.76
13097,180,2836,2024-12-13,5,97.9,In-Store,131,489.5
13098,155,2836,2025-10-04,4,71.21,TV,361,284.84
13099,133,2836,2025-12-22,5,129.42,Online,76,647.0999999999999
13100,196,2836,2025-12-08,4,162.21,In-Store,149,648.84
13101,128,2836,2025-09-09,3,69.61,TV,361,208.82999999999998
13102,123,2836,2024-06-24,3,28.54,Online,47,85.62
13103,155,2836,2024-06-13,5,71.21,Online,46,356.04999999999995
13104,158,2836,2025-11-23,1,132.56,Online,74,132.56
13105,151,2836,2024-08-31,5,170.44,Online,50,852.2
13106,180,2836,2024-09-14,3,97.9,In-Store,126,293.70000000000005
13107,101,2837,2024-01-01,2,116.4,Online,37,232.8
13108,134,2837,2024-01-10,3,113.57,Online,39,340.71
13109,129,2838,2024-07-17,3,269.37,In-Store,123,808.11
13110,102,2838,2024-05-01,1,175.2,In-Store,119,175.2
13111,192,2838,2023-12-20,4,22.56,Online,37,90.24
13112,143,2838,2025-10-04,2,18.47,Online,71,36.94
13113,113,2838,2023-09-25,1,122.3,In-Store,107,122.3
13114,138,2838,2023-12-18,2,115.15,In-Store,112,230.3
13115,157,2838,2024-04-24,4,140.43,Social,194,561.72
13116,141,2838,2023-11-29,4,75.02,In-Store,110,300.08
13117,169,2838,2024-01-04,4,105.46,In-Store,111,421.84
13118,146,2838,2024-06-18,3,28.76,In-Store,121,86.28
13119,167,2838,2025-03-22,2,75.91,In-Store,136,151.82
13120,141,2838,2023-10-19,5,75.02,Online,34,375.09999999999997
13121,147,2838,2025-03-14,5,193.11,Email,283,965.5500000000001
13122,112,2838,2023-11-29,5,58.11,Online,36,290.55
13123,135,2838,2024-10-24,2,62.14,In-Store,128,124.28
13124,128,2838,2024-06-04,1,69.61,Online,47,69.61
13125,168,2838,2024-12-11,3,151.07,Online,56,453.21
13126,136,2838,2025-01-02,2,134.23,In-Store,132,268.46
13127,138,2838,2024-11-10,4,115.15,Online,55,460.6
13128,120,2838,2025-09-11,1,186.86,Online,70,186.86
13129,134,2838,2025-07-25,5,113.57,In-Store,142,567.8499999999999
13130,101,2838,2024-07-15,4,116.4,In-Store,123,465.6
13131,169,2838,2024-02-26,1,105.46,Social,191,105.46
13132,142,2838,2023-10-17,1,298.93,In-Store,109,298.93
13133,104,2838,2024-10-21,5,50.25,Email,276,251.25
13134,178,2838,2024-05-23,2,58.92,Online,46,117.84
13135,138,2838,2025-03-29,5,115.15,In-Store,136,575.75
13136,168,2838,2024-09-06,3,151.07,In-Store,124,453.21
13137,168,2838,2025-10-25,3,151.07,Online,72,453.21
13138,128,2839,2023-05-26,2,69.61,In-Store,101,139.22
13139,169,2839,2022-11-30,1,105.46,Social,169,105.46
13140,184,2839,2023-10-09,1,120.25,Social,184,120.25
13141,167,2839,2023-05-05,2,75.91,Online,25,151.82
13142,187,2839,2022-06-26,2,95.73,Online,8,191.46
13143,188,2839,2023-04-04,3,12.93,Online,23,38.79
13144,170,2839,2023-12-06,3,124.94,Online,37,374.82
13145,108,2839,2022-11-17,2,127.37,Online,17,254.74
13146,141,2840,2024-12-24,1,75.02,TV,347,75.02
13147,170,2840,2023-10-08,4,124.94,Online,33,499.76
13148,156,2840,2023-03-15,5,13.54,In-Store,99,67.69999999999999
13149,131,2840,2024-03-05,5,76.52,Online,41,382.59999999999997
13150,174,2840,2024-02-22,4,89.89,Online,40,359.56
13151,151,2840,2025-01-01,4,170.44,Online,57,681.76
13152,142,2840,2025-01-22,2,298.93,Online,59,597.86
13153,152,2840,2025-12-24,5,72.34,Online,77,361.70000000000005
13154,101,2840,2025-12-29,5,116.4,Online,77,582.0
13155,172,2840,2025-12-30,2,75.03,In-Store,150,150.06
13156,117,2840,2024-07-08,2,214.01,Online,47,428.02
13157,144,2840,2025-11-18,2,22.73,Online,74,45.46
13158,174,2840,2023-10-18,1,89.89,Online,33,89.89
13159,139,2840,2024-06-13,5,162.16,Online,46,810.8
13160,140,2840,2024-04-26,1,139.7,Online,45,139.7
13161,129,2840,2023-05-15,4,269.37,Online,25,1077.48
13162,194,2840,2024-11-01,5,70.1,In-Store,128,350.5
13163,127,2840,2023-03-11,3,184.65,Online,22,553.95
13164,156,2840,2025-01-01,1,13.54,Online,57,13.54
13165,116,2840,2025-01-27,4,161.44,Online,58,645.76
13166,169,2840,2023-05-13,5,105.46,Online,25,527.3
13167,125,2840,2025-09-08,5,25.35,Online,69,126.75
13168,157,2840,2025-04-17,5,140.43,Social,211,702.1500000000001
13169,151,2840,2023-09-23,2,170.44,In-Store,107,340.88
13170,163,2840,2025-06-16,5,115.65,In-Store,141,578.25
13171,184,2841,2022-08-26,1,120.25,Online,12,120.25
13172,104,2841,2022-12-17,2,50.25,Online,18,100.5
13173,153,2842,2024-09-18,4,44.91,TV,344,179.64
13174,152,2842,2024-08-24,4,72.34,Social,200,289.36
13175,131,2842,2024-11-25,4,76.52,Email,278,306.08
13176,154,2842,2024-05-26,4,39.53,Online,46,158.12
13177,153,2842,2024-07-16,4,44.91,In-Store,123,179.64
13178,159,2842,2025-02-25,3,21.52,Email,282,64.56
13179,189,2842,2024-09-28,2,47.31,In-Store,126,94.62
13180,176,2842,2024-10-26,1,98.45,Online,53,98.45
13181,115,2842,2025-03-21,3,114.62,In-Store,136,343.86
13182,148,2842,2024-10-22,4,47.75,Email,274,191.0
13183,180,2842,2025-01-16,1,97.9,In-Store,132,97.9
13184,113,2842,2024-07-02,3,122.3,Online,48,366.9
13185,172,2842,2025-03-01,2,75.03,Online,60,150.06
13186,138,2842,2024-11-06,2,115.15,In-Store,128,230.3
13187,133,2843,2024-10-13,1,129.42,In-Store,127,129.42
13188,135,2843,2025-09-18,3,62.14,Email,291,186.42000000000002
13189,177,2843,2023-07-29,2,296.45,Online,31,592.9
13190,123,2843,2025-10-27,1,28.54,Online,72,28.54
13191,151,2843,2025-09-12,5,170.44,Online,70,852.2
13192,151,2843,2025-10-05,4,170.44,Online,71,681.76
13193,147,2843,2025-02-12,1,193.11,Online,59,193.11
13194,155,2843,2025-12-12,5,71.21,Online,76,356.04999999999995
13195,170,2843,2024-10-02,3,124.94,Social,202,374.82
13196,190,2843,2023-09-08,2,121.42,Online,33,242.84
13197,166,2843,2024-02-19,5,151.16,Social,191,755.8
13198,110,2843,2025-09-03,3,138.19,Online,70,414.57
13199,135,2843,2025-12-12,5,62.14,In-Store,149,310.7
13200,182,2843,2023-09-02,3,73.37,Online,32,220.11
13201,122,2843,2024-07-21,4,224.2,Online,48,896.8
13202,126,2843,2025-05-21,3,62.9,Social,212,188.7
13203,132,2843,2025-07-27,4,146.35,In-Store,142,585.4
13204,106,2843,2024-10-23,2,41.44,Online,53,82.88
13205,121,2843,2025-04-24,2,126.42,Online,62,252.84
13206,116,2843,2025-08-21,4,161.44,In-Store,143,645.76
13207,187,2843,2024-04-03,2,95.73,TV,335,191.46
13208,156,2843,2023-12-17,1,13.54,Social,188,13.54
13209,200,2843,2025-02-15,5,213.63,Online,59,1068.15
13210,137,2844,2025-07-25,2,90.95,Online,68,181.9
13211,184,2844,2025-06-25,1,120.25,In-Store,141,120.25
13212,103,2844,2023-04-05,5,74.85,In-Store,100,374.25
13213,130,2844,2025-08-22,3,117.61,Online,68,352.83
13214,122,2844,2025-03-08,1,224.2,In-Store,135,224.2
13215,119,2844,2024-12-02,1,193.28,Online,56,193.28
13216,108,2844,2024-10-20,2,127.37,Online,53,254.74
13217,151,2844,2025-01-23,1,170.44,TV,350,170.44
13218,158,2844,2023-01-08,1,132.56,Online,19,132.56
13219,125,2844,2024-10-04,1,25.35,Social,202,25.35
13220,102,2844,2024-04-09,1,175.2,Online,43,175.2
13221,186,2844,2024-12-22,1,29.78,Email,279,29.78
13222,170,2844,2024-12-06,2,124.94,Online,56,249.88
13223,161,2844,2025-04-07,2,233.25,Online,62,466.5
13224,123,2844,2023-06-21,5,28.54,In-Store,104,142.7
13225,147,2844,2025-12-24,1,193.11,Online,77,193.11
13226,121,2844,2025-05-30,2,126.42,In-Store,139,252.84
13227,130,2844,2025-01-12,1,117.61,TV,349,117.61
13228,147,2844,2025-05-23,2,193.11,Online,65,386.22
13229,181,2844,2024-05-25,5,231.25,Online,46,1156.25
13230,181,2844,2023-08-16,4,231.25,Social,182,925.0
13231,137,2844,2025-07-14,4,90.95,Online,67,363.8
13232,194,2844,2024-05-08,4,70.1,Social,194,280.4
13233,168,2845,2025-10-08,1,151.07,TV,362,151.07
13234,158,2845,2025-01-06,2,132.56,Online,57,265.12
13235,107,2845,2025-12-22,5,110.76,TV,365,553.8000000000001
13236,198,2845,2025-08-16,4,167.93,Online,68,671.72
13237,156,2845,2025-04-09,3,13.54,Online,61,40.62
13238,184,2845,2025-02-01,4,120.25,Online,59,481.0
13239,193,2845,2025-02-26,3,28.68,Online,59,86.03999999999999
13240,184,2845,2025-07-31,3,120.25,Online,68,360.75
13241,197,2845,2025-05-26,4,270.16,Online,65,1080.64
13242,109,2845,2024-10-13,5,69.39,In-Store,126,346.95
13243,141,2845,2025-12-09,4,75.02,Online,75,300.08
13244,186,2845,2024-11-10,4,29.78,TV,345,119.12
13245,129,2845,2024-11-23,1,269.37,In-Store,130,269.37
13246,125,2845,2025-04-12,2,25.35,Online,61,50.7
13247,161,2845,2025-06-26,3,233.25,In-Store,141,699.75
13248,133,2845,2025-04-10,4,129.42,Online,62,517.68
13249,171,2845,2025-12-03,2,117.28,In-Store,149,234.56
13250,155,2845,2025-07-12,1,71.21,Online,67,71.21
13251,146,2845,2025-05-04,2,28.76,Online,64,57.52
13252,139,2845,2025-10-30,4,162.16,TV,363,648.64
13253,194,2845,2025-10-30,5,70.1,Online,73,350.5
13254,125,2845,2025-05-03,4,25.35,In-Store,138,101.4
13255,120,2845,2025-09-13,2,186.86,TV,360,373.72
13256,160,2845,2025-01-25,1,74.86,In-Store,133,74.86
13257,114,2846,2025-06-22,3,120.5,Online,66,361.5
13258,156,2846,2025-01-06,4,13.54,Online,57,54.16
13259,181,2846,2025-11-24,1,231.25,Online,74,231.25
13260,106,2846,2025-05-20,1,41.44,Online,65,41.44
13261,140,2846,2024-12-07,3,139.7,Social,205,419.09999999999997
13262,134,2846,2025-10-06,5,113.57,Online,70,567.8499999999999
13263,157,2846,2025-09-05,4,140.43,In-Store,143,561.72
13264,112,2846,2025-07-24,4,58.11,In-Store,142,232.44
13265,158,2846,2025-05-31,1,132.56,Email,286,132.56
13266,187,2846,2025-03-03,4,95.73,Social,209,382.92
13267,172,2846,2025-11-30,4,75.03,Online,75,300.12
13268,117,2846,2025-11-21,5,214.01,Online,74,1070.05
13269,156,2846,2025-05-25,1,13.54,TV,355,13.54
13270,161,2846,2025-12-16,3,233.25,In-Store,149,699.75
13271,196,2846,2025-01-17,3,162.21,Online,58,486.63
13272,181,2846,2025-01-01,4,231.25,TV,348,925.0
13273,116,2846,2025-05-04,5,161.44,Online,64,807.2
13274,171,2846,2025-06-30,2,117.28,Email,288,234.56
13275,121,2846,2024-12-22,2,126.42,Online,56,252.84
13276,110,2846,2025-12-16,4,138.19,In-Store,149,552.76
13277,170,2846,2024-12-06,1,124.94,Online,55,124.94
13278,124,2846,2024-11-24,3,174.26,In-Store,130,522.78
13279,165,2846,2024-11-20,5,213.33,Online,55,1066.65
13280,151,2846,2025-10-11,3,170.44,Online,70,511.32
13281,175,2846,2025-10-10,3,285.32,In-Store,146,855.96
13282,197,2846,2025-02-12,2,270.16,Online,59,540.32
13283,120,2846,2025-08-31,2,186.86,TV,359,373.72
13284,152,2847,2023-02-27,2,72.34,Online,21,144.68
13285,200,2847,2024-04-04,2,213.63,Online,43,427.26
13286,172,2847,2025-08-30,5,75.03,Online,68,375.15
13287,160,2847,2025-09-05,4,74.86,Online,70,299.44
13288,160,2847,2025-04-30,5,74.86,Online,63,374.3
13289,157,2847,2024-08-30,4,140.43,Online,50,561.72
13290,120,2847,2023-11-07,2,186.86,Online,34,373.72
13291,123,2847,2024-06-18,5,28.54,Online,47,142.7
13292,190,2847,2024-09-26,5,121.42,In-Store,126,607.1
13293,146,2847,2023-02-17,1,28.76,In-Store,98,28.76
13294,178,2847,2025-05-29,1,58.92,Social,212,58.92
13295,145,2847,2023-08-12,4,87.44,Online,31,349.76
13296,118,2847,2024-08-24,5,128.58,Email,271,642.9000000000001
13297,101,2847,2025-11-21,3,116.4,Online,75,349.20000000000005
13298,111,2847,2024-06-21,2,78.12,Online,47,156.24
13299,176,2847,2025-10-04,2,98.45,In-Store,145,196.9
13300,119,2847,2023-01-10,2,193.28,Online,19,386.56
13301,179,2848,2025-01-15,3,69.62,In-Store,133,208.86
13302,153,2848,2024-12-06,1,44.91,In-Store,131,44.91
13303,149,2848,2024-10-04,1,64.92,In-Store,127,64.92
13304,160,2848,2024-10-30,1,74.86,Online,53,74.86
13305,162,2848,2024-10-26,1,23.29,TV,345,23.29
13306,121,2849,2025-02-19,2,126.42,In-Store,135,252.84
13307,119,2849,2024-09-20,2,193.28,Online,51,386.56
13308,124,2849,2024-01-30,3,174.26,Social,190,522.78
13309,109,2849,2025-04-21,3,69.39,Online,63,208.17000000000002
13310,112,2849,2023-12-11,1,58.11,In-Store,111,58.11
13311,184,2849,2025-09-16,4,120.25,Online,70,481.0
13312,188,2849,2023-07-08,1,12.93,Online,29,12.93
13313,173,2849,2023-09-29,4,100.75,Online,33,403.0
13314,118,2849,2023-12-23,4,128.58,Online,37,514.32
13315,139,2849,2024-02-07,4,162.16,Online,40,648.64
13316,115,2849,2024-01-07,3,114.62,Online,38,343.86
13317,140,2850,2024-05-21,1,139.7,Social,195,139.7
13318,168,2850,2024-04-30,2,151.07,Online,43,302.14
13319,157,2850,2025-02-21,2,140.43,Online,60,280.86
13320,163,2850,2025-08-06,4,115.65,Online,68,462.6
13321,129,2850,2025-02-25,5,269.37,Online,60,1346.85
13322,132,2850,2025-07-12,3,146.35,In-Store,142,439.04999999999995
13323,123,2850,2025-07-06,2,28.54,Online,67,57.08
13324,133,2850,2023-09-06,1,129.42,Online,32,129.42
13325,112,2850,2025-03-17,5,58.11,In-Store,136,290.55
13326,130,2850,2024-04-03,2,117.61,In-Store,118,235.22
13327,130,2850,2023-04-11,1,117.61,Online,24,117.61
13328,178,2850,2023-11-16,3,58.92,Online,36,176.76
13329,133,2850,2025-06-21,1,129.42,Online,66,129.42
13330,178,2850,2024-03-15,3,58.92,Online,41,176.76
13331,165,2850,2025-01-31,4,213.33,Online,58,853.32
13332,196,2850,2025-08-13,2,162.21,Social,216,324.42
13333,175,2850,2025-04-03,4,285.32,Social,210,1141.28
13334,157,2850,2025-11-20,1,140.43,Online,74,140.43
13335,138,2850,2024-01-16,3,115.15,Online,39,345.45000000000005
13336,104,2850,2025-07-26,5,50.25,Email,290,251.25
13337,131,2850,2025-07-22,3,76.52,Online,67,229.56
13338,183,2850,2023-09-19,5,127.82,Online,33,639.0999999999999
13339,104,2851,2024-10-02,3,50.25,In-Store,126,150.75
13340,146,2851,2024-12-07,3,28.76,In-Store,131,86.28
13341,190,2851,2024-11-07,1,121.42,Online,53,121.42
13342,105,2851,2024-11-19,3,45.85,Online,54,137.55
13343,143,2851,2024-09-22,2,18.47,Online,51,36.94
13344,141,2852,2025-03-11,5,75.02,Online,60,375.09999999999997
13345,147,2852,2024-09-03,1,193.11,Online,50,193.11
13346,111,2852,2025-05-10,2,78.12,Email,286,156.24
13347,169,2852,2025-04-06,5,105.46,Online,61,527.3
13348,184,2852,2024-07-07,4,120.25,Email,268,481.0
13349,147,2852,2025-12-29,3,193.11,In-Store,150,579.33
13350,181,2852,2025-03-14,5,231.25,Social,210,1156.25
13351,111,2852,2025-06-09,1,78.12,In-Store,140,78.12
13352,141,2852,2025-09-24,5,75.02,Social,218,375.09999999999997
13353,154,2852,2025-09-03,3,39.53,Online,70,118.59
13354,126,2852,2025-09-02,2,62.9,Online,69,125.8
13355,190,2852,2024-03-20,3,121.42,In-Store,118,364.26
13356,136,2852,2024-04-19,1,134.23,Social,193,134.23
13357,104,2852,2025-03-29,1,50.25,TV,352,50.25
13358,138,2852,2023-12-06,2,115.15,Online,37,230.3
13359,131,2852,2023-12-21,2,76.52,In-Store,111,153.04
13360,129,2852,2023-12-08,2,269.37,In-Store,111,538.74
13361,138,2852,2024-10-27,1,115.15,Online,53,115.15
13362,177,2852,2025-04-19,4,296.45,Online,63,1185.8
13363,120,2852,2025-01-25,1,186.86,Social,207,186.86
13364,130,2852,2024-08-13,5,117.61,Online,49,588.05
13365,107,2852,2025-02-13,5,110.76,In-Store,135,553.8000000000001
13366,122,2852,2024-02-05,4,224.2,Online,40,896.8
13367,197,2852,2023-12-10,4,270.16,Online,36,1080.64
13368,154,2852,2025-11-17,5,39.53,In-Store,148,197.65
13369,124,2852,2025-03-23,4,174.26,In-Store,136,697.04
13370,190,2852,2024-04-30,2,121.42,Online,45,242.84
13371,165,2852,2023-11-15,3,213.33,Online,36,639.99
13372,113,2852,2025-09-30,3,122.3,Online,71,366.9
13373,133,2852,2024-05-17,4,129.42,In-Store,120,517.68
13374,126,2852,2023-12-27,3,62.9,Online,38,188.7
13375,148,2852,2024-08-02,4,47.75,In-Store,123,191.0
13376,110,2853,2025-08-16,3,138.19,Online,68,414.57
13377,132,2853,2024-04-25,4,146.35,Online,44,585.4
13378,187,2853,2024-08-03,3,95.73,Online,49,287.19
13379,192,2853,2025-11-17,3,22.56,Online,73,67.67999999999999
13380,170,2853,2024-11-22,1,124.94,Online,55,124.94
13381,116,2853,2025-10-26,1,161.44,Online,72,161.44
13382,116,2853,2024-09-20,4,161.44,Online,51,645.76
13383,113,2853,2024-11-05,1,122.3,In-Store,128,122.3
13384,197,2853,2024-02-25,2,270.16,Online,40,540.32
13385,191,2853,2023-12-25,5,196.98,In-Store,111,984.9
13386,167,2853,2024-02-07,2,75.91,In-Store,114,151.82
13387,111,2853,2023-11-15,2,78.12,In-Store,110,156.24
13388,116,2853,2024-03-25,1,161.44,Online,42,161.44
13389,131,2853,2023-10-23,4,76.52,Online,34,306.08
13390,129,2853,2024-12-26,4,269.37,Online,57,1077.48
13391,143,2853,2025-06-08,1,18.47,Online,65,18.47
13392,155,2853,2024-06-17,1,71.21,Online,47,71.21
13393,194,2854,2025-12-05,4,70.1,In-Store,149,280.4
13394,149,2854,2024-10-16,2,64.92,TV,345,129.84
13395,170,2854,2025-07-19,1,124.94,Online,68,124.94
13396,106,2854,2024-06-25,5,41.44,In-Store,122,207.2
13397,199,2854,2025-03-19,2,105.38,Online,60,210.76
13398,174,2854,2025-01-07,3,89.89,In-Store,132,269.67
13399,197,2854,2025-08-06,1,270.16,Online,68,270.16
13400,170,2854,2025-02-28,3,124.94,Online,60,374.82
13401,136,2854,2024-05-25,2,134.23,Online,46,268.46
13402,174,2854,2024-09-30,5,89.89,Online,51,449.45
13403,151,2854,2024-08-30,5,170.44,Online,49,852.2
13404,116,2854,2024-11-03,3,161.44,Online,54,484.32
13405,118,2854,2025-12-29,5,128.58,Online,77,642.9000000000001
13406,188,2854,2025-07-17,3,12.93,Social,214,38.79
13407,122,2854,2025-08-30,2,224.2,In-Store,143,448.4
13408,135,2855,2024-07-16,3,62.14,Online,48,186.42000000000002
13409,182,2855,2023-08-06,4,73.37,Online,31,293.48
13410,142,2855,2025-10-08,1,298.93,Online,70,298.93
13411,152,2855,2024-08-05,4,72.34,Online,49,289.36
13412,160,2855,2024-03-27,5,74.86,Online,42,374.3
13413,138,2855,2023-12-05,2,115.15,Online,36,230.3
13414,116,2855,2023-07-08,4,161.44,Online,29,645.76
13415,148,2855,2025-03-24,3,47.75,Online,60,143.25
13416,188,2855,2025-08-01,5,12.93,In-Store,142,64.65
13417,140,2855,2025-02-17,4,139.7,In-Store,135,558.8
13418,157,2855,2024-04-02,4,140.43,In-Store,118,561.72
13419,198,2855,2024-07-01,3,167.93,Online,48,503.79
13420,154,2855,2025-10-31,1,39.53,Social,220,39.53
13421,122,2855,2025-10-27,5,224.2,In-Store,147,1121.0
13422,165,2855,2025-10-31,1,213.33,TV,363,213.33
13423,137,2855,2024-04-15,3,90.95,Online,44,272.85
13424,139,2855,2024-12-26,1,162.16,In-Store,132,162.16
13425,141,2856,2024-06-27,2,75.02,Online,47,150.04
13426,163,2856,2024-09-01,2,115.65,Online,51,231.3
13427,188,2856,2025-08-04,5,12.93,Online,68,64.65
13428,143,2856,2025-11-09,4,18.47,Online,73,73.88
13429,138,2856,2025-01-15,2,115.15,Online,58,230.3
13430,127,2856,2024-10-27,5,184.65,TV,345,923.25
13431,128,2856,2024-09-19,2,69.61,Online,51,139.22
13432,132,2856,2025-02-06,5,146.35,Social,207,731.75
13433,127,2856,2025-07-17,3,184.65,In-Store,141,553.95
13434,160,2856,2025-06-01,1,74.86,Online,65,74.86
13435,159,2856,2024-11-30,5,21.52,In-Store,130,107.6
13436,101,2856,2024-12-19,2,116.4,Online,56,232.8
13437,116,2856,2024-09-29,1,161.44,Online,51,161.44
13438,122,2856,2024-11-28,3,224.2,TV,346,672.5999999999999
13439,133,2856,2025-06-19,1,129.42,Social,213,129.42
13440,187,2856,2024-06-15,2,95.73,Email,267,191.46
13441,181,2856,2025-03-05,2,231.25,Online,60,462.5
13442,152,2856,2025-04-29,2,72.34,Online,63,144.68
13443,118,2856,2025-05-04,5,128.58,Online,64,642.9000000000001
13444,184,2856,2025-10-16,4,120.25,Online,71,481.0
13445,151,2856,2024-03-13,2,170.44,Online,41,340.88
13446,191,2856,2024-06-03,4,196.98,Social,196,787.92
13447,110,2856,2025-02-27,3,138.19,Online,59,414.57
13448,170,2856,2024-08-31,5,124.94,Online,49,624.7
13449,183,2857,2025-09-28,1,127.82,Online,71,127.82
13450,189,2857,2022-11-12,1,47.31,Online,16,47.31
13451,157,2857,2023-02-09,2,140.43,In-Store,97,280.86
13452,104,2857,2024-04-29,5,50.25,Online,45,251.25
13453,161,2857,2022-10-28,2,233.25,Social,167,466.5
13454,117,2857,2025-12-23,3,214.01,In-Store,149,642.03
13455,107,2857,2025-11-28,1,110.76,In-Store,149,110.76
13456,161,2857,2025-05-23,2,233.25,Online,65,466.5
13457,108,2857,2024-03-06,4,127.37,TV,334,509.48
13458,136,2857,2024-08-02,5,134.23,In-Store,123,671.15
13459,146,2857,2024-07-08,5,28.76,Social,198,143.8
13460,109,2857,2024-11-14,5,69.39,In-Store,128,346.95
13461,190,2857,2023-11-17,4,121.42,Email,256,485.68
13462,124,2857,2025-04-06,1,174.26,Email,283,174.26
13463,113,2857,2023-05-13,4,122.3,In-Store,101,489.2
13464,108,2857,2023-06-12,5,127.37,In-Store,103,636.85
13465,177,2857,2025-08-23,2,296.45,Email,291,592.9
13466,191,2858,2025-12-09,3,196.98,Online,76,590.9399999999999
13467,186,2858,2025-03-01,5,29.78,Online,60,148.9
13468,151,2858,2023-10-10,4,170.44,Online,34,681.76
13469,115,2858,2025-04-21,4,114.62,In-Store,137,458.48
13470,145,2858,2025-03-08,2,87.44,In-Store,135,174.88
13471,154,2858,2024-11-09,1,39.53,In-Store,128,39.53
13472,139,2858,2024-12-25,4,162.16,In-Store,132,648.64
13473,182,2858,2024-08-18,3,73.37,Email,271,220.11
13474,160,2858,2025-08-18,5,74.86,Online,68,374.3
13475,106,2858,2025-06-08,5,41.44,Email,286,207.2
13476,145,2858,2024-11-16,4,87.44,Online,54,349.76
13477,154,2858,2025-06-10,5,39.53,Online,66,197.65
13478,142,2858,2024-11-14,4,298.93,Online,55,1195.72
13479,193,2858,2024-02-11,2,28.68,In-Store,115,57.36
13480,133,2858,2024-03-26,2,129.42,In-Store,118,258.84
13481,156,2858,2024-05-10,3,13.54,In-Store,119,40.62
13482,109,2858,2025-06-09,4,69.39,Online,65,277.56
13483,135,2858,2024-12-23,3,62.14,Online,57,186.42000000000002
13484,177,2858,2024-10-29,5,296.45,Email,276,1482.25
13485,120,2858,2024-08-09,4,186.86,Online,49,747.44
13486,160,2859,2024-07-23,3,74.86,Online,48,224.57999999999998
13487,143,2859,2023-05-09,4,18.47,TV,320,73.88
13488,109,2859,2023-09-05,2,69.39,Online,33,138.78
13489,115,2859,2023-04-26,2,114.62,Online,24,229.24
13490,114,2859,2024-07-01,3,120.5,Online,47,361.5
13491,182,2859,2022-12-27,4,73.37,In-Store,95,293.48
13492,159,2859,2023-08-10,2,21.52,In-Store,105,43.04
13493,189,2859,2023-02-03,1,47.31,TV,315,47.31
13494,189,2859,2023-05-23,2,47.31,In-Store,102,94.62
13495,174,2859,2023-05-09,3,89.89,Online,25,269.67
13496,164,2859,2023-02-13,4,91.03,Online,20,364.12
13497,113,2859,2024-04-05,2,122.3,Online,43,244.6
13498,108,2860,2023-11-04,1,127.37,Online,35,127.37
13499,104,2860,2025-11-25,5,50.25,In-Store,148,251.25
13500,127,2860,2022-09-10,2,184.65,In-Store,90,369.3
13501,102,2860,2023-02-07,3,175.2,Online,21,525.5999999999999
13502,116,2860,2024-05-09,1,161.44,In-Store,120,161.44
13503,191,2860,2025-05-24,4,196.98,Online,65,787.92
13504,122,2860,2025-09-12,3,224.2,Online,70,672.5999999999999
13505,111,2860,2024-11-11,1,78.12,In-Store,129,78.12
13506,185,2860,2023-07-11,5,143.79,In-Store,104,718.9499999999999
13507,129,2860,2025-12-02,3,269.37,Online,75,808.11
13508,128,2860,2024-09-24,1,69.61,TV,344,69.61
13509,175,2860,2024-01-16,2,285.32,In-Store,113,570.64
13510,178,2860,2024-10-31,2,58.92,Online,53,117.84
13511,147,2860,2025-06-21,2,193.11,In-Store,141,386.22
13512,185,2860,2025-05-25,2,143.79,Online,65,287.58
13513,186,2860,2023-03-15,4,29.78,Online,22,119.12
13514,190,2860,2022-12-25,5,121.42,Online,19,607.1
13515,157,2860,2025-03-30,1,140.43,Online,61,140.43
13516,175,2860,2024-07-04,5,285.32,Social,198,1426.6
13517,114,2860,2023-07-12,1,120.5,Online,29,120.5
13518,122,2860,2023-01-28,5,224.2,In-Store,97,1121.0
13519,155,2861,2023-08-25,1,71.21,Online,32,71.21
13520,169,2861,2024-09-22,1,105.46,Online,51,105.46
13521,195,2861,2023-07-28,4,109.44,Online,30,437.76
13522,107,2861,2024-04-23,1,110.76,Online,43,110.76
13523,173,2861,2024-10-14,3,100.75,Online,53,302.25
13524,141,2861,2023-01-08,1,75.02,Online,19,75.02
13525,156,2861,2023-02-14,3,13.54,Online,20,40.62
13526,187,2861,2024-08-10,4,95.73,Social,200,382.92
13527,153,2861,2023-10-21,3,44.91,Email,254,134.73
13528,187,2861,2023-06-02,3,95.73,Online,26,287.19
13529,171,2861,2024-07-24,3,117.28,Online,49,351.84000000000003
13530,141,2861,2024-01-11,3,75.02,Online,38,225.06
13531,188,2861,2024-09-15,2,12.93,TV,344,25.86
13532,110,2862,2024-02-24,1,138.19,Online,41,138.19
13533,169,2862,2023-12-07,1,105.46,Online,36,105.46
13534,125,2862,2024-07-18,1,25.35,In-Store,123,25.35
13535,161,2862,2024-05-20,5,233.25,Online,46,1166.25
13536,178,2862,2023-12-20,3,58.92,Online,37,176.76
13537,147,2862,2024-09-29,3,193.11,Online,52,579.33
13538,197,2862,2023-04-01,3,270.16,Social,176,810.48
13539,200,2862,2022-04-01,5,213.63,Online,5,1068.15
13540,196,2862,2024-04-17,3,162.21,Online,43,486.63
13541,181,2862,2024-06-11,5,231.25,Online,47,1156.25
13542,160,2862,2025-09-30,4,74.86,Online,70,299.44
13543,122,2862,2025-09-30,2,224.2,Online,70,448.4
13544,152,2862,2023-12-22,2,72.34,Online,37,144.68
13545,161,2862,2023-10-15,4,233.25,Online,34,933.0
13546,200,2862,2025-07-07,3,213.63,Online,67,640.89
13547,182,2862,2022-05-19,3,73.37,Online,6,220.11
13548,129,2862,2024-03-18,1,269.37,Social,192,269.37
13549,153,2863,2025-05-27,5,44.91,Online,65,224.54999999999998
13550,200,2863,2025-11-14,4,213.63,Online,73,854.52
13551,174,2863,2025-12-19,2,89.89,Email,294,179.78
13552,142,2863,2024-12-28,3,298.93,In-Store,132,896.79
13553,117,2863,2025-09-09,2,214.01,Online,70,428.02
13554,151,2863,2025-12-18,2,170.44,TV,366,340.88
13555,149,2863,2025-03-30,1,64.92,In-Store,136,64.92
13556,132,2863,2025-08-29,2,146.35,In-Store,144,292.7
13557,147,2863,2025-05-19,5,193.11,Online,65,965.5500000000001
13558,129,2863,2025-05-30,2,269.37,In-Store,139,538.74
13559,125,2863,2025-11-26,2,25.35,Social,221,50.7
13560,172,2863,2025-12-29,3,75.03,In-Store,149,225.09
13561,102,2863,2025-03-07,5,175.2,Online,60,876.0
13562,111,2863,2025-07-23,1,78.12,Online,68,78.12
13563,186,2864,2023-11-17,5,29.78,In-Store,110,148.9
13564,193,2864,2023-09-19,2,28.68,Online,33,57.36
13565,107,2864,2023-01-30,2,110.76,In-Store,97,221.52
13566,104,2864,2023-07-25,5,50.25,Online,30,251.25
13567,168,2864,2024-12-21,4,151.07,In-Store,131,604.28
13568,133,2864,2025-09-12,1,129.42,In-Store,144,129.42
13569,140,2864,2025-05-19,5,139.7,Social,213,698.5
13570,143,2864,2023-06-19,5,18.47,Email,248,92.35
13571,119,2864,2023-10-08,3,193.28,In-Store,107,579.84
13572,160,2864,2024-04-29,3,74.86,Online,45,224.57999999999998
13573,136,2864,2025-01-09,4,134.23,Online,57,536.92
13574,183,2864,2025-12-23,2,127.82,In-Store,149,255.64
13575,139,2864,2024-12-01,1,162.16,In-Store,130,162.16
13576,125,2864,2023-02-02,1,25.35,Online,20,25.35
13577,189,2864,2025-06-08,1,47.31,In-Store,139,47.31
13578,140,2864,2025-05-03,5,139.7,In-Store,138,698.5
13579,118,2864,2025-12-13,5,128.58,In-Store,149,642.9000000000001
13580,168,2864,2024-07-23,5,151.07,Online,48,755.3499999999999
13581,138,2864,2023-06-23,4,115.15,Online,28,460.6
13582,119,2864,2025-09-01,5,193.28,Online,70,966.4
13583,155,2864,2024-07-12,4,71.21,Social,198,284.84
13584,167,2864,2023-09-22,2,75.91,Online,33,151.82
13585,168,2864,2023-09-17,3,151.07,Online,33,453.21
13586,127,2864,2025-05-11,5,184.65,In-Store,139,923.25
13587,127,2864,2025-02-18,1,184.65,Online,59,184.65
13588,142,2864,2024-05-04,3,298.93,TV,336,896.79
13589,191,2864,2025-11-08,5,196.98,Online,73,984.9
13590,153,2865,2023-02-27,1,44.91,Online,21,44.91
13591,113,2865,2023-02-03,2,122.3,Online,20,244.6
13592,163,2865,2022-09-10,1,115.65,Online,13,115.65
13593,163,2865,2022-10-17,2,115.65,Online,15,231.3
13594,189,2865,2022-04-18,2,47.31,Online,5,94.62
13595,157,2866,2024-11-09,1,140.43,Online,55,140.43
13596,117,2866,2024-02-12,3,214.01,Online,40,642.03
13597,197,2866,2024-11-01,2,270.16,Online,54,540.32
13598,183,2866,2025-07-22,5,127.82,In-Store,142,639.0999999999999
13599,122,2866,2023-12-29,1,224.2,In-Store,111,224.2
13600,123,2866,2024-11-10,1,28.54,In-Store,129,28.54
13601,148,2866,2025-01-15,4,47.75,Online,58,191.0
13602,185,2866,2025-10-19,4,143.79,Online,72,575.16
13603,196,2866,2024-09-26,3,162.21,In-Store,126,486.63
13604,135,2866,2023-04-17,4,62.14,Online,24,248.56
13605,149,2866,2025-06-07,1,64.92,In-Store,140,64.92
13606,132,2866,2025-11-05,1,146.35,Online,72,146.35
13607,124,2866,2025-01-23,4,174.26,TV,350,697.04
13608,150,2866,2023-12-10,3,66.48,Online,36,199.44
13609,175,2866,2024-07-19,5,285.32,Online,48,1426.6
13610,113,2866,2025-12-03,1,122.3,Online,75,122.3
13611,198,2866,2025-10-22,2,167.93,Online,72,335.86
13612,132,2866,2025-04-27,2,146.35,In-Store,137,292.7
13613,164,2867,2023-05-27,3,91.03,Social,179,273.09000000000003
13614,133,2867,2023-08-29,3,129.42,Online,32,388.26
13615,193,2867,2023-10-19,3,28.68,Online,34,86.03999999999999
13616,174,2867,2023-08-17,3,89.89,Social,182,269.67
13617,148,2868,2024-10-05,2,47.75,Online,52,95.5
13618,101,2868,2023-07-30,1,116.4,In-Store,104,116.4
13619,163,2868,2023-01-25,2,115.65,Online,19,231.3
13620,192,2868,2023-08-13,1,22.56,Online,32,22.56
13621,178,2868,2023-10-13,3,58.92,In-Store,108,176.76
13622,159,2868,2023-06-20,2,21.52,In-Store,104,43.04
13623,182,2868,2023-10-06,3,73.37,Online,33,220.11
13624,189,2869,2024-04-27,1,47.31,In-Store,119,47.31
13625,138,2869,2024-05-17,2,115.15,Social,194,230.3
13626,187,2869,2024-02-02,3,95.73,Online,40,287.19
13627,162,2869,2024-08-01,3,23.29,Online,49,69.87
13628,197,2870,2024-03-08,2,270.16,Online,41,540.32
13629,176,2870,2025-10-18,2,98.45,Social,218,196.9
13630,148,2870,2025-06-02,5,47.75,Social,213,238.75
13631,121,2870,2025-08-05,5,126.42,In-Store,143,632.1
13632,165,2870,2025-12-28,2,213.33,Online,77,426.66
13633,168,2870,2024-03-19,2,151.07,Online,42,302.14
13634,151,2870,2025-08-31,4,170.44,Online,70,681.76
13635,119,2870,2024-03-17,4,193.28,In-Store,118,773.12
13636,192,2870,2024-05-30,3,22.56,Online,46,67.67999999999999
13637,159,2870,2025-03-08,2,21.52,Online,60,43.04
13638,180,2870,2024-02-27,5,97.9,In-Store,116,489.5
13639,133,2870,2025-02-26,2,129.42,TV,351,258.84
13640,193,2870,2024-04-05,1,28.68,Email,263,28.68
13641,137,2870,2024-05-10,2,90.95,In-Store,120,181.9
13642,127,2870,2025-07-20,4,184.65,TV,357,738.6
13643,188,2870,2024-03-07,5,12.93,In-Store,116,64.65
13644,119,2870,2025-05-26,3,193.28,In-Store,139,579.84
13645,127,2870,2024-06-05,4,184.65,Online,46,738.6
13646,194,2870,2025-10-02,2,70.1,Online,70,140.2
13647,160,2871,2025-01-08,3,74.86,In-Store,132,224.57999999999998
13648,193,2871,2025-01-19,1,28.68,Online,58,28.68
13649,136,2871,2025-02-10,3,134.23,Online,59,402.68999999999994
13650,146,2871,2024-12-30,3,28.76,Social,206,86.28
13651,184,2871,2025-01-25,1,120.25,In-Store,133,120.25
13652,144,2871,2025-02-11,1,22.73,Online,59,22.73
13653,101,2871,2024-12-22,3,116.4,Online,56,349.20000000000005
13654,175,2872,2023-09-07,2,285.32,In-Store,106,570.64
13655,175,2872,2025-09-14,4,285.32,Online,70,1141.28
13656,129,2872,2024-12-06,1,269.37,Online,56,269.37
13657,199,2872,2023-07-29,5,105.38,In-Store,105,526.9
13658,194,2872,2024-06-11,5,70.1,In-Store,120,350.5
13659,114,2872,2024-05-10,1,120.5,In-Store,119,120.5
13660,116,2872,2024-03-26,4,161.44,Online,43,645.76
13661,182,2872,2025-02-28,5,73.37,Social,209,366.85
13662,136,2872,2022-10-21,2,134.23,Online,14,268.46
13663,112,2872,2023-10-16,5,58.11,Online,34,290.55
13664,117,2872,2025-03-05,3,214.01,Online,60,642.03
13665,113,2872,2024-06-09,1,122.3,Online,46,122.3
13666,110,2872,2025-07-12,5,138.19,In-Store,141,690.95
13667,101,2872,2024-12-21,1,116.4,TV,348,116.4
13668,130,2872,2024-01-25,5,117.61,Online,39,588.05
13669,200,2872,2024-08-23,3,213.63,Online,50,640.89
13670,182,2873,2025-01-29,1,73.37,Online,59,73.37
13671,171,2873,2025-04-16,3,117.28,In-Store,138,351.84000000000003
13672,171,2873,2025-04-19,1,117.28,In-Store,138,117.28
13673,137,2873,2024-11-17,4,90.95,Online,55,363.8
13674,176,2873,2025-02-12,3,98.45,Online,59,295.35
13675,136,2873,2025-01-02,2,134.23,Online,58,268.46
13676,183,2873,2025-03-31,4,127.82,Online,61,511.28
13677,189,2873,2025-04-23,1,47.31,Online,62,47.31
13678,143,2873,2025-03-09,1,18.47,Online,60,18.47
13679,136,2873,2025-02-01,4,134.23,Email,281,536.92
13680,182,2873,2025-03-01,1,73.37,TV,351,73.37
13681,154,2874,2023-01-19,3,39.53,Online,20,118.59
13682,174,2874,2023-04-22,3,89.89,Online,24,269.67
13683,173,2874,2023-02-01,1,100.75,Social,172,100.75
13684,154,2874,2023-08-10,1,39.53,Social,182,39.53
13685,173,2874,2023-04-08,1,100.75,In-Store,100,100.75
13686,163,2874,2023-11-03,1,115.65,Online,34,115.65
13687,192,2874,2023-03-15,2,22.56,Online,22,45.12
13688,172,2874,2023-01-24,2,75.03,Online,19,150.06
13689,112,2874,2023-11-30,2,58.11,TV,329,116.22
13690,190,2874,2023-05-07,3,121.42,Social,177,364.26
13691,160,2874,2023-04-07,2,74.86,Online,23,149.72
13692,160,2874,2023-01-25,3,74.86,In-Store,97,224.57999999999998
13693,153,2875,2024-10-03,4,44.91,Online,52,179.64
13694,133,2875,2025-05-06,1,129.42,TV,354,129.42
13695,110,2875,2024-09-25,2,138.19,Online,51,276.38
13696,133,2875,2025-12-25,1,129.42,Social,222,129.42
13697,161,2875,2025-01-06,5,233.25,In-Store,132,1166.25
13698,170,2875,2025-11-30,2,124.94,Online,75,249.88
13699,101,2875,2025-03-19,1,116.4,Online,61,116.4
13700,108,2875,2024-08-12,1,127.37,Online,49,127.37
13701,188,2875,2025-05-01,5,12.93,Online,64,64.65
13702,103,2875,2025-12-02,2,74.85,Email,294,149.7
13703,116,2875,2024-12-14,4,161.44,In-Store,130,645.76
13704,172,2875,2024-11-21,4,75.03,Online,55,300.12
13705,170,2875,2025-01-31,4,124.94,Online,58,499.76
13706,177,2875,2025-05-12,5,296.45,In-Store,139,1482.25
13707,151,2875,2025-08-16,5,170.44,Online,69,852.2
13708,179,2875,2025-06-21,1,69.62,In-Store,140,69.62
13709,182,2875,2025-08-28,3,73.37,Online,69,220.11
13710,198,2875,2025-05-01,1,167.93,Online,63,167.93
13711,168,2875,2025-05-04,4,151.07,Online,64,604.28
13712,160,2875,2025-03-07,3,74.86,In-Store,136,224.57999999999998
13713,171,2875,2024-12-19,1,117.28,Online,57,117.28
13714,106,2875,2025-08-21,3,41.44,Online,69,124.32
13715,113,2876,2025-04-25,4,122.3,TV,354,489.2
13716,141,2876,2025-02-13,4,75.02,Online,59,300.08
13717,149,2876,2025-09-10,1,64.92,Online,70,64.92
13718,169,2876,2025-11-08,4,105.46,TV,364,421.84
13719,132,2876,2025-12-16,2,146.35,Online,76,292.7
13720,132,2876,2025-01-31,1,146.35,In-Store,134,146.35
13721,120,2876,2025-04-11,5,186.86,Online,61,934.3000000000001
13722,157,2876,2025-07-25,2,140.43,Online,68,280.86
13723,105,2876,2025-09-18,1,45.85,In-Store,144,45.85
13724,135,2876,2025-12-22,1,62.14,Online,77,62.14
13725,194,2876,2025-08-03,1,70.1,Social,215,70.1
13726,198,2876,2025-02-07,4,167.93,TV,350,671.72
13727,136,2876,2025-05-06,3,134.23,Online,64,402.68999999999994
13728,114,2876,2025-07-31,1,120.5,Online,68,120.5
13729,125,2876,2025-11-23,3,25.35,In-Store,147,76.05000000000001
13730,133,2876,2025-07-19,1,129.42,Online,67,129.42
13731,191,2876,2025-05-01,3,196.98,Online,63,590.9399999999999
13732,123,2876,2025-08-03,3,28.54,Online,68,85.62
13733,127,2876,2025-07-09,5,184.65,Social,214,923.25
13734,151,2876,2025-11-01,1,170.44,TV,362,170.44
13735,187,2876,2025-11-23,1,95.73,In-Store,148,95.73
13736,149,2876,2025-10-17,3,64.92,Online,72,194.76
13737,108,2876,2025-11-16,5,127.37,Online,73,636.85
13738,163,2876,2025-11-18,3,115.65,Online,74,346.95000000000005
13739,186,2876,2025-02-15,2,29.78,In-Store,134,59.56
13740,122,2876,2025-10-31,2,224.2,In-Store,147,448.4
13741,120,2876,2025-11-30,4,186.86,Online,74,747.44
13742,149,2877,2024-12-18,3,64.92,In-Store,130,194.76
13743,168,2877,2024-06-22,2,151.07,Online,47,302.14
13744,110,2877,2024-11-11,5,138.19,Online,54,690.95
13745,154,2877,2025-02-05,3,39.53,In-Store,134,118.59
13746,166,2877,2024-02-24,2,151.16,Online,41,302.32
13747,105,2877,2024-02-16,4,45.85,In-Store,115,183.4
13748,113,2877,2025-03-09,1,122.3,In-Store,136,122.3
13749,125,2877,2025-09-17,5,25.35,Online,70,126.75
13750,187,2877,2024-04-02,2,95.73,Online,43,191.46
13751,101,2877,2025-02-19,2,116.4,Social,208,232.8
13752,199,2877,2025-08-31,3,105.38,Online,69,316.14
13753,177,2877,2025-02-20,4,296.45,TV,351,1185.8
13754,177,2877,2025-03-21,4,296.45,Online,60,1185.8
13755,120,2877,2025-05-19,2,186.86,Online,64,373.72
13756,129,2877,2025-03-08,3,269.37,In-Store,136,808.11
13757,101,2877,2024-09-10,4,116.4,Email,273,465.6
13758,166,2877,2023-12-24,5,151.16,Online,37,755.8
13759,109,2877,2024-07-13,2,69.39,In-Store,122,138.78
13760,191,2877,2024-02-15,3,196.98,Social,191,590.9399999999999
13761,142,2877,2025-11-18,3,298.93,Social,220,896.79
13762,147,2877,2025-12-28,3,193.11,Online,77,579.33
13763,157,2877,2025-03-27,3,140.43,Online,60,421.29
13764,160,2877,2024-04-12,3,74.86,Online,43,224.57999999999998
13765,106,2877,2025-12-01,3,41.44,Social,221,124.32
13766,199,2877,2024-06-17,5,105.38,Social,196,526.9
13767,155,2878,2023-05-08,3,71.21,Online,25,213.63
13768,198,2878,2024-01-29,3,167.93,In-Store,113,503.79
13769,116,2878,2023-05-16,5,161.44,Online,26,807.2
13770,111,2878,2024-10-16,4,78.12,In-Store,127,312.48
13771,155,2878,2024-11-14,5,71.21,Online,55,356.04999999999995
13772,140,2878,2023-01-06,2,139.7,Online,19,279.4
13773,121,2878,2025-03-08,5,126.42,In-Store,136,632.1
13774,147,2878,2025-08-18,1,193.11,Online,69,193.11
13775,172,2878,2023-08-17,1,75.03,Social,182,75.03
13776,139,2878,2024-08-16,3,162.16,TV,341,486.48
13777,197,2878,2023-03-30,3,270.16,Online,23,810.48
13778,193,2878,2023-05-02,2,28.68,TV,320,57.36
13779,122,2878,2023-11-05,1,224.2,Online,34,224.2
13780,135,2878,2023-02-27,3,62.14,Online,22,186.42000000000002
13781,183,2878,2024-09-01,4,127.82,Social,200,511.28
13782,103,2879,2025-03-21,4,74.85,Online,60,299.4
13783,147,2879,2024-02-26,1,193.11,Online,40,193.11
13784,136,2879,2023-12-07,1,134.23,Online,36,134.23
13785,190,2879,2024-08-13,4,121.42,In-Store,124,485.68
13786,113,2879,2023-12-07,4,122.3,Online,36,489.2
13787,135,2879,2024-07-21,5,62.14,In-Store,123,310.7
13788,161,2879,2024-01-27,1,233.25,Online,39,233.25
13789,200,2879,2023-12-15,2,213.63,Online,36,427.26
13790,142,2879,2024-11-06,4,298.93,Online,53,1195.72
13791,167,2879,2024-03-13,2,75.91,In-Store,116,151.82
13792,163,2879,2025-12-23,3,115.65,Email,295,346.95000000000005
13793,162,2879,2025-11-11,5,23.29,Online,72,116.44999999999999
13794,166,2879,2025-09-03,1,151.16,Online,69,151.16
13795,113,2879,2024-06-23,5,122.3,Online,47,611.5
13796,157,2879,2025-09-12,5,140.43,Email,291,702.1500000000001
13797,200,2879,2025-03-18,1,213.63,Online,60,213.63
13798,114,2879,2024-11-28,3,120.5,Online,55,361.5
13799,132,2879,2025-05-14,1,146.35,In-Store,138,146.35
13800,161,2879,2023-11-07,2,233.25,Online,34,466.5
13801,119,2879,2023-10-22,1,193.28,Online,34,193.28
13802,148,2879,2025-07-01,4,47.75,Online,67,191.0
13803,177,2879,2025-11-21,1,296.45,Online,74,296.45
13804,193,2879,2024-07-17,4,28.68,Online,48,114.72
13805,155,2879,2024-09-17,1,71.21,Online,51,71.21
13806,198,2879,2025-02-15,3,167.93,Online,59,503.79
13807,155,2879,2025-07-06,2,71.21,Online,67,142.42
13808,138,2879,2025-07-26,2,115.15,Social,214,230.3
13809,128,2879,2024-02-07,1,69.61,Online,40,69.61
13810,191,2879,2025-10-20,3,196.98,Online,71,590.9399999999999
13811,136,2879,2025-02-10,1,134.23,Online,59,134.23
13812,182,2880,2025-07-03,4,73.37,In-Store,141,293.48
13813,136,2880,2024-10-28,5,134.23,Online,53,671.15
13814,181,2880,2023-12-25,1,231.25,Online,37,231.25
13815,172,2880,2024-05-20,2,75.03,Social,195,150.06
13816,147,2880,2024-09-19,2,193.11,Online,51,386.22
13817,157,2880,2024-07-11,1,140.43,Email,268,140.43
13818,120,2880,2025-05-03,5,186.86,Online,64,934.3000000000001
13819,167,2880,2025-09-02,1,75.91,In-Store,143,75.91
13820,161,2880,2023-11-15,3,233.25,In-Store,110,699.75
13821,177,2880,2024-09-07,3,296.45,Online,50,889.3499999999999
13822,167,2880,2025-01-19,4,75.91,In-Store,133,303.64
13823,197,2880,2024-10-19,3,270.16,Online,53,810.48
13824,110,2880,2024-07-13,3,138.19,Online,48,414.57
13825,119,2880,2023-08-01,4,193.28,In-Store,104,773.12
13826,197,2880,2025-10-01,2,270.16,In-Store,145,540.32
13827,170,2880,2023-07-16,5,124.94,Online,29,624.7
13828,167,2880,2025-04-27,4,75.91,Online,63,303.64
13829,117,2880,2023-10-20,5,214.01,Online,34,1070.05
13830,172,2880,2024-07-16,2,75.03,Social,199,150.06
13831,113,2880,2023-09-08,4,122.3,Online,33,489.2
13832,161,2880,2023-02-13,4,233.25,Online,21,933.0
13833,158,2880,2024-04-12,5,132.56,TV,336,662.8
13834,141,2880,2025-08-23,2,75.02,Social,216,150.04
13835,140,2880,2024-04-04,5,139.7,Online,43,698.5
13836,123,2880,2023-05-07,3,28.54,TV,320,85.62
13837,110,2880,2024-04-01,5,138.19,Online,43,690.95
13838,199,2880,2024-02-16,2,105.38,Online,40,210.76
13839,164,2880,2023-07-13,2,91.03,Social,181,182.06
13840,175,2880,2024-11-09,2,285.32,In-Store,128,570.64
13841,187,2880,2024-10-05,3,95.73,Online,52,287.19
13842,140,2880,2025-02-04,5,139.7,Online,59,698.5
13843,147,2880,2023-08-03,3,193.11,Online,30,579.33
13844,173,2880,2025-08-23,3,100.75,Online,68,302.25
13845,165,2880,2025-05-05,4,213.33,Email,285,853.32
13846,191,2881,2025-06-25,4,196.98,Social,214,787.92
13847,140,2881,2025-03-06,5,139.7,Social,209,698.5
13848,120,2881,2025-05-11,3,186.86,Online,65,560.58
13849,133,2881,2025-06-03,3,129.42,In-Store,140,388.26
13850,129,2881,2025-07-25,1,269.37,Online,68,269.37
13851,166,2881,2025-04-17,2,151.16,Online,61,302.32
13852,136,2881,2025-04-18,3,134.23,Online,61,402.68999999999994
13853,197,2881,2024-12-07,2,270.16,Online,56,540.32
13854,153,2881,2025-10-17,5,44.91,In-Store,146,224.54999999999998
13855,121,2881,2025-08-20,1,126.42,Online,69,126.42
13856,160,2881,2025-02-09,3,74.86,Social,207,224.57999999999998
13857,183,2881,2025-04-10,5,127.82,Online,62,639.0999999999999
13858,129,2881,2025-12-05,5,269.37,In-Store,149,1346.85
13859,178,2881,2025-11-05,2,58.92,In-Store,147,117.84
13860,169,2881,2025-02-28,3,105.46,Social,209,316.38
13861,193,2881,2025-08-18,5,28.68,Online,69,143.4
13862,183,2881,2025-11-19,5,127.82,Online,74,639.0999999999999
13863,191,2881,2025-09-12,2,196.98,Online,70,393.96
13864,166,2881,2025-07-03,1,151.16,In-Store,141,151.16
13865,150,2881,2024-12-15,5,66.48,Email,279,332.40000000000003
13866,188,2881,2025-11-10,2,12.93,Online,74,25.86
13867,157,2881,2025-05-05,4,140.43,Online,64,561.72
13868,200,2881,2025-11-11,3,213.63,In-Store,148,640.89
13869,170,2881,2025-12-15,1,124.94,Online,76,124.94
13870,143,2881,2025-05-25,1,18.47,Online,65,18.47
13871,140,2881,2025-05-28,2,139.7,Online,65,279.4
13872,141,2881,2025-04-17,5,75.02,Online,61,375.09999999999997
13873,139,2881,2025-01-06,3,162.16,Email,280,486.48
13874,113,2882,2024-06-05,1,122.3,Online,46,122.3
13875,167,2882,2023-06-16,1,75.91,Online,27,75.91
13876,138,2882,2023-12-26,2,115.15,Online,37,230.3
13877,199,2882,2024-03-03,1,105.38,In-Store,116,105.38
13878,118,2882,2024-03-16,3,128.58,Email,263,385.74
13879,106,2882,2023-11-16,3,41.44,TV,329,124.32
13880,146,2882,2025-01-03,4,28.76,Online,58,115.04
13881,176,2882,2024-01-12,3,98.45,Online,38,295.35
13882,131,2882,2023-08-09,2,76.52,Online,32,153.04
13883,158,2882,2024-11-02,4,132.56,Social,204,530.24
13884,148,2883,2025-09-09,3,47.75,Online,70,143.25
13885,160,2883,2023-06-18,5,74.86,Online,28,374.3
13886,122,2883,2024-08-28,5,224.2,Social,200,1121.0
13887,191,2883,2024-10-17,2,196.98,Online,53,393.96
13888,101,2883,2025-09-27,5,116.4,In-Store,144,582.0
13889,181,2883,2025-11-06,5,231.25,In-Store,147,1156.25
13890,163,2883,2025-09-24,4,115.65,Social,218,462.6
13891,174,2883,2025-06-07,1,89.89,Online,66,89.89
13892,157,2883,2024-11-03,3,140.43,Email,276,421.29
13893,106,2883,2023-08-10,3,41.44,TV,323,124.32
13894,119,2883,2023-09-11,2,193.28,In-Store,107,386.56
13895,121,2883,2024-12-24,3,126.42,Social,206,379.26
13896,152,2883,2023-02-18,2,72.34,In-Store,98,144.68
13897,169,2883,2022-09-12,2,105.46,Online,13,210.92
13898,156,2883,2024-01-22,1,13.54,Online,39,13.54
13899,161,2883,2024-07-22,5,233.25,Online,49,1166.25
13900,125,2883,2022-08-16,4,25.35,In-Store,88,101.4
13901,126,2883,2023-11-14,4,62.9,Online,36,251.6
13902,110,2883,2025-09-28,1,138.19,Online,71,138.19
13903,184,2883,2024-01-26,5,120.25,Online,40,601.25
13904,151,2883,2024-07-19,1,170.44,In-Store,123,170.44
13905,157,2883,2024-02-01,3,140.43,In-Store,113,421.29
13906,133,2883,2025-02-07,1,129.42,Online,59,129.42
13907,103,2883,2024-04-27,1,74.85,Online,43,74.85
13908,107,2883,2025-06-21,5,110.76,Online,66,553.8000000000001
13909,105,2883,2025-10-30,1,45.85,Online,72,45.85
13910,170,2883,2024-11-04,2,124.94,Online,53,249.88
13911,194,2883,2023-03-29,2,70.1,Online,23,140.2
13912,108,2883,2025-11-11,1,127.37,Online,72,127.37
13913,197,2883,2025-07-14,1,270.16,Online,67,270.16
13914,146,2883,2025-04-11,2,28.76,Online,62,57.52
13915,147,2883,2025-11-10,5,193.11,Online,73,965.5500000000001
13916,148,2883,2023-03-04,5,47.75,Online,21,238.75
13917,129,2884,2025-10-12,4,269.37,Social,218,1077.48
13918,109,2884,2025-06-10,4,69.39,Online,66,277.56
13919,198,2884,2025-08-03,4,167.93,Online,68,671.72
13920,183,2884,2025-07-08,4,127.82,In-Store,141,511.28
13921,122,2884,2025-07-20,4,224.2,Online,67,896.8
13922,108,2884,2025-03-16,1,127.37,In-Store,136,127.37
13923,102,2884,2024-09-10,4,175.2,Social,201,700.8
13924,124,2884,2025-05-29,3,174.26,TV,355,522.78
13925,113,2884,2024-10-05,4,122.3,Online,52,489.2
13926,138,2884,2025-11-02,4,115.15,Online,73,460.6
13927,184,2884,2025-04-04,2,120.25,Online,61,240.5
13928,136,2884,2024-12-11,1,134.23,Online,56,134.23
13929,102,2884,2024-08-08,5,175.2,Online,49,876.0
13930,110,2884,2024-09-14,5,138.19,In-Store,126,690.95
13931,191,2884,2024-07-25,1,196.98,Online,48,196.98
13932,118,2884,2024-09-26,1,128.58,In-Store,125,128.58
13933,128,2884,2025-03-25,5,69.61,Online,61,348.05
13934,126,2884,2025-04-02,5,62.9,Online,61,314.5
13935,188,2884,2025-02-21,2,12.93,In-Store,135,25.86
13936,132,2884,2024-07-13,1,146.35,Online,48,146.35
13937,193,2884,2025-04-11,5,28.68,Online,61,143.4
13938,157,2884,2025-09-18,5,140.43,TV,361,702.1500000000001
13939,191,2884,2025-10-09,2,196.98,Online,70,393.96
13940,187,2884,2025-05-23,2,95.73,Online,65,191.46
13941,135,2885,2025-02-08,3,62.14,Online,59,186.42000000000002
13942,176,2885,2024-11-09,3,98.45,In-Store,129,295.35
13943,135,2885,2024-08-01,1,62.14,Email,270,62.14
13944,176,2885,2024-04-25,4,98.45,In-Store,119,393.8
13945,130,2885,2025-04-15,1,117.61,In-Store,137,117.61
13946,137,2885,2024-09-26,3,90.95,Online,51,272.85
13947,136,2885,2025-03-21,4,134.23,In-Store,136,536.92
13948,174,2886,2024-01-30,2,89.89,In-Store,113,179.78
13949,147,2886,2024-06-29,2,193.11,In-Store,121,386.22
13950,122,2886,2025-07-17,1,224.2,Online,67,224.2
13951,125,2886,2025-03-24,2,25.35,Online,60,50.7
13952,186,2886,2024-12-03,3,29.78,Online,55,89.34
13953,169,2886,2025-09-16,3,105.46,Social,217,316.38
13954,128,2886,2024-03-16,5,69.61,Social,192,348.05
13955,196,2886,2024-02-18,5,162.21,In-Store,115,811.0500000000001
13956,163,2886,2024-12-23,5,115.65,Online,57,578.25
13957,123,2886,2024-06-18,3,28.54,Online,47,85.62
13958,171,2886,2024-07-04,2,117.28,Online,47,234.56
13959,144,2886,2024-06-12,5,22.73,TV,338,113.65
13960,107,2886,2024-11-06,3,110.76,Online,53,332.28000000000003
13961,184,2886,2025-12-23,4,120.25,In-Store,149,481.0
13962,117,2886,2024-10-25,3,214.01,Online,53,642.03
13963,142,2886,2024-09-25,5,298.93,Online,52,1494.65
13964,122,2886,2025-11-12,4,224.2,Online,74,896.8
13965,138,2887,2024-10-31,2,115.15,Online,53,230.3
13966,103,2887,2024-08-07,2,74.85,Online,49,149.7
13967,162,2887,2024-03-26,1,23.29,Online,43,23.29
13968,154,2887,2025-01-12,2,39.53,In-Store,132,79.06
13969,148,2887,2024-05-16,1,47.75,Online,45,47.75
13970,148,2887,2024-05-19,4,47.75,In-Store,120,191.0
13971,121,2887,2024-02-04,2,126.42,In-Store,114,252.84
13972,153,2887,2025-01-10,4,44.91,Online,58,179.64
13973,167,2887,2024-08-16,3,75.91,Online,50,227.73
13974,186,2887,2024-03-22,2,29.78,Online,42,59.56
13975,144,2887,2024-10-30,2,22.73,Online,53,45.46
13976,146,2887,2024-05-02,1,28.76,Online,45,28.76
13977,131,2887,2024-03-10,1,76.52,Online,42,76.52
13978,154,2888,2023-06-16,2,39.53,In-Store,103,79.06
13979,135,2888,2023-10-18,2,62.14,In-Store,108,124.28
13980,130,2888,2024-05-03,2,117.61,Online,45,235.22
13981,183,2888,2023-10-31,4,127.82,Online,34,511.28
13982,118,2888,2023-06-28,3,128.58,Online,29,385.74
13983,144,2888,2023-12-04,3,22.73,Online,37,68.19
13984,133,2888,2023-03-16,4,129.42,Social,175,517.68
13985,158,2888,2023-01-18,2,132.56,In-Store,97,265.12
13986,114,2888,2023-09-16,1,120.5,Online,33,120.5
13987,112,2888,2023-01-23,3,58.11,Online,20,174.32999999999998
13988,172,2888,2023-02-01,2,75.03,TV,315,150.06
13989,182,2888,2024-06-30,2,73.37,Online,48,146.74
13990,136,2888,2022-11-23,2,134.23,Online,17,268.46
13991,110,2889,2025-03-29,4,138.19,Online,60,552.76
13992,116,2889,2024-11-02,1,161.44,Online,53,161.44
13993,166,2889,2025-03-09,5,151.16,Online,60,755.8
13994,194,2889,2023-08-13,1,70.1,Online,31,70.1
13995,124,2889,2023-11-03,3,174.26,In-Store,108,522.78
13996,157,2889,2025-02-10,1,140.43,In-Store,134,140.43
13997,142,2889,2024-03-03,3,298.93,Online,41,896.79
13998,161,2889,2023-07-28,1,233.25,In-Store,104,233.25
13999,119,2889,2025-08-26,5,193.28,Email,290,966.4
14000,197,2889,2025-10-11,5,270.16,TV,362,1350.8000000000002
14001,185,2889,2025-06-14,3,143.79,Online,65,431.37
14002,188,2889,2023-09-11,5,12.93,In-Store,107,64.65
14003,200,2889,2024-06-21,2,213.63,Online,47,427.26
14004,199,2889,2024-08-24,3,105.38,In-Store,125,316.14
14005,165,2889,2024-09-03,4,213.33,Social,201,853.32
14006,196,2889,2025-07-29,1,162.21,In-Store,142,162.21
14007,110,2889,2025-09-10,1,138.19,Online,70,138.19
14008,108,2889,2023-03-20,5,127.37,Online,22,636.85
14009,160,2890,2024-11-03,4,74.86,In-Store,128,299.44
14010,198,2890,2024-06-06,3,167.93,TV,338,503.79
14011,172,2890,2024-04-14,4,75.03,Email,263,300.12
14012,155,2890,2022-10-25,3,71.21,Online,15,213.63
14013,161,2890,2023-08-09,3,233.25,TV,323,699.75
14014,142,2890,2025-02-07,5,298.93,TV,350,1494.65
14015,117,2890,2023-04-29,5,214.01,Email,246,1070.05
14016,130,2890,2023-12-04,1,117.61,Online,37,117.61
14017,142,2890,2025-08-15,4,298.93,Online,68,1195.72
14018,153,2890,2022-11-17,2,44.91,Online,17,89.82
14019,136,2890,2025-03-26,1,134.23,Online,60,134.23
14020,167,2890,2025-11-01,3,75.91,Online,73,227.73
14021,194,2890,2025-07-06,3,70.1,Online,67,210.29999999999998
14022,170,2890,2023-10-05,4,124.94,Online,33,499.76
14023,189,2890,2022-12-10,2,47.31,Social,169,94.62
14024,129,2890,2024-10-17,1,269.37,Online,53,269.37
14025,142,2890,2022-06-02,4,298.93,Online,6,1195.72
14026,127,2890,2024-02-22,4,184.65,Online,41,738.6
14027,167,2890,2023-12-10,3,75.91,Online,37,227.73
14028,186,2890,2024-08-21,3,29.78,Social,200,89.34
14029,107,2890,2023-10-02,5,110.76,In-Store,108,553.8000000000001
14030,155,2890,2025-06-14,4,71.21,Email,286,284.84
14031,144,2890,2024-07-11,4,22.73,Online,48,90.92
14032,139,2890,2025-03-07,1,162.16,Social,209,162.16
14033,187,2890,2023-11-24,5,95.73,Social,187,478.65000000000003
14034,107,2890,2023-07-09,1,110.76,TV,322,110.76
14035,117,2891,2024-01-07,1,214.01,Social,188,214.01
14036,144,2891,2025-07-03,1,22.73,In-Store,141,22.73
14037,162,2891,2024-07-26,1,23.29,TV,339,23.29
14038,157,2891,2023-11-30,2,140.43,Online,36,280.86
14039,142,2891,2024-02-07,1,298.93,Online,40,298.93
14040,132,2891,2024-11-19,1,146.35,Social,204,146.35
14041,135,2891,2024-03-18,2,62.14,Online,42,124.28
14042,132,2891,2024-11-19,1,146.35,In-Store,129,146.35
14043,113,2891,2024-05-01,5,122.3,In-Store,119,611.5
14044,132,2891,2025-11-15,5,146.35,Online,74,731.75
14045,153,2891,2024-11-10,5,44.91,Online,54,224.54999999999998
14046,161,2891,2023-08-03,5,233.25,Online,31,1166.25
14047,187,2891,2025-07-06,5,95.73,In-Store,141,478.65000000000003
14048,119,2891,2025-09-27,5,193.28,Social,218,966.4
14049,190,2892,2025-08-07,1,121.42,Online,68,121.42
14050,118,2892,2022-07-14,4,128.58,Social,161,514.32
14051,166,2892,2025-07-05,2,151.16,Email,288,302.32
14052,121,2892,2023-08-10,4,126.42,In-Store,106,505.68
14053,106,2892,2025-07-25,5,41.44,Online,68,207.2
14054,170,2892,2022-07-31,4,124.94,In-Store,87,499.76
14055,131,2892,2025-05-17,3,76.52,Online,65,229.56
14056,193,2892,2023-11-24,1,28.68,Online,36,28.68
14057,190,2892,2022-10-26,3,121.42,Online,16,364.26
14058,196,2892,2023-04-17,2,162.21,Online,24,324.42
14059,122,2892,2024-12-07,1,224.2,TV,347,224.2
14060,172,2892,2022-08-15,2,75.03,Online,12,150.06
14061,139,2892,2024-01-19,2,162.16,Online,39,324.32
14062,108,2892,2023-04-07,4,127.37,Email,244,509.48
14063,103,2892,2023-05-15,3,74.85,Online,25,224.54999999999998
14064,190,2892,2024-04-15,2,121.42,Online,44,242.84
14065,124,2892,2023-03-09,1,174.26,In-Store,99,174.26
14066,159,2893,2023-09-28,1,21.52,In-Store,108,21.52
14067,156,2893,2022-08-04,4,13.54,TV,307,54.16
14068,199,2893,2023-01-13,2,105.38,Online,20,210.76
14069,155,2893,2024-07-01,4,71.21,Online,47,284.84
14070,176,2893,2023-05-17,3,98.45,In-Store,102,295.35
14071,170,2893,2022-05-13,4,124.94,Online,6,499.76
14072,136,2894,2022-10-07,1,134.23,In-Store,91,134.23
14073,123,2894,2022-12-09,3,28.54,In-Store,95,85.62
14074,164,2894,2022-10-21,2,91.03,Online,15,182.06
14075,190,2894,2022-10-16,1,121.42,In-Store,92,121.42
14076,121,2894,2023-06-27,2,126.42,TV,322,252.84
14077,130,2894,2024-07-04,3,117.61,Online,47,352.83
14078,149,2895,2025-03-04,1,64.92,In-Store,135,64.92
14079,167,2895,2025-11-18,3,75.91,In-Store,148,227.73
14080,179,2895,2025-07-09,5,69.62,Online,67,348.1
14081,170,2895,2024-11-26,3,124.94,In-Store,129,374.82
14082,110,2895,2025-05-02,5,138.19,Online,63,690.95
14083,160,2895,2024-11-25,4,74.86,In-Store,130,299.44
14084,163,2895,2025-04-26,3,115.65,Online,63,346.95000000000005
14085,173,2895,2025-12-06,5,100.75,Email,295,503.75
14086,106,2895,2024-11-21,1,41.44,Online,55,41.44
14087,196,2895,2025-12-18,5,162.21,Online,77,811.0500000000001
14088,107,2895,2024-12-07,5,110.76,Social,205,553.8000000000001
14089,147,2895,2024-12-28,2,193.11,Online,57,386.22
14090,142,2895,2025-02-14,5,298.93,Online,59,1494.65
14091,102,2895,2025-10-25,2,175.2,Online,72,350.4
14092,172,2895,2024-11-06,1,75.03,In-Store,128,75.03
14093,152,2895,2025-02-04,2,72.34,Online,59,144.68
14094,124,2895,2025-12-30,3,174.26,Social,222,522.78
14095,186,2895,2025-02-21,3,29.78,In-Store,135,89.34
14096,154,2895,2025-03-03,4,39.53,Email,283,158.12
14097,112,2895,2025-05-24,4,58.11,In-Store,139,232.44
14098,133,2895,2025-12-11,3,129.42,In-Store,149,388.26
14099,197,2895,2025-12-01,4,270.16,Email,294,1080.64
14100,197,2895,2024-11-16,1,270.16,Online,55,270.16
14101,119,2895,2025-04-27,4,193.28,In-Store,137,773.12
14102,166,2895,2025-07-31,2,151.16,Social,215,302.32
14103,137,2895,2025-09-22,1,90.95,Online,70,90.95
14104,112,2895,2025-05-16,5,58.11,Social,212,290.55
14105,153,2895,2025-01-14,1,44.91,Social,206,44.91
14106,136,2895,2024-12-15,5,134.23,Social,205,671.15
14107,109,2895,2025-12-12,1,69.39,Online,76,69.39
14108,137,2895,2025-07-01,4,90.95,In-Store,141,363.8
14109,181,2895,2025-08-12,5,231.25,TV,358,1156.25
14110,109,2895,2025-01-07,2,69.39,Social,206,138.78
14111,189,2896,2022-10-12,1,47.31,Online,14,47.31
14112,135,2896,2024-01-02,4,62.14,Online,37,248.56
14113,190,2896,2022-07-27,2,121.42,TV,306,242.84
14114,155,2896,2023-07-20,4,71.21,Online,30,284.84
14115,167,2897,2024-02-04,1,75.91,In-Store,114,75.91
14116,169,2897,2023-01-24,2,105.46,Online,20,210.92
14117,101,2897,2023-08-26,2,116.4,In-Store,106,232.8
14118,138,2897,2023-03-14,3,115.15,Online,22,345.45000000000005
14119,128,2897,2023-06-14,4,69.61,In-Store,103,278.44
14120,164,2897,2023-08-10,2,91.03,Social,182,182.06
14121,128,2897,2023-02-14,3,69.61,Online,21,208.82999999999998
14122,178,2897,2023-08-25,1,58.92,Social,182,58.92
14123,158,2897,2024-02-17,3,132.56,Social,191,397.68
14124,141,2897,2023-01-24,2,75.02,Online,20,150.04
14125,173,2897,2024-03-22,3,100.75,Online,43,302.25
14126,172,2897,2023-12-21,1,75.03,In-Store,111,75.03
14127,179,2897,2023-11-11,1,69.62,Online,36,69.62
14128,171,2897,2023-10-22,1,117.28,Online,34,117.28
14129,150,2898,2023-03-07,3,66.48,Online,22,199.44
14130,189,2898,2022-03-02,2,47.31,Online,3,94.62
14131,186,2898,2023-08-30,3,29.78,Online,32,89.34
14132,160,2898,2022-10-31,1,74.86,Online,16,74.86
14133,189,2898,2022-04-27,1,47.31,Online,5,47.31
14134,141,2898,2022-03-17,3,75.02,In-Store,81,225.06
14135,192,2899,2024-06-01,2,22.56,Social,196,45.12
14136,163,2899,2024-03-07,4,115.65,Online,41,462.6
14137,183,2899,2025-04-19,2,127.82,Online,62,255.64
14138,103,2899,2024-05-10,3,74.85,Online,45,224.54999999999998
14139,199,2899,2024-07-25,3,105.38,In-Store,123,316.14
14140,123,2900,2023-04-26,4,28.54,Online,25,114.16
14141,123,2900,2022-07-13,1,28.54,In-Store,87,28.54
14142,183,2900,2024-03-25,3,127.82,Online,43,383.46
14143,108,2901,2024-01-21,3,127.37,TV,332,382.11
14144,160,2901,2024-05-11,4,74.86,Online,45,299.44
14145,186,2901,2023-09-06,3,29.78,Online,32,89.34
14146,174,2901,2024-01-17,3,89.89,Online,38,269.67
14147,172,2901,2024-04-20,4,75.03,Online,43,300.12
14148,121,2901,2024-11-04,3,126.42,In-Store,128,379.26
14149,136,2901,2023-09-27,2,134.23,In-Store,108,268.46
14150,192,2901,2024-06-08,1,22.56,Email,267,22.56
14151,111,2901,2024-04-03,1,78.12,Online,43,78.12
14152,147,2902,2025-12-22,4,193.11,In-Store,149,772.44
14153,108,2902,2025-04-03,2,127.37,Online,61,254.74
14154,104,2902,2024-07-02,3,50.25,Online,47,150.75
14155,110,2902,2024-01-15,2,138.19,Social,189,276.38
14156,113,2902,2025-10-29,2,122.3,Social,220,244.6
14157,193,2902,2024-01-26,2,28.68,Online,40,57.36
14158,186,2902,2024-05-08,5,29.78,Social,195,148.9
14159,114,2902,2024-06-07,2,120.5,In-Store,120,241.0
14160,165,2902,2024-10-26,5,213.33,Online,53,1066.65
14161,151,2902,2024-04-03,4,170.44,TV,335,681.76
14162,139,2902,2023-12-20,4,162.16,Online,37,648.64
14163,147,2902,2024-11-28,5,193.11,Online,56,965.5500000000001
14164,185,2902,2024-10-17,1,143.79,Online,53,143.79
14165,181,2902,2025-01-27,4,231.25,Online,59,925.0
14166,135,2902,2025-08-31,3,62.14,Online,70,186.42000000000002
14167,117,2902,2025-07-01,1,214.01,Online,66,214.01
14168,134,2902,2024-11-09,2,113.57,In-Store,128,227.14
14169,108,2902,2025-07-31,4,127.37,Online,68,509.48
14170,119,2902,2023-08-05,1,193.28,Online,30,193.28
14171,132,2902,2025-06-03,3,146.35,Online,65,439.04999999999995
14172,194,2902,2025-06-15,5,70.1,Online,66,350.5
14173,141,2902,2025-04-07,3,75.02,Online,61,225.06
14174,183,2902,2025-11-15,5,127.82,Online,74,639.0999999999999
14175,142,2902,2024-05-23,3,298.93,In-Store,120,896.79
14176,170,2902,2025-10-25,2,124.94,Social,219,249.88
14177,197,2902,2025-07-20,2,270.16,Online,68,540.32
14178,122,2902,2025-03-19,3,224.2,Email,283,672.5999999999999
14179,103,2902,2023-10-12,3,74.85,Social,185,224.54999999999998
14180,171,2903,2025-08-01,4,117.28,In-Store,142,469.12
14181,200,2903,2025-01-20,3,213.63,Online,58,640.89
14182,152,2903,2024-03-22,4,72.34,Online,42,289.36
14183,197,2903,2023-07-02,1,270.16,Online,29,270.16
14184,168,2903,2025-06-04,4,151.07,Online,65,604.28
14185,151,2903,2022-05-24,1,170.44,Online,6,170.44
14186,158,2903,2023-07-02,2,132.56,Email,249,265.12
14187,197,2903,2022-06-15,3,270.16,Online,7,810.48
14188,188,2903,2025-05-05,1,12.93,In-Store,138,12.93
14189,158,2903,2024-05-22,5,132.56,Online,46,662.8
14190,102,2903,2025-06-09,3,175.2,TV,356,525.5999999999999
14191,179,2903,2024-11-10,2,69.62,Social,204,139.24
14192,101,2903,2025-05-03,4,116.4,TV,354,465.6
14193,109,2903,2024-11-22,4,69.39,In-Store,129,277.56
14194,175,2903,2024-11-29,5,285.32,Online,56,1426.6
14195,120,2903,2022-06-18,5,186.86,TV,305,934.3000000000001
14196,178,2903,2024-11-14,3,58.92,In-Store,128,176.76
14197,149,2903,2025-12-24,2,64.92,Online,76,129.84
14198,182,2903,2025-08-13,5,73.37,In-Store,143,366.85
14199,197,2903,2023-09-02,3,270.16,Social,183,810.48
14200,117,2904,2024-12-30,1,214.01,Online,57,214.01
14201,169,2904,2025-12-25,3,105.46,In-Store,149,316.38
14202,122,2904,2025-04-02,3,224.2,Online,61,672.5999999999999
14203,122,2904,2024-07-01,3,224.2,In-Store,121,672.5999999999999
14204,166,2904,2023-09-15,4,151.16,In-Store,107,604.64
14205,197,2904,2024-02-19,1,270.16,In-Store,115,270.16
14206,173,2904,2024-03-17,2,100.75,Online,42,201.5
14207,164,2904,2022-09-10,3,91.03,Social,163,273.09000000000003
14208,119,2904,2024-07-21,4,193.28,Social,198,773.12
14209,167,2904,2025-11-26,1,75.91,Online,74,75.91
14210,142,2904,2024-06-19,5,298.93,Online,47,1494.65
14211,102,2904,2022-08-29,3,175.2,Online,12,525.5999999999999
14212,188,2904,2022-12-23,3,12.93,Email,239,38.79
14213,157,2904,2024-09-12,4,140.43,In-Store,125,561.72
14214,150,2904,2025-07-27,2,66.48,Online,67,132.96
14215,142,2904,2024-04-13,5,298.93,Online,43,1494.65
14216,121,2904,2025-04-29,2,126.42,Online,63,252.84
14217,122,2904,2022-11-27,2,224.2,In-Store,94,448.4
14218,162,2904,2024-05-30,5,23.29,Online,46,116.44999999999999
14219,143,2904,2025-08-24,5,18.47,Social,215,92.35
14220,151,2904,2025-12-09,1,170.44,Email,294,170.44
14221,159,2904,2024-08-12,3,21.52,Online,49,64.56
14222,157,2904,2025-03-17,1,140.43,Online,61,140.43
14223,117,2904,2022-07-11,5,214.01,Email,232,1070.05
14224,198,2904,2022-05-29,2,167.93,Social,159,335.86
14225,138,2904,2024-10-01,1,115.15,Online,52,115.15
14226,170,2904,2022-06-24,5,124.94,Social,161,624.7
14227,118,2904,2023-11-05,5,128.58,Email,255,642.9000000000001
14228,195,2904,2025-08-29,4,109.44,TV,359,437.76
14229,146,2905,2023-12-12,2,28.76,In-Store,111,57.52
14230,126,2905,2023-12-05,2,62.9,Online,36,125.8
14231,114,2905,2023-11-29,1,120.5,Social,186,120.5
14232,108,2905,2024-01-17,3,127.37,In-Store,112,382.11
14233,128,2906,2024-08-18,1,69.61,Online,50,69.61
14234,131,2906,2024-07-21,1,76.52,Online,48,76.52
14235,148,2906,2024-09-27,3,47.75,Online,52,143.25
14236,187,2906,2024-08-16,1,95.73,Online,50,95.73
14237,182,2906,2024-11-01,2,73.37,Online,53,146.74
14238,186,2906,2024-07-20,3,29.78,TV,339,89.34
14239,148,2906,2024-06-28,1,47.75,TV,339,47.75
14240,178,2906,2024-06-29,1,58.92,TV,339,58.92
14241,184,2906,2024-07-22,2,120.25,Social,199,240.5
14242,114,2906,2024-09-15,3,120.5,Online,51,361.5
14243,126,2906,2024-12-31,1,62.9,Online,57,62.9
14244,118,2907,2024-04-01,3,128.58,In-Store,118,385.74
14245,170,2907,2024-05-13,1,124.94,Online,46,124.94
14246,115,2907,2024-01-31,1,114.62,Online,40,114.62
14247,130,2907,2024-03-29,3,117.61,Online,43,352.83
14248,154,2907,2024-04-20,2,39.53,Social,194,79.06
14249,101,2907,2024-04-18,1,116.4,Online,43,116.4
14250,108,2907,2024-03-11,2,127.37,In-Store,117,254.74
14251,101,2907,2024-02-04,2,116.4,Online,40,232.8
14252,180,2907,2024-06-05,1,97.9,Online,46,97.9
14253,197,2908,2025-04-16,3,270.16,In-Store,137,810.48
14254,164,2908,2024-11-20,1,91.03,Online,54,91.03
14255,140,2908,2023-04-16,2,139.7,TV,318,279.4
14256,110,2908,2023-05-27,3,138.19,Social,179,414.57
14257,116,2908,2023-06-04,4,161.44,Online,27,645.76
14258,118,2908,2022-09-25,3,128.58,Online,13,385.74
14259,130,2908,2022-04-28,2,117.61,Online,5,235.22
14260,136,2908,2022-09-28,4,134.23,Online,14,536.92
14261,156,2908,2024-06-11,5,13.54,In-Store,120,67.69999999999999
14262,185,2908,2025-04-17,2,143.79,In-Store,138,287.58
14263,152,2908,2024-09-12,2,72.34,TV,343,144.68
14264,165,2908,2022-11-20,4,213.33,Online,17,853.32
14265,191,2908,2025-02-06,5,196.98,Email,282,984.9
14266,102,2908,2024-06-21,3,175.2,Online,47,525.5999999999999
14267,155,2908,2024-02-24,1,71.21,Online,41,71.21
14268,124,2908,2022-07-11,5,174.26,Social,161,871.3
14269,153,2908,2023-08-17,5,44.91,In-Store,106,224.54999999999998
14270,142,2908,2024-02-08,2,298.93,Social,190,597.86
14271,124,2908,2024-01-16,2,174.26,Email,259,348.52
14272,167,2908,2022-08-16,4,75.91,Online,12,303.64
14273,125,2908,2025-05-06,1,25.35,Online,63,25.35
14274,141,2908,2025-08-26,3,75.02,Online,69,225.06
14275,149,2909,2024-04-21,1,64.92,Online,43,64.92
14276,195,2909,2024-05-24,2,109.44,In-Store,120,218.88
14277,162,2909,2023-09-07,1,23.29,Online,32,23.29
14278,153,2909,2024-10-04,1,44.91,In-Store,127,44.91
14279,154,2909,2024-09-17,2,39.53,Online,51,79.06
14280,145,2909,2023-07-25,4,87.44,Online,31,349.76
14281,114,2909,2023-12-28,4,120.5,Online,38,482.0
14282,121,2909,2024-06-02,4,126.42,Online,46,505.68
14283,164,2909,2024-01-09,3,91.03,Email,258,273.09000000000003
14284,149,2909,2024-02-06,1,64.92,Online,40,64.92
14285,108,2909,2024-06-04,1,127.37,Social,196,127.37
14286,106,2910,2024-10-13,4,41.44,In-Store,126,165.76
14287,198,2910,2024-12-21,1,167.93,Social,206,167.93
14288,124,2910,2025-06-15,4,174.26,Online,65,697.04
14289,170,2910,2024-06-21,3,124.94,In-Store,121,374.82
14290,194,2910,2025-12-15,2,70.1,Online,76,140.2
14291,175,2910,2025-09-17,3,285.32,Social,218,855.96
14292,138,2910,2024-10-10,4,115.15,Online,53,460.6
14293,191,2910,2024-12-14,4,196.98,Online,56,787.92
14294,173,2910,2025-08-30,5,100.75,Online,68,503.75
14295,194,2910,2025-10-15,5,70.1,Social,219,350.5
14296,165,2910,2025-04-14,4,213.33,Online,63,853.32
14297,190,2910,2025-06-05,2,121.42,In-Store,139,242.84
14298,195,2910,2024-12-01,2,109.44,Email,279,218.88
14299,127,2910,2025-10-02,3,184.65,Online,71,553.95
14300,152,2910,2025-01-01,1,72.34,Online,58,72.34
14301,170,2911,2023-09-21,2,124.94,In-Store,107,249.88
14302,105,2911,2025-07-15,4,45.85,Online,67,183.4
14303,122,2911,2024-04-22,3,224.2,Online,43,672.5999999999999
14304,124,2911,2025-02-21,3,174.26,Online,59,522.78
14305,127,2911,2024-04-07,4,184.65,In-Store,118,738.6
14306,177,2911,2024-01-24,3,296.45,Online,39,889.3499999999999
14307,142,2911,2025-10-23,5,298.93,Online,72,1494.65
14308,194,2911,2024-04-09,2,70.1,Social,194,140.2
14309,161,2911,2024-04-05,1,233.25,Online,43,233.25
14310,196,2911,2024-10-05,4,162.21,Online,52,648.84
14311,110,2911,2025-10-17,2,138.19,Online,72,276.38
14312,157,2911,2025-11-02,3,140.43,In-Store,146,421.29
14313,147,2911,2023-11-07,2,193.11,Online,34,386.22
14314,148,2911,2025-04-01,1,47.75,Social,211,47.75
14315,132,2911,2023-12-13,1,146.35,Online,36,146.35
14316,116,2911,2024-05-14,1,161.44,Online,45,161.44
14317,146,2911,2023-09-25,1,28.76,Social,184,28.76
14318,144,2911,2025-04-04,2,22.73,Social,211,45.46
14319,156,2911,2023-09-23,4,13.54,In-Store,107,54.16
14320,178,2911,2023-10-07,4,58.92,Social,184,235.68
14321,187,2911,2024-09-28,5,95.73,Online,51,478.65000000000003
14322,197,2911,2024-07-12,3,270.16,Online,48,810.48
14323,175,2911,2024-08-05,4,285.32,Online,49,1141.28
14324,136,2911,2025-01-28,3,134.23,Online,58,402.68999999999994
14325,186,2911,2024-10-30,3,29.78,Online,54,89.34
14326,101,2911,2024-01-03,4,116.4,Online,37,465.6
14327,122,2911,2023-09-04,2,224.2,Online,32,448.4
14328,157,2911,2024-08-14,4,140.43,Social,200,561.72
14329,113,2912,2024-07-26,2,122.3,In-Store,123,244.6
14330,157,2912,2023-12-21,4,140.43,Online,37,561.72
14331,197,2912,2024-12-28,5,270.16,In-Store,132,1350.8000000000002
14332,136,2912,2024-07-16,4,134.23,Online,48,536.92
14333,181,2912,2024-08-12,1,231.25,In-Store,123,231.25
14334,182,2912,2024-03-31,4,73.37,Social,192,293.48
14335,153,2912,2025-07-09,1,44.91,Online,67,44.91
14336,110,2912,2023-04-14,2,138.19,Online,24,276.38
14337,173,2912,2024-03-12,2,100.75,TV,335,201.5
14338,110,2912,2025-10-01,3,138.19,Online,70,414.57
14339,132,2912,2025-08-14,3,146.35,Email,290,439.04999999999995
14340,176,2912,2025-08-16,2,98.45,Online,69,196.9
14341,168,2912,2025-06-08,5,151.07,Online,66,755.3499999999999
14342,112,2912,2023-10-20,4,58.11,TV,327,232.44
14343,194,2913,2025-10-13,4,70.1,Social,218,280.4
14344,131,2913,2025-04-02,1,76.52,Online,61,76.52
14345,110,2913,2025-04-18,5,138.19,Online,61,690.95
14346,113,2913,2025-04-16,2,122.3,In-Store,138,244.6
14347,163,2913,2025-08-15,3,115.65,TV,358,346.95000000000005
14348,175,2913,2023-10-19,3,285.32,In-Store,109,855.96
14349,162,2913,2023-11-12,5,23.29,Social,186,116.44999999999999
14350,101,2913,2024-01-26,4,116.4,Online,39,465.6
14351,175,2913,2025-04-05,3,285.32,Online,62,855.96
14352,165,2913,2024-08-14,3,213.33,Email,272,639.99
14353,121,2913,2024-07-01,1,126.42,Online,47,126.42
14354,113,2913,2024-05-07,5,122.3,Online,45,611.5
14355,149,2913,2024-12-20,5,64.92,Social,205,324.6
14356,197,2913,2025-12-28,3,270.16,In-Store,149,810.48
14357,124,2913,2025-03-19,4,174.26,Online,60,697.04
14358,165,2914,2023-10-29,1,213.33,Social,185,213.33
14359,131,2914,2024-02-29,5,76.52,Online,41,382.59999999999997
14360,164,2914,2023-10-10,4,91.03,Online,33,364.12
14361,119,2914,2024-07-31,4,193.28,Online,49,773.12
14362,159,2914,2023-07-04,4,21.52,In-Store,104,86.08
14363,102,2914,2025-10-26,1,175.2,Online,72,175.2
14364,124,2914,2024-07-02,2,174.26,Social,197,348.52
14365,148,2914,2023-10-27,1,47.75,In-Store,109,47.75
14366,130,2914,2024-10-14,1,117.61,In-Store,127,117.61
14367,154,2914,2023-02-15,2,39.53,Online,20,79.06
14368,157,2914,2023-09-16,4,140.43,In-Store,107,561.72
14369,132,2914,2023-10-29,4,146.35,Online,35,585.4
14370,136,2914,2023-11-26,2,134.23,Online,36,268.46
14371,197,2914,2023-04-27,2,270.16,Social,177,540.32
14372,104,2914,2025-12-20,1,50.25,Online,77,50.25
14373,167,2914,2024-07-11,2,75.91,TV,339,151.82
14374,105,2914,2023-07-30,1,45.85,In-Store,104,45.85
14375,135,2914,2024-09-08,4,62.14,Online,51,248.56
14376,197,2914,2023-06-29,5,270.16,In-Store,104,1350.8000000000002
14377,147,2914,2025-09-01,1,193.11,In-Store,143,193.11
14378,157,2914,2025-11-22,2,140.43,Online,75,280.86
14379,197,2914,2024-11-28,3,270.16,Online,56,810.48
14380,122,2914,2024-03-07,1,224.2,Online,42,224.2
14381,108,2914,2023-08-26,3,127.37,Email,251,382.11
14382,115,2915,2025-11-23,4,114.62,Online,75,458.48
14383,129,2915,2025-08-04,3,269.37,In-Store,143,808.11
14384,102,2915,2025-07-13,3,175.2,Online,67,525.5999999999999
14385,190,2915,2023-04-21,4,121.42,Online,24,485.68
14386,198,2915,2025-10-07,5,167.93,Social,218,839.6500000000001
14387,195,2915,2024-05-12,5,109.44,Online,45,547.2
14388,101,2915,2024-06-06,1,116.4,Online,46,116.4
14389,167,2915,2024-02-11,2,75.91,In-Store,115,151.82
14390,130,2915,2024-01-28,1,117.61,In-Store,113,117.61
14391,140,2915,2025-08-12,1,139.7,Social,215,139.7
14392,162,2915,2024-07-09,3,23.29,In-Store,122,69.87
14393,122,2915,2024-04-04,5,224.2,Online,43,1121.0
14394,102,2915,2024-10-14,2,175.2,Online,53,350.4
14395,105,2916,2025-04-23,1,45.85,Online,63,45.85
14396,130,2916,2025-09-14,4,117.61,In-Store,144,470.44
14397,183,2916,2025-04-26,2,127.82,Online,63,255.64
14398,200,2916,2023-09-04,3,213.63,Online,33,640.89
14399,125,2916,2024-02-13,1,25.35,In-Store,115,25.35
14400,183,2916,2025-11-24,4,127.82,Online,74,511.28
14401,113,2916,2023-05-28,1,122.3,Social,177,122.3
14402,196,2916,2025-09-20,4,162.21,Online,70,648.84
14403,175,2916,2024-02-24,4,285.32,Online,41,1141.28
14404,161,2916,2025-07-04,3,233.25,Online,67,699.75
14405,138,2916,2024-07-15,2,115.15,Social,199,230.3
14406,193,2916,2025-03-06,3,28.68,Online,60,86.03999999999999
14407,174,2916,2024-01-17,4,89.89,Online,38,359.56
14408,159,2916,2024-05-05,4,21.52,Online,45,86.08
14409,196,2916,2025-06-15,2,162.21,Online,66,324.42
14410,145,2916,2024-06-17,2,87.44,Online,47,174.88
14411,192,2916,2023-08-19,2,22.56,Online,32,45.12
14412,110,2916,2025-02-05,4,138.19,In-Store,134,552.76
14413,127,2916,2022-08-22,5,184.65,Online,11,923.25
14414,119,2916,2023-03-21,4,193.28,Social,174,773.12
14415,183,2916,2024-07-02,4,127.82,Social,198,511.28
14416,135,2916,2025-05-08,2,62.14,Online,64,124.28
14417,173,2917,2023-12-07,2,100.75,TV,330,201.5
14418,111,2917,2022-12-20,1,78.12,Online,19,78.12
14419,121,2917,2023-03-09,3,126.42,Online,22,379.26
14420,143,2917,2023-08-23,2,18.47,Online,32,36.94
14421,163,2917,2023-03-22,3,115.65,Online,23,346.95000000000005
14422,111,2917,2022-07-20,1,78.12,Online,10,78.12
14423,159,2917,2023-08-05,4,21.52,In-Store,106,86.08
14424,188,2917,2022-06-14,3,12.93,Online,8,38.79
14425,114,2917,2022-12-04,2,120.5,Online,18,241.0
14426,135,2917,2023-05-24,1,62.14,In-Store,101,62.14
14427,163,2917,2024-02-14,2,115.65,Online,40,231.3
14428,109,2917,2022-10-15,4,69.39,Online,15,277.56
14429,193,2917,2024-05-22,2,28.68,Online,46,57.36
14430,130,2918,2024-07-07,3,117.61,In-Store,123,352.83
14431,109,2918,2024-05-20,2,69.39,Online,46,138.78
14432,105,2918,2024-10-27,3,45.85,Online,53,137.55
14433,113,2918,2024-09-28,3,122.3,In-Store,126,366.9
14434,108,2918,2024-10-07,4,127.37,Online,52,509.48
14435,146,2918,2024-10-30,3,28.76,Social,203,86.28
14436,133,2919,2023-07-21,1,129.42,In-Store,104,129.42
14437,167,2919,2023-11-15,2,75.91,Online,35,151.82
14438,164,2919,2023-01-28,2,91.03,In-Store,97,182.06
14439,123,2919,2024-02-27,1,28.54,In-Store,116,28.54
14440,148,2919,2023-12-04,3,47.75,Online,36,143.25
14441,149,2920,2024-07-19,4,64.92,Social,199,259.68
14442,190,2920,2024-10-10,3,121.42,Social,202,364.26
14443,194,2920,2024-03-29,2,70.1,Online,43,140.2
14444,179,2920,2024-03-14,1,69.62,Online,42,69.62
14445,146,2920,2024-09-20,4,28.76,Online,51,115.04
14446,186,2920,2023-11-05,4,29.78,Online,35,119.12
14447,138,2920,2023-09-01,2,115.15,Social,182,230.3
14448,158,2920,2023-07-10,2,132.56,In-Store,104,265.12
14449,150,2920,2024-01-11,1,66.48,In-Store,113,66.48
14450,187,2920,2024-12-05,1,95.73,Online,56,95.73
14451,131,2920,2023-11-20,1,76.52,Online,36,76.52
14452,131,2920,2024-08-10,2,76.52,Online,49,153.04
14453,102,2921,2025-08-26,3,175.2,In-Store,144,525.5999999999999
14454,174,2921,2025-02-05,1,89.89,Online,59,89.89
14455,192,2921,2025-02-06,4,22.56,Online,59,90.24
14456,178,2921,2025-02-16,4,58.92,Online,59,235.68
14457,183,2921,2024-11-17,4,127.82,Online,55,511.28
14458,161,2921,2025-02-20,1,233.25,Online,60,233.25
14459,151,2921,2025-01-02,2,170.44,Online,58,340.88
14460,138,2921,2025-02-06,4,115.15,Online,59,460.6
14461,116,2921,2025-12-15,3,161.44,In-Store,149,484.32
14462,125,2921,2025-04-14,3,25.35,Online,61,76.05000000000001
14463,129,2921,2025-11-11,2,269.37,Social,220,538.74
14464,174,2921,2025-03-18,1,89.89,Online,60,89.89
14465,164,2921,2025-07-27,3,91.03,In-Store,142,273.09000000000003
14466,198,2921,2025-08-02,3,167.93,In-Store,143,503.79
14467,187,2921,2025-11-28,2,95.73,In-Store,149,191.46
14468,119,2921,2025-03-17,3,193.28,Online,60,579.84
14469,121,2921,2025-12-30,5,126.42,In-Store,149,632.1
14470,186,2921,2024-12-11,2,29.78,Online,56,59.56
14471,108,2921,2024-10-31,1,127.37,Social,203,127.37
14472,128,2921,2024-12-31,2,69.61,In-Store,131,139.22
14473,183,2921,2024-10-26,5,127.82,Email,276,639.0999999999999
14474,122,2921,2024-08-10,1,224.2,In-Store,123,224.2
14475,112,2921,2025-10-25,3,58.11,Social,219,174.32999999999998
14476,147,2922,2025-03-15,4,193.11,Social,210,772.44
14477,117,2922,2025-03-18,1,214.01,Online,61,214.01
14478,185,2922,2025-06-09,1,143.79,Online,65,143.79
14479,127,2922,2024-08-28,1,184.65,In-Store,125,184.65
14480,173,2922,2024-05-07,5,100.75,Online,45,503.75
14481,117,2922,2025-10-28,4,214.01,In-Store,147,856.04
14482,197,2922,2025-12-12,2,270.16,In-Store,149,540.32
14483,164,2922,2025-07-04,3,91.03,TV,357,273.09000000000003
14484,138,2922,2024-01-03,3,115.15,Online,38,345.45000000000005
14485,177,2922,2024-02-17,5,296.45,In-Store,115,1482.25
14486,172,2922,2025-12-17,5,75.03,Online,76,375.15
14487,135,2922,2024-11-03,1,62.14,Social,203,62.14
14488,170,2922,2025-04-18,4,124.94,Online,62,499.76
14489,157,2922,2024-04-25,4,140.43,Online,43,561.72
14490,125,2922,2024-10-11,2,25.35,Social,202,50.7
14491,121,2922,2025-06-01,5,126.42,In-Store,140,632.1
14492,114,2922,2024-07-23,1,120.5,In-Store,123,120.5
14493,188,2922,2024-02-01,3,12.93,Online,40,38.79
14494,170,2922,2024-09-20,1,124.94,In-Store,125,124.94
14495,198,2922,2024-04-10,3,167.93,In-Store,118,503.79
14496,177,2922,2025-07-31,3,296.45,Online,68,889.3499999999999
14497,187,2922,2024-04-14,2,95.73,Online,43,191.46
14498,190,2922,2024-12-14,5,121.42,In-Store,130,607.1
14499,108,2922,2025-09-28,2,127.37,Online,71,254.74
14500,181,2922,2024-08-02,3,231.25,Online,49,693.75
14501,151,2922,2024-02-24,4,170.44,Online,40,681.76
14502,119,2922,2024-02-05,2,193.28,In-Store,114,386.56
14503,144,2923,2023-04-21,4,22.73,In-Store,100,90.92
14504,141,2923,2024-01-04,2,75.02,Online,37,150.04
14505,172,2923,2023-11-17,1,75.03,Social,186,75.03
14506,194,2923,2023-07-17,4,70.1,Online,30,280.4
14507,132,2924,2025-01-03,3,146.35,In-Store,131,439.04999999999995
14508,122,2924,2024-11-08,5,224.2,Online,55,1121.0
14509,170,2924,2024-10-07,5,124.94,In-Store,127,624.7
14510,171,2924,2025-01-23,4,117.28,Online,58,469.12
14511,172,2924,2024-12-14,3,75.03,Online,57,225.09
14512,165,2924,2023-01-12,2,213.33,Online,19,426.66
14513,151,2924,2024-03-05,5,170.44,Social,191,852.2
14514,108,2924,2023-03-12,1,127.37,In-Store,99,127.37
14515,190,2924,2022-11-13,2,121.42,Online,16,242.84
14516,116,2924,2024-03-29,2,161.44,Online,43,322.88
14517,139,2924,2022-09-02,5,162.16,In-Store,89,810.8
14518,122,2924,2025-01-15,3,224.2,Online,58,672.5999999999999
14519,113,2924,2024-06-21,5,122.3,Online,47,611.5
14520,173,2924,2024-11-01,3,100.75,Online,54,302.25
14521,119,2924,2022-04-19,1,193.28,In-Store,84,193.28
14522,104,2924,2023-06-24,3,50.25,Online,29,150.75
14523,136,2924,2025-06-20,2,134.23,TV,355,268.46
14524,146,2924,2024-12-02,3,28.76,Online,56,86.28
14525,161,2924,2022-04-18,4,233.25,Online,5,933.0
14526,190,2924,2025-02-25,4,121.42,Online,60,485.68
14527,144,2924,2024-07-06,3,22.73,Online,47,68.19
14528,190,2924,2022-10-25,4,121.42,In-Store,91,485.68
14529,136,2924,2023-04-04,1,134.23,Online,23,134.23
14530,168,2924,2024-03-28,5,151.07,In-Store,118,755.3499999999999
14531,158,2924,2023-03-21,1,132.56,Online,23,132.56
14532,174,2924,2025-01-31,4,89.89,TV,350,359.56
14533,141,2924,2025-08-05,4,75.02,Social,215,300.08
14534,171,2924,2023-08-25,2,117.28,Social,182,234.56
14535,199,2925,2025-01-31,1,105.38,In-Store,134,105.38
14536,158,2925,2025-02-05,1,132.56,Online,59,132.56
14537,109,2925,2024-05-15,5,69.39,Online,46,346.95
14538,194,2925,2024-02-29,1,70.1,In-Store,116,70.1
14539,113,2925,2022-10-14,4,122.3,Online,14,489.2
14540,167,2925,2024-05-24,4,75.91,Online,46,303.64
14541,108,2925,2024-09-22,2,127.37,Online,51,254.74
14542,116,2925,2025-08-29,1,161.44,Online,69,161.44
14543,126,2925,2023-05-14,2,62.9,Social,177,125.8
14544,106,2925,2023-09-30,3,41.44,TV,326,124.32
14545,190,2925,2023-08-04,2,121.42,Online,31,242.84
14546,159,2925,2025-10-06,2,21.52,Email,292,43.04
14547,199,2925,2024-04-04,4,105.38,In-Store,118,421.52
14548,173,2925,2023-10-09,1,100.75,Email,253,100.75
14549,139,2925,2023-01-31,2,162.16,Online,20,324.32
14550,116,2925,2025-01-27,5,161.44,Social,206,807.2
14551,148,2925,2023-10-14,4,47.75,In-Store,108,191.0
14552,126,2925,2024-07-05,1,62.9,Online,48,62.9
14553,197,2925,2023-04-17,5,270.16,Online,24,1350.8000000000002
14554,123,2925,2023-06-07,1,28.54,Online,27,28.54
14555,140,2925,2025-01-20,3,139.7,Online,58,419.09999999999997
14556,183,2925,2025-03-23,1,127.82,In-Store,136,127.82
14557,147,2925,2024-05-15,4,193.11,In-Store,120,772.44
14558,178,2926,2023-09-11,1,58.92,TV,325,58.92
14559,151,2926,2025-03-02,2,170.44,Online,60,340.88
14560,102,2926,2024-08-17,3,175.2,In-Store,124,525.5999999999999
14561,101,2926,2025-01-02,4,116.4,In-Store,131,465.6
14562,132,2926,2023-09-20,1,146.35,In-Store,107,146.35
14563,197,2926,2025-06-23,2,270.16,In-Store,141,540.32
14564,165,2926,2025-10-20,4,213.33,In-Store,146,853.32
14565,147,2926,2025-07-27,2,193.11,Email,289,386.22
14566,142,2926,2024-08-10,1,298.93,Online,49,298.93
14567,103,2926,2025-05-12,5,74.85,Online,64,374.25
14568,163,2926,2024-06-30,4,115.65,Online,48,462.6
14569,106,2926,2025-05-08,5,41.44,Online,64,207.2
14570,140,2926,2023-10-14,1,139.7,Online,34,139.7
14571,131,2926,2025-03-08,2,76.52,In-Store,135,153.04
14572,111,2926,2025-12-24,2,78.12,Online,77,156.24
14573,133,2926,2024-02-19,5,129.42,Online,40,647.0999999999999
14574,143,2926,2024-11-20,3,18.47,In-Store,128,55.41
14575,109,2926,2024-12-09,2,69.39,In-Store,130,138.78
14576,200,2926,2023-11-20,1,213.63,TV,329,213.63
14577,164,2926,2025-01-15,5,91.03,In-Store,132,455.15
14578,189,2926,2023-06-30,2,47.31,Online,29,94.62
14579,183,2926,2025-09-16,4,127.82,Online,70,511.28
14580,143,2926,2025-07-20,2,18.47,Social,214,36.94
14581,196,2926,2023-09-23,3,162.21,Online,33,486.63
14582,186,2926,2023-06-29,5,29.78,Online,28,148.9
14583,139,2927,2024-07-16,3,162.16,Online,48,486.48
14584,191,2927,2024-08-31,5,196.98,In-Store,125,984.9
14585,104,2927,2023-07-19,5,50.25,Online,29,251.25
14586,125,2927,2024-07-03,4,25.35,Online,47,101.4
14587,102,2927,2024-03-27,5,175.2,In-Store,118,876.0
14588,133,2927,2024-02-04,5,129.42,Online,40,647.0999999999999
14589,109,2927,2025-06-29,5,69.39,Social,214,346.95
14590,181,2927,2023-02-02,2,231.25,In-Store,97,462.5
14591,173,2927,2025-07-10,2,100.75,Email,289,201.5
14592,165,2927,2024-05-17,1,213.33,Online,46,213.33
14593,154,2927,2023-11-20,3,39.53,Online,36,118.59
14594,183,2927,2023-04-16,4,127.82,Online,24,511.28
14595,112,2927,2023-05-06,2,58.11,Online,25,116.22
14596,147,2927,2024-09-03,1,193.11,Email,272,193.11
14597,174,2927,2025-08-28,4,89.89,In-Store,143,359.56
14598,132,2927,2025-05-10,4,146.35,Email,286,585.4
14599,159,2927,2025-06-26,5,21.52,TV,356,107.6
14600,123,2927,2023-09-25,1,28.54,Online,33,28.54
14601,127,2927,2025-10-16,5,184.65,In-Store,146,923.25
14602,137,2927,2023-05-10,3,90.95,Online,25,272.85
14603,166,2927,2023-03-12,2,151.16,Online,22,302.32
14604,197,2928,2024-08-03,4,270.16,Online,49,1080.64
14605,110,2928,2024-05-30,5,138.19,Online,46,690.95
14606,198,2928,2024-12-30,3,167.93,Social,206,503.79
14607,199,2928,2025-07-03,1,105.38,Online,66,105.38
14608,117,2928,2025-04-03,3,214.01,Online,61,642.03
14609,147,2928,2025-09-01,1,193.11,Online,69,193.11
14610,127,2928,2025-11-21,3,184.65,In-Store,147,553.95
14611,170,2928,2024-05-01,1,124.94,Email,265,124.94
14612,151,2928,2024-06-09,3,170.44,Online,46,511.32
14613,193,2928,2024-02-24,4,28.68,In-Store,114,114.72
14614,157,2928,2025-04-28,2,140.43,Online,63,280.86
14615,183,2928,2024-07-15,5,127.82,Social,199,639.0999999999999
14616,140,2928,2024-11-30,2,139.7,In-Store,130,279.4
14617,134,2928,2024-12-27,1,113.57,Social,206,113.57
14618,108,2928,2024-04-17,4,127.37,In-Store,118,509.48
14619,120,2928,2024-02-17,2,186.86,Social,191,373.72
14620,158,2928,2024-12-23,2,132.56,Online,56,265.12
14621,175,2928,2024-02-26,4,285.32,Online,40,1141.28
14622,111,2928,2024-04-26,3,78.12,Online,43,234.36
14623,101,2928,2024-03-27,5,116.4,Online,42,582.0
14624,190,2928,2025-07-05,1,121.42,Online,66,121.42
14625,139,2928,2025-02-25,2,162.16,Online,59,324.32
14626,166,2928,2024-11-14,3,151.16,In-Store,129,453.48
14627,129,2928,2024-05-26,5,269.37,In-Store,120,1346.85
14628,140,2928,2024-12-12,3,139.7,Online,56,419.09999999999997
14629,186,2928,2024-11-21,3,29.78,In-Store,128,89.34
14630,109,2928,2024-08-20,1,69.39,Online,49,69.39
14631,105,2929,2023-04-04,3,45.85,Online,23,137.55
14632,178,2929,2023-06-19,3,58.92,In-Store,103,176.76
14633,121,2929,2024-12-20,1,126.42,Social,206,126.42
14634,191,2929,2025-06-02,2,196.98,Online,66,393.96
14635,123,2929,2023-03-13,5,28.54,Social,174,142.7
14636,112,2929,2024-07-22,5,58.11,In-Store,123,290.55
14637,190,2929,2024-06-02,4,121.42,Email,266,485.68
14638,110,2929,2024-05-05,2,138.19,Social,194,276.38
14639,164,2929,2024-02-27,4,91.03,In-Store,115,364.12
14640,183,2929,2024-12-26,5,127.82,Online,56,639.0999999999999
14641,198,2929,2023-05-05,2,167.93,Online,25,335.86
14642,109,2930,2023-12-23,2,69.39,Online,37,138.78
14643,114,2930,2024-05-30,3,120.5,Online,46,361.5
14644,138,2930,2024-02-16,2,115.15,TV,333,230.3
14645,156,2930,2024-04-20,3,13.54,In-Store,118,40.62
14646,101,2930,2024-02-03,3,116.4,Online,40,349.20000000000005
14647,111,2930,2023-12-30,3,78.12,Online,38,234.36
14648,107,2930,2024-05-28,1,110.76,Social,195,110.76
14649,182,2931,2024-09-01,1,73.37,Online,51,73.37
14650,104,2931,2025-03-04,5,50.25,Online,60,251.25
14651,129,2931,2025-07-15,2,269.37,Online,67,538.74
14652,142,2931,2024-08-02,4,298.93,In-Store,123,1195.72
14653,113,2931,2025-12-09,3,122.3,Online,75,366.9
14654,125,2931,2025-08-15,1,25.35,Social,215,25.35
14655,113,2931,2025-06-17,1,122.3,In-Store,140,122.3
14656,175,2931,2024-05-02,4,285.32,Social,194,1141.28
14657,128,2931,2024-10-30,5,69.61,Online,54,348.05
14658,166,2931,2024-01-30,3,151.16,Online,40,453.48
14659,177,2931,2024-06-13,4,296.45,Social,197,1185.8
14660,166,2931,2024-11-23,4,151.16,TV,346,604.64
14661,141,2931,2023-11-01,5,75.02,Online,35,375.09999999999997
14662,131,2931,2024-02-19,2,76.52,Online,40,153.04
14663,124,2931,2023-03-25,1,174.26,Online,22,174.26
14664,173,2931,2024-11-07,4,100.75,Social,203,403.0
14665,197,2931,2024-12-21,1,270.16,Online,57,270.16
14666,158,2931,2025-01-09,1,132.56,Online,58,132.56
14667,133,2931,2025-10-01,3,129.42,Online,71,388.26
14668,152,2931,2025-11-07,4,72.34,TV,364,289.36
14669,172,2931,2025-12-30,2,75.03,Email,295,150.06
14670,124,2931,2025-01-15,5,174.26,Email,280,871.3
14671,123,2931,2023-04-24,2,28.54,Social,177,57.08
14672,166,2931,2024-11-03,3,151.16,In-Store,128,453.48
14673,122,2932,2024-11-30,4,224.2,In-Store,130,896.8
14674,101,2932,2023-08-13,4,116.4,Online,32,465.6
14675,144,2932,2025-05-15,4,22.73,In-Store,138,90.92
14676,200,2932,2024-05-21,2,213.63,In-Store,120,427.26
14677,190,2932,2022-11-24,3,121.42,Social,167,364.26
14678,154,2932,2024-02-10,4,39.53,Online,40,158.12
14679,116,2932,2023-06-18,2,161.44,In-Store,103,322.88
14680,122,2932,2023-05-08,2,224.2,Online,25,448.4
14681,140,2932,2023-07-31,3,139.7,Email,251,419.09999999999997
14682,176,2932,2025-03-16,2,98.45,In-Store,136,196.9
14683,101,2932,2024-12-12,3,116.4,Online,56,349.20000000000005
14684,145,2932,2025-10-29,2,87.44,Online,72,174.88
14685,176,2932,2023-07-12,1,98.45,Online,29,98.45
14686,175,2932,2022-03-04,1,285.32,Online,3,285.32
14687,174,2932,2022-08-25,1,89.89,Online,12,89.89
14688,147,2932,2022-07-24,3,193.11,Online,10,579.33
14689,139,2932,2023-12-26,5,162.16,Online,37,810.8
14690,147,2932,2024-07-02,4,193.11,Email,268,772.44
14691,158,2932,2023-06-20,3,132.56,Online,28,397.68
14692,132,2932,2022-05-21,3,146.35,Email,229,439.04999999999995
14693,112,2932,2025-08-10,3,58.11,Social,215,174.32999999999998
14694,162,2932,2022-03-04,2,23.29,Social,155,46.58
14695,113,2932,2025-02-28,5,122.3,In-Store,135,611.5
14696,133,2932,2024-04-06,4,129.42,In-Store,118,517.68
14697,144,2932,2025-04-24,5,22.73,Online,63,113.65
14698,157,2932,2022-03-20,2,140.43,Email,227,280.86
14699,118,2932,2022-09-26,2,128.58,Online,13,257.16
14700,127,2932,2023-09-14,3,184.65,Online,32,553.95
14701,159,2932,2024-12-19,2,21.52,In-Store,131,43.04
14702,168,2932,2025-08-05,5,151.07,Online,68,755.3499999999999
14703,181,2932,2022-05-07,2,231.25,Online,6,462.5
14704,183,2932,2023-04-21,2,127.82,Online,24,255.64
14705,197,2933,2025-04-06,2,270.16,Online,62,540.32
14706,132,2933,2025-11-14,2,146.35,Online,74,292.7
14707,191,2933,2025-05-18,5,196.98,Online,64,984.9
14708,118,2933,2025-05-30,1,128.58,Online,65,128.58
14709,116,2933,2025-11-28,1,161.44,Online,75,161.44
14710,167,2933,2025-01-13,3,75.91,In-Store,132,227.73
14711,132,2933,2025-12-02,3,146.35,In-Store,149,439.04999999999995
14712,118,2933,2025-12-31,2,128.58,In-Store,150,257.16
14713,133,2933,2025-08-18,4,129.42,Online,69,517.68
14714,121,2933,2025-10-15,3,126.42,Email,293,379.26
14715,150,2933,2024-12-17,3,66.48,In-Store,131,199.44
14716,182,2933,2025-08-05,5,73.37,Social,215,366.85
14717,109,2933,2025-10-18,1,69.39,In-Store,146,69.39
14718,177,2933,2025-02-05,1,296.45,Online,59,296.45
14719,186,2933,2024-12-30,4,29.78,Online,56,119.12
14720,126,2933,2025-03-14,4,62.9,Online,60,251.6
14721,168,2933,2025-11-29,1,151.07,Online,75,151.07
14722,129,2933,2025-12-22,3,269.37,In-Store,149,808.11
14723,145,2933,2025-12-13,2,87.44,Online,76,174.88
14724,168,2933,2025-09-01,3,151.07,Online,70,453.21
14725,148,2934,2024-05-24,4,47.75,In-Store,120,191.0
14726,117,2934,2024-12-20,4,214.01,Email,279,856.04
14727,127,2934,2024-12-27,2,184.65,In-Store,131,369.3
14728,198,2934,2024-08-10,2,167.93,Online,49,335.86
14729,114,2934,2024-06-06,3,120.5,Online,46,361.5
14730,187,2934,2023-05-29,2,95.73,In-Store,102,191.46
14731,133,2934,2024-08-29,4,129.42,Online,50,517.68
14732,157,2934,2024-07-23,5,140.43,In-Store,123,702.1500000000001
14733,181,2934,2025-02-05,3,231.25,Online,59,693.75
14734,112,2934,2024-08-10,2,58.11,Online,49,116.22
14735,135,2934,2025-05-04,4,62.14,Online,63,248.56
14736,147,2934,2025-07-29,2,193.11,Online,67,386.22
14737,142,2934,2023-11-30,4,298.93,Online,36,1195.72
14738,140,2934,2024-10-21,1,139.7,In-Store,127,139.7
14739,117,2934,2024-04-29,1,214.01,Online,45,214.01
14740,156,2934,2025-07-26,5,13.54,Email,290,67.69999999999999
14741,177,2934,2024-07-03,2,296.45,Online,48,592.9
14742,152,2934,2023-11-26,3,72.34,Email,256,217.02
14743,168,2934,2024-10-19,3,151.07,In-Store,127,453.21
14744,196,2934,2025-02-04,4,162.21,Online,59,648.84
14745,197,2934,2024-04-26,1,270.16,Online,44,270.16
14746,151,2934,2024-11-11,1,170.44,Online,55,170.44
14747,192,2934,2025-09-28,4,22.56,Social,218,90.24
14748,147,2934,2025-08-05,2,193.11,In-Store,143,386.22
14749,156,2934,2025-04-30,3,13.54,Email,285,40.62
14750,103,2934,2025-02-14,4,74.85,Online,59,299.4
14751,147,2934,2025-08-30,2,193.11,Online,68,386.22
14752,178,2934,2025-02-22,3,58.92,Social,208,176.76
14753,125,2935,2024-03-03,1,25.35,In-Store,117,25.35
14754,111,2935,2023-10-10,3,78.12,Online,33,234.36
14755,160,2935,2023-10-22,4,74.86,Online,34,299.44
14756,186,2935,2022-11-28,4,29.78,Online,17,119.12
14757,130,2936,2025-01-04,3,117.61,Online,58,352.83
14758,169,2937,2024-04-26,4,105.46,Online,44,421.84
14759,196,2937,2024-06-17,5,162.21,Online,47,811.0500000000001
14760,162,2937,2024-12-17,2,23.29,In-Store,131,46.58
14761,170,2937,2024-03-19,4,124.94,In-Store,118,499.76
14762,175,2937,2025-02-17,5,285.32,Online,59,1426.6
14763,102,2937,2024-01-24,4,175.2,Online,39,700.8
14764,140,2937,2024-05-17,3,139.7,Online,45,419.09999999999997
14765,184,2937,2024-07-03,4,120.25,In-Store,121,481.0
14766,180,2937,2024-12-17,4,97.9,In-Store,130,391.6
14767,128,2937,2025-10-29,4,69.61,Online,73,278.44
14768,185,2937,2024-08-22,4,143.79,In-Store,125,575.16
14769,196,2937,2024-01-07,2,162.21,Online,37,324.42
14770,156,2937,2025-03-07,2,13.54,Online,60,27.08
14771,188,2937,2024-06-25,5,12.93,In-Store,121,64.65
14772,175,2937,2024-02-03,4,285.32,In-Store,114,1141.28
14773,133,2937,2025-09-27,4,129.42,Online,70,517.68
14774,124,2937,2024-05-24,5,174.26,Email,265,871.3
14775,193,2937,2025-06-06,1,28.68,In-Store,140,28.68
14776,141,2937,2024-04-10,5,75.02,Online,43,375.09999999999997
14777,120,2937,2025-02-07,1,186.86,Email,282,186.86
14778,183,2937,2024-11-12,5,127.82,Online,54,639.0999999999999
14779,120,2937,2024-09-18,4,186.86,Online,51,747.44
14780,158,2938,2022-02-14,3,132.56,Online,2,397.68
14781,117,2938,2025-11-26,5,214.01,Online,74,1070.05
14782,103,2938,2023-06-04,4,74.85,In-Store,103,299.4
14783,197,2938,2025-10-05,4,270.16,Social,219,1080.64
14784,167,2938,2025-07-12,5,75.91,Online,67,379.54999999999995
14785,129,2938,2022-11-08,5,269.37,TV,312,1346.85
14786,113,2938,2024-04-04,4,122.3,In-Store,118,489.2
14787,126,2938,2024-11-09,4,62.9,Online,54,251.6
14788,112,2938,2024-03-19,3,58.11,Online,42,174.32999999999998
14789,117,2938,2023-06-13,1,214.01,In-Store,103,214.01
14790,129,2938,2024-08-25,1,269.37,Online,49,269.37
14791,177,2938,2025-10-05,1,296.45,In-Store,145,296.45
14792,121,2938,2024-12-21,5,126.42,In-Store,131,632.1
14793,119,2938,2022-08-29,3,193.28,Email,235,579.84
14794,174,2938,2025-02-28,1,89.89,Social,209,89.89
14795,114,2938,2025-09-17,1,120.5,TV,361,120.5
14796,150,2938,2024-10-26,5,66.48,In-Store,128,332.40000000000003
14797,107,2938,2025-02-13,1,110.76,Email,281,110.76
14798,103,2938,2023-02-01,1,74.85,Online,20,74.85
14799,196,2938,2023-07-29,2,162.21,In-Store,104,324.42
14800,191,2938,2022-02-17,5,196.98,Online,2,984.9
14801,126,2939,2023-08-18,1,62.9,In-Store,106,62.9
14802,160,2940,2025-05-28,4,74.86,Online,65,299.44
14803,132,2940,2025-07-11,3,146.35,In-Store,141,439.04999999999995
14804,114,2940,2025-06-02,2,120.5,Social,213,241.0
14805,135,2940,2025-05-11,1,62.14,Online,65,62.14
14806,189,2940,2025-03-02,5,47.31,Online,60,236.55
14807,105,2940,2025-12-02,2,45.85,TV,365,91.7
14808,161,2940,2025-10-21,3,233.25,Online,71,699.75
14809,114,2940,2025-09-02,2,120.5,In-Store,144,241.0
14810,175,2940,2025-09-13,4,285.32,In-Store,144,1141.28
14811,197,2940,2025-09-01,4,270.16,Online,70,1080.64
14812,139,2940,2025-04-11,2,162.16,Social,211,324.32
14813,184,2940,2025-08-28,3,120.25,TV,360,360.75
14814,157,2940,2025-10-24,4,140.43,Online,72,561.72
14815,132,2940,2025-04-24,2,146.35,Online,63,292.7
14816,197,2940,2025-09-24,3,270.16,Social,218,810.48
14817,194,2940,2025-05-28,2,70.1,In-Store,139,140.2
14818,186,2940,2025-06-10,5,29.78,Social,213,148.9
14819,191,2940,2025-07-10,5,196.98,Social,214,984.9
14820,144,2940,2024-12-20,4,22.73,Online,56,90.92
14821,118,2940,2025-07-19,1,128.58,In-Store,141,128.58
14822,129,2940,2024-12-04,1,269.37,Email,278,269.37
14823,116,2940,2025-08-29,4,161.44,Online,68,645.76
14824,135,2941,2024-05-21,1,62.14,Online,46,62.14
14825,145,2941,2024-10-12,1,87.44,Online,53,87.44
14826,152,2941,2024-09-01,2,72.34,In-Store,125,144.68
14827,178,2941,2024-08-03,4,58.92,Online,49,235.68
14828,170,2941,2024-09-21,2,124.94,Online,51,249.88
14829,195,2941,2024-07-26,2,109.44,Online,49,218.88
14830,183,2941,2024-04-04,3,127.82,Online,43,383.46
14831,133,2941,2024-03-23,2,129.42,Online,43,258.84
14832,195,2941,2024-11-05,3,109.44,Online,53,328.32
14833,184,2941,2024-11-30,3,120.25,TV,346,360.75
14834,153,2941,2024-09-29,4,44.91,Online,51,179.64
14835,189,2941,2024-03-25,1,47.31,Online,42,47.31
14836,133,2942,2023-12-15,3,129.42,TV,330,388.26
14837,126,2942,2025-09-14,5,62.9,Online,70,314.5
14838,144,2942,2024-02-11,5,22.73,In-Store,115,113.65
14839,133,2942,2024-10-28,2,129.42,Online,53,258.84
14840,117,2942,2024-10-07,4,214.01,Online,52,856.04
14841,143,2942,2025-11-24,2,18.47,Online,74,36.94
14842,135,2942,2025-07-30,1,62.14,Social,215,62.14
14843,199,2942,2025-09-22,4,105.38,Online,70,421.52
14844,192,2942,2025-08-13,3,22.56,In-Store,143,67.67999999999999
14845,132,2942,2025-04-07,2,146.35,In-Store,137,292.7
14846,117,2942,2024-03-02,2,214.01,Social,191,428.02
14847,132,2942,2025-01-10,2,146.35,Social,206,292.7
14848,141,2942,2025-04-27,3,75.02,Email,284,225.06
14849,154,2942,2025-07-05,4,39.53,Online,66,158.12
14850,183,2942,2025-09-26,1,127.82,Online,70,127.82
14851,149,2942,2025-07-03,5,64.92,Online,67,324.6
14852,118,2942,2025-06-23,4,128.58,Online,66,514.32
14853,170,2942,2024-08-12,1,124.94,Online,49,124.94
14854,196,2942,2025-09-24,4,162.21,Online,70,648.84
14855,124,2942,2025-05-28,1,174.26,Social,213,174.26
14856,161,2942,2024-12-20,5,233.25,Online,56,1166.25
14857,153,2942,2024-10-08,1,44.91,Online,52,44.91
14858,200,2942,2024-03-03,4,213.63,In-Store,117,854.52
14859,164,2942,2025-03-31,1,91.03,Online,61,91.03
14860,136,2942,2025-10-09,4,134.23,Online,70,536.92
14861,131,2942,2025-11-27,5,76.52,Online,75,382.59999999999997
14862,126,2942,2025-12-08,2,62.9,TV,364,125.8
14863,173,2942,2025-07-05,1,100.75,Online,66,100.75
14864,113,2942,2025-12-22,4,122.3,Online,77,489.2
14865,158,2942,2025-05-01,1,132.56,Online,64,132.56
14866,120,2943,2023-07-13,4,186.86,In-Store,104,747.44
14867,181,2943,2025-11-13,3,231.25,Online,73,693.75
14868,110,2943,2022-06-28,2,138.19,Email,232,276.38
14869,175,2943,2023-03-27,1,285.32,Social,175,285.32
14870,116,2943,2025-07-15,3,161.44,Online,67,484.32
14871,172,2943,2023-06-03,2,75.03,Email,247,150.06
14872,187,2943,2023-11-25,5,95.73,Online,36,478.65000000000003
14873,165,2943,2023-09-24,2,213.33,Social,184,426.66
14874,136,2943,2022-10-20,4,134.23,In-Store,91,536.92
14875,191,2943,2024-09-01,4,196.98,Online,51,787.92
14876,122,2943,2024-03-21,3,224.2,Online,42,672.5999999999999
14877,120,2943,2024-10-18,2,186.86,Social,202,373.72
14878,110,2943,2023-06-10,2,138.19,Online,27,276.38
14879,187,2943,2025-09-14,2,95.73,Online,70,191.46
14880,163,2943,2025-02-06,4,115.65,TV,350,462.6
14881,113,2943,2025-01-14,2,122.3,Online,58,244.6
14882,187,2943,2023-08-04,1,95.73,In-Store,105,95.73
14883,116,2943,2024-08-05,3,161.44,Online,49,484.32
14884,188,2944,2025-02-20,4,12.93,Online,59,51.72
14885,182,2944,2023-09-18,1,73.37,Online,33,73.37
14886,113,2944,2024-07-17,4,122.3,Social,198,489.2
14887,156,2944,2024-05-03,3,13.54,Online,44,40.62
14888,183,2944,2023-10-24,2,127.82,Online,34,255.64
14889,125,2944,2023-10-12,1,25.35,Email,253,25.35
14890,131,2944,2023-12-04,1,76.52,Social,187,76.52
14891,164,2944,2024-08-15,3,91.03,Email,271,273.09000000000003
14892,123,2944,2024-07-12,2,28.54,Online,48,57.08
14893,106,2944,2024-04-30,2,41.44,Online,43,82.88
14894,193,2944,2024-04-13,2,28.68,Online,43,57.36
14895,130,2945,2024-11-30,2,117.61,Social,204,235.22
14896,101,2945,2025-04-09,1,116.4,Online,61,116.4
14897,146,2945,2025-02-15,3,28.76,In-Store,135,86.28
14898,194,2945,2024-11-07,1,70.1,Online,53,70.1
14899,158,2945,2024-12-06,4,132.56,TV,347,530.24
14900,172,2945,2024-10-15,4,75.03,Online,52,300.12
14901,169,2945,2024-10-30,3,105.46,Online,54,316.38
14902,178,2945,2025-03-19,4,58.92,Online,61,235.68
14903,141,2945,2024-11-28,4,75.02,Online,55,300.08
14904,144,2945,2024-10-29,3,22.73,Online,53,68.19
14905,125,2945,2024-11-15,2,25.35,In-Store,128,50.7
14906,130,2945,2024-08-01,1,117.61,In-Store,124,117.61
14907,125,2945,2024-12-19,2,25.35,Online,57,50.7
14908,106,2946,2025-12-24,5,41.44,In-Store,149,207.2
14909,167,2946,2023-08-10,1,75.91,In-Store,106,75.91
14910,106,2946,2023-10-21,4,41.44,Online,34,165.76
14911,139,2946,2024-08-06,4,162.16,Social,199,648.64
14912,184,2946,2024-12-18,1,120.25,Online,57,120.25
14913,145,2946,2023-04-01,4,87.44,In-Store,99,349.76
14914,162,2946,2024-11-21,2,23.29,Social,205,46.58
14915,132,2946,2023-07-12,5,146.35,In-Store,104,731.75
14916,191,2946,2024-02-16,1,196.98,Online,40,196.98
14917,173,2946,2025-02-16,5,100.75,In-Store,135,503.75
14918,145,2946,2025-06-04,2,87.44,Online,66,174.88
14919,162,2946,2023-07-29,2,23.29,In-Store,105,46.58
14920,132,2946,2025-12-11,5,146.35,Online,75,731.75
14921,183,2946,2024-06-14,2,127.82,In-Store,121,255.64
14922,115,2946,2024-10-03,3,114.62,Online,52,343.86
14923,181,2946,2025-03-07,3,231.25,Online,60,693.75
14924,151,2946,2024-12-05,5,170.44,Online,55,852.2
14925,178,2946,2024-05-26,3,58.92,In-Store,120,176.76
14926,189,2946,2023-03-08,1,47.31,Online,22,47.31
14927,185,2946,2025-08-07,5,143.79,TV,357,718.9499999999999
14928,185,2946,2024-07-22,5,143.79,Social,198,718.9499999999999
14929,189,2946,2024-08-23,1,47.31,Online,50,47.31
14930,109,2946,2023-10-04,5,69.39,In-Store,108,346.95
14931,169,2946,2023-02-18,3,105.46,In-Store,97,316.38
14932,117,2946,2023-03-18,2,214.01,Online,22,428.02
14933,114,2946,2025-11-21,1,120.5,Online,75,120.5
14934,167,2946,2022-12-10,4,75.91,Online,18,303.64
14935,191,2946,2024-01-10,5,196.98,Social,188,984.9
14936,114,2947,2024-04-14,1,120.5,Online,44,120.5
14937,125,2947,2024-03-19,2,25.35,Online,42,50.7
14938,152,2947,2024-05-21,4,72.34,In-Store,120,289.36
14939,114,2947,2023-10-01,4,120.5,Online,33,482.0
14940,146,2947,2024-02-23,3,28.76,Online,40,86.28
14941,128,2947,2024-08-09,4,69.61,In-Store,123,278.44
14942,133,2948,2025-12-19,2,129.42,Email,294,258.84
14943,167,2948,2025-06-14,1,75.91,In-Store,141,75.91
14944,192,2948,2023-09-27,2,22.56,Online,33,45.12
14945,114,2948,2024-12-09,5,120.5,Online,55,602.5
14946,171,2948,2024-05-23,1,117.28,Online,46,117.28
14947,150,2948,2023-05-18,4,66.48,Online,26,265.92
14948,185,2948,2023-09-14,1,143.79,Online,32,143.79
14949,121,2948,2024-10-05,3,126.42,Online,52,379.26
14950,153,2948,2025-10-26,1,44.91,Online,72,44.91
14951,178,2948,2024-08-10,1,58.92,Online,49,58.92
14952,104,2948,2023-05-01,5,50.25,Online,24,251.25
14953,156,2948,2022-12-15,2,13.54,Social,169,27.08
14954,112,2948,2025-08-26,4,58.11,Online,69,232.44
14955,186,2948,2024-10-23,3,29.78,In-Store,127,89.34
14956,166,2948,2025-02-21,2,151.16,Social,209,302.32
14957,185,2948,2023-11-25,1,143.79,Online,36,143.79
14958,112,2948,2023-12-07,3,58.11,Online,36,174.32999999999998
14959,131,2948,2024-08-20,1,76.52,Online,49,76.52
14960,127,2948,2025-06-06,4,184.65,TV,355,738.6
14961,171,2948,2024-02-01,3,117.28,Online,40,351.84000000000003
14962,183,2948,2023-04-29,3,127.82,Social,177,383.46
14963,120,2948,2023-05-30,1,186.86,Online,26,186.86
14964,146,2949,2023-03-13,4,28.76,Online,22,115.04
14965,190,2949,2024-09-07,4,121.42,Online,51,485.68
14966,148,2949,2023-12-13,5,47.75,TV,330,238.75
14967,125,2949,2025-02-11,2,25.35,Online,59,50.7
14968,124,2949,2023-06-17,2,174.26,Online,27,348.52
14969,169,2949,2023-11-20,1,105.46,Online,36,105.46
14970,177,2949,2024-04-16,5,296.45,Social,192,1482.25
14971,117,2949,2025-08-24,5,214.01,Online,69,1070.05
14972,120,2949,2022-06-28,3,186.86,Online,8,560.58
14973,111,2949,2025-03-11,1,78.12,In-Store,136,78.12
14974,150,2949,2023-03-22,2,66.48,Social,174,132.96
14975,133,2949,2023-01-11,4,129.42,Online,19,517.68
14976,175,2949,2023-08-07,4,285.32,Online,32,1141.28
14977,111,2949,2024-03-04,5,78.12,Social,191,390.6
14978,165,2949,2023-04-15,3,213.33,In-Store,100,639.99
14979,117,2949,2025-10-20,5,214.01,Online,72,1070.05
14980,102,2949,2025-10-25,4,175.2,In-Store,147,700.8
14981,190,2949,2025-01-19,2,121.42,Online,58,242.84
14982,152,2950,2023-08-31,2,72.34,In-Store,107,144.68
14983,154,2950,2024-07-01,1,39.53,Online,48,39.53
14984,115,2950,2024-09-20,2,114.62,Online,51,229.24
14985,161,2951,2024-05-21,4,233.25,In-Store,120,933.0
14986,124,2951,2025-02-04,1,174.26,Online,59,174.26
14987,147,2951,2024-12-07,2,193.11,Email,278,386.22
14988,101,2951,2023-12-29,1,116.4,Email,258,116.4
14989,146,2951,2025-04-22,5,28.76,Online,63,143.8
14990,142,2951,2024-10-02,1,298.93,Email,275,298.93
14991,159,2951,2025-10-07,5,21.52,Online,71,107.6
14992,139,2951,2024-01-23,5,162.16,In-Store,114,810.8
14993,133,2951,2023-06-26,3,129.42,In-Store,103,388.26
14994,147,2951,2023-06-02,4,193.11,Online,27,772.44
14995,183,2951,2024-12-18,4,127.82,Online,57,511.28
14996,147,2951,2024-02-15,1,193.11,Online,40,193.11
14997,165,2951,2024-01-12,2,213.33,In-Store,113,426.66
14998,147,2951,2024-06-14,2,193.11,Online,47,386.22
14999,166,2951,2025-09-22,3,151.16,Online,70,453.48
15000,116,2951,2023-12-23,1,161.44,Online,37,161.44
15001,184,2951,2024-02-21,4,120.25,Social,191,481.0
15002,118,2951,2025-03-21,3,128.58,In-Store,136,385.74
15003,113,2951,2023-11-24,2,122.3,In-Store,111,244.6
15004,170,2951,2024-08-19,2,124.94,Online,49,249.88
15005,157,2951,2024-08-16,5,140.43,In-Store,124,702.1500000000001
15006,106,2952,2025-05-29,2,41.44,Online,65,82.88
15007,131,2952,2023-09-11,2,76.52,Online,33,153.04
15008,111,2952,2024-06-15,1,78.12,Online,47,78.12
15009,178,2952,2025-09-23,4,58.92,In-Store,144,235.68
15010,121,2952,2023-04-21,5,126.42,Online,24,632.1
15011,198,2952,2023-04-20,5,167.93,In-Store,100,839.6500000000001
15012,185,2952,2025-10-23,5,143.79,In-Store,147,718.9499999999999
15013,111,2952,2024-04-24,5,78.12,Online,44,390.6
15014,140,2952,2024-06-15,1,139.7,Online,47,139.7
15015,120,2952,2025-10-19,4,186.86,Online,71,747.44
15016,139,2952,2023-03-19,3,162.16,Email,244,486.48
15017,105,2952,2025-11-03,2,45.85,Online,72,91.7
15018,106,2952,2025-08-18,5,41.44,TV,358,207.2
15019,113,2952,2025-08-17,4,122.3,Social,215,489.2
15020,112,2952,2024-04-03,4,58.11,Online,43,232.44
15021,149,2952,2024-11-26,5,64.92,In-Store,129,324.6
15022,191,2952,2024-06-26,2,196.98,Online,47,393.96
15023,108,2952,2024-03-07,2,127.37,Online,41,254.74
15024,141,2952,2025-06-02,3,75.02,Online,65,225.06
15025,102,2952,2025-06-02,4,175.2,Email,286,700.8
15026,176,2952,2024-10-23,1,98.45,Social,203,98.45
15027,105,2952,2023-07-22,2,45.85,Online,30,91.7
15028,134,2953,2024-05-18,1,113.57,Online,46,113.57
15029,115,2953,2024-02-06,1,114.62,In-Store,114,114.62
15030,155,2953,2024-06-14,1,71.21,Online,47,71.21
15031,169,2953,2024-02-27,2,105.46,Online,40,210.92
15032,167,2953,2024-07-05,2,75.91,Email,268,151.82
15033,148,2953,2024-01-03,3,47.75,Online,37,143.25
15034,141,2954,2024-05-08,3,75.02,In-Store,120,225.06
15035,190,2954,2023-09-19,1,121.42,Online,33,121.42
15036,130,2954,2025-01-20,4,117.61,Online,58,470.44
15037,172,2954,2025-01-26,5,75.03,Email,281,375.15
15038,183,2954,2023-11-30,1,127.82,Online,36,127.82
15039,161,2954,2023-08-21,3,233.25,In-Store,106,699.75
15040,194,2954,2025-08-14,1,70.1,In-Store,143,70.1
15041,146,2954,2025-04-30,4,28.76,Online,63,115.04
15042,168,2954,2025-01-31,5,151.07,Online,59,755.3499999999999
15043,165,2954,2023-12-19,2,213.33,In-Store,111,426.66
15044,136,2954,2025-05-10,3,134.23,TV,354,402.68999999999994
15045,194,2954,2025-04-13,2,70.1,Online,63,140.2
15046,200,2954,2024-07-29,1,213.63,Online,49,213.63
15047,180,2954,2023-10-29,4,97.9,Online,35,391.6
15048,167,2954,2025-05-22,2,75.91,Social,213,151.82
15049,115,2954,2025-03-26,2,114.62,Online,61,229.24
15050,147,2954,2025-11-30,5,193.11,Online,74,965.5500000000001
15051,174,2954,2024-08-18,4,89.89,Social,200,359.56
15052,105,2954,2025-03-06,1,45.85,Social,209,45.85
15053,139,2954,2024-11-16,3,162.16,TV,346,486.48
15054,172,2955,2024-12-06,2,75.03,TV,346,150.06
15055,130,2955,2025-06-02,1,117.61,In-Store,140,117.61
15056,162,2955,2024-10-12,1,23.29,Online,53,23.29
15057,164,2955,2024-10-15,2,91.03,Online,52,182.06
15058,125,2955,2024-10-29,4,25.35,Online,53,101.4
15059,130,2955,2024-12-11,3,117.61,Online,56,352.83
15060,192,2955,2024-11-22,2,22.56,Online,55,45.12
15061,189,2955,2024-12-31,3,47.31,Online,58,141.93
15062,192,2955,2024-11-03,2,22.56,Online,54,45.12
15063,143,2955,2024-09-10,2,18.47,Online,51,36.94
15064,194,2955,2024-11-28,4,70.1,Online,55,280.4
15065,160,2955,2025-01-08,3,74.86,Social,206,224.57999999999998
15066,188,2955,2024-09-28,4,12.93,Online,51,51.72
15067,190,2955,2025-01-16,1,121.42,Online,58,121.42
15068,174,2955,2024-10-11,3,89.89,Email,275,269.67
15069,192,2955,2024-08-26,4,22.56,In-Store,124,90.24
15070,134,2956,2025-07-26,5,113.57,TV,357,567.8499999999999
15071,168,2956,2025-06-04,3,151.07,Online,66,453.21
15072,133,2956,2025-09-07,4,129.42,Online,69,517.68
15073,187,2956,2025-02-05,5,95.73,Online,59,478.65000000000003
15074,199,2956,2025-11-12,1,105.38,Social,220,105.38
15075,184,2956,2025-05-23,4,120.25,Online,65,481.0
15076,157,2956,2025-08-17,5,140.43,In-Store,143,702.1500000000001
15077,152,2956,2025-03-15,4,72.34,In-Store,136,289.36
15078,136,2956,2025-12-22,4,134.23,Online,77,536.92
15079,102,2956,2025-02-24,5,175.2,Online,59,876.0
15080,191,2956,2025-10-24,3,196.98,In-Store,146,590.9399999999999
15081,122,2956,2025-03-17,3,224.2,Social,210,672.5999999999999
15082,152,2957,2023-05-25,2,72.34,In-Store,102,144.68
15083,148,2957,2023-11-11,3,47.75,Online,35,143.25
15084,143,2957,2023-09-02,2,18.47,Online,32,36.94
15085,178,2957,2023-07-04,3,58.92,Online,29,176.76
15086,149,2957,2023-06-12,2,64.92,Social,179,129.84
15087,113,2958,2025-11-15,4,122.3,Social,220,489.2
15088,102,2958,2025-01-29,3,175.2,Online,58,525.5999999999999
15089,171,2958,2025-12-04,3,117.28,Email,294,351.84000000000003
15090,185,2958,2025-08-02,1,143.79,Online,68,143.79
15091,180,2958,2025-07-02,5,97.9,Email,288,489.5
15092,193,2958,2025-08-17,5,28.68,Online,69,143.4
15093,136,2958,2025-07-02,1,134.23,Online,67,134.23
15094,191,2958,2024-12-12,4,196.98,Social,205,787.92
15095,108,2958,2025-06-10,1,127.37,Online,65,127.37
15096,139,2958,2025-02-08,4,162.16,Online,59,648.64
15097,164,2958,2025-12-06,5,91.03,Online,75,455.15
15098,175,2958,2025-05-21,4,285.32,Online,65,1141.28
15099,110,2958,2025-09-17,1,138.19,In-Store,144,138.19
15100,156,2958,2025-08-30,2,13.54,Online,68,27.08
15101,127,2958,2025-12-09,5,184.65,Email,294,923.25
15102,120,2958,2025-07-19,3,186.86,Online,68,560.58
15103,133,2958,2025-09-03,2,129.42,Social,216,258.84
15104,118,2958,2025-02-07,1,128.58,Online,59,128.58
15105,191,2958,2024-09-27,5,196.98,Online,51,984.9
15106,118,2958,2025-05-21,2,128.58,Online,65,257.16
15107,146,2958,2025-06-23,4,28.76,Email,288,115.04
15108,194,2958,2024-10-07,4,70.1,In-Store,126,280.4
15109,122,2958,2025-09-22,2,224.2,Online,70,448.4
15110,154,2959,2025-02-01,1,39.53,Online,58,39.53
15111,123,2959,2024-12-23,1,28.54,TV,347,28.54
15112,149,2959,2024-12-20,1,64.92,Online,57,64.92
15113,106,2959,2024-12-30,2,41.44,In-Store,132,82.88
15114,192,2960,2024-11-25,5,22.56,Email,278,112.8
15115,175,2960,2025-09-08,1,285.32,Online,69,285.32
15116,131,2960,2025-04-17,5,76.52,Online,63,382.59999999999997
15117,155,2960,2025-03-22,3,71.21,TV,351,213.63
15118,133,2960,2025-06-13,3,129.42,In-Store,140,388.26
15119,188,2960,2025-04-14,1,12.93,Online,62,12.93
15120,148,2960,2025-06-30,5,47.75,Online,67,238.75
15121,181,2960,2025-07-29,3,231.25,In-Store,143,693.75
15122,175,2960,2025-01-14,4,285.32,Online,58,1141.28
15123,104,2960,2024-08-31,1,50.25,Online,50,50.25
15124,184,2960,2024-08-18,4,120.25,Online,50,481.0
15125,143,2960,2024-11-10,2,18.47,Online,54,36.94
15126,168,2960,2024-12-29,4,151.07,In-Store,132,604.28
15127,199,2960,2025-05-05,5,105.38,Social,212,526.9
15128,192,2960,2025-02-05,2,22.56,Online,59,45.12
15129,111,2960,2024-10-21,1,78.12,Online,53,78.12
15130,131,2960,2025-03-03,3,76.52,In-Store,135,229.56
15131,167,2960,2025-07-03,4,75.91,Online,67,303.64
15132,116,2960,2024-10-16,2,161.44,In-Store,128,322.88
15133,187,2960,2024-09-29,1,95.73,Online,51,95.73
15134,116,2961,2024-01-31,4,161.44,TV,333,645.76
15135,138,2961,2025-03-21,2,115.15,Online,61,230.3
15136,136,2961,2025-01-29,4,134.23,Online,58,536.92
15137,190,2961,2025-01-01,1,121.42,TV,349,121.42
15138,155,2961,2025-12-06,5,71.21,Online,76,356.04999999999995
15139,116,2961,2025-01-18,2,161.44,Online,58,322.88
15140,162,2961,2024-11-23,2,23.29,Online,55,46.58
15141,126,2961,2024-06-03,3,62.9,Online,47,188.7
15142,159,2961,2024-10-16,5,21.52,In-Store,128,107.6
15143,133,2961,2023-09-08,1,129.42,Online,32,129.42
15144,159,2961,2024-11-04,1,21.52,Social,204,21.52
15145,185,2961,2024-11-11,2,143.79,Online,55,287.58
15146,185,2961,2024-02-09,1,143.79,Online,40,143.79
15147,192,2961,2023-11-09,2,22.56,Online,35,45.12
15148,135,2961,2023-09-27,3,62.14,Online,33,186.42000000000002
15149,162,2961,2025-04-12,2,23.29,In-Store,137,46.58
15150,110,2961,2024-05-29,2,138.19,Social,195,276.38
15151,136,2961,2025-03-01,3,134.23,Online,60,402.68999999999994
15152,174,2962,2024-06-14,2,89.89,Online,47,179.78
15153,107,2962,2023-09-16,4,110.76,Online,33,443.04
15154,155,2962,2023-10-25,4,71.21,In-Store,109,284.84
15155,144,2962,2024-02-09,3,22.73,Email,260,68.19
15156,113,2962,2023-07-17,3,122.3,Online,29,366.9
15157,111,2962,2023-10-05,1,78.12,In-Store,108,78.12
15158,156,2962,2024-01-05,4,13.54,Social,189,54.16
15159,136,2962,2023-07-16,4,134.23,Online,29,536.92
15160,146,2963,2024-07-02,3,28.76,Online,47,86.28
15161,169,2963,2024-07-08,1,105.46,Online,48,105.46
15162,101,2963,2024-06-11,1,116.4,In-Store,121,116.4
15163,106,2964,2024-05-11,3,41.44,Online,46,124.32
15164,149,2964,2023-08-10,4,64.92,Social,182,259.68
15165,144,2964,2023-09-07,1,22.73,Online,33,22.73
15166,182,2964,2024-11-24,2,73.37,Online,55,146.74
15167,118,2965,2024-03-09,5,128.58,In-Store,117,642.9000000000001
15168,108,2965,2025-12-18,2,127.37,Online,76,254.74
15169,140,2965,2024-07-27,3,139.7,In-Store,124,419.09999999999997
15170,185,2965,2025-04-12,2,143.79,Social,211,287.58
15171,102,2965,2024-09-26,1,175.2,In-Store,126,175.2
15172,116,2965,2023-12-30,5,161.44,Online,38,807.2
15173,184,2965,2025-02-06,2,120.25,In-Store,134,240.5
15174,190,2965,2023-06-20,2,121.42,Online,28,242.84
15175,118,2965,2023-08-07,1,128.58,Online,32,128.58
15176,194,2965,2024-10-22,1,70.1,In-Store,127,70.1
15177,106,2965,2023-09-07,1,41.44,Online,32,41.44
15178,117,2965,2024-10-11,4,214.01,Online,53,856.04
15179,161,2965,2024-05-21,2,233.25,Online,46,466.5
15180,140,2965,2023-07-16,4,139.7,Email,249,558.8
15181,129,2965,2025-04-11,2,269.37,TV,352,538.74
15182,132,2965,2024-09-06,1,146.35,Online,50,146.35
15183,159,2965,2025-02-17,5,21.52,TV,350,107.6
15184,178,2965,2024-12-30,2,58.92,Online,57,117.84
15185,181,2965,2024-11-16,3,231.25,Online,54,693.75
15186,158,2965,2025-08-21,4,132.56,Online,68,530.24
15187,105,2965,2025-10-09,3,45.85,In-Store,145,137.55
15188,180,2965,2023-09-25,2,97.9,Online,33,195.8
15189,128,2966,2025-11-03,3,69.61,Social,220,208.82999999999998
15190,196,2966,2024-08-09,2,162.21,In-Store,123,324.42
15191,124,2966,2025-02-04,3,174.26,In-Store,134,522.78
15192,129,2966,2023-11-09,2,269.37,Social,185,538.74
15193,158,2966,2025-10-02,4,132.56,Online,71,530.24
15194,169,2966,2024-07-03,1,105.46,In-Store,122,105.46
15195,109,2966,2023-09-27,1,69.39,Online,33,69.39
15196,187,2966,2023-08-19,1,95.73,Social,182,95.73
15197,148,2966,2024-10-15,1,47.75,Online,52,47.75
15198,108,2966,2023-11-01,2,127.37,TV,328,254.74
15199,183,2966,2025-07-15,2,127.82,Online,67,255.64
15200,190,2966,2024-04-07,1,121.42,Social,193,121.42
15201,112,2966,2025-06-17,4,58.11,Online,66,232.44
15202,116,2966,2024-02-24,5,161.44,In-Store,116,807.2
15203,124,2966,2025-02-24,4,174.26,Online,59,697.04
15204,140,2966,2025-07-25,4,139.7,Social,215,558.8
15205,198,2966,2025-08-09,5,167.93,Online,68,839.6500000000001
15206,122,2966,2024-04-04,5,224.2,TV,335,1121.0
15207,123,2966,2025-04-01,1,28.54,Social,210,28.54
15208,151,2966,2025-11-08,4,170.44,Online,72,681.76
15209,123,2966,2023-10-06,2,28.54,Online,33,57.08
15210,162,2966,2024-01-12,1,23.29,Online,39,23.29
15211,169,2966,2023-10-13,4,105.46,Online,34,421.84
15212,187,2967,2023-07-10,1,95.73,Online,29,95.73
15213,149,2967,2023-05-04,2,64.92,Online,24,129.84
15214,169,2967,2023-03-21,1,105.46,Online,22,105.46
15215,184,2967,2023-04-03,1,120.25,Online,23,120.25
15216,153,2967,2023-08-09,1,44.91,Online,32,44.91
15217,167,2968,2023-05-18,2,75.91,Online,25,151.82
15218,104,2968,2024-06-11,1,50.25,Online,46,50.25
15219,130,2968,2023-03-15,2,117.61,In-Store,99,235.22
15220,173,2968,2022-10-01,2,100.75,Online,13,201.5
15221,141,2968,2023-01-26,3,75.02,Social,172,225.06
15222,108,2968,2023-07-27,3,127.37,Social,181,382.11
15223,182,2969,2024-11-19,5,73.37,In-Store,130,366.85
15224,197,2969,2025-01-29,2,270.16,Online,58,540.32
15225,176,2969,2025-08-01,5,98.45,Online,68,492.25
15226,168,2969,2025-06-02,5,151.07,Online,66,755.3499999999999
15227,166,2969,2025-05-28,1,151.16,Online,65,151.16
15228,191,2969,2025-12-14,4,196.98,In-Store,149,787.92
15229,145,2969,2025-06-19,5,87.44,Online,66,437.2
15230,138,2969,2025-10-18,4,115.15,In-Store,146,460.6
15231,121,2969,2025-02-25,4,126.42,Social,209,505.68
15232,185,2969,2025-10-16,4,143.79,Online,72,575.16
15233,108,2969,2025-04-10,2,127.37,Social,211,254.74
15234,115,2969,2025-11-01,1,114.62,Online,73,114.62
15235,191,2969,2025-06-29,3,196.98,Email,287,590.9399999999999
15236,122,2969,2025-01-27,4,224.2,In-Store,134,896.8
15237,132,2969,2025-02-14,3,146.35,Social,208,439.04999999999995
15238,126,2969,2024-12-05,3,62.9,Online,55,188.7
15239,120,2969,2024-12-30,2,186.86,Online,56,373.72
15240,117,2969,2024-10-25,5,214.01,In-Store,128,1070.05
15241,115,2969,2025-04-07,1,114.62,Online,62,114.62
15242,189,2969,2025-06-29,1,47.31,Online,66,47.31
15243,200,2969,2024-10-04,4,213.63,Online,52,854.52
15244,147,2969,2025-03-19,3,193.11,In-Store,136,579.33
15245,156,2969,2025-08-23,5,13.54,Online,68,67.69999999999999
15246,159,2969,2025-09-14,1,21.52,In-Store,144,21.52
15247,149,2970,2025-03-09,3,64.92,Online,60,194.76
15248,180,2970,2025-09-10,3,97.9,Online,70,293.70000000000005
15249,191,2970,2025-09-18,5,196.98,Online,70,984.9
15250,144,2970,2025-08-18,5,22.73,Online,68,113.65
15251,181,2970,2025-04-07,4,231.25,Online,61,925.0
15252,177,2970,2025-02-26,1,296.45,In-Store,135,296.45
15253,124,2970,2025-03-18,5,174.26,Online,61,871.3
15254,191,2970,2025-09-02,3,196.98,Online,70,590.9399999999999
15255,170,2970,2025-04-13,5,124.94,In-Store,137,624.7
15256,200,2970,2025-12-22,1,213.63,Online,77,213.63
15257,166,2970,2025-11-11,5,151.16,Online,73,755.8
15258,114,2970,2025-01-24,3,120.5,Online,58,361.5
15259,118,2970,2025-11-02,3,128.58,Social,220,385.74
15260,197,2970,2025-04-02,1,270.16,Online,61,270.16
15261,124,2970,2025-08-05,5,174.26,Online,68,871.3
15262,172,2970,2025-09-02,5,75.03,TV,359,375.15
15263,200,2970,2025-05-30,3,213.63,Online,65,640.89
15264,183,2970,2025-07-28,4,127.82,Online,68,511.28
15265,139,2970,2025-04-21,3,162.16,Social,211,486.48
15266,146,2970,2025-09-06,5,28.76,Online,69,143.8
15267,186,2970,2025-09-27,2,29.78,Online,70,59.56
15268,123,2970,2025-11-30,2,28.54,Online,74,57.08
15269,107,2970,2025-05-19,3,110.76,In-Store,138,332.28000000000003
15270,101,2970,2025-07-03,1,116.4,Online,67,116.4
15271,151,2970,2025-04-25,4,170.44,In-Store,137,681.76
15272,103,2971,2024-03-09,3,74.85,Online,41,224.54999999999998
15273,174,2971,2024-04-09,2,89.89,Online,43,179.78
15274,183,2971,2024-03-11,4,127.82,In-Store,116,511.28
15275,190,2971,2023-02-08,3,121.42,Online,21,364.26
15276,107,2971,2023-02-04,4,110.76,In-Store,97,443.04
15277,106,2971,2023-03-17,2,41.44,In-Store,99,82.88
15278,184,2972,2025-02-27,2,120.25,In-Store,135,240.5
15279,181,2972,2024-03-25,5,231.25,TV,335,1156.25
15280,162,2972,2023-03-08,5,23.29,In-Store,99,116.44999999999999
15281,104,2972,2023-04-20,1,50.25,In-Store,100,50.25
15282,139,2972,2024-11-21,3,162.16,Email,277,486.48
15283,165,2972,2024-07-09,5,213.33,Social,198,1066.65
15284,137,2972,2023-06-01,1,90.95,Social,179,90.95
15285,117,2972,2023-12-31,5,214.01,Online,37,1070.05
15286,123,2972,2024-08-01,3,28.54,Online,49,85.62
15287,105,2972,2024-09-15,5,45.85,In-Store,126,229.25
15288,142,2972,2024-03-09,2,298.93,Online,42,597.86
15289,174,2972,2023-07-25,2,89.89,Online,31,179.78
15290,165,2972,2025-08-10,1,213.33,In-Store,143,213.33
15291,166,2972,2025-07-15,1,151.16,In-Store,142,151.16
15292,107,2972,2025-09-08,2,110.76,In-Store,144,221.52
15293,190,2972,2023-06-05,1,121.42,Social,178,121.42
15294,178,2972,2024-11-26,3,58.92,Online,55,176.76
15295,116,2972,2023-06-05,5,161.44,Online,27,807.2
15296,118,2972,2023-03-13,1,128.58,Online,22,128.58
15297,177,2972,2024-11-29,1,296.45,Social,205,296.45
15298,129,2972,2023-11-15,4,269.37,In-Store,110,1077.48
15299,129,2972,2022-11-02,5,269.37,Online,16,1346.85
15300,177,2972,2025-07-15,3,296.45,In-Store,141,889.3499999999999
15301,139,2972,2022-12-05,3,162.16,Online,17,486.48
15302,167,2972,2025-04-10,2,75.91,Online,61,151.82
15303,178,2972,2023-10-29,5,58.92,In-Store,109,294.6
15304,117,2973,2025-08-24,1,214.01,Online,68,214.01
15305,161,2973,2024-11-12,5,233.25,Online,55,1166.25
15306,147,2973,2025-06-30,2,193.11,Social,214,386.22
15307,173,2973,2024-12-31,1,100.75,TV,348,100.75
15308,151,2973,2024-11-14,2,170.44,Social,204,340.88
15309,112,2973,2024-08-12,5,58.11,In-Store,123,290.55
15310,121,2973,2024-08-26,5,126.42,Online,49,632.1
15311,104,2973,2025-11-08,2,50.25,Online,72,100.5
15312,200,2973,2025-04-05,2,213.63,Online,61,427.26
15313,151,2973,2024-05-28,5,170.44,Online,46,852.2
15314,156,2973,2025-08-23,5,13.54,Online,68,67.69999999999999
15315,164,2973,2024-07-01,4,91.03,Online,47,364.12
15316,140,2973,2024-12-18,3,139.7,Online,57,419.09999999999997
15317,103,2973,2025-08-14,5,74.85,Online,68,374.25
15318,139,2973,2025-02-06,4,162.16,In-Store,134,648.64
15319,119,2973,2025-02-14,2,193.28,In-Store,134,386.56
15320,169,2973,2025-01-29,2,105.46,TV,350,210.92
15321,113,2973,2025-09-10,2,122.3,Email,291,244.6
15322,151,2973,2024-06-21,1,170.44,Online,47,170.44
15323,172,2973,2024-08-19,4,75.03,Social,200,300.12
15324,127,2973,2024-10-12,2,184.65,Online,52,369.3
15325,126,2973,2024-06-26,2,62.9,In-Store,121,125.8
15326,133,2973,2024-08-09,1,129.42,In-Store,123,129.42
15327,147,2973,2024-08-29,5,193.11,Online,49,965.5500000000001
15328,159,2974,2024-11-03,1,21.52,Online,54,21.52
15329,193,2974,2024-12-08,3,28.68,Online,56,86.03999999999999
15330,143,2974,2024-09-20,4,18.47,Online,51,73.88
15331,146,2974,2025-03-06,4,28.76,In-Store,135,115.04
15332,148,2974,2025-02-16,4,47.75,Online,59,191.0
15333,116,2975,2024-04-12,2,161.44,In-Store,119,322.88
15334,185,2975,2025-06-25,4,143.79,In-Store,141,575.16
15335,183,2975,2023-04-11,3,127.82,TV,318,383.46
15336,197,2975,2024-08-14,3,270.16,Online,49,810.48
15337,118,2975,2023-09-30,5,128.58,Social,184,642.9000000000001
15338,161,2975,2024-07-03,4,233.25,Online,47,933.0
15339,183,2975,2023-02-19,3,127.82,In-Store,97,383.46
15340,114,2975,2022-10-29,1,120.5,In-Store,92,120.5
15341,120,2975,2024-12-14,2,186.86,Online,57,373.72
15342,157,2975,2023-05-16,3,140.43,Online,26,421.29
15343,163,2976,2025-02-25,3,115.65,Online,59,346.95000000000005
15344,117,2976,2025-01-26,5,214.01,Social,206,1070.05
15345,195,2976,2025-02-07,5,109.44,Online,59,547.2
15346,178,2976,2025-06-04,3,58.92,In-Store,140,176.76
15347,161,2976,2025-01-27,5,233.25,Social,207,1166.25
15348,136,2976,2025-12-23,3,134.23,Online,77,402.68999999999994
15349,198,2976,2025-11-12,2,167.93,Online,73,335.86
15350,113,2976,2024-08-28,1,122.3,In-Store,124,122.3
15351,118,2976,2025-02-03,5,128.58,Online,59,642.9000000000001
15352,119,2976,2025-01-17,1,193.28,Online,58,193.28
15353,113,2976,2025-04-24,5,122.3,In-Store,138,611.5
15354,170,2976,2025-01-05,1,124.94,Online,58,124.94
15355,193,2976,2024-10-14,2,28.68,Online,53,57.36
15356,133,2976,2025-01-20,2,129.42,Online,58,258.84
15357,108,2976,2025-05-12,3,127.37,TV,354,382.11
15358,140,2976,2024-10-02,5,139.7,In-Store,126,698.5
15359,151,2976,2025-04-14,5,170.44,Online,62,852.2
15360,122,2976,2025-01-14,2,224.2,TV,349,448.4
15361,196,2976,2024-11-04,4,162.21,Online,53,648.84
15362,200,2976,2025-04-29,2,213.63,Online,63,427.26
15363,113,2976,2024-09-24,4,122.3,Online,52,489.2
15364,193,2977,2023-09-22,3,28.68,Online,33,86.03999999999999
15365,130,2977,2023-02-10,3,117.61,Social,173,352.83
15366,199,2977,2023-03-26,3,105.38,Online,23,316.14
15367,125,2977,2023-06-27,1,25.35,Online,29,25.35
15368,114,2977,2022-10-19,2,120.5,Social,166,241.0
15369,141,2977,2023-04-26,2,75.02,Online,24,150.04
15370,139,2978,2025-06-09,3,162.16,Online,65,486.48
15371,158,2978,2025-04-20,1,132.56,Online,62,132.56
15372,158,2978,2025-11-12,3,132.56,Online,73,397.68
15373,131,2978,2025-12-31,5,76.52,In-Store,150,382.59999999999997
15374,136,2978,2024-07-29,3,134.23,In-Store,123,402.68999999999994
15375,118,2978,2025-04-27,2,128.58,Online,63,257.16
15376,109,2978,2024-08-16,4,69.39,In-Store,124,277.56
15377,132,2978,2025-03-07,3,146.35,In-Store,135,439.04999999999995
15378,110,2978,2024-08-14,3,138.19,TV,341,414.57
15379,132,2978,2025-12-19,4,146.35,Online,77,585.4
15380,173,2978,2025-06-08,3,100.75,Online,66,302.25
15381,126,2978,2024-07-02,2,62.9,TV,338,125.8
15382,196,2978,2025-07-29,4,162.21,Online,67,648.84
15383,112,2978,2025-03-13,5,58.11,Social,210,290.55
15384,115,2978,2025-06-23,4,114.62,Online,66,458.48
15385,110,2978,2025-05-12,1,138.19,Social,212,138.19
15386,158,2978,2025-02-23,1,132.56,Online,59,132.56
15387,159,2978,2025-07-02,4,21.52,In-Store,141,86.08
15388,135,2978,2024-10-31,2,62.14,Social,203,124.28
15389,168,2978,2025-06-08,2,151.07,Online,65,302.14
15390,119,2979,2025-07-29,1,193.28,Online,68,193.28
15391,113,2979,2023-02-07,3,122.3,Online,21,366.9
15392,189,2979,2025-09-22,3,47.31,Online,70,141.93
15393,156,2979,2024-09-27,3,13.54,In-Store,125,40.62
15394,116,2979,2023-09-21,4,161.44,Online,33,645.76
15395,126,2979,2024-12-23,2,62.9,Online,57,125.8
15396,107,2979,2023-03-23,1,110.76,Online,22,110.76
15397,108,2979,2024-05-03,2,127.37,Social,194,254.74
15398,120,2979,2025-10-01,3,186.86,Online,70,560.58
15399,161,2979,2024-03-08,2,233.25,Social,192,466.5
15400,165,2979,2023-08-11,2,213.33,Online,32,426.66
15401,195,2979,2023-05-26,1,109.44,In-Store,102,109.44
15402,166,2979,2023-03-09,1,151.16,Online,22,151.16
15403,128,2979,2025-04-08,5,69.61,Online,62,348.05
15404,173,2979,2022-09-18,4,100.75,In-Store,91,403.0
15405,150,2979,2025-08-29,5,66.48,Online,68,332.40000000000003
15406,128,2979,2025-09-24,5,69.61,In-Store,144,348.05
15407,174,2979,2025-01-24,4,89.89,Social,207,359.56
15408,133,2979,2024-12-08,5,129.42,Online,56,647.0999999999999
15409,154,2979,2023-08-25,1,39.53,Online,32,39.53
15410,187,2979,2022-09-16,2,95.73,Online,13,191.46
15411,140,2979,2025-07-06,2,139.7,Online,67,279.4
15412,169,2979,2024-03-03,1,105.46,Online,42,105.46
15413,184,2980,2024-01-15,1,120.25,Online,39,120.25
15414,155,2980,2023-11-10,1,71.21,TV,328,71.21
15415,193,2980,2024-04-27,1,28.68,Online,43,28.68
15416,156,2980,2023-12-10,3,13.54,Online,37,40.62
15417,144,2980,2024-08-15,3,22.73,Online,50,68.19
15418,146,2980,2024-03-10,3,28.76,Online,41,86.28
15419,160,2980,2023-11-11,2,74.86,Online,36,149.72
15420,163,2980,2024-03-01,2,115.65,Social,191,231.3
15421,172,2980,2024-02-02,2,75.03,Online,40,150.06
15422,114,2980,2023-11-16,2,120.5,In-Store,110,241.0
15423,104,2980,2024-03-08,1,50.25,Online,42,50.25
15424,110,2981,2025-12-31,3,138.19,Online,77,414.57
15425,110,2981,2025-09-20,1,138.19,Online,70,138.19
15426,180,2981,2025-03-05,1,97.9,Online,60,97.9
15427,116,2981,2025-01-28,5,161.44,Online,58,807.2
15428,182,2981,2025-11-03,4,73.37,Online,72,293.48
15429,105,2981,2025-01-27,5,45.85,Online,58,229.25
15430,160,2981,2025-11-20,3,74.86,Online,74,224.57999999999998
15431,138,2981,2025-01-19,1,115.15,Social,206,115.15
15432,194,2981,2025-07-28,4,70.1,Email,290,280.4
15433,191,2981,2025-01-17,4,196.98,In-Store,133,787.92
15434,151,2981,2025-02-10,2,170.44,Online,59,340.88
15435,194,2981,2025-08-03,1,70.1,Social,215,70.1
15436,152,2981,2025-10-20,1,72.34,Online,71,72.34
15437,177,2981,2025-08-15,2,296.45,In-Store,143,592.9
15438,144,2981,2025-06-21,5,22.73,Online,66,113.65
15439,187,2981,2025-05-15,4,95.73,Online,63,382.92
15440,191,2981,2025-08-28,4,196.98,Online,68,787.92
15441,166,2981,2025-06-10,3,151.16,In-Store,140,453.48
15442,152,2981,2025-01-17,5,72.34,Email,281,361.70000000000005
15443,107,2981,2024-12-05,2,110.76,Online,56,221.52
15444,194,2981,2025-06-03,4,70.1,Online,66,280.4
15445,115,2981,2025-03-18,3,114.62,Online,60,343.86
15446,105,2981,2025-05-08,5,45.85,Online,63,229.25
15447,191,2981,2025-01-01,1,196.98,Email,280,196.98
15448,165,2981,2025-02-26,1,213.33,Email,282,213.33
15449,172,2981,2025-01-07,4,75.03,Online,58,300.12
15450,153,2981,2024-12-16,4,44.91,TV,346,179.64
15451,178,2981,2025-02-08,5,58.92,Online,59,294.6
15452,133,2982,2024-02-20,3,129.42,Online,40,388.26
15453,190,2982,2024-03-23,2,121.42,Online,43,242.84
15454,193,2982,2024-05-02,1,28.68,In-Store,119,28.68
15455,178,2982,2024-02-01,2,58.92,Online,40,117.84
15456,111,2982,2024-07-08,1,78.12,Online,47,78.12
15457,164,2982,2024-05-26,3,91.03,Online,46,273.09000000000003
15458,182,2983,2023-09-27,3,73.37,In-Store,108,220.11
15459,133,2983,2023-12-26,2,129.42,Online,37,258.84
15460,135,2983,2023-07-16,3,62.14,Online,29,186.42000000000002
15461,126,2983,2023-10-20,3,62.9,TV,327,188.7
15462,144,2983,2024-02-06,4,22.73,In-Store,114,90.92
15463,154,2983,2023-11-18,1,39.53,Online,36,39.53
15464,134,2983,2025-03-01,4,113.57,Online,59,454.28
15465,131,2983,2025-04-09,1,76.52,In-Store,137,76.52
15466,141,2983,2023-08-11,3,75.02,In-Store,105,225.06
15467,133,2983,2023-08-11,1,129.42,In-Store,105,129.42
15468,164,2983,2024-12-11,4,91.03,Social,205,364.12
15469,182,2983,2024-01-26,2,73.37,Online,40,146.74
15470,105,2983,2023-09-28,3,45.85,Online,33,137.55
15471,136,2984,2025-10-05,5,134.23,Online,70,671.15
15472,144,2984,2025-12-30,2,22.73,Social,222,45.46
15473,146,2984,2025-03-28,4,28.76,Online,60,115.04
15474,156,2984,2025-12-11,2,13.54,In-Store,149,27.08
15475,133,2984,2025-11-27,5,129.42,Online,75,647.0999999999999
15476,118,2984,2025-08-25,1,128.58,Online,68,128.58
15477,102,2984,2024-10-18,2,175.2,Online,53,350.4
15478,121,2984,2024-05-28,4,126.42,Social,195,505.68
15479,200,2984,2025-10-22,4,213.63,Online,71,854.52
15480,103,2984,2024-04-08,3,74.85,In-Store,118,224.54999999999998
15481,200,2984,2024-03-31,1,213.63,Online,42,213.63
15482,106,2984,2025-09-23,2,41.44,In-Store,145,82.88
15483,135,2984,2025-12-20,1,62.14,Online,76,62.14
15484,146,2984,2025-08-31,5,28.76,Online,70,143.8
15485,139,2984,2024-01-03,5,162.16,Online,37,810.8
15486,185,2984,2024-08-16,5,143.79,TV,342,718.9499999999999
15487,118,2984,2024-03-13,3,128.58,Online,41,385.74
15488,114,2984,2024-03-28,3,120.5,In-Store,118,361.5
15489,197,2984,2024-01-12,3,270.16,In-Store,112,810.48
15490,191,2984,2025-10-11,4,196.98,Online,70,787.92
15491,186,2984,2023-10-09,5,29.78,In-Store,107,148.9
15492,132,2984,2023-09-15,1,146.35,TV,325,146.35
15493,108,2984,2025-05-19,2,127.37,Online,64,254.74
15494,144,2984,2023-09-13,2,22.73,Online,33,45.46
15495,168,2984,2023-10-29,3,151.07,Online,34,453.21
15496,196,2984,2024-03-04,4,162.21,Email,262,648.84
15497,147,2984,2025-07-14,3,193.11,TV,357,579.33
15498,154,2984,2025-09-03,1,39.53,TV,360,39.53
15499,126,2985,2023-07-15,2,62.9,Online,29,125.8
15500,122,2985,2024-07-07,3,224.2,Social,198,672.5999999999999
15501,110,2985,2024-10-15,4,138.19,Online,52,552.76
15502,177,2985,2024-04-26,1,296.45,Online,45,296.45
15503,200,2985,2024-03-20,1,213.63,In-Store,117,213.63
15504,155,2985,2023-01-19,4,71.21,Online,20,284.84
15505,197,2985,2022-08-31,4,270.16,Online,13,1080.64
15506,101,2985,2022-11-15,1,116.4,Online,17,116.4
15507,149,2985,2024-12-12,2,64.92,Social,205,129.84
15508,193,2985,2023-03-18,2,28.68,In-Store,99,57.36
15509,185,2985,2023-10-30,1,143.79,In-Store,108,143.79
15510,168,2985,2024-01-06,3,151.07,In-Store,112,453.21
15511,123,2985,2022-10-15,1,28.54,In-Store,91,28.54
15512,141,2985,2023-09-28,1,75.02,Online,33,75.02
15513,157,2985,2023-07-01,1,140.43,In-Store,104,140.43
15514,118,2985,2025-08-18,2,128.58,Online,69,257.16
15515,193,2985,2024-11-06,4,28.68,In-Store,128,114.72
15516,146,2985,2025-09-04,5,28.76,Online,69,143.8
15517,154,2985,2025-04-10,4,39.53,Online,62,158.12
15518,170,2986,2023-04-26,1,124.94,In-Store,100,124.94
15519,116,2986,2025-09-02,5,161.44,Online,69,807.2
15520,119,2986,2023-04-19,3,193.28,In-Store,101,579.84
15521,101,2986,2023-07-18,4,116.4,Online,30,465.6
15522,115,2986,2024-08-31,1,114.62,In-Store,125,114.62
15523,165,2986,2025-10-26,4,213.33,Online,72,853.32
15524,193,2986,2025-12-07,1,28.68,In-Store,149,28.68
15525,170,2986,2025-12-15,2,124.94,TV,366,249.88
15526,136,2986,2024-12-05,5,134.23,Online,55,671.15
15527,154,2986,2024-07-18,1,39.53,Social,198,39.53
15528,114,2986,2024-10-04,3,120.5,Email,274,361.5
15529,174,2986,2023-05-03,1,89.89,Online,25,89.89
15530,129,2986,2025-12-29,1,269.37,Online,77,269.37
15531,121,2986,2023-05-19,4,126.42,TV,320,505.68
15532,170,2987,2025-01-30,1,124.94,In-Store,133,124.94
15533,196,2987,2025-04-02,3,162.21,In-Store,137,486.63
15534,194,2987,2025-05-14,4,70.1,Online,63,280.4
15535,183,2987,2025-09-22,4,127.82,In-Store,145,511.28
15536,120,2987,2025-03-17,2,186.86,Online,60,373.72
15537,187,2987,2025-11-24,3,95.73,TV,364,287.19
15538,109,2987,2025-10-06,2,69.39,In-Store,146,138.78
15539,148,2987,2025-11-22,5,47.75,In-Store,147,238.75
15540,181,2987,2025-06-13,2,231.25,Social,213,462.5
15541,155,2987,2025-09-10,3,71.21,Online,70,213.63
15542,133,2987,2024-11-12,5,129.42,TV,345,647.0999999999999
15543,120,2987,2025-04-15,2,186.86,Online,62,373.72
15544,187,2987,2025-03-07,1,95.73,Online,60,95.73
15545,125,2987,2025-07-12,5,25.35,In-Store,142,126.75
15546,185,2987,2025-01-24,5,143.79,Online,59,718.9499999999999
15547,109,2987,2025-03-20,4,69.39,Email,283,277.56
15548,191,2987,2024-11-15,5,196.98,Online,54,984.9
15549,178,2987,2025-10-12,4,58.92,Online,70,235.68
15550,142,2987,2025-08-04,2,298.93,Online,68,597.86
15551,126,2987,2025-08-06,3,62.9,Online,68,188.7
15552,135,2988,2023-01-01,5,62.14,Online,19,310.7
15553,129,2988,2024-05-08,4,269.37,Online,45,1077.48
15554,101,2988,2023-02-05,1,116.4,Online,21,116.4
15555,110,2988,2024-12-06,3,138.19,Social,205,414.57
15556,121,2988,2025-12-19,5,126.42,Online,76,632.1
15557,110,2988,2022-06-05,3,138.19,In-Store,86,414.57
15558,159,2988,2024-12-25,3,21.52,TV,348,64.56
15559,189,2988,2022-09-04,5,47.31,Online,12,236.55
15560,154,2988,2024-07-31,2,39.53,In-Store,123,79.06
15561,197,2988,2025-03-25,4,270.16,Email,283,1080.64
15562,198,2988,2022-08-16,5,167.93,In-Store,88,839.6500000000001
15563,170,2988,2025-01-26,3,124.94,Online,59,374.82
15564,106,2988,2025-10-23,5,41.44,Email,292,207.2
15565,183,2988,2024-09-27,2,127.82,Online,52,255.64
15566,163,2988,2025-10-15,1,115.65,Online,72,115.65
15567,177,2988,2024-11-04,2,296.45,In-Store,128,592.9
15568,163,2988,2025-04-23,5,115.65,In-Store,138,578.25
15569,135,2989,2025-11-04,4,62.14,Online,73,248.56
15570,192,2989,2025-09-30,4,22.56,Online,70,90.24
15571,197,2989,2022-12-27,2,270.16,Social,170,540.32
15572,152,2989,2024-04-13,3,72.34,Online,43,217.02
15573,185,2989,2023-02-02,2,143.79,In-Store,97,287.58
15574,141,2989,2023-10-26,1,75.02,Online,34,75.02
15575,198,2989,2023-10-21,4,167.93,In-Store,108,671.72
15576,101,2989,2024-01-30,1,116.4,In-Store,113,116.4
15577,117,2989,2024-07-05,3,214.01,Online,48,642.03
15578,136,2989,2022-09-26,5,134.23,Online,14,671.15
15579,106,2989,2025-06-25,5,41.44,Online,66,207.2
15580,119,2989,2024-02-29,4,193.28,Online,40,773.12
15581,199,2989,2025-08-20,2,105.38,Social,215,210.76
15582,105,2989,2024-06-14,3,45.85,Online,47,137.55
15583,132,2989,2025-09-06,4,146.35,In-Store,143,585.4
15584,103,2989,2025-12-16,4,74.85,Online,76,299.4
15585,185,2989,2025-09-16,4,143.79,Online,70,575.16
15586,135,2989,2025-09-10,3,62.14,Online,70,186.42000000000002
15587,183,2989,2025-01-23,2,127.82,Online,58,255.64
15588,165,2989,2023-07-24,4,213.33,TV,322,853.32
15589,183,2989,2024-01-10,3,127.82,Online,38,383.46
15590,116,2989,2024-11-19,4,161.44,Online,55,645.76
15591,147,2989,2025-04-28,4,193.11,Online,63,772.44
15592,191,2989,2025-08-26,3,196.98,Email,290,590.9399999999999
15593,103,2989,2024-11-19,1,74.85,Email,278,74.85
15594,158,2989,2024-02-11,1,132.56,Online,40,132.56
15595,186,2990,2024-06-24,1,29.78,Online,47,29.78
15596,149,2990,2024-04-01,3,64.92,Online,43,194.76
15597,143,2990,2024-04-03,1,18.47,Social,193,18.47
15598,179,2990,2024-04-29,1,69.62,Online,44,69.62
15599,121,2990,2024-01-22,2,126.42,Online,39,252.84
15600,146,2990,2024-03-13,2,28.76,Online,41,57.52
15601,178,2991,2025-10-03,4,58.92,In-Store,145,235.68
15602,169,2991,2024-07-28,2,105.46,Online,48,210.92
15603,168,2991,2025-09-09,2,151.07,In-Store,143,302.14
15604,198,2991,2024-07-22,2,167.93,Online,48,335.86
15605,157,2991,2024-12-28,1,140.43,Email,280,140.43
15606,157,2991,2024-06-25,2,140.43,Online,47,280.86
15607,196,2991,2025-02-12,3,162.21,Online,59,486.63
15608,188,2991,2025-01-30,5,12.93,In-Store,133,64.65
15609,118,2991,2024-12-01,5,128.58,Social,204,642.9000000000001
15610,149,2991,2024-06-18,4,64.92,Online,47,259.68
15611,113,2992,2025-06-19,4,122.3,Email,287,489.2
15612,160,2992,2025-02-01,2,74.86,Social,207,149.72
15613,154,2992,2025-01-19,2,39.53,Online,58,79.06
15614,189,2992,2025-02-24,4,47.31,Online,59,189.24
15615,163,2992,2025-03-05,1,115.65,Online,60,115.65
15616,120,2993,2024-10-08,3,186.86,Email,274,560.58
15617,156,2993,2025-10-09,1,13.54,In-Store,146,13.54
15618,139,2993,2024-11-08,4,162.16,Online,54,648.64
15619,132,2993,2025-09-22,1,146.35,Online,70,146.35
15620,177,2993,2024-11-15,1,296.45,Online,55,296.45
15621,123,2993,2025-07-12,2,28.54,TV,356,57.08
15622,107,2993,2025-09-04,3,110.76,In-Store,144,332.28000000000003
15623,172,2993,2025-11-26,4,75.03,Online,74,300.12
15624,187,2993,2025-06-22,5,95.73,Online,66,478.65000000000003
15625,147,2993,2025-05-24,2,193.11,In-Store,139,386.22
15626,191,2993,2024-12-12,1,196.98,Online,56,196.98
15627,165,2993,2025-03-01,5,213.33,Online,60,1066.65
15628,185,2993,2025-11-29,4,143.79,In-Store,149,575.16
15629,140,2993,2025-10-23,3,139.7,Online,72,419.09999999999997
15630,183,2993,2024-10-14,5,127.82,Email,274,639.0999999999999
15631,131,2993,2025-09-26,2,76.52,Online,70,153.04
15632,116,2993,2025-02-13,3,161.44,In-Store,134,484.32
15633,172,2993,2025-09-25,3,75.03,Online,70,225.09
15634,143,2993,2025-04-27,2,18.47,In-Store,138,36.94
15635,128,2993,2024-11-09,1,69.61,Social,204,69.61
15636,141,2993,2024-12-10,1,75.02,Online,56,75.02
15637,199,2994,2025-12-08,3,105.38,In-Store,149,316.14
15638,111,2994,2025-06-26,5,78.12,Online,66,390.6
15639,191,2994,2025-04-13,4,196.98,Online,62,787.92
15640,181,2994,2025-03-19,4,231.25,Online,61,925.0
15641,149,2994,2025-03-08,3,64.92,TV,352,194.76
15642,157,2994,2025-08-17,3,140.43,In-Store,143,421.29
15643,123,2994,2024-10-08,5,28.54,In-Store,127,142.7
15644,112,2994,2025-09-22,3,58.11,Email,291,174.32999999999998
15645,127,2994,2024-12-03,2,184.65,Online,55,369.3
15646,114,2994,2025-03-21,3,120.5,In-Store,136,361.5
15647,143,2994,2024-11-27,3,18.47,In-Store,129,55.41
15648,156,2994,2025-01-10,2,13.54,Online,58,27.08
15649,177,2994,2025-03-09,1,296.45,Online,60,296.45
15650,132,2994,2025-05-07,5,146.35,Online,64,731.75
15651,157,2994,2024-09-13,5,140.43,Online,51,702.1500000000001
15652,123,2994,2025-06-29,2,28.54,Online,66,57.08
15653,130,2994,2024-09-24,4,117.61,In-Store,126,470.44
15654,138,2994,2025-01-29,1,115.15,Online,59,115.15
15655,133,2994,2024-12-11,3,129.42,Online,56,388.26
15656,136,2994,2025-04-08,1,134.23,Online,62,134.23
15657,133,2994,2025-04-08,2,129.42,In-Store,137,258.84
15658,197,2995,2025-09-26,3,270.16,Online,70,810.48
15659,200,2995,2025-10-21,2,213.63,TV,362,427.26
15660,127,2995,2025-05-11,3,184.65,Online,63,553.95
15661,187,2995,2025-07-31,1,95.73,Online,68,95.73
15662,140,2995,2025-12-15,3,139.7,Online,76,419.09999999999997
15663,190,2995,2025-12-30,1,121.42,In-Store,149,121.42
15664,157,2995,2025-10-06,3,140.43,Online,71,421.29
15665,160,2995,2025-03-30,1,74.86,Online,61,74.86
15666,194,2995,2025-12-15,3,70.1,Online,76,210.29999999999998
15667,146,2995,2025-10-12,5,28.76,Social,218,143.8
15668,163,2995,2025-06-29,2,115.65,Email,288,231.3
15669,119,2995,2025-01-27,4,193.28,Online,58,773.12
15670,165,2995,2025-07-11,2,213.33,Online,67,426.66
15671,200,2995,2025-01-15,1,213.63,Online,58,213.63
15672,181,2995,2025-08-20,2,231.25,Online,68,462.5
15673,153,2995,2025-01-14,2,44.91,In-Store,132,89.82
15674,177,2996,2024-08-13,3,296.45,Online,49,889.3499999999999
15675,118,2996,2025-10-20,5,128.58,Online,71,642.9000000000001
15676,108,2996,2024-04-03,3,127.37,Online,43,382.11
15677,191,2996,2025-08-02,1,196.98,Online,68,196.98
15678,105,2996,2024-11-18,4,45.85,In-Store,128,183.4
15679,147,2996,2024-07-22,1,193.11,Online,49,193.11
15680,132,2996,2025-05-25,1,146.35,Online,65,146.35
15681,177,2996,2025-08-02,3,296.45,Online,68,889.3499999999999
15682,167,2996,2024-08-18,5,75.91,In-Store,124,379.54999999999995
15683,132,2996,2025-05-08,2,146.35,In-Store,138,292.7
15684,175,2996,2024-06-25,1,285.32,TV,339,285.32
15685,110,2996,2024-07-29,3,138.19,In-Store,123,414.57
15686,103,2996,2025-02-15,4,74.85,Online,59,299.4
15687,147,2996,2025-10-02,2,193.11,Email,291,386.22
15688,112,2996,2025-02-11,1,58.11,Online,59,58.11
15689,200,2996,2025-09-19,3,213.63,Online,70,640.89
15690,190,2996,2025-02-18,3,121.42,Online,59,364.26
15691,187,2996,2024-05-16,1,95.73,Online,46,95.73
15692,126,2997,2023-07-20,2,62.9,In-Store,105,125.8
15693,114,2997,2023-02-11,2,120.5,Online,20,241.0
15694,167,2997,2023-06-01,2,75.91,Online,26,151.82
15695,174,2997,2023-07-11,3,89.89,Online,29,269.67
15696,111,2997,2023-03-16,1,78.12,Online,22,78.12
15697,125,2998,2023-08-24,2,25.35,Online,32,50.7
15698,101,2998,2023-12-07,2,116.4,TV,330,232.8
15699,160,2998,2025-11-20,1,74.86,Social,220,74.86
15700,133,2998,2024-04-27,1,129.42,In-Store,119,129.42
15701,178,2998,2024-08-06,4,58.92,Online,49,235.68
15702,118,2998,2023-09-27,3,128.58,Online,33,385.74
15703,127,2998,2025-05-29,4,184.65,In-Store,139,738.6
15704,130,2998,2025-11-20,4,117.61,Online,74,470.44
15705,184,2998,2023-11-24,3,120.25,In-Store,110,360.75
15706,102,2998,2024-09-14,3,175.2,Online,51,525.5999999999999
15707,158,2998,2025-08-13,5,132.56,Online,69,662.8
15708,133,2998,2025-10-07,3,129.42,TV,362,388.26
15709,143,2998,2025-03-23,4,18.47,TV,352,73.88
15710,112,2998,2024-01-14,4,58.11,Online,38,232.44
15711,128,2998,2023-08-13,2,69.61,In-Store,105,139.22
15712,104,2998,2025-06-01,2,50.25,In-Store,140,100.5
15713,175,2998,2024-06-14,5,285.32,In-Store,121,1426.6
15714,200,2998,2024-04-11,1,213.63,Online,43,213.63
15715,152,2999,2025-03-04,1,72.34,Online,60,72.34
15716,154,2999,2025-04-20,3,39.53,In-Store,138,118.59
15717,131,2999,2025-03-13,2,76.52,Social,209,153.04
15718,131,2999,2025-01-19,2,76.52,In-Store,133,153.04
15719,153,2999,2024-12-23,2,44.91,Social,206,89.82
15720,170,2999,2025-01-18,2,124.94,Online,58,249.88
15721,136,2999,2025-02-06,2,134.23,Email,282,268.46
15722,185,3000,2025-01-07,3,143.79,Social,206,431.37
15723,190,3000,2024-08-13,4,121.42,Online,49,485.68
15724,177,3000,2023-09-27,4,296.45,Online,33,1185.8
15725,112,3000,2024-11-16,1,58.11,Online,55,58.11
15726,181,3000,2025-02-08,2,231.25,Online,59,462.5
15727,114,3000,2025-01-19,2,120.5,In-Store,133,241.0
15728,121,3000,2025-03-28,3,126.42,Social,210,379.26
15729,151,3000,2024-05-19,2,170.44,Social,195,340.88
15730,129,3000,2025-10-04,5,269.37,Online,71,1346.85
15731,154,3000,2024-03-10,2,39.53,In-Store,116,79.06
15732,183,3000,2024-03-18,5,127.82,Online,42,639.0999999999999
15733,187,3000,2024-09-07,4,95.73,Online,51,382.92
15734,185,3000,2025-07-23,5,143.79,Online,68,718.9499999999999
15735,146,3000,2023-12-21,4,28.76,Email,258,115.04
15736,190,3000,2025-09-03,4,121.42,Online,69,485.68
15737,147,3000,2025-10-20,3,193.11,Online,72,579.33
15738,125,3000,2025-06-29,1,25.35,Social,214,25.35
15739,185,3000,2025-06-12,5,143.79,Online,65,718.9499999999999
15740,197,3000,2025-11-25,5,270.16,Online,75,1350.8000000000002
15741,112,3000,2025-04-05,3,58.11,Email,284,174.32999999999998
