Customer_ID,Name,Age,Gender,Location,Churn,Recency,Frequency,Monetary,Avg_Basket,R_score,F_score,M_score,RFM_score,Cluster,Segment,Recommandation
2001,Allison Hill,45,Female,Jacksonville,0,28,26,9757.66,375.29,4,5,5,14,1,VIP / Champions,"Programme VIP, offres exclusives, service premium, early access."
2002,Noah Rhodes,50,Male,San Antonio,0,64,26,10921.86,420.07,3,5,5,13,1,Clients fidèles,"Cross-sell / upsell, programme de parrainage, abonnement."
2003,Angie Henderson,63,Female,New York,0,37,23,7032.84,305.78,4,4,3,11,2,Clients fidèles,"Cross-sell / upsell, programme de parrainage, abonnement."
2004,Daniel Wagner,52,Male,Philadelphia,1,361,3,487.76,162.59,2,1,1,4,0,Perdus,"Email win-back, enquête satisfaction, dernière chance."
2005,Cristian Santos,60,Female,San Jose,0,11,21,9999.42,476.16,5,4,5,14,1,VIP / Champions,"Programme VIP, offres exclusives, service premium, early access."
2006,Connie Lawrence,25,Female,Dallas,1,310,10,2277.79,227.78,2,2,2,6,0,Perdus,"Email win-back, enquête satisfaction, dernière chance."
2007,Abigail Shaffer,38,Female,Jacksonville,1,323,14,1906.8,136.2,2,3,2,7,0,Occasionnels,"Nurturing, contenus, promotions saisonnières."
2008,Gina Moore,30,Female,Austin,0,55,14,5564.58,397.47,3,3,3,9,2,Occasionnels,"Nurturing, contenus, promotions saisonnières."
2009,Gabrielle Davis,29,Female,San Antonio,1,276,10,1370.33,137.03,2,2,2,6,0,Perdus,"Email win-back, enquête satisfaction, dernière chance."
2010,Ryan Munoz,31,Female,San Jose,0,0,13,3747.72,288.29,5,2,3,10,2,Occasionnels,"Nurturing, contenus, promotions saisonnières."
2011,Monica Herrera,46,Male,Dallas,0,31,20,10127.04,506.35,4,4,5,13,2,VIP / Champions,"Programme VIP, offres exclusives, service premium, early access."
2012,Jamie Arnold,68,Male,Austin,1,282,11,2067.94,187.99,2,2,2,6,0,Perdus,"Email win-back, enquête satisfaction, dernière chance."
2013,Lisa Hensley,60,Female,Los Angeles,0,5,33,16416.879999999997,497.48,5,5,5,15,1,VIP / Champions,"Programme VIP, offres exclusives, service premium, early access."
2014,Michele Williams,32,Male,Chicago,1,345,9,1481.25,164.58,2,2,2,6,0,Perdus,"Email win-back, enquête satisfaction, dernière chance."
2015,Dylan Miller,48,Male,San Diego,0,149,26,11075.41,425.98,3,5,5,13,1,Clients fidèles,"Cross-sell / upsell, programme de parrainage, abonnement."
2016,Brian Ramirez,54,Male,Jacksonville,1,504,3,211.95,70.65,2,1,1,4,0,Perdus,"Email win-back, enquête satisfaction, dernière chance."
2017,Holly Wood,33,Male,Austin,0,14,21,8129.099999999999,387.1,4,4,4,12,2,VIP / Champions,"Programme VIP, offres exclusives, service premium, early access."
2018,Derek Zuniga,67,Male,San Antonio,1,757,4,766.4100000000001,191.6,1,1,1,3,0,Perdus,"Email win-back, enquête satisfaction, dernière chance."
2019,Lisa Jackson,62,Female,New York,0,9,16,3900.89,243.81,5,3,3,11,2,Occasionnels,"Nurturing, contenus, promotions saisonnières."
2020,Carla Gray,25,Female,Chicago,1,740,5,616.82,123.36,1,1,1,3,0,Perdus,"Email win-back, enquête satisfaction, dernière chance."
2021,Margaret Hawkins DDS,53,Female,San Diego,1,216,14,3063.71,218.84,3,3,2,8,0,Occasionnels,"Nurturing, contenus, promotions saisonnières."
2022,Patty Perez,53,Female,Chicago,0,7,21,10914.07,519.72,5,4,5,14,1,VIP / Champions,"Programme VIP, offres exclusives, service premium, early access."
2023,Ethan Adams,66,Male,Austin,0,10,23,7636.950000000001,332.04,5,4,4,13,2,VIP / Champions,"Programme VIP, offres exclusives, service premium, early access."
2024,Tommy Walter,51,Female,Austin,1,408,10,2222.16,222.22,2,2,2,6,0,Perdus,"Email win-back, enquête satisfaction, dernière chance."
2025,Matthew Foster,22,Female,Houston,0,28,21,9581.43,456.26,4,4,5,13,2,VIP / Champions,"Programme VIP, offres exclusives, service premium, early access."
2026,Judy Baker,52,Male,Chicago,0,72,16,6040.34,377.52,3,3,3,9,2,Occasionnels,"Nurturing, contenus, promotions saisonnières."
2027,Justin Baker,62,Male,Jacksonville,0,145,14,4855.849999999999,346.85,3,3,3,9,2,Occasionnels,"Nurturing, contenus, promotions saisonnières."
2028,Stephanie Ross,44,Female,Dallas,0,58,19,9235.07,486.06,3,3,4,10,2,Occasionnels,"Nurturing, contenus, promotions saisonnières."
2029,Zachary Hicks,31,Female,San Antonio,0,19,19,9303.69,489.67,4,3,4,11,2,Occasionnels,"Nurturing, contenus, promotions saisonnières."
2030,Anthony Rodriguez,66,Female,San Diego,1,1043,2,104.8,52.4,1,1,1,3,0,Perdus,"Email win-back, enquête satisfaction, dernière chance."
2031,Rebecca Henderson,37,Female,San Antonio,1,1096,7,965.1700000000001,137.88,1,1,1,3,0,Perdus,"Email win-back, enquête satisfaction, dernière chance."
2032,James Ferrell,35,Female,San Diego,0,3,31,12927.33,417.01,5,5,5,15,1,VIP / Champions,"Programme VIP, offres exclusives, service premium, early access."
2033,Tricia Valencia,60,Female,Jacksonville,0,54,17,6947.16,408.66,3,3,3,9,2,Occasionnels,"Nurturing, contenus, promotions saisonnières."
2034,Nathan Maldonado,26,Male,San Antonio,1,738,7,1351.9,193.13,1,1,2,4,0,Perdus,"Email win-back, enquête satisfaction, dernière chance."
2035,Debra Davidson,45,Male,San Diego,0,251,13,4438.05,341.39,2,2,3,7,0,Occasionnels,"Nurturing, contenus, promotions saisonnières."
2036,Jeffrey Chavez,42,Female,Houston,0,16,23,9018.74,392.12,4,4,4,12,1,VIP / Champions,"Programme VIP, offres exclusives, service premium, early access."
2037,Sherri Baker,66,Female,Phoenix,0,17,27,10311.79,381.92,4,5,5,14,1,VIP / Champions,"Programme VIP, offres exclusives, service premium, early access."
2038,Cassandra Gaines,23,Female,New York,0,60,20,6220.96,311.05,3,4,3,10,2,Clients fidèles,"Cross-sell / upsell, programme de parrainage, abonnement."
2039,Elizabeth Fowler,40,Male,Austin,1,825,5,696.38,139.28,1,1,1,3,0,Perdus,"Email win-back, enquête satisfaction, dernière chance."
2040,Brittany Farmer,59,Male,New York,1,347,20,3761.79,188.09,2,4,3,9,2,À risque,"Campagne de réactivation urgente, remise personnalisée."
2041,Paula Moreno,19,Male,Houston,0,31,27,9054.94,335.37,4,5,4,13,1,VIP / Champions,"Programme VIP, offres exclusives, service premium, early access."
2042,Fred Smith,25,Male,San Diego,0,109,23,9622.01,418.35,3,4,5,12,2,Clients fidèles,"Cross-sell / upsell, programme de parrainage, abonnement."
2043,Sherry Decker,28,Male,Chicago,1,284,11,2010.1299999999999,182.74,2,2,2,6,0,Perdus,"Email win-back, enquête satisfaction, dernière chance."
2044,Anthony Humphrey,19,Female,San Jose,0,60,26,10930.03,420.39,3,5,5,13,1,Clients fidèles,"Cross-sell / upsell, programme de parrainage, abonnement."
2045,Angelica Tucker,63,Male,Los Angeles,0,58,21,8137.4,387.5,3,4,4,11,2,Clients fidèles,"Cross-sell / upsell, programme de parrainage, abonnement."
2046,Philip Cannon,67,Female,Austin,0,90,22,9709.05,441.32,3,4,5,12,2,Clients fidèles,"Cross-sell / upsell, programme de parrainage, abonnement."
2047,John Pierce,54,Male,Philadelphia,1,585,9,1566.6100000000001,174.07,1,2,2,5,0,Perdus,"Email win-back, enquête satisfaction, dernière chance."
2048,Shane Henderson,41,Male,Dallas,0,10,26,12178.27,468.4,5,5,5,15,1,VIP / Champions,"Programme VIP, offres exclusives, service premium, early access."
2049,Joshua Blair,44,Female,Los Angeles,0,87,14,7644.75,546.05,3,3,4,10,2,Occasionnels,"Nurturing, contenus, promotions saisonnières."
2050,Eric Carney,58,Female,Jacksonville,1,510,4,446.68,111.67,1,1,1,3,0,Perdus,"Email win-back, enquête satisfaction, dernière chance."
2051,Jessica Holmes,64,Female,San Jose,0,18,24,7640.6900000000005,318.36,4,5,4,13,2,VIP / Champions,"Programme VIP, offres exclusives, service premium, early access."
2052,Danny Morgan,70,Female,Philadelphia,0,4,16,5972.53,373.28,5,3,3,11,2,Occasionnels,"Nurturing, contenus, promotions saisonnières."
2053,Crystal Robinson,23,Female,San Diego,1,765,5,782.14,156.43,1,1,1,3,0,Perdus,"Email win-back, enquête satisfaction, dernière chance."
2054,Mark Perez,54,Female,Philadelphia,1,391,11,1306.8700000000001,118.81,2,2,2,6,0,Perdus,"Email win-back, enquête satisfaction, dernière chance."
2055,Shannon Jones,38,Male,San Diego,0,34,34,16525.91,486.06,4,5,5,14,1,VIP / Champions,"Programme VIP, offres exclusives, service premium, early access."
2056,Michael Lewis,34,Female,Phoenix,0,35,26,11565.67,444.83,4,5,5,14,1,VIP / Champions,"Programme VIP, offres exclusives, service premium, early access."
2057,Timothy Duncan,51,Male,Los Angeles,0,194,18,6764.82,375.82,3,3,3,9,2,Occasionnels,"Nurturing, contenus, promotions saisonnières."
2058,Richard Aguirre,49,Male,Jacksonville,1,715,8,1175.52,146.94,1,2,2,5,0,Perdus,"Email win-back, enquête satisfaction, dernière chance."
2059,Brent Jordan,49,Female,New York,1,328,3,456.43000000000006,152.14,2,1,1,4,0,Perdus,"Email win-back, enquête satisfaction, dernière chance."
2060,John Daniel,43,Male,Phoenix,0,16,23,10774.7,468.47,4,4,5,13,1,VIP / Champions,"Programme VIP, offres exclusives, service premium, early access."
2061,Victoria Garcia,51,Female,San Antonio,0,7,18,6920.43,384.47,5,3,3,11,2,Occasionnels,"Nurturing, contenus, promotions saisonnières."
2062,Gerald Hensley,47,Female,Phoenix,0,0,31,11559.4,372.88,5,5,5,15,1,VIP / Champions,"Programme VIP, offres exclusives, service premium, early access."
2063,Connor West,64,Male,Philadelphia,0,67,20,7845.27,392.26,3,4,4,11,2,Clients fidèles,"Cross-sell / upsell, programme de parrainage, abonnement."
2064,Donald Wright,66,Male,Houston,1,543,8,2022.1000000000001,252.76,1,2,2,5,0,Perdus,"Email win-back, enquête satisfaction, dernière chance."
2065,Jessica Callahan,35,Female,Los Angeles,1,473,6,530.64,88.44,2,1,1,4,0,Perdus,"Email win-back, enquête satisfaction, dernière chance."
2066,Amber Kidd,41,Male,Phoenix,0,25,22,9820.36,446.38,4,4,5,13,1,VIP / Champions,"Programme VIP, offres exclusives, service premium, early access."
2067,Tracy House,26,Female,New York,1,863,5,804.1400000000001,160.83,1,1,1,3,0,Perdus,"Email win-back, enquête satisfaction, dernière chance."
2068,Carol Tucker,62,Male,Austin,0,54,25,9942.97,397.72,3,5,5,13,1,Clients fidèles,"Cross-sell / upsell, programme de parrainage, abonnement."
2069,James Brown,18,Female,San Diego,0,26,18,6711.58,372.87,4,3,3,10,2,Occasionnels,"Nurturing, contenus, promotions saisonnières."
2070,William Baker,29,Male,Phoenix,0,3,18,4359.57,242.2,5,3,3,11,2,Occasionnels,"Nurturing, contenus, promotions saisonnières."
2071,Jordan Henderson,22,Female,San Diego,0,1,23,9008.47,391.67,5,4,4,13,1,VIP / Champions,"Programme VIP, offres exclusives, service premium, early access."
2072,Whitney Peters,61,Male,Chicago,0,126,25,11937.79,477.51,3,5,5,13,1,Clients fidèles,"Cross-sell / upsell, programme de parrainage, abonnement."
2073,Brittney Phillips,37,Male,Houston,1,749,5,934.4399999999999,186.89,1,1,1,3,0,Perdus,"Email win-back, enquête satisfaction, dernière chance."
2074,Lauren Daniels,44,Male,Dallas,0,64,19,7780.53,409.5,3,3,4,10,2,Occasionnels,"Nurturing, contenus, promotions saisonnières."
2075,Amy Silva,46,Female,San Jose,0,14,21,7967.21,379.39,4,4,4,12,2,VIP / Champions,"Programme VIP, offres exclusives, service premium, early access."
2076,Sarah Moore,57,Male,San Jose,0,24,20,7647.93,382.4,4,4,4,12,2,VIP / Champions,"Programme VIP, offres exclusives, service premium, early access."
2077,Angela Lopez,31,Male,Phoenix,1,664,11,1824.28,165.84,1,2,2,5,0,Perdus,"Email win-back, enquête satisfaction, dernière chance."
2078,Megan Young,29,Male,Chicago,0,5,18,7617.91,423.22,5,3,4,12,2,Occasionnels,"Nurturing, contenus, promotions saisonnières."
2079,Steve Sanchez,62,Female,Phoenix,0,83,28,10761.05,384.32,3,5,5,13,1,Clients fidèles,"Cross-sell / upsell, programme de parrainage, abonnement."
2080,Lisa Barnes,63,Female,Jacksonville,0,130,17,7181.53,422.44,3,3,4,10,2,Occasionnels,"Nurturing, contenus, promotions saisonnières."
2081,Kelly Donovan,32,Female,Austin,0,47,13,6621.17,509.32,3,2,3,8,2,Occasionnels,"Nurturing, contenus, promotions saisonnières."
2082,Mike Allen,52,Male,Austin,0,34,14,6495.71,463.98,4,3,3,10,2,Occasionnels,"Nurturing, contenus, promotions saisonnières."
2083,Michael Evans,70,Male,Los Angeles,1,651,10,1527.01,152.7,1,2,2,5,0,Perdus,"Email win-back, enquête satisfaction, dernière chance."
2084,Paul Jones,37,Female,San Diego,0,95,28,10955.51,391.27,3,5,5,13,1,Clients fidèles,"Cross-sell / upsell, programme de parrainage, abonnement."
2085,Zachary Ferrell,37,Female,Phoenix,0,10,29,13561.06,467.62,5,5,5,15,1,VIP / Champions,"Programme VIP, offres exclusives, service premium, early access."
2086,Daniel Baker,46,Male,San Jose,0,9,25,13247.88,529.92,5,5,5,15,1,VIP / Champions,"Programme VIP, offres exclusives, service premium, early access."
2087,Shirley Suarez,65,Female,San Jose,1,832,8,1335.67,166.96,1,2,2,5,0,Perdus,"Email win-back, enquête satisfaction, dernière chance."
2088,Christopher Bass,32,Male,Austin,0,3,19,9738.24,512.54,5,3,5,13,1,Occasionnels,"Nurturing, contenus, promotions saisonnières."
2089,Lisa Archer,66,Male,San Diego,0,8,23,9297.5,404.24,5,4,4,13,1,VIP / Champions,"Programme VIP, offres exclusives, service premium, early access."
2090,Aimee Montoya,35,Male,San Jose,1,183,9,1632.04,181.34,3,2,2,7,0,Occasionnels,"Nurturing, contenus, promotions saisonnières."
2091,Matthew Mcmillan,49,Male,San Diego,1,268,8,1563.48,195.44,2,2,2,6,0,Perdus,"Email win-back, enquête satisfaction, dernière chance."
2092,Brian Rodriguez,38,Male,Chicago,0,72,16,5145.29,321.58,3,3,3,9,2,Occasionnels,"Nurturing, contenus, promotions saisonnières."
2093,Denise Jacobs,49,Female,Austin,0,16,37,15359.78,415.13,4,5,5,14,1,VIP / Champions,"Programme VIP, offres exclusives, service premium, early access."
2094,Christina Walters,53,Male,San Diego,1,362,8,1670.6499999999999,208.83,2,2,2,6,0,Perdus,"Email win-back, enquête satisfaction, dernière chance."
2095,John Whitehead,38,Male,San Antonio,0,55,13,5584.1,429.55,3,2,3,8,2,Occasionnels,"Nurturing, contenus, promotions saisonnières."
2096,Anna Henderson,18,Female,San Antonio,1,363,3,693.72,231.24,2,1,1,4,0,Perdus,"Email win-back, enquête satisfaction, dernière chance."
2097,Aaron Wise,41,Female,Austin,0,38,19,6250.36,328.97,4,3,3,10,2,Occasionnels,"Nurturing, contenus, promotions saisonnières."
2098,Deborah Figueroa,31,Female,Dallas,1,242,9,1478.66,164.3,2,2,2,6,0,Perdus,"Email win-back, enquête satisfaction, dernière chance."
2099,Jessica Smith,46,Female,Los Angeles,1,671,4,665.8100000000001,166.45,1,1,1,3,0,Perdus,"Email win-back, enquête satisfaction, dernière chance."
2100,Stephen Mckee,56,Male,Jacksonville,1,1176,2,394.59000000000003,197.3,1,1,1,3,0,Perdus,"Email win-back, enquête satisfaction, dernière chance."
2101,Sandra Aguilar,18,Female,Los Angeles,0,34,24,8359.36,348.31,4,5,4,13,2,VIP / Champions,"Programme VIP, offres exclusives, service premium, early access."
2102,Cameron Parker,25,Female,Los Angeles,1,758,9,1574.62,174.96,1,2,2,5,0,Perdus,"Email win-back, enquête satisfaction, dernière chance."
2103,Rebecca Valencia,63,Female,Dallas,0,61,19,5774.79,303.94,3,3,3,9,2,Occasionnels,"Nurturing, contenus, promotions saisonnières."
2104,Christine Wright,48,Female,Houston,0,64,17,4840.69,284.75,3,3,3,9,2,Occasionnels,"Nurturing, contenus, promotions saisonnières."
2105,Richard Henson,42,Male,San Jose,0,22,22,8492.59,386.03,4,4,4,12,2,VIP / Champions,"Programme VIP, offres exclusives, service premium, early access."
2106,Marc Moore,26,Male,Phoenix,1,187,15,3142.31,209.49,3,3,2,8,0,Occasionnels,"Nurturing, contenus, promotions saisonnières."
2107,Sharon Cherry,68,Female,New York,0,0,22,5055.18,229.78,5,4,3,12,2,Clients fidèles,"Cross-sell / upsell, programme de parrainage, abonnement."
2108,Sierra Johnson,55,Female,Chicago,1,379,9,2204.49,244.94,2,2,2,6,0,Perdus,"Email win-back, enquête satisfaction, dernière chance."
2109,Evelyn Galvan,40,Female,Dallas,0,48,16,7617.87,476.12,3,3,4,10,2,Occasionnels,"Nurturing, contenus, promotions saisonnières."
2110,Sharon Cochran,38,Male,Jacksonville,0,4,20,8678.94,433.95,5,4,4,13,2,VIP / Champions,"Programme VIP, offres exclusives, service premium, early access."
2111,Richard Rodriguez,32,Female,New York,0,23,12,6558.610000000001,546.55,4,2,3,9,2,Occasionnels,"Nurturing, contenus, promotions saisonnières."
2112,Shannon Walker,63,Female,San Antonio,1,420,6,790.49,131.75,2,1,1,4,0,Perdus,"Email win-back, enquête satisfaction, dernière chance."
2113,Julia Torres,20,Male,Dallas,0,39,12,4201.57,350.13,4,2,3,9,2,Occasionnels,"Nurturing, contenus, promotions saisonnières."
2114,Crystal Johnson,46,Male,Dallas,1,505,5,374.03999999999996,74.81,2,1,1,4,0,Perdus,"Email win-back, enquête satisfaction, dernière chance."
2115,Garrett Lin,27,Female,Austin,0,34,33,9848.19,298.43,4,5,5,14,1,VIP / Champions,"Programme VIP, offres exclusives, service premium, early access."
2116,Diana May,68,Female,Philadelphia,0,152,22,7086.26,322.1,3,4,3,10,2,Clients fidèles,"Cross-sell / upsell, programme de parrainage, abonnement."
2117,William Herrera,39,Female,Philadelphia,1,271,15,2317.0,154.47,2,3,2,7,0,Occasionnels,"Nurturing, contenus, promotions saisonnières."
2118,Ashley Waller,20,Male,Houston,1,333,7,1150.09,164.3,2,1,1,4,0,Perdus,"Email win-back, enquête satisfaction, dernière chance."
2119,Victor Baker,65,Male,San Antonio,1,706,7,712.67,101.81,1,1,1,3,0,Perdus,"Email win-back, enquête satisfaction, dernière chance."
2120,Jeffrey Chandler,63,Male,San Diego,1,784,7,1624.34,232.05,1,1,2,4,0,Perdus,"Email win-back, enquête satisfaction, dernière chance."
2121,Larry Dixon,19,Male,Philadelphia,1,409,8,1509.08,188.64,2,2,2,6,0,Perdus,"Email win-back, enquête satisfaction, dernière chance."
2122,Kenneth Scott,41,Female,Chicago,0,340,14,5489.69,392.12,2,3,3,8,0,À risque,"Campagne de réactivation urgente, remise personnalisée."
2123,April Frost,54,Male,Chicago,0,80,20,7889.139999999999,394.46,3,4,4,11,2,Clients fidèles,"Cross-sell / upsell, programme de parrainage, abonnement."
2124,Michelle Harmon,42,Male,San Diego,0,38,21,7409.6900000000005,352.84,4,4,4,12,2,VIP / Champions,"Programme VIP, offres exclusives, service premium, early access."
2125,Helen Jones,58,Female,San Diego,0,15,24,11077.99,461.58,4,5,5,14,1,VIP / Champions,"Programme VIP, offres exclusives, service premium, early access."
2126,Erin Edwards,69,Female,Phoenix,1,395,8,1844.33,230.54,2,2,2,6,0,Perdus,"Email win-back, enquête satisfaction, dernière chance."
2127,Michelle Evans,40,Female,Austin,0,29,20,7773.53,388.68,4,4,4,12,2,VIP / Champions,"Programme VIP, offres exclusives, service premium, early access."
2128,Jason Powell,47,Female,Houston,1,306,13,2184.48,168.04,2,2,2,6,0,Perdus,"Email win-back, enquête satisfaction, dernière chance."
2129,Cameron Fisher,24,Male,San Antonio,1,470,8,2072.39,259.05,2,2,2,6,0,Perdus,"Email win-back, enquête satisfaction, dernière chance."
2130,Megan Orr,62,Female,New York,0,49,15,5277.47,351.83,3,3,3,9,2,Occasionnels,"Nurturing, contenus, promotions saisonnières."
2131,Elizabeth Kelley,54,Male,San Jose,0,17,33,14277.970000000001,432.67,4,5,5,14,1,VIP / Champions,"Programme VIP, offres exclusives, service premium, early access."
2132,Dustin Jordan,36,Male,San Jose,1,376,3,593.66,197.89,2,1,1,4,0,Perdus,"Email win-back, enquête satisfaction, dernière chance."
2133,Mary Marshall,30,Female,Austin,0,207,21,9439.710000000001,449.51,3,4,5,12,2,Clients fidèles,"Cross-sell / upsell, programme de parrainage, abonnement."
2134,Daniel Kennedy,58,Male,Phoenix,1,363,11,1637.19,148.84,2,2,2,6,0,Perdus,"Email win-back, enquête satisfaction, dernière chance."
2135,Rebecca Jackson,41,Male,Los Angeles,0,32,19,10815.37,569.23,4,3,5,12,2,Occasionnels,"Nurturing, contenus, promotions saisonnières."
2136,Jose Schultz,44,Male,Houston,0,23,20,9705.380000000001,485.27,4,4,5,13,2,VIP / Champions,"Programme VIP, offres exclusives, service premium, early access."
2137,Robert Potter,41,Female,Chicago,1,424,9,1439.44,159.94,2,2,2,6,0,Perdus,"Email win-back, enquête satisfaction, dernière chance."
2138,Courtney Gonzalez,48,Female,Jacksonville,1,607,3,355.68,118.56,1,1,1,3,0,Perdus,"Email win-back, enquête satisfaction, dernière chance."
2139,David Alvarez,47,Male,Chicago,1,550,8,979.54,122.44,1,2,1,4,0,Perdus,"Email win-back, enquête satisfaction, dernière chance."
2140,Angel Perry,64,Female,Dallas,1,651,6,1186.51,197.75,1,1,2,4,0,Perdus,"Email win-back, enquête satisfaction, dernière chance."
2141,Cheyenne Horton,43,Male,Phoenix,0,0,28,12976.78,463.46,5,5,5,15,1,VIP / Champions,"Programme VIP, offres exclusives, service premium, early access."
2142,David Douglas Jr.,61,Female,San Jose,0,19,15,6527.57,435.17,4,3,3,10,2,Occasionnels,"Nurturing, contenus, promotions saisonnières."
2143,Patricia Rodriguez,41,Male,Austin,1,563,4,357.4,89.35,1,1,1,3,0,Perdus,"Email win-back, enquête satisfaction, dernière chance."
2144,Christopher Rubio,57,Female,San Jose,0,26,21,7711.08,367.19,4,4,4,12,2,VIP / Champions,"Programme VIP, offres exclusives, service premium, early access."
2145,Amber Wright,58,Female,Jacksonville,1,520,13,2400.08,184.62,1,2,2,5,0,Perdus,"Email win-back, enquête satisfaction, dernière chance."
2146,Joyce Solis,25,Male,New York,1,407,11,1468.29,133.48,2,2,2,6,0,Perdus,"Email win-back, enquête satisfaction, dernière chance."
2147,Victoria Larson,49,Male,Los Angeles,0,174,20,8869.03,443.45,3,4,4,11,2,Clients fidèles,"Cross-sell / upsell, programme de parrainage, abonnement."
2148,Stephanie Salazar,26,Female,San Diego,1,547,5,831.72,166.34,1,1,1,3,0,Perdus,"Email win-back, enquête satisfaction, dernière chance."
2149,Kathy Rivas,65,Female,San Jose,1,361,11,1656.33,150.58,2,2,2,6,0,Perdus,"Email win-back, enquête satisfaction, dernière chance."
2150,Stephanie Manning,59,Male,San Diego,1,856,4,930.55,232.64,1,1,1,3,0,Perdus,"Email win-back, enquête satisfaction, dernière chance."
2151,David Wright,35,Male,Jacksonville,1,499,4,659.2,164.8,2,1,1,4,0,Perdus,"Email win-back, enquête satisfaction, dernière chance."
2152,Pamela Boyd,46,Male,Philadelphia,0,18,29,10479.35,361.36,4,5,5,14,1,VIP / Champions,"Programme VIP, offres exclusives, service premium, early access."
2153,Denise Jones,41,Female,New York,1,914,5,878.1200000000001,175.62,1,1,1,3,0,Perdus,"Email win-back, enquête satisfaction, dernière chance."
2154,Devon Flores,25,Female,Los Angeles,0,3,26,9617.04,369.89,5,5,5,15,1,VIP / Champions,"Programme VIP, offres exclusives, service premium, early access."
2155,Brenda Hall,56,Male,New York,1,544,4,1063.46,265.86,1,1,1,3,0,Perdus,"Email win-back, enquête satisfaction, dernière chance."
2156,Michelle Brown,26,Male,Los Angeles,0,11,16,4945.7,309.11,5,3,3,11,2,Occasionnels,"Nurturing, contenus, promotions saisonnières."
2157,Joshua Perry,70,Male,Philadelphia,0,74,14,4645.76,331.84,3,3,3,9,2,Occasionnels,"Nurturing, contenus, promotions saisonnières."
2158,Jason Stein,56,Male,Phoenix,1,478,20,3678.18,183.91,2,4,3,9,0,À risque,"Campagne de réactivation urgente, remise personnalisée."
2159,Melissa Gates,52,Female,Chicago,1,857,1,174.32999999999998,174.33,1,1,1,3,0,Perdus,"Email win-back, enquête satisfaction, dernière chance."
2160,Jamie Smith,19,Male,New York,1,369,12,2107.23,175.6,2,2,2,6,0,Perdus,"Email win-back, enquête satisfaction, dernière chance."
2161,Paul Castaneda,33,Female,New York,1,508,7,1184.33,169.19,2,1,2,5,0,Perdus,"Email win-back, enquête satisfaction, dernière chance."
2162,Jennifer Adkins,26,Female,Dallas,0,0,27,7872.57,291.58,5,5,4,14,1,VIP / Champions,"Programme VIP, offres exclusives, service premium, early access."
2163,Lindsey Walker,48,Female,Philadelphia,1,345,15,1668.31,111.22,2,3,2,7,0,Occasionnels,"Nurturing, contenus, promotions saisonnières."
2164,Jeffrey Johnson,46,Male,San Jose,0,28,21,9728.6,463.27,4,4,5,13,2,VIP / Champions,"Programme VIP, offres exclusives, service premium, early access."
2165,Michael Powell,60,Female,San Diego,1,688,8,1228.51,153.56,1,2,2,5,0,Perdus,"Email win-back, enquête satisfaction, dernière chance."
2166,John Anderson,48,Female,San Antonio,0,30,31,10917.619999999999,352.18,4,5,5,14,1,VIP / Champions,"Programme VIP, offres exclusives, service premium, early access."
2167,Alyssa Long,46,Male,Los Angeles,0,18,24,10861.53,452.56,4,5,5,14,1,VIP / Champions,"Programme VIP, offres exclusives, service premium, early access."
2168,Alyssa Day,22,Male,Phoenix,1,379,14,3214.2200000000003,229.59,2,3,2,7,0,Occasionnels,"Nurturing, contenus, promotions saisonnières."
2169,Joel Williams,56,Female,San Diego,0,27,14,5427.58,387.68,4,3,3,10,2,Occasionnels,"Nurturing, contenus, promotions saisonnières."
2170,Daniel Murphy,24,Male,Austin,1,276,8,1762.15,220.27,2,2,2,6,0,Perdus,"Email win-back, enquête satisfaction, dernière chance."
2171,Jamie Walton,32,Female,Philadelphia,0,34,19,7876.0,414.53,4,3,4,11,2,Occasionnels,"Nurturing, contenus, promotions saisonnières."
2172,Darlene Miller,64,Male,Philadelphia,0,8,28,9737.699999999999,347.78,5,5,5,15,1,VIP / Champions,"Programme VIP, offres exclusives, service premium, early access."
2173,Joshua Cooke,34,Female,Chicago,0,60,16,5538.44,346.15,3,3,3,9,2,Occasionnels,"Nurturing, contenus, promotions saisonnières."
2174,Matthew Harrington,23,Male,San Antonio,0,12,16,5114.9400000000005,319.68,5,3,3,11,2,Occasionnels,"Nurturing, contenus, promotions saisonnières."
2175,Nicole Herring,41,Male,Dallas,1,360,15,2485.8,165.72,2,3,2,7,0,Occasionnels,"Nurturing, contenus, promotions saisonnières."
2176,Alex Hernandez,53,Female,Austin,0,17,22,10687.66,485.8,4,4,5,13,1,VIP / Champions,"Programme VIP, offres exclusives, service premium, early access."
2177,Michael Elliott,60,Female,Jacksonville,0,9,30,10331.7,344.39,5,5,5,15,1,VIP / Champions,"Programme VIP, offres exclusives, service premium, early access."
2178,Michael Wang,56,Female,Philadelphia,1,1090,6,730.99,121.83,1,1,1,3,0,Perdus,"Email win-back, enquête satisfaction, dernière chance."
2179,Lawrence Adkins,31,Male,Austin,0,479,14,5039.280000000001,359.95,2,3,3,8,0,À risque,"Campagne de réactivation urgente, remise personnalisée."
2180,Robert Oconnell,24,Female,Dallas,0,12,17,6053.7,356.1,5,3,3,11,2,Occasionnels,"Nurturing, contenus, promotions saisonnières."
2181,Alexander Collins,35,Male,San Antonio,0,200,15,6354.16,423.61,3,3,3,9,2,Occasionnels,"Nurturing, contenus, promotions saisonnières."
2182,Tina Sanders,60,Female,New York,1,416,5,1004.63,200.93,2,1,1,4,0,Perdus,"Email win-back, enquête satisfaction, dernière chance."
2183,Angela Vaughn,66,Female,Philadelphia,0,8,27,10259.8,379.99,5,5,5,15,1,VIP / Champions,"Programme VIP, offres exclusives, service premium, early access."
2184,Ashley Barton,27,Female,Los Angeles,0,12,23,8831.07,383.96,5,4,4,13,1,VIP / Champions,"Programme VIP, offres exclusives, service premium, early access."
2185,Lindsay Martinez,19,Male,Jacksonville,1,743,13,2823.92,217.22,1,2,2,5,0,Perdus,"Email win-back, enquête satisfaction, dernière chance."
2186,Dr. Hannah Patterson,44,Female,Philadelphia,0,3,15,8649.81,576.65,5,3,4,12,2,Occasionnels,"Nurturing, contenus, promotions saisonnières."
2187,Jonathan Peterson,64,Female,San Jose,0,1,25,7544.8,301.79,5,5,4,14,1,VIP / Champions,"Programme VIP, offres exclusives, service premium, early access."
2188,Samantha Garcia,27,Male,San Jose,1,941,4,726.3199999999999,181.58,1,1,1,3,0,Perdus,"Email win-back, enquête satisfaction, dernière chance."
2189,Madison Poole,35,Female,Austin,1,491,12,3006.4700000000003,250.54,2,2,2,6,0,Perdus,"Email win-back, enquête satisfaction, dernière chance."
2190,Jessica Gross,46,Female,Phoenix,0,86,18,8562.21,475.68,3,3,4,10,2,Occasionnels,"Nurturing, contenus, promotions saisonnières."
2191,Debra Morton,25,Female,San Antonio,1,420,14,3336.6,238.33,2,3,3,8,0,À risque,"Campagne de réactivation urgente, remise personnalisée."
2192,Karen Graham,61,Female,Dallas,0,145,20,9770.130000000001,488.51,3,4,5,12,2,Clients fidèles,"Cross-sell / upsell, programme de parrainage, abonnement."
2193,Debra Christian,43,Male,New York,0,26,20,8034.67,401.73,4,4,4,12,2,VIP / Champions,"Programme VIP, offres exclusives, service premium, early access."
2194,Angelica Keith,31,Male,Phoenix,0,2,14,5143.15,367.37,5,3,3,11,2,Occasionnels,"Nurturing, contenus, promotions saisonnières."
2195,John Bishop,18,Female,Jacksonville,0,14,22,7721.73,350.99,4,4,4,12,2,VIP / Champions,"Programme VIP, offres exclusives, service premium, early access."
2196,Allen Rosales,42,Male,Dallas,0,13,15,7955.0,530.33,5,3,4,12,2,Occasionnels,"Nurturing, contenus, promotions saisonnières."
2197,Daniel Salinas,65,Male,San Antonio,0,30,15,5807.45,387.16,4,3,3,10,2,Occasionnels,"Nurturing, contenus, promotions saisonnières."
2198,Spencer Haynes,22,Female,San Jose,0,20,29,11066.67,381.61,4,5,5,14,1,VIP / Champions,"Programme VIP, offres exclusives, service premium, early access."
2199,Adam Vaughan,63,Female,Phoenix,0,2,26,10802.11,415.47,5,5,5,15,1,VIP / Champions,"Programme VIP, offres exclusives, service premium, early access."
2200,Nathan Freeman,38,Male,San Jose,0,58,25,8541.24,341.65,3,5,4,12,2,Clients fidèles,"Cross-sell / upsell, programme de parrainage, abonnement."
2201,Melissa Brewer,41,Male,San Antonio,1,353,8,1736.1599999999999,217.02,2,2,2,6,0,Perdus,"Email win-back, enquête satisfaction, dernière chance."
2202,Ricky Davis II,55,Female,Dallas,0,8,20,8641.84,432.09,5,4,4,13,2,VIP / Champions,"Programme VIP, offres exclusives, service premium, early access."
2203,Elizabeth Perkins,37,Female,Houston,0,40,25,10389.57,415.58,4,5,5,14,1,VIP / Champions,"Programme VIP, offres exclusives, service premium, early access."
2204,Joseph Coleman,22,Male,Dallas,1,406,6,1188.3899999999999,198.06,2,1,2,5,0,Perdus,"Email win-back, enquête satisfaction, dernière chance."
2205,Erin Warner,67,Female,Philadelphia,0,38,12,6818.44,568.2,4,2,3,9,2,Occasionnels,"Nurturing, contenus, promotions saisonnières."
2206,David Martinez,27,Female,Houston,0,4,22,9343.81,424.72,5,4,4,13,1,VIP / Champions,"Programme VIP, offres exclusives, service premium, early access."
2207,Bryan Herrera,66,Male,Chicago,1,567,10,2048.77,204.88,1,2,2,5,0,Perdus,"Email win-back, enquête satisfaction, dernière chance."
2208,Cathy Robinson,54,Female,Austin,0,29,11,4652.9400000000005,422.99,4,2,3,9,2,Occasionnels,"Nurturing, contenus, promotions saisonnières."
2209,Dr. William Warren,58,Female,Chicago,1,527,9,1307.94,145.33,1,2,2,5,0,Perdus,"Email win-back, enquête satisfaction, dernière chance."
2210,Brian Lee,46,Female,Phoenix,0,29,19,7660.11,403.16,4,3,4,11,2,Occasionnels,"Nurturing, contenus, promotions saisonnières."
2211,Christopher Smith,22,Female,San Diego,0,2,23,7399.41,321.71,5,4,4,13,1,VIP / Champions,"Programme VIP, offres exclusives, service premium, early access."
2212,Denise Mccann,41,Female,Los Angeles,0,11,29,13163.14,453.9,5,5,5,15,1,VIP / Champions,"Programme VIP, offres exclusives, service premium, early access."
2213,Melissa Martinez,50,Female,San Diego,1,729,3,213.51,71.17,1,1,1,3,0,Perdus,"Email win-back, enquête satisfaction, dernière chance."
2214,Katherine Salas,69,Male,Philadelphia,0,218,16,6507.16,406.7,3,3,3,9,2,Occasionnels,"Nurturing, contenus, promotions saisonnières."
2215,Julie Alexander,21,Female,Los Angeles,0,35,22,7962.46,361.93,4,4,4,12,2,VIP / Champions,"Programme VIP, offres exclusives, service premium, early access."
2216,Anthony Everett,23,Male,New York,1,518,6,584.99,97.5,1,1,1,3,0,Perdus,"Email win-back, enquête satisfaction, dernière chance."
2217,Rodney Morales,46,Male,Philadelphia,1,405,12,2525.87,210.49,2,2,2,6,0,Perdus,"Email win-back, enquête satisfaction, dernière chance."
2218,Mark Brown,42,Female,Philadelphia,1,475,5,498.70000000000005,99.74,2,1,1,4,0,Perdus,"Email win-back, enquête satisfaction, dernière chance."
2219,Justin Torres,59,Female,Los Angeles,1,677,7,1147.84,163.98,1,1,1,3,0,Perdus,"Email win-back, enquête satisfaction, dernière chance."
2220,Bailey Duran DDS,61,Female,Phoenix,0,14,18,6102.99,339.06,4,3,3,10,2,Occasionnels,"Nurturing, contenus, promotions saisonnières."
2221,Courtney Mills,60,Male,Philadelphia,1,352,19,3829.98,201.58,2,3,3,8,0,À risque,"Campagne de réactivation urgente, remise personnalisée."
2222,Jeremy Dalton,27,Female,Phoenix,0,20,23,7783.82,338.43,4,4,4,12,2,VIP / Champions,"Programme VIP, offres exclusives, service premium, early access."
2223,Elizabeth Oliver DDS,63,Male,Phoenix,0,1,33,15115.57,458.05,5,5,5,15,1,VIP / Champions,"Programme VIP, offres exclusives, service premium, early access."
2224,Theresa Clark,39,Male,Austin,1,333,9,1555.43,172.83,2,2,2,6,0,Perdus,"Email win-back, enquête satisfaction, dernière chance."
2225,Matthew Moore,60,Female,Dallas,0,5,22,10752.94,488.77,5,4,5,14,1,VIP / Champions,"Programme VIP, offres exclusives, service premium, early access."
2226,Benjamin Smith,37,Male,Houston,0,2,27,12624.960000000001,467.59,5,5,5,15,1,VIP / Champions,"Programme VIP, offres exclusives, service premium, early access."
2227,Kirk Carter,49,Male,Houston,1,416,9,1575.1,175.01,2,2,2,6,0,Perdus,"Email win-back, enquête satisfaction, dernière chance."
2228,Michael Warner,36,Male,Dallas,0,10,16,7915.39,494.71,5,3,4,12,2,Occasionnels,"Nurturing, contenus, promotions saisonnières."
2229,Michael Bradshaw,39,Male,San Jose,0,35,18,7418.799999999999,412.16,4,3,4,11,2,Occasionnels,"Nurturing, contenus, promotions saisonnières."
2230,Lori Guerrero,29,Male,Jacksonville,0,31,22,8735.44,397.07,4,4,4,12,2,VIP / Champions,"Programme VIP, offres exclusives, service premium, early access."
2231,Jessica Stephens,41,Male,San Diego,0,17,25,9247.06,369.88,4,5,4,13,1,VIP / Champions,"Programme VIP, offres exclusives, service premium, early access."
2232,Susan Serrano,68,Female,Houston,1,596,3,782.36,260.79,1,1,1,3,0,Perdus,"Email win-back, enquête satisfaction, dernière chance."
2233,Christopher Parker,69,Female,Houston,0,4,24,8434.56,351.44,5,5,4,14,1,VIP / Champions,"Programme VIP, offres exclusives, service premium, early access."
2234,Laura Roberts,54,Female,San Diego,1,354,7,1292.67,184.67,2,1,2,5,0,Perdus,"Email win-back, enquête satisfaction, dernière chance."
2235,Michael Lyons,50,Female,Chicago,1,641,5,526.98,105.4,1,1,1,3,0,Perdus,"Email win-back, enquête satisfaction, dernière chance."
2236,Kathryn Snyder,26,Female,New York,1,746,4,687.8199999999999,171.96,1,1,1,3,0,Perdus,"Email win-back, enquête satisfaction, dernière chance."
2237,Andrew Reynolds,53,Male,Jacksonville,1,369,7,586.45,83.78,2,1,1,4,0,Perdus,"Email win-back, enquête satisfaction, dernière chance."
2238,David Davis,36,Male,Chicago,1,361,5,893.44,178.69,2,1,1,4,0,Perdus,"Email win-back, enquête satisfaction, dernière chance."
2239,Sara Johnston,50,Male,San Antonio,0,86,21,7961.45,379.12,3,4,4,11,2,Clients fidèles,"Cross-sell / upsell, programme de parrainage, abonnement."
2240,Yvonne Chambers,32,Female,Philadelphia,1,680,5,410.46000000000004,82.09,1,1,1,3,0,Perdus,"Email win-back, enquête satisfaction, dernière chance."
2241,Andrew Avila,43,Female,Houston,0,36,22,8639.97,392.73,4,4,4,12,2,VIP / Champions,"Programme VIP, offres exclusives, service premium, early access."
2242,Matthew Moon,41,Male,New York,1,545,3,343.53999999999996,114.51,1,1,1,3,0,Perdus,"Email win-back, enquête satisfaction, dernière chance."
2243,Kevin Walters,63,Female,Chicago,1,561,7,855.8299999999999,122.26,1,1,1,3,0,Perdus,"Email win-back, enquête satisfaction, dernière chance."
2244,Brandon Bailey MD,48,Male,Jacksonville,0,37,11,4402.87,400.26,4,2,3,9,2,Occasionnels,"Nurturing, contenus, promotions saisonnières."
2245,Shannon Rivera,18,Male,New York,0,28,29,10715.18,369.49,4,5,5,14,1,VIP / Champions,"Programme VIP, offres exclusives, service premium, early access."
2246,Donna Landry,27,Female,Los Angeles,0,7,20,8386.09,419.3,5,4,4,13,2,VIP / Champions,"Programme VIP, offres exclusives, service premium, early access."
2247,Krista Gibson,25,Male,Houston,0,8,25,8632.38,345.3,5,5,4,14,1,VIP / Champions,"Programme VIP, offres exclusives, service premium, early access."
2248,Frank Cordova,57,Female,Los Angeles,1,245,15,2658.6,177.24,2,3,2,7,0,Occasionnels,"Nurturing, contenus, promotions saisonnières."
2249,Jose Travis,49,Male,Austin,1,834,6,660.84,110.14,1,1,1,3,0,Perdus,"Email win-back, enquête satisfaction, dernière chance."
2250,Kimberly Gutierrez,63,Male,Phoenix,0,10,19,8930.43,470.02,5,3,4,12,2,Occasionnels,"Nurturing, contenus, promotions saisonnières."
2251,Isaiah Avila,40,Male,San Jose,0,142,12,2200.44,183.37,3,2,2,7,0,Occasionnels,"Nurturing, contenus, promotions saisonnières."
2252,Olivia Harris,60,Male,Dallas,0,113,21,10624.3,505.92,3,4,5,12,2,Clients fidèles,"Cross-sell / upsell, programme de parrainage, abonnement."
2253,Tanya Kim,51,Male,San Antonio,0,16,18,5355.74,297.54,4,3,3,10,2,Occasionnels,"Nurturing, contenus, promotions saisonnières."
2254,Barbara Dudley,42,Female,Phoenix,0,17,18,8248.59,458.26,4,3,4,11,2,Occasionnels,"Nurturing, contenus, promotions saisonnières."
2255,Cynthia Moore,22,Female,Houston,0,4,24,9995.35,416.47,5,5,5,15,1,VIP / Champions,"Programme VIP, offres exclusives, service premium, early access."
2256,Kristen Davis,65,Female,Chicago,1,603,6,1009.52,168.25,1,1,1,3,0,Perdus,"Email win-back, enquête satisfaction, dernière chance."
2257,Susan Murray MD,39,Male,Austin,0,61,24,8943.01,372.63,3,5,4,12,2,Clients fidèles,"Cross-sell / upsell, programme de parrainage, abonnement."
2258,Kathleen Moran,48,Male,Chicago,1,368,5,1324.32,264.86,2,1,2,5,0,Perdus,"Email win-back, enquête satisfaction, dernière chance."
2259,Denise Davenport,47,Male,Phoenix,1,756,16,3746.88,234.18,1,3,3,7,0,À risque,"Campagne de réactivation urgente, remise personnalisée."
2260,Mrs. Kristen Reyes,30,Male,Philadelphia,0,78,14,4292.12,306.58,3,3,3,9,2,Occasionnels,"Nurturing, contenus, promotions saisonnières."
2261,Katie Suarez,70,Female,Phoenix,0,28,25,9040.88,361.64,4,5,4,13,1,VIP / Champions,"Programme VIP, offres exclusives, service premium, early access."
2262,Desiree Tyler,30,Female,Philadelphia,1,497,13,1842.82,141.76,2,2,2,6,0,Perdus,"Email win-back, enquête satisfaction, dernière chance."
2263,Timothy Romero,39,Female,Los Angeles,1,898,4,214.43,53.61,1,1,1,3,0,Perdus,"Email win-back, enquête satisfaction, dernière chance."
2264,Diane Evans,43,Female,San Antonio,0,81,18,7023.55,390.2,3,3,3,9,2,Occasionnels,"Nurturing, contenus, promotions saisonnières."
2265,Yvonne Burns,49,Female,Philadelphia,1,512,5,984.2099999999999,196.84,1,1,1,3,0,Perdus,"Email win-back, enquête satisfaction, dernière chance."
2266,Joshua Reed,23,Female,Los Angeles,0,60,14,5051.58,360.83,3,3,3,9,2,Occasionnels,"Nurturing, contenus, promotions saisonnières."
2267,Kimberly Gibson,70,Male,Dallas,1,236,16,3243.15,202.7,3,3,2,8,0,Occasionnels,"Nurturing, contenus, promotions saisonnières."
2268,Colin Terry,23,Female,Austin,0,8,34,15893.800000000001,467.46,5,5,5,15,1,VIP / Champions,"Programme VIP, offres exclusives, service premium, early access."
2269,Cynthia Rowe,56,Female,Chicago,0,19,20,8100.04,405.0,4,4,4,12,2,VIP / Champions,"Programme VIP, offres exclusives, service premium, early access."
2270,Patrick Thornton,20,Female,San Jose,0,16,25,9721.29,388.85,4,5,5,14,1,VIP / Champions,"Programme VIP, offres exclusives, service premium, early access."
2271,Jasmin Alvarado,68,Male,Los Angeles,0,46,19,7897.12,415.64,3,3,4,10,2,Occasionnels,"Nurturing, contenus, promotions saisonnières."
2272,Veronica Simpson,69,Male,New York,0,24,16,6109.96,381.87,4,3,3,10,2,Occasionnels,"Nurturing, contenus, promotions saisonnières."
2273,Jonathan Lawrence,61,Female,New York,1,675,2,120.49000000000001,60.24,1,1,1,3,0,Perdus,"Email win-back, enquête satisfaction, dernière chance."
2274,Shelly Alexander,67,Female,Philadelphia,0,16,19,7091.29,373.23,4,3,3,10,2,Occasionnels,"Nurturing, contenus, promotions saisonnières."
2275,Joyce Bowen,20,Male,Austin,1,461,5,433.34,86.67,2,1,1,4,0,Perdus,"Email win-back, enquête satisfaction, dernière chance."
2276,Matthew Moore,41,Female,Los Angeles,1,353,9,2086.5499999999997,231.84,2,2,2,6,0,Perdus,"Email win-back, enquête satisfaction, dernière chance."
2277,Wayne Morgan,43,Female,Austin,0,159,12,5260.54,438.38,3,2,3,8,0,Occasionnels,"Nurturing, contenus, promotions saisonnières."
2278,Marie Christian,25,Male,Jacksonville,0,15,22,9292.86,422.4,4,4,4,12,1,VIP / Champions,"Programme VIP, offres exclusives, service premium, early access."
2279,Shannon James,42,Male,Phoenix,0,64,13,4952.84,380.99,3,2,3,8,2,Occasionnels,"Nurturing, contenus, promotions saisonnières."
2280,Nathan Malone,31,Female,Jacksonville,1,315,17,2843.9700000000003,167.29,2,3,2,7,0,Occasionnels,"Nurturing, contenus, promotions saisonnières."
2281,Amanda Jones,26,Male,San Diego,0,29,21,6422.41,305.83,4,4,3,11,2,Clients fidèles,"Cross-sell / upsell, programme de parrainage, abonnement."
2282,Tammie Bright,46,Male,Austin,1,714,6,1251.0,208.5,1,1,2,4,0,Perdus,"Email win-back, enquête satisfaction, dernière chance."
2283,Jessica Garcia,63,Male,Dallas,1,400,7,859.42,122.77,2,1,1,4,0,Perdus,"Email win-back, enquête satisfaction, dernière chance."
2284,Shelia Wallace,28,Male,Philadelphia,1,513,9,1744.04,193.78,1,2,2,5,0,Perdus,"Email win-back, enquête satisfaction, dernière chance."
2285,Stephanie Williams,30,Male,Houston,0,10,20,7455.94,372.8,5,4,4,13,2,VIP / Champions,"Programme VIP, offres exclusives, service premium, early access."
2286,Elaine Brooks,53,Female,San Diego,0,9,19,9195.35,483.97,5,3,4,12,2,Occasionnels,"Nurturing, contenus, promotions saisonnières."
2287,Joseph Knight,23,Male,Phoenix,1,514,9,1872.2,208.02,1,2,2,5,0,Perdus,"Email win-back, enquête satisfaction, dernière chance."
2288,Carolyn Miller,64,Female,Dallas,1,468,12,1359.05,113.25,2,2,2,6,0,Perdus,"Email win-back, enquête satisfaction, dernière chance."
2289,Lisa Allen,70,Male,Chicago,1,280,10,2411.15,241.12,2,2,2,6,0,Perdus,"Email win-back, enquête satisfaction, dernière chance."
2290,Briana Murray,46,Female,Austin,1,327,15,2656.2999999999997,177.09,2,3,2,7,0,Occasionnels,"Nurturing, contenus, promotions saisonnières."
2291,David Smith,67,Male,Chicago,0,25,30,11220.36,374.01,4,5,5,14,1,VIP / Champions,"Programme VIP, offres exclusives, service premium, early access."
2292,Stephanie Byrd,21,Male,Dallas,0,3,22,7577.34,344.42,5,4,4,13,2,VIP / Champions,"Programme VIP, offres exclusives, service premium, early access."
2293,Jeremy Reed,28,Female,Jacksonville,0,55,25,11096.45,443.86,3,5,5,13,1,Clients fidèles,"Cross-sell / upsell, programme de parrainage, abonnement."
2294,Margaret Coleman,51,Female,Los Angeles,0,10,15,5315.84,354.39,5,3,3,11,2,Occasionnels,"Nurturing, contenus, promotions saisonnières."
2295,Ryan Gonzalez,53,Female,Chicago,0,59,12,4080.21,340.02,3,2,3,8,2,Occasionnels,"Nurturing, contenus, promotions saisonnières."
2296,John Young,23,Male,San Jose,1,469,4,964.3100000000001,241.08,2,1,1,4,0,Perdus,"Email win-back, enquête satisfaction, dernière chance."
2297,Laura Haney,57,Female,San Jose,0,8,18,8345.8,463.66,5,3,4,12,2,Occasionnels,"Nurturing, contenus, promotions saisonnières."
2298,William Barrett,19,Male,New York,1,1067,2,346.75,173.38,1,1,1,3,0,Perdus,"Email win-back, enquête satisfaction, dernière chance."
2299,Keith Jennings,67,Female,San Jose,1,518,5,913.5899999999999,182.72,1,1,1,3,0,Perdus,"Email win-back, enquête satisfaction, dernière chance."
2300,Amber Obrien,58,Female,Austin,0,123,16,5164.2,322.76,3,3,3,9,2,Occasionnels,"Nurturing, contenus, promotions saisonnières."
2301,Tanner Mitchell DDS,69,Female,Phoenix,0,7,27,15117.93,559.92,5,5,5,15,1,VIP / Champions,"Programme VIP, offres exclusives, service premium, early access."
2302,Heather Fields,21,Male,San Diego,0,22,27,7957.2,294.71,4,5,4,13,1,VIP / Champions,"Programme VIP, offres exclusives, service premium, early access."
2303,Megan Le,31,Female,San Jose,0,12,18,5991.0,332.83,5,3,3,11,2,Occasionnels,"Nurturing, contenus, promotions saisonnières."
2304,Sara Fuller,63,Female,Jacksonville,0,171,24,10444.04,435.17,3,5,5,13,1,Clients fidèles,"Cross-sell / upsell, programme de parrainage, abonnement."
2305,Maria Parker,26,Female,Dallas,1,482,5,712.38,142.48,2,1,1,4,0,Perdus,"Email win-back, enquête satisfaction, dernière chance."
2306,Kevin Oconnor,47,Male,Phoenix,0,38,32,13533.05,422.91,4,5,5,14,1,VIP / Champions,"Programme VIP, offres exclusives, service premium, early access."
2307,Edward Burgess,24,Male,Phoenix,0,11,21,7089.35,337.59,5,4,3,12,2,Clients fidèles,"Cross-sell / upsell, programme de parrainage, abonnement."
2308,Carlos Ryan,44,Male,Chicago,1,458,7,1323.52,189.07,2,1,2,5,0,Perdus,"Email win-back, enquête satisfaction, dernière chance."
2309,Kiara Mcintyre,64,Female,Houston,1,587,4,552.85,138.21,1,1,1,3,0,Perdus,"Email win-back, enquête satisfaction, dernière chance."
2310,Dawn Summers,50,Female,San Diego,0,0,29,12418.5,428.22,5,5,5,15,1,VIP / Champions,"Programme VIP, offres exclusives, service premium, early access."
2311,Dr. Paul Morgan,23,Female,Dallas,0,38,16,4210.59,263.16,4,3,3,10,2,Occasionnels,"Nurturing, contenus, promotions saisonnières."
2312,Victor Taylor,31,Female,New York,1,406,5,466.46,93.29,2,1,1,4,0,Perdus,"Email win-back, enquête satisfaction, dernière chance."
2313,Shannon Ramsey,56,Female,Phoenix,0,16,30,12386.48,412.88,4,5,5,14,1,VIP / Champions,"Programme VIP, offres exclusives, service premium, early access."
2314,Tracy Ballard,45,Male,Phoenix,1,920,6,965.06,160.84,1,1,1,3,0,Perdus,"Email win-back, enquête satisfaction, dernière chance."
2315,Richard Smith,41,Male,San Antonio,1,361,8,1267.1799999999998,158.4,2,2,2,6,0,Perdus,"Email win-back, enquête satisfaction, dernière chance."
2316,Jordan Chambers,30,Female,Dallas,0,6,27,8551.84,316.73,5,5,4,14,1,VIP / Champions,"Programme VIP, offres exclusives, service premium, early access."
2317,Lauren Carson,50,Female,Dallas,0,26,19,8848.48,465.71,4,3,4,11,2,Occasionnels,"Nurturing, contenus, promotions saisonnières."
2318,Ashley Hall,57,Male,Chicago,1,709,3,253.63,84.54,1,1,1,3,0,Perdus,"Email win-back, enquête satisfaction, dernière chance."
2319,Stephen Hoffman,68,Female,Dallas,0,5,23,11214.23,487.58,5,4,5,14,1,VIP / Champions,"Programme VIP, offres exclusives, service premium, early access."
2320,Connie Brown,30,Female,Dallas,1,426,9,842.9399999999999,93.66,2,2,1,5,0,Perdus,"Email win-back, enquête satisfaction, dernière chance."
2321,Susan Turner,26,Female,San Diego,0,111,12,5097.03,424.75,3,2,3,8,2,Occasionnels,"Nurturing, contenus, promotions saisonnières."
2322,Charles Shah,56,Male,Philadelphia,0,9,19,8638.51,454.66,5,3,4,12,2,Occasionnels,"Nurturing, contenus, promotions saisonnières."
2323,Johnathan Davis,57,Female,San Jose,0,35,18,6624.28,368.02,4,3,3,10,2,Occasionnels,"Nurturing, contenus, promotions saisonnières."
2324,Brandy Chavez,50,Female,Jacksonville,0,25,23,8895.710000000001,386.77,4,4,4,12,2,VIP / Champions,"Programme VIP, offres exclusives, service premium, early access."
2325,Natalie Bautista,19,Female,Philadelphia,0,2,19,8405.17,442.38,5,3,4,12,2,Occasionnels,"Nurturing, contenus, promotions saisonnières."
2326,Patrick Moore,55,Female,Jacksonville,1,774,6,873.73,145.62,1,1,1,3,0,Perdus,"Email win-back, enquête satisfaction, dernière chance."
2327,Brett Burns,34,Male,Jacksonville,0,61,16,6289.94,393.12,3,3,3,9,2,Occasionnels,"Nurturing, contenus, promotions saisonnières."
2328,Trevor Johnson,28,Female,Chicago,0,5,21,6787.32,323.21,5,4,3,12,2,Clients fidèles,"Cross-sell / upsell, programme de parrainage, abonnement."
2329,Jeremy Sampson,62,Male,Houston,0,117,21,9712.72,462.51,3,4,5,12,2,Clients fidèles,"Cross-sell / upsell, programme de parrainage, abonnement."
2330,Ariana Jennings,44,Male,San Antonio,0,76,19,7436.18,391.38,3,3,4,10,2,Occasionnels,"Nurturing, contenus, promotions saisonnières."
2331,Vanessa Howard,67,Female,Jacksonville,0,104,23,10659.19,463.44,3,4,5,12,1,Clients fidèles,"Cross-sell / upsell, programme de parrainage, abonnement."
2332,Colton Martinez,51,Male,Dallas,1,863,11,2030.13,184.56,1,2,2,5,0,Perdus,"Email win-back, enquête satisfaction, dernière chance."
2333,Jordan Bates,48,Female,Philadelphia,1,599,4,341.65999999999997,85.42,1,1,1,3,0,Perdus,"Email win-back, enquête satisfaction, dernière chance."
2334,Linda Smith,52,Female,Dallas,0,5,21,8205.36,390.73,5,4,4,13,2,VIP / Champions,"Programme VIP, offres exclusives, service premium, early access."
2335,Dana Martinez,64,Female,San Jose,1,261,17,2403.7,141.39,2,3,2,7,0,Occasionnels,"Nurturing, contenus, promotions saisonnières."
2336,Andrea Hubbard,33,Female,Dallas,0,32,23,8182.9,355.78,4,4,4,12,2,VIP / Champions,"Programme VIP, offres exclusives, service premium, early access."
2337,Daniel Kane,37,Female,Jacksonville,0,40,20,7768.09,388.4,4,4,4,12,2,VIP / Champions,"Programme VIP, offres exclusives, service premium, early access."
2338,Charles Lester,49,Female,San Diego,1,643,7,1482.4,211.77,1,1,2,4,0,Perdus,"Email win-back, enquête satisfaction, dernière chance."
2339,Scott Thomas,68,Female,Phoenix,0,31,13,5475.1,421.16,4,2,3,9,2,Occasionnels,"Nurturing, contenus, promotions saisonnières."
2340,David Thompson,52,Female,San Antonio,0,3,14,6139.36,438.53,5,3,3,11,2,Occasionnels,"Nurturing, contenus, promotions saisonnières."
2341,Allison Smith,69,Male,Phoenix,1,502,5,964.9399999999999,192.99,2,1,1,4,0,Perdus,"Email win-back, enquête satisfaction, dernière chance."
2342,Cynthia Morris,63,Male,Philadelphia,0,37,13,4833.57,371.81,4,2,3,9,2,Occasionnels,"Nurturing, contenus, promotions saisonnières."
2343,Anthony Harmon,65,Female,Houston,1,295,8,1611.3,201.41,2,2,2,6,0,Perdus,"Email win-back, enquête satisfaction, dernière chance."
2344,Nichole Alvarez,35,Female,Chicago,1,660,7,1169.8,167.11,1,1,1,3,0,Perdus,"Email win-back, enquête satisfaction, dernière chance."
2345,Kayla Rodriguez,55,Male,Houston,1,501,17,3177.41,186.91,2,3,2,7,0,Occasionnels,"Nurturing, contenus, promotions saisonnières."
2346,Theresa Williams,51,Male,Austin,1,534,16,3073.32,192.08,1,3,2,6,0,Occasionnels,"Nurturing, contenus, promotions saisonnières."
2347,Sharon Boyd,44,Female,Jacksonville,0,22,21,9088.93,432.81,4,4,4,12,2,VIP / Champions,"Programme VIP, offres exclusives, service premium, early access."
2348,Victor Brown,67,Male,New York,0,1,20,8265.49,413.27,5,4,4,13,1,VIP / Champions,"Programme VIP, offres exclusives, service premium, early access."
2349,James Parks,48,Female,Austin,0,160,12,6429.01,535.75,3,2,3,8,2,Occasionnels,"Nurturing, contenus, promotions saisonnières."
2350,Theodore Jones Jr.,36,Female,Phoenix,1,614,12,2202.59,183.55,1,2,2,5,0,Perdus,"Email win-back, enquête satisfaction, dernière chance."
2351,Ana Hill,23,Male,Dallas,1,549,9,1361.9,151.32,1,2,2,5,0,Perdus,"Email win-back, enquête satisfaction, dernière chance."
2352,Kimberly Nguyen,29,Female,Chicago,1,959,3,577.91,192.64,1,1,1,3,0,Perdus,"Email win-back, enquête satisfaction, dernière chance."
2353,Kerry Chavez DDS,43,Female,Chicago,1,1032,2,444.38,222.19,1,1,1,3,0,Perdus,"Email win-back, enquête satisfaction, dernière chance."
2354,Michael Farrell,18,Female,San Jose,1,593,5,932.49,186.5,1,1,1,3,0,Perdus,"Email win-back, enquête satisfaction, dernière chance."
2355,Patricia Le,39,Female,San Diego,1,643,8,1115.44,139.43,1,2,1,4,0,Perdus,"Email win-back, enquête satisfaction, dernière chance."
2356,Jesse Perez,26,Female,Phoenix,0,14,16,6547.83,409.24,4,3,3,10,2,Occasionnels,"Nurturing, contenus, promotions saisonnières."
2357,Jesse Perry,39,Male,Jacksonville,1,683,5,914.1,182.82,1,1,1,3,0,Perdus,"Email win-back, enquête satisfaction, dernière chance."
2358,Jeffery Ortega,63,Male,New York,1,257,14,1568.7,112.05,2,3,2,7,0,Occasionnels,"Nurturing, contenus, promotions saisonnières."
2359,Christian Leblanc,54,Male,Chicago,1,470,8,968.29,121.04,2,2,1,5,0,Perdus,"Email win-back, enquête satisfaction, dernière chance."
2360,Ronald Davis,50,Female,Los Angeles,1,519,4,642.3199999999999,160.58,1,1,1,3,0,Perdus,"Email win-back, enquête satisfaction, dernière chance."
2361,Parker Cain,29,Male,San Diego,1,293,9,1482.81,164.76,2,2,2,6,0,Perdus,"Email win-back, enquête satisfaction, dernière chance."
2362,Laurie Hoffman,18,Female,San Antonio,1,544,8,1040.35,130.04,1,2,1,4,0,Perdus,"Email win-back, enquête satisfaction, dernière chance."
2363,Bryan Gomez,35,Female,Phoenix,0,3,16,6976.530000000001,436.03,5,3,3,11,2,Occasionnels,"Nurturing, contenus, promotions saisonnières."
2364,Nicole Parrish,41,Male,New York,0,232,11,4502.74,409.34,3,2,3,8,0,Occasionnels,"Nurturing, contenus, promotions saisonnières."
2365,Tracy Burke,28,Female,Austin,0,281,18,5461.98,303.44,2,3,3,8,2,À risque,"Campagne de réactivation urgente, remise personnalisée."
2366,Kenneth Lewis,63,Female,Jacksonville,1,342,7,1018.06,145.44,2,1,1,4,0,Perdus,"Email win-back, enquête satisfaction, dernière chance."
2367,Courtney Rodriguez,36,Female,San Jose,1,716,9,2124.9,236.1,1,2,2,5,0,Perdus,"Email win-back, enquête satisfaction, dernière chance."
2368,Holly Farmer,26,Female,Chicago,0,40,24,7761.13,323.38,4,5,4,13,2,VIP / Champions,"Programme VIP, offres exclusives, service premium, early access."
2369,Renee Bruce,56,Female,San Antonio,1,338,9,1697.45,188.61,2,2,2,6,0,Perdus,"Email win-back, enquête satisfaction, dernière chance."
2370,Sabrina Austin,69,Male,Houston,1,287,4,851.69,212.92,2,1,1,4,0,Perdus,"Email win-back, enquête satisfaction, dernière chance."
2371,Allison Hickman,51,Female,Los Angeles,0,1,25,8783.67,351.35,5,5,4,14,1,VIP / Champions,"Programme VIP, offres exclusives, service premium, early access."
2372,Debra White,53,Male,San Jose,0,22,19,7976.1,419.79,4,3,4,11,2,Occasionnels,"Nurturing, contenus, promotions saisonnières."
2373,Ellen Morgan,51,Female,Los Angeles,0,75,15,6294.84,419.66,3,3,3,9,2,Occasionnels,"Nurturing, contenus, promotions saisonnières."
2374,Sergio Knight,49,Male,Dallas,1,468,12,2234.74,186.23,2,2,2,6,0,Perdus,"Email win-back, enquête satisfaction, dernière chance."
2375,Charles Schultz,47,Male,Dallas,1,441,4,465.42999999999995,116.36,2,1,1,4,0,Perdus,"Email win-back, enquête satisfaction, dernière chance."
2376,Paul Lewis,21,Female,Austin,0,28,23,6412.1,278.79,4,4,3,11,2,Clients fidèles,"Cross-sell / upsell, programme de parrainage, abonnement."
2377,Glen Wood,43,Female,New York,1,363,10,2080.73,208.07,2,2,2,6,0,Perdus,"Email win-back, enquête satisfaction, dernière chance."
2378,Paula Bradley,20,Female,Philadelphia,0,0,21,9985.43,475.5,5,4,5,14,1,VIP / Champions,"Programme VIP, offres exclusives, service premium, early access."
2379,Anthony Moore,21,Male,San Diego,0,21,16,8499.14,531.2,4,3,4,11,2,Occasionnels,"Nurturing, contenus, promotions saisonnières."
2380,Megan Nelson,29,Male,Austin,0,39,24,6362.83,265.12,4,5,3,12,2,Clients fidèles,"Cross-sell / upsell, programme de parrainage, abonnement."
2381,Karla Ramos,42,Female,San Antonio,0,1,14,6557.2300000000005,468.37,5,3,3,11,2,Occasionnels,"Nurturing, contenus, promotions saisonnières."
2382,Paul Wilson,60,Male,Austin,0,2,19,8252.95,434.37,5,3,4,12,2,Occasionnels,"Nurturing, contenus, promotions saisonnières."
2383,Douglas Gregory,52,Female,Dallas,0,54,32,14150.12,442.19,3,5,5,13,1,Clients fidèles,"Cross-sell / upsell, programme de parrainage, abonnement."
2384,Mr. Andrew Foster,32,Male,New York,1,449,8,1559.6200000000001,194.95,2,2,2,6,0,Perdus,"Email win-back, enquête satisfaction, dernière chance."
2385,Aimee Turner,64,Female,Dallas,0,57,16,6184.62,386.54,3,3,3,9,2,Occasionnels,"Nurturing, contenus, promotions saisonnières."
2386,Chad Scott,33,Female,Philadelphia,1,455,9,2064.42,229.38,2,2,2,6,0,Perdus,"Email win-back, enquête satisfaction, dernière chance."
2387,Adam Burgess,64,Male,New York,0,24,21,7181.15,341.96,4,4,4,12,2,VIP / Champions,"Programme VIP, offres exclusives, service premium, early access."
2388,James Padilla,19,Male,Houston,1,358,9,2306.23,256.25,2,2,2,6,0,Perdus,"Email win-back, enquête satisfaction, dernière chance."
2389,Sandra Drake,20,Female,San Jose,0,18,17,5507.71,323.98,4,3,3,10,2,Occasionnels,"Nurturing, contenus, promotions saisonnières."
2390,Scott Williams,20,Female,San Diego,0,127,20,5212.82,260.64,3,4,3,10,2,Clients fidèles,"Cross-sell / upsell, programme de parrainage, abonnement."
2391,Thomas Atkins,66,Male,Chicago,0,112,24,10120.23,421.68,3,5,5,13,1,Clients fidèles,"Cross-sell / upsell, programme de parrainage, abonnement."
2392,Laura Mckinney,32,Female,San Jose,1,325,7,1195.59,170.8,2,1,2,5,0,Perdus,"Email win-back, enquête satisfaction, dernière chance."
2393,Brian Smith,27,Male,San Antonio,0,0,26,10406.98,400.27,5,5,5,15,1,VIP / Champions,"Programme VIP, offres exclusives, service premium, early access."
2394,Robert Montgomery,53,Male,Austin,0,21,26,9963.58,383.21,4,5,5,14,1,VIP / Champions,"Programme VIP, offres exclusives, service premium, early access."
2395,Tamara Davis,21,Female,Austin,0,0,28,10475.95,374.14,5,5,5,15,1,VIP / Champions,"Programme VIP, offres exclusives, service premium, early access."
2396,Dana Chapman,38,Female,San Antonio,1,446,15,2579.27,171.95,2,3,2,7,0,Occasionnels,"Nurturing, contenus, promotions saisonnières."
2397,Jennifer Collins,29,Female,Houston,0,227,23,7233.9400000000005,314.52,3,4,4,11,2,Clients fidèles,"Cross-sell / upsell, programme de parrainage, abonnement."
2398,Gary Jackson,63,Male,San Diego,0,189,15,6781.8099999999995,452.12,3,3,3,9,2,Occasionnels,"Nurturing, contenus, promotions saisonnières."
2399,Ashley Hicks,44,Male,San Antonio,0,139,21,6812.54,324.41,3,4,3,10,2,Clients fidèles,"Cross-sell / upsell, programme de parrainage, abonnement."
2400,Hannah Luna,39,Male,San Diego,0,1,16,6485.7300000000005,405.36,5,3,3,11,2,Occasionnels,"Nurturing, contenus, promotions saisonnières."
2401,Robin Young,64,Male,New York,0,25,24,5717.7300000000005,238.24,4,5,3,12,2,Clients fidèles,"Cross-sell / upsell, programme de parrainage, abonnement."
2402,Craig Morrison,56,Male,Los Angeles,0,121,20,7099.35,354.97,3,4,3,10,2,Clients fidèles,"Cross-sell / upsell, programme de parrainage, abonnement."
2403,Mary Thompson,55,Male,San Diego,1,632,6,972.4,162.07,1,1,1,3,0,Perdus,"Email win-back, enquête satisfaction, dernière chance."
2404,Kathleen Webster,39,Female,New York,1,925,2,216.13,108.06,1,1,1,3,0,Perdus,"Email win-back, enquête satisfaction, dernière chance."
2405,Joann Glass,65,Male,Jacksonville,1,686,6,897.1999999999999,149.53,1,1,1,3,0,Perdus,"Email win-back, enquête satisfaction, dernière chance."
2406,Madison Weber,62,Male,San Antonio,1,346,9,1307.17,145.24,2,2,2,6,0,Perdus,"Email win-back, enquête satisfaction, dernière chance."
2407,Lori Hernandez,67,Female,San Antonio,0,4,22,6246.86,283.95,5,4,3,12,2,Clients fidèles,"Cross-sell / upsell, programme de parrainage, abonnement."
2408,Jeremy Turner,40,Female,Phoenix,0,10,17,7683.73,451.98,5,3,4,12,2,Occasionnels,"Nurturing, contenus, promotions saisonnières."
2409,Anthony Romero,49,Female,Los Angeles,0,28,30,12195.21,406.51,4,5,5,14,1,VIP / Champions,"Programme VIP, offres exclusives, service premium, early access."
2410,Jesse Brown,38,Male,Philadelphia,1,168,10,2542.28,254.23,3,2,2,7,0,Occasionnels,"Nurturing, contenus, promotions saisonnières."
2411,Angela Lin,54,Male,Jacksonville,0,37,13,4531.03,348.54,4,2,3,9,2,Occasionnels,"Nurturing, contenus, promotions saisonnières."
2412,Lisa Hunter,53,Female,Phoenix,0,12,18,8194.14,455.23,5,3,4,12,2,Occasionnels,"Nurturing, contenus, promotions saisonnières."
2413,Julian Conner,32,Female,San Jose,0,71,17,6165.88,362.7,3,3,3,9,2,Occasionnels,"Nurturing, contenus, promotions saisonnières."
2414,Joanna Pacheco,59,Female,Phoenix,0,13,19,4196.46,220.87,5,3,3,11,2,Occasionnels,"Nurturing, contenus, promotions saisonnières."
2415,Erica Alvarez,59,Female,San Diego,1,373,6,729.8,121.63,2,1,1,4,0,Perdus,"Email win-back, enquête satisfaction, dernière chance."
2416,Antonio Garcia,40,Male,Chicago,1,655,5,1896.23,379.25,1,1,2,4,0,Perdus,"Email win-back, enquête satisfaction, dernière chance."
2417,Gwendolyn Klein,52,Male,Dallas,0,11,22,6399.71,290.9,5,4,3,12,2,Clients fidèles,"Cross-sell / upsell, programme de parrainage, abonnement."
2418,Carrie Wright,22,Male,New York,1,1037,3,491.56,163.85,1,1,1,3,0,Perdus,"Email win-back, enquête satisfaction, dernière chance."
2419,Jeffrey Mills,58,Male,Los Angeles,0,22,21,7929.29,377.59,4,4,4,12,2,VIP / Champions,"Programme VIP, offres exclusives, service premium, early access."
2420,Jake Campbell,50,Female,Philadelphia,0,38,21,8433.04,401.57,4,4,4,12,2,VIP / Champions,"Programme VIP, offres exclusives, service premium, early access."
2421,George Harper,60,Female,Austin,1,485,9,2021.38,224.6,2,2,2,6,0,Perdus,"Email win-back, enquête satisfaction, dernière chance."
2422,Maria Jones,52,Female,New York,0,79,9,3821.9100000000003,424.66,3,2,3,8,0,Occasionnels,"Nurturing, contenus, promotions saisonnières."
2423,Michael Mitchell,35,Female,New York,0,63,19,9792.869999999999,515.41,3,3,5,11,2,Occasionnels,"Nurturing, contenus, promotions saisonnières."
2424,Mary Escobar,61,Female,Chicago,1,345,3,318.59,106.2,2,1,1,4,0,Perdus,"Email win-back, enquête satisfaction, dernière chance."
2425,Felicia Aguilar,51,Male,Houston,1,702,10,1464.81,146.48,1,2,2,5,0,Perdus,"Email win-back, enquête satisfaction, dernière chance."
2426,Gregory Ponce,34,Female,Phoenix,1,454,12,2910.0,242.5,2,2,2,6,0,Perdus,"Email win-back, enquête satisfaction, dernière chance."
2427,Jenna Larson,43,Female,San Jose,0,1,23,9492.460000000001,412.72,5,4,5,14,1,VIP / Champions,"Programme VIP, offres exclusives, service premium, early access."
2428,Emily Bennett,32,Female,Austin,1,677,5,837.0899999999999,167.42,1,1,1,3,0,Perdus,"Email win-back, enquête satisfaction, dernière chance."
2429,Robin Santiago,59,Male,Los Angeles,1,362,13,2494.08,191.85,2,2,2,6,0,Perdus,"Email win-back, enquête satisfaction, dernière chance."
2430,Nancy Jennings,53,Female,New York,0,10,24,10393.470000000001,433.06,5,5,5,15,1,VIP / Champions,"Programme VIP, offres exclusives, service premium, early access."
2431,Maria Henderson,23,Female,San Antonio,1,711,6,901.87,150.31,1,1,1,3,0,Perdus,"Email win-back, enquête satisfaction, dernière chance."
2432,Jack White,24,Male,Houston,0,8,12,4256.76,354.73,5,2,3,10,2,Occasionnels,"Nurturing, contenus, promotions saisonnières."
2433,Travis Tucker,62,Female,Phoenix,1,811,7,1479.56,211.37,1,1,2,4,0,Perdus,"Email win-back, enquête satisfaction, dernière chance."
2434,Chad Jones,61,Female,Dallas,1,1028,1,64.92,64.92,1,1,1,3,0,Perdus,"Email win-back, enquête satisfaction, dernière chance."
2435,Ashley Wise,38,Male,Houston,0,0,18,8080.4,448.91,5,3,4,12,2,Occasionnels,"Nurturing, contenus, promotions saisonnières."
2436,Sophia Johnson,63,Female,Los Angeles,1,409,13,2589.94,199.23,2,2,2,6,0,Perdus,"Email win-back, enquête satisfaction, dernière chance."
2437,Ralph Anderson,33,Female,Austin,0,10,19,8874.800000000001,467.09,5,3,4,12,2,Occasionnels,"Nurturing, contenus, promotions saisonnières."
2438,Christopher Guerra,65,Male,Jacksonville,0,5,22,10917.27,496.24,5,4,5,14,1,VIP / Champions,"Programme VIP, offres exclusives, service premium, early access."
2439,Rhonda Martin,40,Male,Los Angeles,0,44,28,10796.16,385.58,3,5,5,13,1,Clients fidèles,"Cross-sell / upsell, programme de parrainage, abonnement."
2440,Jason Rhodes,22,Female,San Jose,0,48,30,11885.84,396.19,3,5,5,13,1,Clients fidèles,"Cross-sell / upsell, programme de parrainage, abonnement."
2441,Jeremy Mitchell,38,Male,Austin,1,457,8,1084.48,135.56,2,2,1,5,0,Perdus,"Email win-back, enquête satisfaction, dernière chance."
2442,Joann Ferguson,46,Female,Houston,1,573,5,1161.85,232.37,1,1,1,3,0,Perdus,"Email win-back, enquête satisfaction, dernière chance."
2443,Robert Harrison,42,Female,Chicago,0,19,24,9846.5,410.27,4,5,5,14,1,VIP / Champions,"Programme VIP, offres exclusives, service premium, early access."
2444,Holly Valentine,57,Female,Houston,0,2,22,6709.28,304.97,5,4,3,12,2,Clients fidèles,"Cross-sell / upsell, programme de parrainage, abonnement."
2445,Mrs. Diane Reyes,27,Female,Jacksonville,0,102,16,4671.37,291.96,3,3,3,9,2,Occasionnels,"Nurturing, contenus, promotions saisonnières."
2446,Tracy Montoya,38,Female,Los Angeles,1,600,7,869.97,124.28,1,1,1,3,0,Perdus,"Email win-back, enquête satisfaction, dernière chance."
2447,Brenda Wright,37,Female,Philadelphia,0,57,22,8502.69,386.49,3,4,4,11,2,Clients fidèles,"Cross-sell / upsell, programme de parrainage, abonnement."
2448,Shelly Spencer,23,Male,San Antonio,0,9,24,8093.98,337.25,5,5,4,14,1,VIP / Champions,"Programme VIP, offres exclusives, service premium, early access."
2449,Ryan Rosales,50,Female,Los Angeles,0,1,22,7558.28,343.56,5,4,4,13,1,VIP / Champions,"Programme VIP, offres exclusives, service premium, early access."
2450,Phillip Nelson,53,Male,San Jose,0,8,28,8586.9,306.68,5,5,4,14,1,VIP / Champions,"Programme VIP, offres exclusives, service premium, early access."
2451,Brittany Kim,18,Female,San Antonio,1,555,6,1146.04,191.01,1,1,1,3,0,Perdus,"Email win-back, enquête satisfaction, dernière chance."
2452,Courtney Hayes,64,Male,San Jose,1,317,8,1005.69,125.71,2,2,1,5,0,Perdus,"Email win-back, enquête satisfaction, dernière chance."
2453,Alexander Brown,42,Male,Chicago,0,6,24,9061.529999999999,377.56,5,5,4,14,1,VIP / Champions,"Programme VIP, offres exclusives, service premium, early access."
2454,Cynthia Vang,49,Male,Los Angeles,0,71,19,8336.41,438.76,3,3,4,10,2,Occasionnels,"Nurturing, contenus, promotions saisonnières."
2455,Alfred Galvan,44,Female,San Diego,0,14,15,4982.24,332.15,4,3,3,10,2,Occasionnels,"Nurturing, contenus, promotions saisonnières."
2456,Marie Moody,33,Female,San Jose,0,43,31,13561.130000000001,437.46,4,5,5,14,1,VIP / Champions,"Programme VIP, offres exclusives, service premium, early access."
2457,Dustin Gallegos,26,Female,New York,0,20,24,11759.48,489.98,4,5,5,14,1,VIP / Champions,"Programme VIP, offres exclusives, service premium, early access."
2458,Brenda Thornton,57,Female,Philadelphia,0,109,20,8352.16,417.61,3,4,4,11,2,Clients fidèles,"Cross-sell / upsell, programme de parrainage, abonnement."
2459,Aaron Miller,70,Male,Phoenix,0,55,26,8468.43,325.71,3,5,4,12,1,Clients fidèles,"Cross-sell / upsell, programme de parrainage, abonnement."
2460,Ruben Dunn,62,Male,San Diego,1,442,11,2435.4,221.4,2,2,2,6,0,Perdus,"Email win-back, enquête satisfaction, dernière chance."
2461,Kelsey Rodriguez,43,Female,Phoenix,0,52,26,11053.48,425.13,3,5,5,13,1,Clients fidèles,"Cross-sell / upsell, programme de parrainage, abonnement."
2462,Eric Williams,68,Male,Philadelphia,1,350,2,139.59,69.8,2,1,1,4,0,Perdus,"Email win-back, enquête satisfaction, dernière chance."
2463,Riley Bryant,68,Female,Philadelphia,0,52,23,7277.15,316.4,3,4,4,11,2,Clients fidèles,"Cross-sell / upsell, programme de parrainage, abonnement."
2464,Taylor Carlson,30,Male,Austin,1,917,4,658.76,164.69,1,1,1,3,0,Perdus,"Email win-back, enquête satisfaction, dernière chance."
2465,Jose Allen,47,Male,San Diego,1,923,6,1084.47,180.74,1,1,1,3,0,Perdus,"Email win-back, enquête satisfaction, dernière chance."
2466,Jeffrey Mendez,22,Female,Austin,1,526,12,1862.08,155.17,1,2,2,5,0,Perdus,"Email win-back, enquête satisfaction, dernière chance."
2467,Jason Beck,37,Male,Phoenix,0,51,21,12279.18,584.72,3,4,5,12,1,Clients fidèles,"Cross-sell / upsell, programme de parrainage, abonnement."
2468,William Jones,68,Female,Los Angeles,1,447,11,2079.29,189.03,2,2,2,6,0,Perdus,"Email win-back, enquête satisfaction, dernière chance."
2469,Katie Mcneil,48,Female,Dallas,1,442,3,839.46,279.82,2,1,1,4,0,Perdus,"Email win-back, enquête satisfaction, dernière chance."
2470,Jeanette Harrison,62,Female,Dallas,1,320,10,1477.5900000000001,147.76,2,2,2,6,0,Perdus,"Email win-back, enquête satisfaction, dernière chance."
2471,Veronica King,41,Male,Los Angeles,1,378,10,1868.29,186.83,2,2,2,6,0,Perdus,"Email win-back, enquête satisfaction, dernière chance."
2472,Richard Cooper,40,Male,Austin,1,460,13,2597.2400000000002,199.79,2,2,2,6,0,Perdus,"Email win-back, enquête satisfaction, dernière chance."
2473,Lori Ingram,59,Female,Philadelphia,0,95,25,10473.07,418.92,3,5,5,13,1,Clients fidèles,"Cross-sell / upsell, programme de parrainage, abonnement."
2474,Evelyn Williams,24,Female,Houston,0,19,17,8318.89,489.35,4,3,4,11,2,Occasionnels,"Nurturing, contenus, promotions saisonnières."
2475,Robin Thompson,53,Male,San Diego,1,201,10,2183.38,218.34,3,2,2,7,0,Occasionnels,"Nurturing, contenus, promotions saisonnières."
2476,Julie Dominguez,67,Male,Philadelphia,0,41,21,9411.12,448.15,4,4,5,13,2,VIP / Champions,"Programme VIP, offres exclusives, service premium, early access."
2477,Robin Brown,36,Female,Los Angeles,0,159,24,9591.26,399.64,3,5,5,13,2,Clients fidèles,"Cross-sell / upsell, programme de parrainage, abonnement."
2478,Judith Carter,64,Male,Philadelphia,1,775,4,386.68,96.67,1,1,1,3,0,Perdus,"Email win-back, enquête satisfaction, dernière chance."
2479,Curtis Williams,68,Male,Dallas,0,36,19,7546.349999999999,397.18,4,3,4,11,2,Occasionnels,"Nurturing, contenus, promotions saisonnières."
2480,Kaylee Hays,24,Female,Jacksonville,0,28,14,4062.1600000000003,290.15,4,3,3,10,2,Occasionnels,"Nurturing, contenus, promotions saisonnières."
2481,Dawn Mullins,37,Male,Jacksonville,0,60,30,12275.68,409.19,3,5,5,13,1,Clients fidèles,"Cross-sell / upsell, programme de parrainage, abonnement."
2482,Howard Norman,39,Male,Austin,0,172,21,9806.88,466.99,3,4,5,12,2,Clients fidèles,"Cross-sell / upsell, programme de parrainage, abonnement."
2483,Evelyn Martinez,65,Male,Dallas,1,733,2,299.64,149.82,1,1,1,3,0,Perdus,"Email win-back, enquête satisfaction, dernière chance."
2484,Steve Paul,39,Female,San Diego,0,43,35,14513.97,414.68,4,5,5,14,1,VIP / Champions,"Programme VIP, offres exclusives, service premium, early access."
2485,Jasmine Beltran,58,Male,Chicago,1,444,7,1946.8899999999999,278.13,2,1,2,5,0,Perdus,"Email win-back, enquête satisfaction, dernière chance."
2486,Jonathan Glass MD,65,Male,San Diego,0,42,25,9954.19,398.17,4,5,5,14,1,VIP / Champions,"Programme VIP, offres exclusives, service premium, early access."
2487,Monica Miller,63,Male,Houston,0,20,16,5712.7,357.04,4,3,3,10,2,Occasionnels,"Nurturing, contenus, promotions saisonnières."
2488,Samantha Gardner,69,Male,San Jose,1,471,11,1348.26,122.57,2,2,2,6,0,Perdus,"Email win-back, enquête satisfaction, dernière chance."
2489,Bobby Guerrero,52,Male,Philadelphia,1,634,11,1612.29,146.57,1,2,2,5,0,Perdus,"Email win-back, enquête satisfaction, dernière chance."
2490,Lance Simmons,25,Female,Austin,0,76,19,6129.82,322.62,3,3,3,9,2,Occasionnels,"Nurturing, contenus, promotions saisonnières."
2491,Heather Williams,58,Female,San Jose,0,11,20,6896.47,344.82,5,4,3,12,2,Clients fidèles,"Cross-sell / upsell, programme de parrainage, abonnement."
2492,Heather Bolton,55,Male,Philadelphia,1,369,8,1433.3899999999999,179.17,2,2,2,6,0,Perdus,"Email win-back, enquête satisfaction, dernière chance."
2493,William Gould,57,Male,Austin,1,544,4,917.22,229.3,1,1,1,3,0,Perdus,"Email win-back, enquête satisfaction, dernière chance."
2494,Mark Cox,55,Male,Austin,1,588,7,629.13,89.88,1,1,1,3,0,Perdus,"Email win-back, enquête satisfaction, dernière chance."
2495,Meghan Cisneros,33,Female,Los Angeles,0,16,27,9410.08,348.52,4,5,5,14,1,VIP / Champions,"Programme VIP, offres exclusives, service premium, early access."
2496,Lawrence Harrington,27,Female,San Antonio,0,31,23,10825.73,470.68,4,4,5,13,1,VIP / Champions,"Programme VIP, offres exclusives, service premium, early access."
2497,Austin Osborne,45,Male,San Diego,0,26,17,7599.49,447.03,4,3,4,11,2,Occasionnels,"Nurturing, contenus, promotions saisonnières."
2498,James Bradley,49,Female,Chicago,0,32,20,6820.46,341.02,4,4,3,11,2,Clients fidèles,"Cross-sell / upsell, programme de parrainage, abonnement."
2499,Meghan Rush,46,Male,Philadelphia,0,1,12,4498.44,374.87,5,2,3,10,2,Occasionnels,"Nurturing, contenus, promotions saisonnières."
2500,Phillip Berry,30,Female,Dallas,0,4,26,11254.91,432.88,5,5,5,15,1,VIP / Champions,"Programme VIP, offres exclusives, service premium, early access."
2501,Jennifer Banks,44,Female,San Antonio,1,277,10,2148.25,214.82,2,2,2,6,0,Perdus,"Email win-back, enquête satisfaction, dernière chance."
2502,Brian Fitzgerald,23,Male,Houston,0,28,34,11423.5,335.99,4,5,5,14,1,VIP / Champions,"Programme VIP, offres exclusives, service premium, early access."
2503,Mr. Justin Green III,32,Female,Chicago,0,17,17,6556.06,385.65,4,3,3,10,2,Occasionnels,"Nurturing, contenus, promotions saisonnières."
2504,Zachary Mitchell,67,Female,Dallas,0,9,15,6580.81,438.72,5,3,3,11,2,Occasionnels,"Nurturing, contenus, promotions saisonnières."
2505,Katherine Martinez,25,Female,Dallas,0,2,22,8415.85,382.54,5,4,4,13,1,VIP / Champions,"Programme VIP, offres exclusives, service premium, early access."
2506,Jodi Roach,66,Male,Jacksonville,0,6,25,7767.110000000001,310.68,5,5,4,14,1,VIP / Champions,"Programme VIP, offres exclusives, service premium, early access."
2507,Brandon Fleming,45,Male,Jacksonville,0,48,25,10522.57,420.9,3,5,5,13,1,Clients fidèles,"Cross-sell / upsell, programme de parrainage, abonnement."
2508,Emma Reed,20,Female,Phoenix,0,6,22,9280.69,421.85,5,4,4,13,1,VIP / Champions,"Programme VIP, offres exclusives, service premium, early access."
2509,Joshua Vance,23,Female,Los Angeles,1,557,2,565.26,282.63,1,1,1,3,0,Perdus,"Email win-back, enquête satisfaction, dernière chance."
2510,Michelle Ho,65,Female,Jacksonville,0,29,21,6951.76,331.04,4,4,3,11,2,Clients fidèles,"Cross-sell / upsell, programme de parrainage, abonnement."
2511,Rebecca Hicks,26,Male,Houston,0,41,19,6035.83,317.68,4,3,3,10,2,Occasionnels,"Nurturing, contenus, promotions saisonnières."
2512,Curtis Taylor,52,Female,San Jose,0,9,37,14991.68,405.18,5,5,5,15,1,VIP / Champions,"Programme VIP, offres exclusives, service premium, early access."
2513,Allison Spencer,63,Female,Phoenix,0,89,15,7942.389999999999,529.49,3,3,4,10,2,Occasionnels,"Nurturing, contenus, promotions saisonnières."
2514,Robert Arnold,50,Male,Chicago,1,636,9,1695.3,188.37,1,2,2,5,0,Perdus,"Email win-back, enquête satisfaction, dernière chance."
2515,Angelica Parker,35,Male,Jacksonville,1,416,5,807.3,161.46,2,1,1,4,0,Perdus,"Email win-back, enquête satisfaction, dernière chance."
2516,Dr. Kelly Hammond DVM,63,Female,Houston,0,121,17,7281.18,428.3,3,3,4,10,2,Occasionnels,"Nurturing, contenus, promotions saisonnières."
2517,William Day,54,Female,Austin,0,8,26,10252.94,394.34,5,5,5,15,1,VIP / Champions,"Programme VIP, offres exclusives, service premium, early access."
2518,Michael Cooper,22,Male,San Antonio,0,41,29,11999.86,413.79,4,5,5,14,1,VIP / Champions,"Programme VIP, offres exclusives, service premium, early access."
2519,Penny Bowman,62,Female,San Diego,1,279,2,652.91,326.46,2,1,1,4,0,Perdus,"Email win-back, enquête satisfaction, dernière chance."
2520,Vincent Reynolds,18,Male,Jacksonville,0,8,11,4188.21,380.75,5,2,3,10,2,Occasionnels,"Nurturing, contenus, promotions saisonnières."
2521,Amy Martinez,62,Female,Los Angeles,1,248,18,4413.87,245.22,2,3,3,8,2,À risque,"Campagne de réactivation urgente, remise personnalisée."
2522,Christopher Morris,45,Male,San Diego,0,19,14,5346.5199999999995,381.89,4,3,3,10,2,Occasionnels,"Nurturing, contenus, promotions saisonnières."
2523,Hannah Everett,36,Female,Dallas,0,8,17,8492.05,499.53,5,3,4,12,2,Occasionnels,"Nurturing, contenus, promotions saisonnières."
2524,Sarah King,49,Female,Austin,0,27,27,9350.07,346.3,4,5,4,13,1,VIP / Champions,"Programme VIP, offres exclusives, service premium, early access."
2525,Krista Martinez,58,Female,New York,0,50,24,9354.72,389.78,3,5,4,12,1,Clients fidèles,"Cross-sell / upsell, programme de parrainage, abonnement."
2526,Joseph Shaw,28,Female,San Diego,1,659,12,1404.99,117.08,1,2,2,5,0,Perdus,"Email win-back, enquête satisfaction, dernière chance."
2527,Todd Moore,45,Male,Jacksonville,1,983,5,871.6199999999999,174.32,1,1,1,3,0,Perdus,"Email win-back, enquête satisfaction, dernière chance."
2528,Michelle Jacobs,37,Male,Phoenix,1,958,6,895.05,149.17,1,1,1,3,0,Perdus,"Email win-back, enquête satisfaction, dernière chance."
2529,Kristy Bryan,34,Male,Philadelphia,1,541,10,1608.31,160.83,1,2,2,5,0,Perdus,"Email win-back, enquête satisfaction, dernière chance."
2530,Angel May,58,Female,Jacksonville,0,7,19,7598.85,399.94,5,3,4,12,2,Occasionnels,"Nurturing, contenus, promotions saisonnières."
2531,Marilyn Wang,23,Male,New York,0,91,33,11340.33,343.65,3,5,5,13,1,Clients fidèles,"Cross-sell / upsell, programme de parrainage, abonnement."
2532,Mark Jimenez,26,Male,Dallas,0,64,12,4229.5199999999995,352.46,3,2,3,8,2,Occasionnels,"Nurturing, contenus, promotions saisonnières."
2533,Donna Frye,62,Female,Los Angeles,0,33,18,9237.15,513.17,4,3,4,11,2,Occasionnels,"Nurturing, contenus, promotions saisonnières."
2534,Dr. Michael Evans,48,Male,Houston,1,406,3,262.63,87.54,2,1,1,4,0,Perdus,"Email win-back, enquête satisfaction, dernière chance."
2535,Anthony Gonzales,69,Male,Los Angeles,0,58,12,4247.18,353.93,3,2,3,8,2,Occasionnels,"Nurturing, contenus, promotions saisonnières."
2536,Mr. Lawrence Edwards,37,Male,San Antonio,0,10,20,8793.31,439.67,5,4,4,13,2,VIP / Champions,"Programme VIP, offres exclusives, service premium, early access."
2537,Morgan Valencia,61,Male,Los Angeles,1,580,7,1843.98,263.43,1,1,2,4,0,Perdus,"Email win-back, enquête satisfaction, dernière chance."
2538,Bianca Wood,57,Male,San Diego,0,2,21,7837.96,373.24,5,4,4,13,2,VIP / Champions,"Programme VIP, offres exclusives, service premium, early access."
2539,Emma Owens,58,Male,San Antonio,1,260,10,1468.64,146.86,2,2,2,6,0,Perdus,"Email win-back, enquête satisfaction, dernière chance."
2540,David Davis,23,Male,Chicago,1,430,7,1114.35,159.19,2,1,1,4,0,Perdus,"Email win-back, enquête satisfaction, dernière chance."
2541,James Gilbert,42,Female,San Antonio,0,86,18,5790.68,321.7,3,3,3,9,2,Occasionnels,"Nurturing, contenus, promotions saisonnières."
2542,Sean Moore,33,Female,Austin,1,356,20,4652.05,232.6,2,4,3,9,2,À risque,"Campagne de réactivation urgente, remise personnalisée."
2543,Kenneth Edwards,56,Female,Jacksonville,0,21,18,7839.57,435.53,4,3,4,11,2,Occasionnels,"Nurturing, contenus, promotions saisonnières."
2544,Kathleen Robertson,60,Female,Houston,1,886,13,2696.71,207.44,1,2,2,5,0,Perdus,"Email win-back, enquête satisfaction, dernière chance."
2545,Mr. Alexander Landry MD,30,Female,Phoenix,1,199,7,2003.8200000000002,286.26,3,1,2,6,0,Occasionnels,"Nurturing, contenus, promotions saisonnières."
2546,Cindy Gomez,68,Male,San Diego,1,739,4,592.9,148.22,1,1,1,3,0,Perdus,"Email win-back, enquête satisfaction, dernière chance."
2547,Johnny Khan,49,Male,Dallas,0,2,26,10043.41,386.28,5,5,5,15,1,VIP / Champions,"Programme VIP, offres exclusives, service premium, early access."
2548,Julie Herrera,38,Male,San Antonio,1,981,2,414.96999999999997,207.48,1,1,1,3,0,Perdus,"Email win-back, enquête satisfaction, dernière chance."
2549,Jessica Khan,61,Male,San Diego,0,7,15,4869.139999999999,324.61,5,3,3,11,2,Occasionnels,"Nurturing, contenus, promotions saisonnières."
2550,Pamela Diaz,22,Male,Phoenix,0,50,19,6197.34,326.18,3,3,3,9,2,Occasionnels,"Nurturing, contenus, promotions saisonnières."
2551,Kelly Lee,21,Female,Dallas,0,10,27,11130.15,412.23,5,5,5,15,1,VIP / Champions,"Programme VIP, offres exclusives, service premium, early access."
2552,Angel Gordon,50,Female,San Antonio,1,397,11,1747.22,158.84,2,2,2,6,0,Perdus,"Email win-back, enquête satisfaction, dernière chance."
2553,Diana Hays,52,Male,Phoenix,0,67,27,9775.55,362.06,3,5,5,13,1,Clients fidèles,"Cross-sell / upsell, programme de parrainage, abonnement."
2554,Barbara Hester,50,Male,Chicago,0,14,20,8270.12,413.51,4,4,4,12,2,VIP / Champions,"Programme VIP, offres exclusives, service premium, early access."
2555,Robert Morgan,58,Male,Phoenix,0,17,28,13464.12,480.86,4,5,5,14,1,VIP / Champions,"Programme VIP, offres exclusives, service premium, early access."
2556,Nicole Gonzalez,33,Male,Houston,1,237,9,2080.53,231.17,2,2,2,6,0,Perdus,"Email win-back, enquête satisfaction, dernière chance."
2557,Kathryn Williams,25,Female,San Jose,1,999,4,696.3199999999999,174.08,1,1,1,3,0,Perdus,"Email win-back, enquête satisfaction, dernière chance."
2558,Gary Wells,65,Male,Los Angeles,0,194,22,6214.429999999999,282.47,3,4,3,10,2,Clients fidèles,"Cross-sell / upsell, programme de parrainage, abonnement."
2559,Larry Robertson,62,Male,Chicago,1,715,7,1423.1399999999999,203.31,1,1,2,4,0,Perdus,"Email win-back, enquête satisfaction, dernière chance."
2560,Louis Martin,51,Female,Chicago,1,359,4,564.3900000000001,141.1,2,1,1,4,0,Perdus,"Email win-back, enquête satisfaction, dernière chance."
2561,Nancy Evans MD,67,Female,Jacksonville,0,88,21,8611.2,410.06,3,4,4,11,2,Clients fidèles,"Cross-sell / upsell, programme de parrainage, abonnement."
2562,Kim Erickson,19,Female,San Antonio,1,426,14,2984.46,213.18,2,3,2,7,0,Occasionnels,"Nurturing, contenus, promotions saisonnières."
2563,Robert Richardson,34,Male,San Diego,0,30,15,6481.21,432.08,4,3,3,10,2,Occasionnels,"Nurturing, contenus, promotions saisonnières."
2564,Veronica Silva,21,Female,San Jose,0,74,16,5647.22,352.95,3,3,3,9,2,Occasionnels,"Nurturing, contenus, promotions saisonnières."
2565,Molly Watts,34,Male,San Jose,0,0,35,14034.039999999999,400.97,5,5,5,15,1,VIP / Champions,"Programme VIP, offres exclusives, service premium, early access."
2566,John Coffey,50,Male,New York,0,39,36,13101.7,363.94,4,5,5,14,1,VIP / Champions,"Programme VIP, offres exclusives, service premium, early access."
2567,Paula Lane,48,Female,San Antonio,0,191,14,5354.13,382.44,3,3,3,9,2,Occasionnels,"Nurturing, contenus, promotions saisonnières."
2568,Lauren Jackson,20,Female,Houston,0,9,19,6390.0,336.32,5,3,3,11,2,Occasionnels,"Nurturing, contenus, promotions saisonnières."
2569,Lisa Randall,64,Female,Phoenix,0,13,30,13235.57,441.19,5,5,5,15,1,VIP / Champions,"Programme VIP, offres exclusives, service premium, early access."
2570,Michael Johnson,25,Male,Chicago,0,1,28,10685.35,381.62,5,5,5,15,1,VIP / Champions,"Programme VIP, offres exclusives, service premium, early access."
2571,Ashley Smith,20,Female,Los Angeles,1,618,6,1115.81,185.97,1,1,1,3,0,Perdus,"Email win-back, enquête satisfaction, dernière chance."
2572,Christian Vaughn,67,Female,Philadelphia,1,396,8,1132.45,141.56,2,2,1,5,0,Perdus,"Email win-back, enquête satisfaction, dernière chance."
2573,Reginald Knapp,18,Female,Houston,0,82,28,9579.63,342.13,3,5,5,13,1,Clients fidèles,"Cross-sell / upsell, programme de parrainage, abonnement."
2574,Nancy Brown,37,Male,San Diego,0,147,22,7327.589999999999,333.07,3,4,4,11,2,Clients fidèles,"Cross-sell / upsell, programme de parrainage, abonnement."
2575,Daniel Nguyen,49,Male,Jacksonville,0,5,22,8208.27,373.1,5,4,4,13,1,VIP / Champions,"Programme VIP, offres exclusives, service premium, early access."
2576,Kelly Edwards,44,Male,Houston,0,21,27,11414.29,422.75,4,5,5,14,1,VIP / Champions,"Programme VIP, offres exclusives, service premium, early access."
2577,Thomas Peterson,62,Male,Philadelphia,1,342,11,2232.31,202.94,2,2,2,6,0,Perdus,"Email win-back, enquête satisfaction, dernière chance."
2578,Raymond Le,42,Female,Los Angeles,1,384,12,2771.24,230.94,2,2,2,6,0,Perdus,"Email win-back, enquête satisfaction, dernière chance."
2579,Melissa Bishop,33,Female,San Diego,0,5,14,3906.01,279.0,5,3,3,11,2,Occasionnels,"Nurturing, contenus, promotions saisonnières."
2580,David Grant,27,Female,Los Angeles,1,857,3,667.14,222.38,1,1,1,3,0,Perdus,"Email win-back, enquête satisfaction, dernière chance."
2581,William Evans,51,Female,Jacksonville,1,905,3,479.86,159.95,1,1,1,3,0,Perdus,"Email win-back, enquête satisfaction, dernière chance."
2582,Daniel Bush,65,Male,San Jose,0,9,27,10775.14,399.08,5,5,5,15,1,VIP / Champions,"Programme VIP, offres exclusives, service premium, early access."
2583,Gregory Peck,58,Female,Los Angeles,0,57,12,4063.32,338.61,3,2,3,8,2,Occasionnels,"Nurturing, contenus, promotions saisonnières."
2584,Denise Martinez,26,Male,Phoenix,0,89,14,6349.76,453.55,3,3,3,9,2,Occasionnels,"Nurturing, contenus, promotions saisonnières."
2585,Jamie Baird,69,Female,Jacksonville,1,658,8,737.25,92.16,1,2,1,4,0,Perdus,"Email win-back, enquête satisfaction, dernière chance."
2586,Tina Ballard,35,Male,Los Angeles,0,9,14,3546.5,253.32,5,3,3,11,2,Occasionnels,"Nurturing, contenus, promotions saisonnières."
2587,Dwayne Klein,67,Male,Chicago,0,26,29,11989.64,413.44,4,5,5,14,1,VIP / Champions,"Programme VIP, offres exclusives, service premium, early access."
2588,Jeremy Scott,47,Female,San Antonio,0,90,18,8529.88,473.88,3,3,4,10,2,Occasionnels,"Nurturing, contenus, promotions saisonnières."
2589,Dale Ryan,67,Male,San Diego,0,66,32,16410.03,512.81,3,5,5,13,1,Clients fidèles,"Cross-sell / upsell, programme de parrainage, abonnement."
2590,Melissa Taylor,25,Male,Chicago,0,9,21,7931.05,377.67,5,4,4,13,2,VIP / Champions,"Programme VIP, offres exclusives, service premium, early access."
2591,Laurie Sanchez,62,Male,Houston,1,654,3,499.5400000000001,166.51,1,1,1,3,0,Perdus,"Email win-back, enquête satisfaction, dernière chance."
2592,Kiara Little,63,Male,Philadelphia,0,8,17,8375.76,492.69,5,3,4,12,2,Occasionnels,"Nurturing, contenus, promotions saisonnières."
2593,Jason Love,61,Female,Phoenix,0,5,27,10381.95,384.52,5,5,5,15,1,VIP / Champions,"Programme VIP, offres exclusives, service premium, early access."
2594,Randy Smith,43,Female,Dallas,0,12,30,13346.18,444.87,5,5,5,15,1,VIP / Champions,"Programme VIP, offres exclusives, service premium, early access."
2595,Tanya Russell,24,Male,Los Angeles,0,25,29,11439.18,394.45,4,5,5,14,1,VIP / Champions,"Programme VIP, offres exclusives, service premium, early access."
2596,Sherry Woods,67,Male,Chicago,0,75,19,6135.87,322.94,3,3,3,9,2,Occasionnels,"Nurturing, contenus, promotions saisonnières."
2597,Victor Morris,41,Male,San Jose,1,887,2,543.58,271.79,1,1,1,3,0,Perdus,"Email win-back, enquête satisfaction, dernière chance."
2598,Susan Davis,22,Male,Los Angeles,1,577,9,768.29,85.37,1,2,1,4,0,Perdus,"Email win-back, enquête satisfaction, dernière chance."
2599,Kimberly Sharp,46,Male,Los Angeles,1,681,6,1231.83,205.3,1,1,2,4,0,Perdus,"Email win-back, enquête satisfaction, dernière chance."
2600,Susan Thompson,47,Male,Chicago,0,95,21,7901.5,376.26,3,4,4,11,2,Clients fidèles,"Cross-sell / upsell, programme de parrainage, abonnement."
2601,Casey Gillespie,43,Female,New York,1,511,1,27.08,27.08,1,1,1,3,0,Perdus,"Email win-back, enquête satisfaction, dernière chance."
2602,Jennifer Simpson DVM,29,Female,Houston,1,251,16,2660.54,166.28,2,3,2,7,0,Occasionnels,"Nurturing, contenus, promotions saisonnières."
2603,Tammy Mcdowell,46,Male,New York,0,53,29,9401.960000000001,324.21,3,5,4,12,1,Clients fidèles,"Cross-sell / upsell, programme de parrainage, abonnement."
2604,Keith Rodriguez,49,Female,Dallas,1,338,16,3439.48,214.97,2,3,3,8,0,À risque,"Campagne de réactivation urgente, remise personnalisée."
2605,Mrs. Virginia Daniels,35,Female,Chicago,0,14,22,6322.87,287.4,4,4,3,11,2,Clients fidèles,"Cross-sell / upsell, programme de parrainage, abonnement."
2606,Todd Rosales MD,69,Male,Austin,0,16,27,10679.2,395.53,4,5,5,14,1,VIP / Champions,"Programme VIP, offres exclusives, service premium, early access."
2607,Brian Martin,68,Female,San Diego,1,1108,7,975.53,139.36,1,1,1,3,0,Perdus,"Email win-back, enquête satisfaction, dernière chance."
2608,David Lopez,54,Female,San Antonio,0,12,20,10341.05,517.05,5,4,5,14,1,VIP / Champions,"Programme VIP, offres exclusives, service premium, early access."
2609,Rachel Bradley,38,Male,New York,0,10,25,9964.67,398.59,5,5,5,15,1,VIP / Champions,"Programme VIP, offres exclusives, service premium, early access."
2610,Casey Chase,48,Female,San Jose,0,80,19,8007.42,421.44,3,3,4,10,2,Occasionnels,"Nurturing, contenus, promotions saisonnières."
2611,Samantha Robertson,24,Male,Austin,1,514,5,597.27,119.45,1,1,1,3,0,Perdus,"Email win-back, enquête satisfaction, dernière chance."
2612,Michael Lopez,70,Male,Houston,0,40,17,5473.47,321.97,4,3,3,10,2,Occasionnels,"Nurturing, contenus, promotions saisonnières."
2613,Franklin Wright,29,Male,Houston,0,21,30,12786.0,426.2,4,5,5,14,1,VIP / Champions,"Programme VIP, offres exclusives, service premium, early access."
2614,David Molina,62,Female,San Jose,1,587,2,305.1,152.55,1,1,1,3,0,Perdus,"Email win-back, enquête satisfaction, dernière chance."
2615,Elizabeth Sharp,40,Male,San Jose,1,749,7,1483.22,211.89,1,1,2,4,0,Perdus,"Email win-back, enquête satisfaction, dernière chance."
2616,Matthew Schwartz,69,Female,Dallas,1,795,3,231.1,77.03,1,1,1,3,0,Perdus,"Email win-back, enquête satisfaction, dernière chance."
2617,Bryan Parker,20,Male,New York,0,14,22,7976.68,362.58,4,4,4,12,2,VIP / Champions,"Programme VIP, offres exclusives, service premium, early access."
2618,Jonathan Jacobson,19,Female,New York,1,356,8,1866.47,233.31,2,2,2,6,0,Perdus,"Email win-back, enquête satisfaction, dernière chance."
2619,Emily Wilson,30,Male,Philadelphia,1,652,4,596.1500000000001,149.04,1,1,1,3,0,Perdus,"Email win-back, enquête satisfaction, dernière chance."
2620,Elizabeth Mendez,38,Male,New York,1,540,5,663.19,132.64,1,1,1,3,0,Perdus,"Email win-back, enquête satisfaction, dernière chance."
2621,Casey Hernandez,27,Male,Dallas,0,1,22,8847.03,402.14,5,4,4,13,1,VIP / Champions,"Programme VIP, offres exclusives, service premium, early access."
2622,Lisa Perry,41,Female,San Jose,1,528,3,483.92999999999995,161.31,1,1,1,3,0,Perdus,"Email win-back, enquête satisfaction, dernière chance."
2623,Kaitlin Medina,38,Male,Chicago,0,4,27,10063.14,372.71,5,5,5,15,1,VIP / Champions,"Programme VIP, offres exclusives, service premium, early access."
2624,Colleen Wright,49,Female,Chicago,1,210,7,1793.3,256.19,3,1,2,6,0,Occasionnels,"Nurturing, contenus, promotions saisonnières."
2625,Shelley Miller,55,Male,San Antonio,0,6,18,8813.49,489.64,5,3,4,12,2,Occasionnels,"Nurturing, contenus, promotions saisonnières."
2626,Michael Miller,36,Male,Chicago,1,386,6,747.44,124.57,2,1,1,4,0,Perdus,"Email win-back, enquête satisfaction, dernière chance."
2627,Amy Kelley,54,Female,San Jose,1,842,5,408.25,81.65,1,1,1,3,0,Perdus,"Email win-back, enquête satisfaction, dernière chance."
2628,Laura Hernandez,38,Male,Austin,0,7,28,12267.09,438.11,5,5,5,15,1,VIP / Champions,"Programme VIP, offres exclusives, service premium, early access."
2629,Joseph Wilson,27,Female,Jacksonville,1,551,4,555.8299999999999,138.96,1,1,1,3,0,Perdus,"Email win-back, enquête satisfaction, dernière chance."
2630,Kevin Davis,38,Male,Austin,0,159,10,3968.41,396.84,3,2,3,8,0,Occasionnels,"Nurturing, contenus, promotions saisonnières."
2631,Rhonda Chavez,60,Female,San Diego,1,840,6,969.9000000000001,161.65,1,1,1,3,0,Perdus,"Email win-back, enquête satisfaction, dernière chance."
2632,Joyce Brown,33,Male,Philadelphia,0,105,18,7288.91,404.94,3,3,4,10,2,Occasionnels,"Nurturing, contenus, promotions saisonnières."
2633,Robert Cummings,64,Male,New York,1,467,7,2063.86,294.84,2,1,2,5,0,Perdus,"Email win-back, enquête satisfaction, dernière chance."
2634,Robert Reese,44,Male,San Antonio,0,30,9,2984.73,331.64,4,2,2,8,2,Nouveaux / à activer,"Onboarding, offre de bienvenue, incitation 2ème achat."
2635,Amber Cooper,40,Female,Los Angeles,1,401,2,272.55,136.28,2,1,1,4,0,Perdus,"Email win-back, enquête satisfaction, dernière chance."
2636,Zachary Michael,54,Male,Chicago,1,209,17,4157.48,244.56,3,3,3,9,2,Occasionnels,"Nurturing, contenus, promotions saisonnières."
2637,Timothy Johnson,20,Female,New York,0,9,21,8396.75,399.85,5,4,4,13,2,VIP / Champions,"Programme VIP, offres exclusives, service premium, early access."
2638,Randy Cannon,24,Male,Philadelphia,0,6,22,10733.42,487.88,5,4,5,14,1,VIP / Champions,"Programme VIP, offres exclusives, service premium, early access."
2639,Maria Fisher,28,Male,Dallas,1,712,8,1442.13,180.27,1,2,2,5,0,Perdus,"Email win-back, enquête satisfaction, dernière chance."
2640,Janet Kane DVM,57,Female,Jacksonville,0,20,24,7930.68,330.44,4,5,4,13,2,VIP / Champions,"Programme VIP, offres exclusives, service premium, early access."
2641,Michael Stanley,59,Male,San Jose,0,66,21,6840.57,325.74,3,4,3,10,2,Clients fidèles,"Cross-sell / upsell, programme de parrainage, abonnement."
2642,Martha Bailey,24,Female,Houston,0,7,15,5390.81,359.39,5,3,3,11,2,Occasionnels,"Nurturing, contenus, promotions saisonnières."
2643,Joshua Rice,53,Female,Austin,0,13,23,8018.39,348.63,5,4,4,13,2,VIP / Champions,"Programme VIP, offres exclusives, service premium, early access."
2644,Courtney Smith,24,Male,San Antonio,0,7,13,4947.41,380.57,5,2,3,10,2,Occasionnels,"Nurturing, contenus, promotions saisonnières."
2645,Edwin Nunez,41,Male,San Antonio,0,14,22,11447.51,520.34,4,4,5,13,1,VIP / Champions,"Programme VIP, offres exclusives, service premium, early access."
2646,Kim Morrow,60,Female,Houston,0,60,20,7003.049999999999,350.15,3,4,3,10,2,Clients fidèles,"Cross-sell / upsell, programme de parrainage, abonnement."
2647,Gregory Hill,28,Female,Los Angeles,0,99,11,5990.76,544.61,3,2,3,8,2,Occasionnels,"Nurturing, contenus, promotions saisonnières."
2648,Molly Rodriguez,37,Female,San Diego,1,397,6,799.4000000000001,133.23,2,1,1,4,0,Perdus,"Email win-back, enquête satisfaction, dernière chance."
2649,Jennifer Miranda,34,Male,Austin,1,328,13,1872.18,144.01,2,2,2,6,0,Perdus,"Email win-back, enquête satisfaction, dernière chance."
2650,Alexis Harris,42,Female,Chicago,0,0,27,10520.02,389.63,5,5,5,15,1,VIP / Champions,"Programme VIP, offres exclusives, service premium, early access."
2651,Andrew Harper,46,Female,Phoenix,0,4,26,10393.82,399.76,5,5,5,15,1,VIP / Champions,"Programme VIP, offres exclusives, service premium, early access."
2652,Amber Yang,54,Male,Chicago,1,765,5,540.37,108.07,1,1,1,3,0,Perdus,"Email win-back, enquête satisfaction, dernière chance."
2653,David Robinson,40,Female,San Jose,0,1,25,11825.14,473.01,5,5,5,15,1,VIP / Champions,"Programme VIP, offres exclusives, service premium, early access."
2654,Amy Gordon,42,Female,Dallas,0,67,24,8759.2,364.97,3,5,4,12,2,Clients fidèles,"Cross-sell / upsell, programme de parrainage, abonnement."
2655,Robert Dennis,33,Female,Phoenix,0,45,21,8942.02,425.81,3,4,4,11,2,Clients fidèles,"Cross-sell / upsell, programme de parrainage, abonnement."
2656,Kyle Chambers,63,Male,Dallas,0,191,28,10023.53,357.98,3,5,5,13,1,Clients fidèles,"Cross-sell / upsell, programme de parrainage, abonnement."
2657,Eric Thomas,61,Male,Los Angeles,1,326,3,527.25,175.75,2,1,1,4,0,Perdus,"Email win-back, enquête satisfaction, dernière chance."
2658,Connie Turner,28,Male,Houston,0,43,21,9148.64,435.65,4,4,4,12,2,VIP / Champions,"Programme VIP, offres exclusives, service premium, early access."
2659,Travis Hobbs,23,Female,Houston,0,10,18,5670.41,315.02,5,3,3,11,2,Occasionnels,"Nurturing, contenus, promotions saisonnières."
2660,Lori Simmons,34,Female,Jacksonville,1,545,13,1349.43,103.8,1,2,2,5,0,Perdus,"Email win-back, enquête satisfaction, dernière chance."
2661,William David DDS,53,Female,Dallas,0,18,21,8032.36,382.49,4,4,4,12,2,VIP / Champions,"Programme VIP, offres exclusives, service premium, early access."
2662,Emma Butler,51,Female,New York,1,615,3,518.67,172.89,1,1,1,3,0,Perdus,"Email win-back, enquête satisfaction, dernière chance."
2663,James Webster,25,Female,Chicago,1,253,10,1809.1699999999998,180.92,2,2,2,6,0,Perdus,"Email win-back, enquête satisfaction, dernière chance."
2664,Samuel Turner,55,Male,Los Angeles,0,26,24,7176.69,299.03,4,5,4,13,2,VIP / Champions,"Programme VIP, offres exclusives, service premium, early access."
2665,Renee Melendez,52,Female,San Antonio,1,458,12,2569.64,214.14,2,2,2,6,0,Perdus,"Email win-back, enquête satisfaction, dernière chance."
2666,Tracy Grant,49,Female,New York,0,11,28,11661.64,416.49,5,5,5,15,1,VIP / Champions,"Programme VIP, offres exclusives, service premium, early access."
2667,David Harris,27,Female,New York,0,42,16,5078.13,317.38,4,3,3,10,2,Occasionnels,"Nurturing, contenus, promotions saisonnières."
2668,Tammy Boone,39,Male,New York,1,528,2,226.64000000000001,113.32,1,1,1,3,0,Perdus,"Email win-back, enquête satisfaction, dernière chance."
2669,Nathaniel Lee,41,Male,Philadelphia,1,372,8,1398.29,174.79,2,2,2,6,0,Perdus,"Email win-back, enquête satisfaction, dernière chance."
2670,Michael Morrison,49,Male,Houston,0,12,22,7429.469999999999,337.7,5,4,4,13,2,VIP / Champions,"Programme VIP, offres exclusives, service premium, early access."
2671,Chelsea Gill,65,Female,Philadelphia,0,3,28,10451.65,373.27,5,5,5,15,1,VIP / Champions,"Programme VIP, offres exclusives, service premium, early access."
2672,Kristin Mendoza,56,Male,Houston,1,495,8,1141.4,142.68,2,2,1,5,0,Perdus,"Email win-back, enquête satisfaction, dernière chance."
2673,Felicia Krueger,70,Female,Jacksonville,0,13,24,7263.21,302.63,5,5,4,14,2,VIP / Champions,"Programme VIP, offres exclusives, service premium, early access."
2674,Timothy Hayden,41,Male,Dallas,1,264,9,1750.49,194.5,2,2,2,6,0,Perdus,"Email win-back, enquête satisfaction, dernière chance."
2675,Zachary Mendoza,63,Female,Chicago,0,104,19,9259.59,487.35,3,3,4,10,2,Occasionnels,"Nurturing, contenus, promotions saisonnières."
2676,Larry Harris,19,Male,Houston,1,330,3,829.8500000000001,276.62,2,1,1,4,0,Perdus,"Email win-back, enquête satisfaction, dernière chance."
2677,Kristen Rowe,33,Male,San Diego,1,810,3,464.5,154.83,1,1,1,3,0,Perdus,"Email win-back, enquête satisfaction, dernière chance."
2678,Joseph Howard,63,Male,Phoenix,1,1032,3,418.39,139.46,1,1,1,3,0,Perdus,"Email win-back, enquête satisfaction, dernière chance."
2679,Jose Crawford,50,Female,Austin,1,565,1,58.92,58.92,1,1,1,3,0,Perdus,"Email win-back, enquête satisfaction, dernière chance."
2680,William Harrison,33,Female,San Diego,1,651,18,2699.86,149.99,1,3,2,6,0,Occasionnels,"Nurturing, contenus, promotions saisonnières."
2681,Suzanne Wood,48,Female,Philadelphia,0,40,19,6214.29,327.07,4,3,3,10,2,Occasionnels,"Nurturing, contenus, promotions saisonnières."
2682,Justin Walker,34,Male,Phoenix,1,765,6,1159.8700000000001,193.31,1,1,1,3,0,Perdus,"Email win-back, enquête satisfaction, dernière chance."
2683,Dean Donovan,28,Male,Houston,0,1,21,8083.26,384.92,5,4,4,13,1,VIP / Champions,"Programme VIP, offres exclusives, service premium, early access."
2684,Jennifer Hernandez,35,Female,Dallas,1,318,8,1340.25,167.53,2,2,2,6,0,Perdus,"Email win-back, enquête satisfaction, dernière chance."
2685,James Whitaker,67,Male,San Diego,1,1095,3,475.76,158.59,1,1,1,3,0,Perdus,"Email win-back, enquête satisfaction, dernière chance."
2686,Mr. Michael Scott PhD,56,Male,Houston,1,567,7,2061.31,294.47,1,1,2,4,0,Perdus,"Email win-back, enquête satisfaction, dernière chance."
2687,Maria Henry,37,Female,San Antonio,1,431,7,1566.3400000000001,223.76,2,1,2,5,0,Perdus,"Email win-back, enquête satisfaction, dernière chance."
2688,Robert Jackson,47,Female,Houston,1,465,5,453.37,90.67,2,1,1,4,0,Perdus,"Email win-back, enquête satisfaction, dernière chance."
2689,Katherine Stark,51,Female,San Jose,0,29,23,10913.52,474.5,4,4,5,13,1,VIP / Champions,"Programme VIP, offres exclusives, service premium, early access."
2690,Maria Brown,60,Female,Dallas,0,20,25,10685.99,427.44,4,5,5,14,1,VIP / Champions,"Programme VIP, offres exclusives, service premium, early access."
2691,Ryan Landry,24,Female,Los Angeles,0,105,23,7643.04,332.31,3,4,4,11,2,Clients fidèles,"Cross-sell / upsell, programme de parrainage, abonnement."
2692,Pamela Gutierrez,58,Female,Phoenix,1,396,7,1155.35,165.05,2,1,1,4,0,Perdus,"Email win-back, enquête satisfaction, dernière chance."
2693,Crystal Mann,59,Female,Houston,1,416,12,2386.31,198.86,2,2,2,6,0,Perdus,"Email win-back, enquête satisfaction, dernière chance."
2694,Jonathan Brooks,33,Male,San Jose,0,23,27,11208.99,415.15,4,5,5,14,1,VIP / Champions,"Programme VIP, offres exclusives, service premium, early access."
2695,Mary Jensen,61,Male,Jacksonville,1,231,10,2262.7999999999997,226.28,3,2,2,7,0,Occasionnels,"Nurturing, contenus, promotions saisonnières."
2696,Mr. Aaron Arnold,36,Female,San Antonio,1,359,11,1683.15,153.01,2,2,2,6,0,Perdus,"Email win-back, enquête satisfaction, dernière chance."
2697,Joseph Hill,20,Male,Philadelphia,0,87,15,6136.12,409.07,3,3,3,9,2,Occasionnels,"Nurturing, contenus, promotions saisonnières."
2698,Alicia Li,58,Female,Austin,1,529,10,1864.0600000000002,186.41,1,2,2,5,0,Perdus,"Email win-back, enquête satisfaction, dernière chance."
2699,Renee Browning,28,Male,Phoenix,0,19,21,8478.75,403.75,4,4,4,12,2,VIP / Champions,"Programme VIP, offres exclusives, service premium, early access."
2700,Brent Hernandez,65,Female,Jacksonville,0,95,22,9918.31,450.83,3,4,5,12,2,Clients fidèles,"Cross-sell / upsell, programme de parrainage, abonnement."
2701,Joseph Ochoa,39,Male,Houston,1,710,5,635.76,127.15,1,1,1,3,0,Perdus,"Email win-back, enquête satisfaction, dernière chance."
2702,James Watson,37,Female,Philadelphia,0,1,33,16215.0,491.36,5,5,5,15,1,VIP / Champions,"Programme VIP, offres exclusives, service premium, early access."
2703,Karl Branch,36,Female,Los Angeles,0,3,16,7481.65,467.6,5,3,4,12,2,Occasionnels,"Nurturing, contenus, promotions saisonnières."
2704,Michael Abbott,58,Male,San Diego,0,22,23,8648.25,376.01,4,4,4,12,2,VIP / Champions,"Programme VIP, offres exclusives, service premium, early access."
2705,Shannon Malone,61,Female,Dallas,0,30,21,9279.42,441.88,4,4,4,12,2,VIP / Champions,"Programme VIP, offres exclusives, service premium, early access."
2706,James Tran,27,Male,Houston,0,274,13,3995.0,307.31,2,2,3,7,0,Occasionnels,"Nurturing, contenus, promotions saisonnières."
2707,Adam Jackson,54,Female,Chicago,0,40,28,10895.29,389.12,4,5,5,14,1,VIP / Champions,"Programme VIP, offres exclusives, service premium, early access."
2708,Mr. Richard Knight PhD,29,Male,San Diego,1,744,3,603.8,201.27,1,1,1,3,0,Perdus,"Email win-back, enquête satisfaction, dernière chance."
2709,Joseph Williams,29,Female,Austin,1,334,8,1840.08,230.01,2,2,2,6,0,Perdus,"Email win-back, enquête satisfaction, dernière chance."
2710,Sean Clay,35,Male,Chicago,0,16,27,10028.81,371.44,4,5,5,14,1,VIP / Champions,"Programme VIP, offres exclusives, service premium, early access."
2711,Anthony Jones,66,Male,Chicago,0,83,17,8119.99,477.65,3,3,4,10,2,Occasionnels,"Nurturing, contenus, promotions saisonnières."
2712,Stephanie Elliott,43,Female,San Diego,1,239,11,2272.03,206.55,2,2,2,6,0,Perdus,"Email win-back, enquête satisfaction, dernière chance."
2713,Timothy Edwards,52,Male,Jacksonville,0,1,19,6099.01,321.0,5,3,3,11,2,Occasionnels,"Nurturing, contenus, promotions saisonnières."
2714,Laurie Goodwin,38,Male,New York,1,404,5,952.9300000000001,190.59,2,1,1,4,0,Perdus,"Email win-back, enquête satisfaction, dernière chance."
2715,Jennifer Jones,33,Male,Jacksonville,1,554,8,1838.12,229.76,1,2,2,5,0,Perdus,"Email win-back, enquête satisfaction, dernière chance."
2716,David Davenport,24,Female,Dallas,0,20,22,8109.84,368.63,4,4,4,12,2,VIP / Champions,"Programme VIP, offres exclusives, service premium, early access."
2717,Steven Rivera,70,Male,Phoenix,0,15,20,8151.03,407.55,4,4,4,12,2,VIP / Champions,"Programme VIP, offres exclusives, service premium, early access."
2718,Brenda Hinton,51,Female,San Antonio,0,22,26,9964.81,383.26,4,5,5,14,1,VIP / Champions,"Programme VIP, offres exclusives, service premium, early access."
2719,Kathryn Mccann,49,Female,Houston,0,62,22,9774.86,444.31,3,4,5,12,2,Clients fidèles,"Cross-sell / upsell, programme de parrainage, abonnement."
2720,Jeffrey Roberson,69,Female,New York,1,707,12,1800.09,150.01,1,2,2,5,0,Perdus,"Email win-back, enquête satisfaction, dernière chance."
2721,Randy Friedman,26,Male,Jacksonville,0,26,33,12411.21,376.1,4,5,5,14,1,VIP / Champions,"Programme VIP, offres exclusives, service premium, early access."
2722,Raymond Johnson,28,Male,Philadelphia,0,41,24,9234.93,384.79,4,5,4,13,1,VIP / Champions,"Programme VIP, offres exclusives, service premium, early access."
2723,Willie Henry,58,Female,Dallas,0,43,24,6108.73,254.53,4,5,3,12,2,Clients fidèles,"Cross-sell / upsell, programme de parrainage, abonnement."
2724,Todd Reynolds,21,Male,Austin,0,0,18,6477.06,359.84,5,3,3,11,2,Occasionnels,"Nurturing, contenus, promotions saisonnières."
2725,Mary Miller,25,Female,San Diego,0,45,22,8999.380000000001,409.06,3,4,4,11,2,Clients fidèles,"Cross-sell / upsell, programme de parrainage, abonnement."
2726,Rebecca Marquez,34,Female,Jacksonville,0,8,17,8118.39,477.55,5,3,4,12,2,Occasionnels,"Nurturing, contenus, promotions saisonnières."
2727,Christian Dawson,61,Male,Phoenix,0,9,19,5048.66,265.72,5,3,3,11,2,Occasionnels,"Nurturing, contenus, promotions saisonnières."
2728,Nancy Stewart,60,Female,San Jose,1,308,5,1145.49,229.1,2,1,1,4,0,Perdus,"Email win-back, enquête satisfaction, dernière chance."
2729,Aaron Parker,24,Male,Phoenix,0,100,32,14069.71,439.68,3,5,5,13,1,Clients fidèles,"Cross-sell / upsell, programme de parrainage, abonnement."
2730,Derrick Anderson,49,Male,San Jose,1,459,11,1913.56,173.96,2,2,2,6,0,Perdus,"Email win-back, enquête satisfaction, dernière chance."
2731,Jerry Peters,51,Male,Philadelphia,1,550,21,5287.26,251.77,1,4,3,8,2,À risque,"Campagne de réactivation urgente, remise personnalisée."
2732,Alexander Gomez,20,Female,Houston,0,1,27,11422.39,423.05,5,5,5,15,1,VIP / Champions,"Programme VIP, offres exclusives, service premium, early access."
2733,Kyle Nguyen,18,Male,Austin,0,29,17,6075.99,357.41,4,3,3,10,2,Occasionnels,"Nurturing, contenus, promotions saisonnières."
2734,Edgar Hughes,54,Female,Chicago,1,933,9,1201.45,133.49,1,2,2,5,0,Perdus,"Email win-back, enquête satisfaction, dernière chance."
2735,Steven Stein,22,Male,Phoenix,1,485,7,770.09,110.01,2,1,1,4,0,Perdus,"Email win-back, enquête satisfaction, dernière chance."
2736,Laura Jackson,36,Female,San Diego,0,25,21,9030.64,430.03,4,4,4,12,2,VIP / Champions,"Programme VIP, offres exclusives, service premium, early access."
2737,Charles Turner,29,Male,Phoenix,0,3,26,10155.51,390.6,5,5,5,15,1,VIP / Champions,"Programme VIP, offres exclusives, service premium, early access."
2738,Arthur Hamilton MD,38,Female,Jacksonville,1,490,9,1724.26,191.58,2,2,2,6,0,Perdus,"Email win-back, enquête satisfaction, dernière chance."
2739,Mr. David Wright,66,Male,New York,0,30,14,4700.01,335.72,4,3,3,10,2,Occasionnels,"Nurturing, contenus, promotions saisonnières."
2740,Linda Gonzalez,28,Female,Philadelphia,1,718,11,2111.7,191.97,1,2,2,5,0,Perdus,"Email win-back, enquête satisfaction, dernière chance."
2741,Eric Rush,35,Male,Philadelphia,1,444,5,1115.62,223.12,2,1,1,4,0,Perdus,"Email win-back, enquête satisfaction, dernière chance."
2742,Manuel Brock,43,Female,San Diego,0,12,11,4457.0199999999995,405.18,5,2,3,10,2,Occasionnels,"Nurturing, contenus, promotions saisonnières."
2743,George Ochoa,62,Female,San Antonio,1,729,4,536.8299999999999,134.21,1,1,1,3,0,Perdus,"Email win-back, enquête satisfaction, dernière chance."
2744,Valerie Taylor,62,Male,Chicago,0,63,31,11779.73,379.99,3,5,5,13,1,Clients fidèles,"Cross-sell / upsell, programme de parrainage, abonnement."
2745,Travis Harris,55,Female,San Jose,0,61,13,4971.45,382.42,3,2,3,8,2,Occasionnels,"Nurturing, contenus, promotions saisonnières."
2746,Vincent Novak,42,Female,San Jose,0,33,20,7226.01,361.3,4,4,4,12,2,VIP / Champions,"Programme VIP, offres exclusives, service premium, early access."
2747,Michael Henry,64,Male,San Diego,1,971,3,392.07,130.69,1,1,1,3,0,Perdus,"Email win-back, enquête satisfaction, dernière chance."
2748,Dana Bennett,44,Female,New York,0,32,32,13820.46,431.89,4,5,5,14,1,VIP / Champions,"Programme VIP, offres exclusives, service premium, early access."
2749,Jenna Wilson,38,Male,Jacksonville,0,18,12,5167.59,430.63,4,2,3,9,2,Occasionnels,"Nurturing, contenus, promotions saisonnières."
2750,Leslie Gardner,54,Male,Austin,1,177,7,906.4,129.49,3,1,1,5,0,Occasionnels,"Nurturing, contenus, promotions saisonnières."
2751,Krista Benton,62,Male,San Antonio,0,7,17,8218.42,483.44,5,3,4,12,2,Occasionnels,"Nurturing, contenus, promotions saisonnières."
2752,Michael Gonzales,60,Female,Chicago,0,0,34,13215.03,388.68,5,5,5,15,1,VIP / Champions,"Programme VIP, offres exclusives, service premium, early access."
2753,Michael Fuentes,28,Female,San Diego,0,97,20,10242.26,512.11,3,4,5,12,2,Clients fidèles,"Cross-sell / upsell, programme de parrainage, abonnement."
2754,Jennifer Porter,49,Female,Houston,0,142,31,11294.65,364.34,3,5,5,13,1,Clients fidèles,"Cross-sell / upsell, programme de parrainage, abonnement."
2755,Dana Hopkins,21,Male,Dallas,1,552,4,576.03,144.01,1,1,1,3,0,Perdus,"Email win-back, enquête satisfaction, dernière chance."
2756,Rachel Jones,33,Male,San Diego,0,31,9,4388.12,487.57,4,2,3,9,2,Occasionnels,"Nurturing, contenus, promotions saisonnières."
2757,Karen Morales DDS,46,Male,San Diego,1,386,7,1361.7199999999998,194.53,2,1,2,5,0,Perdus,"Email win-back, enquête satisfaction, dernière chance."
2758,Melissa Stephens,49,Male,Los Angeles,0,82,20,9169.04,458.45,3,4,4,11,2,Clients fidèles,"Cross-sell / upsell, programme de parrainage, abonnement."
2759,Heather Woodard,53,Male,Los Angeles,0,45,19,7926.24,417.17,3,3,4,10,2,Occasionnels,"Nurturing, contenus, promotions saisonnières."
2760,Margaret Miller,53,Male,Austin,1,727,2,175.69,87.84,1,1,1,3,0,Perdus,"Email win-back, enquête satisfaction, dernière chance."
2761,Mary Kelly,41,Male,Houston,1,432,4,815.27,203.82,2,1,1,4,0,Perdus,"Email win-back, enquête satisfaction, dernière chance."
2762,Amanda Terrell,67,Female,Jacksonville,0,30,22,7904.97,359.32,4,4,4,12,2,VIP / Champions,"Programme VIP, offres exclusives, service premium, early access."
2763,Jennifer Goodwin,25,Male,Austin,1,281,5,1233.83,246.77,2,1,2,5,0,Perdus,"Email win-back, enquête satisfaction, dernière chance."
2764,Jessica Smith,40,Female,Dallas,0,22,19,7397.67,389.35,4,3,4,11,2,Occasionnels,"Nurturing, contenus, promotions saisonnières."
2765,Jorge Stone,24,Male,Chicago,0,43,17,6047.66,355.74,4,3,3,10,2,Occasionnels,"Nurturing, contenus, promotions saisonnières."
2766,Laura Griffin,63,Female,Los Angeles,0,0,24,8207.66,341.99,5,5,4,14,1,VIP / Champions,"Programme VIP, offres exclusives, service premium, early access."
2767,Raymond Chapman,30,Male,San Antonio,1,334,5,532.09,106.42,2,1,1,4,0,Perdus,"Email win-back, enquête satisfaction, dernière chance."
2768,Haley Johnson,68,Male,Jacksonville,0,17,19,9016.64,474.56,4,3,4,11,2,Occasionnels,"Nurturing, contenus, promotions saisonnières."
2769,Jason Nixon,44,Male,Austin,0,22,20,7289.63,364.48,4,4,4,12,2,VIP / Champions,"Programme VIP, offres exclusives, service premium, early access."
2770,Todd Thomas,46,Female,Austin,1,600,8,1810.79,226.35,1,2,2,5,0,Perdus,"Email win-back, enquête satisfaction, dernière chance."
2771,Jesse Clark,49,Male,Dallas,0,12,13,5241.6900000000005,403.21,5,2,3,10,2,Occasionnels,"Nurturing, contenus, promotions saisonnières."
2772,Mr. Jeffrey Horton,45,Female,Dallas,0,161,20,6154.03,307.7,3,4,3,10,2,Clients fidèles,"Cross-sell / upsell, programme de parrainage, abonnement."
2773,Eric Patrick,29,Male,Los Angeles,1,562,8,1713.86,214.23,1,2,2,5,0,Perdus,"Email win-back, enquête satisfaction, dernière chance."
2774,Samuel Wong,56,Female,Dallas,1,443,6,1195.56,199.26,2,1,2,5,0,Perdus,"Email win-back, enquête satisfaction, dernière chance."
2775,Carly Riggs,56,Male,Phoenix,0,26,15,5058.47,337.23,4,3,3,10,2,Occasionnels,"Nurturing, contenus, promotions saisonnières."
2776,Christopher Moore,36,Female,Chicago,1,572,3,300.09,100.03,1,1,1,3,0,Perdus,"Email win-back, enquête satisfaction, dernière chance."
2777,Tina Hall,62,Female,Jacksonville,0,1,17,5242.97,308.41,5,3,3,11,2,Occasionnels,"Nurturing, contenus, promotions saisonnières."
2778,Cody Davidson,53,Male,Houston,1,488,15,2833.93,188.93,2,3,2,7,0,Occasionnels,"Nurturing, contenus, promotions saisonnières."
2779,Allen Mendez,36,Female,Austin,1,536,14,3349.18,239.23,1,3,3,7,0,À risque,"Campagne de réactivation urgente, remise personnalisée."
2780,Kevin Price,59,Male,Dallas,1,869,6,696.75,116.12,1,1,1,3,0,Perdus,"Email win-back, enquête satisfaction, dernière chance."
2781,Christine Goodwin,66,Female,Dallas,1,459,6,1040.82,173.47,2,1,1,4,0,Perdus,"Email win-back, enquête satisfaction, dernière chance."
2782,Amy Garcia,60,Female,Austin,0,10,29,12929.61,445.85,5,5,5,15,1,VIP / Champions,"Programme VIP, offres exclusives, service premium, early access."
2783,Chelsea Nguyen,45,Male,Dallas,0,66,20,4944.23,247.21,3,4,3,10,2,Clients fidèles,"Cross-sell / upsell, programme de parrainage, abonnement."
2784,Dennis Huffman,27,Male,Austin,0,123,32,10726.67,335.21,3,5,5,13,1,Clients fidèles,"Cross-sell / upsell, programme de parrainage, abonnement."
2785,Margaret Harper,66,Male,Phoenix,0,18,29,12643.08,435.97,4,5,5,14,1,VIP / Champions,"Programme VIP, offres exclusives, service premium, early access."
2786,Laurie Bailey,21,Female,Houston,0,33,25,6147.85,245.91,4,5,3,12,2,Clients fidèles,"Cross-sell / upsell, programme de parrainage, abonnement."
2787,Lisa Cervantes,46,Male,San Jose,0,44,22,8012.1,364.19,3,4,4,11,2,Clients fidèles,"Cross-sell / upsell, programme de parrainage, abonnement."
2788,Elizabeth Mendez,53,Female,Houston,1,465,6,1257.0,209.5,2,1,2,5,0,Perdus,"Email win-back, enquête satisfaction, dernière chance."
2789,Cesar Wilson,69,Female,Jacksonville,1,247,6,1387.18,231.2,2,1,2,5,0,Perdus,"Email win-back, enquête satisfaction, dernière chance."
2790,Clayton Steele,42,Female,Austin,1,757,8,1586.2199999999998,198.28,1,2,2,5,0,Perdus,"Email win-back, enquête satisfaction, dernière chance."
2791,Jennifer Taylor,21,Male,Jacksonville,1,472,5,797.9,159.58,2,1,1,4,0,Perdus,"Email win-back, enquête satisfaction, dernière chance."
2792,Cody Reid,67,Female,Houston,0,26,19,10186.41,536.13,4,3,5,12,2,Occasionnels,"Nurturing, contenus, promotions saisonnières."
2793,Maria Cooke,52,Male,Jacksonville,1,487,3,439.7,146.57,2,1,1,4,0,Perdus,"Email win-back, enquête satisfaction, dernière chance."
2794,Katherine Taylor,29,Male,Chicago,0,65,18,7263.469999999999,403.53,3,3,4,10,2,Occasionnels,"Nurturing, contenus, promotions saisonnières."
2795,Jerry Brown,25,Female,New York,1,675,9,1455.0,161.67,1,2,2,5,0,Perdus,"Email win-back, enquête satisfaction, dernière chance."
2796,Adam Taylor,34,Male,Chicago,0,24,17,7680.79,451.81,4,3,4,11,2,Occasionnels,"Nurturing, contenus, promotions saisonnières."
2797,Tracey Wagner,47,Male,New York,0,21,17,5695.76,335.04,4,3,3,10,2,Occasionnels,"Nurturing, contenus, promotions saisonnières."
2798,Michael Perry PhD,56,Male,Austin,1,905,3,324.95,108.32,1,1,1,3,0,Perdus,"Email win-back, enquête satisfaction, dernière chance."
2799,Bradley Johnson DDS,54,Female,Los Angeles,0,35,19,6481.68,341.14,4,3,3,10,2,Occasionnels,"Nurturing, contenus, promotions saisonnières."
2800,Donald Medina,29,Male,Dallas,0,4,28,9280.98,331.46,5,5,4,14,1,VIP / Champions,"Programme VIP, offres exclusives, service premium, early access."
2801,Jim Newton,52,Female,Los Angeles,0,4,37,15846.6,428.29,5,5,5,15,1,VIP / Champions,"Programme VIP, offres exclusives, service premium, early access."
2802,Krista Wilson,31,Female,Philadelphia,0,39,26,12026.56,462.56,4,5,5,14,1,VIP / Champions,"Programme VIP, offres exclusives, service premium, early access."
2803,Reginald Morrow,66,Female,Dallas,0,66,30,13015.720000000001,433.86,3,5,5,13,1,Clients fidèles,"Cross-sell / upsell, programme de parrainage, abonnement."
2804,Rodney Williams,40,Female,Houston,0,29,19,7143.79,375.99,4,3,4,11,2,Occasionnels,"Nurturing, contenus, promotions saisonnières."
2805,Kimberly Fritz,61,Female,San Antonio,1,646,3,707.3699999999999,235.79,1,1,1,3,0,Perdus,"Email win-back, enquête satisfaction, dernière chance."
2806,Ronald Potter,52,Female,New York,0,19,17,7044.47,414.38,4,3,3,10,2,Occasionnels,"Nurturing, contenus, promotions saisonnières."
2807,Zachary Cole,41,Female,San Diego,1,366,4,1038.06,259.52,2,1,1,4,0,Perdus,"Email win-back, enquête satisfaction, dernière chance."
2808,Robert Gonzales,59,Male,Philadelphia,0,47,13,6876.89,528.99,3,2,3,8,2,Occasionnels,"Nurturing, contenus, promotions saisonnières."
2809,Patricia Young PhD,24,Male,Dallas,0,5,25,9073.36,362.93,5,5,4,14,1,VIP / Champions,"Programme VIP, offres exclusives, service premium, early access."
2810,Heather Page,22,Male,Austin,0,4,23,9489.03,412.57,5,4,5,14,1,VIP / Champions,"Programme VIP, offres exclusives, service premium, early access."
2811,Carol Taylor,45,Male,Houston,1,596,7,910.55,130.08,1,1,1,3,0,Perdus,"Email win-back, enquête satisfaction, dernière chance."
2812,Daniel Brown,22,Male,New York,1,331,8,1516.34,189.54,2,2,2,6,0,Perdus,"Email win-back, enquête satisfaction, dernière chance."
2813,Douglas Ryan,20,Male,Los Angeles,1,289,9,1740.94,193.44,2,2,2,6,0,Perdus,"Email win-back, enquête satisfaction, dernière chance."
2814,Michael Roberts,34,Male,San Jose,0,6,26,12090.5,465.02,5,5,5,15,1,VIP / Champions,"Programme VIP, offres exclusives, service premium, early access."
2815,Scott Duke,44,Female,San Diego,1,562,3,480.74,160.25,1,1,1,3,0,Perdus,"Email win-back, enquête satisfaction, dernière chance."
2816,Anna Estes,19,Female,Austin,0,109,16,6395.71,399.73,3,3,3,9,2,Occasionnels,"Nurturing, contenus, promotions saisonnières."
2817,Tamara Riddle,59,Male,Jacksonville,0,29,16,6475.75,404.73,4,3,3,10,2,Occasionnels,"Nurturing, contenus, promotions saisonnières."
2818,Beth Cline,22,Female,Dallas,1,577,14,2245.65,160.4,1,3,2,6,0,Occasionnels,"Nurturing, contenus, promotions saisonnières."
2819,Michael Poole,61,Female,San Jose,0,94,18,7925.64,440.31,3,3,4,10,2,Occasionnels,"Nurturing, contenus, promotions saisonnières."
2820,Megan Burns,46,Female,San Antonio,0,13,28,12538.8,447.81,5,5,5,15,1,VIP / Champions,"Programme VIP, offres exclusives, service premium, early access."
2821,Debra Perry,52,Male,Chicago,0,63,19,7690.8,404.78,3,3,4,10,2,Occasionnels,"Nurturing, contenus, promotions saisonnières."
2822,Mark Beard,52,Female,Austin,1,318,13,1947.07,149.77,2,2,2,6,0,Perdus,"Email win-back, enquête satisfaction, dernière chance."
2823,Jose Ramirez,68,Female,New York,0,12,17,7744.6900000000005,455.57,5,3,4,12,2,Occasionnels,"Nurturing, contenus, promotions saisonnières."
2824,Jackie Clements,18,Female,Dallas,0,106,30,12815.61,427.19,3,5,5,13,1,Clients fidèles,"Cross-sell / upsell, programme de parrainage, abonnement."
2825,Aaron Schroeder,65,Female,Houston,0,12,24,12789.12,532.88,5,5,5,15,1,VIP / Champions,"Programme VIP, offres exclusives, service premium, early access."
2826,Monica Ellis,50,Male,Chicago,1,355,5,915.9,183.18,2,1,1,4,0,Perdus,"Email win-back, enquête satisfaction, dernière chance."
2827,Heather Brown,34,Male,Los Angeles,0,36,30,15579.02,519.3,4,5,5,14,1,VIP / Champions,"Programme VIP, offres exclusives, service premium, early access."
2828,Claudia Jordan,54,Male,Dallas,1,615,9,1858.9,206.54,1,2,2,5,0,Perdus,"Email win-back, enquête satisfaction, dernière chance."
2829,Derrick Clayton,22,Female,Austin,1,280,5,1085.11,217.02,2,1,1,4,0,Perdus,"Email win-back, enquête satisfaction, dernière chance."
2830,Kenneth Knight,30,Female,Philadelphia,0,224,21,9989.26,475.68,3,4,5,12,2,Clients fidèles,"Cross-sell / upsell, programme de parrainage, abonnement."
2831,Mr. Michael Williams,59,Male,Los Angeles,0,7,15,6186.17,412.41,5,3,3,11,2,Occasionnels,"Nurturing, contenus, promotions saisonnières."
2832,Richard Stevens,30,Female,San Diego,1,260,9,1404.97,156.11,2,2,2,6,0,Perdus,"Email win-back, enquête satisfaction, dernière chance."
2833,Scott Alexander,60,Female,Jacksonville,0,40,14,5520.82,394.34,4,3,3,10,2,Occasionnels,"Nurturing, contenus, promotions saisonnières."
2834,Tyler Harris,41,Female,San Antonio,0,15,27,11465.71,424.66,4,5,5,14,1,VIP / Champions,"Programme VIP, offres exclusives, service premium, early access."
2835,Bonnie Santos,33,Male,Jacksonville,0,22,28,9887.36,353.12,4,5,5,14,1,VIP / Champions,"Programme VIP, offres exclusives, service premium, early access."
2836,Timothy Hill,41,Male,Austin,0,9,22,9168.05,416.73,5,4,4,13,1,VIP / Champions,"Programme VIP, offres exclusives, service premium, early access."
2837,Danielle Watson,47,Female,Philadelphia,1,721,2,573.51,286.76,1,1,1,3,0,Perdus,"Email win-back, enquête satisfaction, dernière chance."
2838,Carol Sanders,24,Male,Austin,0,67,29,9468.15,326.49,3,5,5,13,1,Clients fidèles,"Cross-sell / upsell, programme de parrainage, abonnement."
2839,Michael Young,70,Male,Dallas,1,756,8,1376.56,172.07,1,2,2,5,0,Perdus,"Email win-back, enquête satisfaction, dernière chance."
2840,Michele Smith,58,Male,Jacksonville,0,1,25,10188.45,407.54,5,5,5,15,1,VIP / Champions,"Programme VIP, offres exclusives, service premium, early access."
2841,Casey Perez,50,Male,San Jose,1,1110,2,220.75,110.38,1,1,1,3,0,Perdus,"Email win-back, enquête satisfaction, dernière chance."
2842,Alexandra Dominguez,31,Male,Dallas,1,285,14,2750.49,196.46,2,3,2,7,0,Occasionnels,"Nurturing, contenus, promotions saisonnières."
2843,Virginia Henderson,52,Female,Austin,0,19,23,9264.77,402.82,4,4,4,12,1,VIP / Champions,"Programme VIP, offres exclusives, service premium, early access."
2844,Benjamin Reyes,32,Female,Chicago,0,7,23,6769.09,294.31,5,4,3,12,2,Clients fidèles,"Cross-sell / upsell, programme de parrainage, abonnement."
2845,Ashley Edwards,23,Female,Philadelphia,0,9,24,7906.82,329.45,5,5,4,14,1,VIP / Champions,"Programme VIP, offres exclusives, service premium, early access."
2846,Breanna Ayala,33,Male,Dallas,0,15,27,12323.08,456.41,4,5,5,14,1,VIP / Champions,"Programme VIP, offres exclusives, service premium, early access."
2847,Brandi Haney,29,Male,Jacksonville,0,40,17,5475.31,322.08,4,3,3,10,2,Occasionnels,"Nurturing, contenus, promotions saisonnières."
2848,Joseph Smith,20,Male,San Diego,1,350,5,416.84000000000003,83.37,2,1,1,4,0,Perdus,"Email win-back, enquête satisfaction, dernière chance."
2849,Jessica Bowen,41,Male,New York,0,106,11,3832.21,348.38,3,2,3,8,0,Occasionnels,"Nurturing, contenus, promotions saisonnières."
2850,Brittany Jenkins,68,Female,San Antonio,0,41,22,8208.83,373.13,4,4,4,12,2,VIP / Champions,"Programme VIP, offres exclusives, service premium, early access."
2851,Shannon Miller,20,Male,Austin,1,389,5,532.94,106.59,2,1,1,4,0,Perdus,"Email win-back, enquête satisfaction, dernière chance."
2852,Paul Lawrence,51,Female,Jacksonville,0,2,32,13285.66,415.18,5,5,5,15,1,VIP / Champions,"Programme VIP, offres exclusives, service premium, early access."
2853,Victor Edwards,54,Male,San Antonio,0,44,17,5877.24,345.72,3,3,3,9,2,Occasionnels,"Nurturing, contenus, promotions saisonnières."
2854,Donald Miller,59,Male,Dallas,0,2,15,5052.31,336.82,5,3,3,11,2,Occasionnels,"Nurturing, contenus, promotions saisonnières."
2855,Lindsay Lawson,32,Female,Philadelphia,0,61,17,5959.63,350.57,3,3,3,9,2,Occasionnels,"Nurturing, contenus, promotions saisonnières."
2856,Melissa Abbott,48,Male,Dallas,0,52,24,8567.67,356.99,3,5,4,12,2,Clients fidèles,"Cross-sell / upsell, programme de parrainage, abonnement."
2857,Elizabeth Holmes,32,Male,Dallas,0,8,17,6443.3,379.02,5,3,3,11,2,Occasionnels,"Nurturing, contenus, promotions saisonnières."
2858,Nicole Phillips,29,Male,Philadelphia,0,22,20,8338.36,416.92,4,4,4,12,2,VIP / Champions,"Programme VIP, offres exclusives, service premium, early access."
2859,Steven Blevins,44,Female,Jacksonville,1,526,12,2384.82,198.74,1,2,2,5,0,Perdus,"Email win-back, enquête satisfaction, dernière chance."
2860,Brian Porter MD,48,Female,Houston,0,29,21,9467.3,450.82,4,4,5,13,2,VIP / Champions,"Programme VIP, offres exclusives, service premium, early access."
2861,Vanessa Hatfield,44,Male,Houston,1,443,13,2550.68,196.21,2,2,2,6,0,Perdus,"Email win-back, enquête satisfaction, dernière chance."
2862,Bonnie Valencia,55,Male,Chicago,0,92,17,8668.74,509.93,3,3,4,10,2,Occasionnels,"Nurturing, contenus, promotions saisonnières."
2863,Holly Vega,54,Male,New York,0,2,14,6016.36,429.74,5,3,3,11,2,Occasionnels,"Nurturing, contenus, promotions saisonnières."
2864,Tiffany Townsend,29,Female,San Jose,0,8,27,11438.59,423.65,5,5,5,15,1,VIP / Champions,"Programme VIP, offres exclusives, service premium, early access."
2865,Austin Baker,64,Female,Los Angeles,1,1038,5,731.08,146.22,1,1,1,3,0,Perdus,"Email win-back, enquête satisfaction, dernière chance."
2866,Antonio Mccormick,48,Female,Chicago,0,28,18,7001.18,388.95,4,3,3,10,2,Occasionnels,"Nurturing, contenus, promotions saisonnières."
2867,Lori Mason,56,Male,San Jose,1,804,4,1017.0600000000001,254.26,1,1,1,3,0,Perdus,"Email win-back, enquête satisfaction, dernière chance."
2868,Michael Miller,50,Female,Chicago,1,452,7,905.6700000000001,129.38,2,1,1,4,0,Perdus,"Email win-back, enquête satisfaction, dernière chance."
2869,Lisa Ramirez,56,Male,Houston,1,517,4,634.6700000000001,158.67,1,1,1,3,0,Perdus,"Email win-back, enquête satisfaction, dernière chance."
2870,Jorge Harris,24,Male,Houston,0,3,19,7123.28,374.91,5,3,3,11,2,Occasionnels,"Nurturing, contenus, promotions saisonnières."
2871,Kimberly Myers,50,Female,Chicago,1,323,7,1234.4099999999999,176.34,2,1,2,5,0,Perdus,"Email win-back, enquête satisfaction, dernière chance."
2872,Sandra Becker,57,Male,Dallas,0,108,16,7351.429999999999,459.46,3,3,4,10,2,Occasionnels,"Nurturing, contenus, promotions saisonnières."
2873,Michael Blair,23,Female,Austin,1,252,11,2657.45,241.59,2,2,2,6,0,Perdus,"Email win-back, enquête satisfaction, dernière chance."
2874,Amy Miller,52,Male,Austin,1,762,12,1794.9,149.58,1,2,2,5,0,Perdus,"Email win-back, enquête satisfaction, dernière chance."
2875,Jesse Lynch,41,Male,Jacksonville,0,6,22,7897.32,358.97,5,4,4,13,2,VIP / Champions,"Programme VIP, offres exclusives, service premium, early access."
2876,Patrick Yang,69,Female,San Antonio,0,9,27,8808.66,326.25,5,5,4,14,1,VIP / Champions,"Programme VIP, offres exclusives, service premium, early access."
2877,Michael Miles,65,Male,San Antonio,0,3,25,11059.369999999999,442.37,5,5,5,15,1,VIP / Champions,"Programme VIP, offres exclusives, service premium, early access."
2878,Troy Mills,67,Male,Los Angeles,0,135,15,5649.01,376.6,3,3,3,9,2,Occasionnels,"Nurturing, contenus, promotions saisonnières."
2879,Michelle Jackson,52,Female,Phoenix,0,8,30,9574.51,319.15,5,5,5,15,1,VIP / Champions,"Programme VIP, offres exclusives, service premium, early access."
2880,Richard Adams,65,Male,San Jose,0,91,34,16856.64,495.78,3,5,5,13,1,Clients fidèles,"Cross-sell / upsell, programme de parrainage, abonnement."
2881,Patricia Johnson,18,Female,Austin,0,16,28,11118.56,397.09,4,5,5,14,1,VIP / Champions,"Programme VIP, offres exclusives, service premium, early access."
2882,Denise Brown,38,Female,Philadelphia,1,362,10,2137.62,213.76,2,2,2,6,0,Perdus,"Email win-back, enquête satisfaction, dernière chance."
2883,Laura Jones,59,Female,Phoenix,0,50,33,11707.59,354.78,3,5,5,13,1,Clients fidèles,"Cross-sell / upsell, programme de parrainage, abonnement."
2884,Ian Porter,57,Female,Austin,0,59,24,10268.56,427.86,3,5,5,13,1,Clients fidèles,"Cross-sell / upsell, programme de parrainage, abonnement."
2885,Holly Scott,44,Female,Chicago,1,260,7,1865.0900000000001,266.44,2,1,2,5,0,Perdus,"Email win-back, enquête satisfaction, dernière chance."
2886,Kenneth Sharp,48,Female,Phoenix,0,8,17,7264.56,427.33,5,3,4,12,2,Occasionnels,"Nurturing, contenus, promotions saisonnières."
2887,Jordan Williams,43,Male,Austin,1,353,13,1591.61,122.43,2,2,2,6,0,Perdus,"Email win-back, enquête satisfaction, dernière chance."
2888,Dana Ruiz,46,Male,Los Angeles,1,549,13,3046.66,234.36,1,2,2,5,0,Perdus,"Email win-back, enquête satisfaction, dernière chance."
2889,Chris Velazquez,68,Female,Dallas,0,81,18,8680.54,482.25,3,3,4,10,2,Occasionnels,"Nurturing, contenus, promotions saisonnières."
2890,Kristen Sloan,58,Male,Los Angeles,0,60,26,11353.11,436.66,3,5,5,13,1,Clients fidèles,"Cross-sell / upsell, programme de parrainage, abonnement."
2891,Jennifer Morris,56,Female,Los Angeles,0,46,14,5435.9,388.28,3,3,3,9,2,Occasionnels,"Nurturing, contenus, promotions saisonnières."
2892,Nathan Nelson,41,Male,San Jose,0,146,17,4947.33,291.02,3,3,3,9,2,Occasionnels,"Nurturing, contenus, promotions saisonnières."
2893,Jake Shaw,43,Female,Jacksonville,1,548,6,1366.3899999999999,227.73,1,1,2,4,0,Perdus,"Email win-back, enquête satisfaction, dernière chance."
2894,Cassie Brock,70,Male,Austin,1,545,6,1129.0,188.17,1,1,1,3,0,Perdus,"Email win-back, enquête satisfaction, dernière chance."
2895,Dr. Andrea Marshall,30,Female,Houston,0,1,33,13356.89,404.75,5,5,5,15,1,VIP / Champions,"Programme VIP, offres exclusives, service premium, early access."
2896,Ryan Murphy,50,Male,San Jose,1,729,4,823.55,205.89,1,1,1,3,0,Perdus,"Email win-back, enquête satisfaction, dernière chance."
2897,Aimee Gonzalez,41,Male,Austin,1,649,14,2705.23,193.23,1,3,2,6,0,Occasionnels,"Nurturing, contenus, promotions saisonnières."
2898,Elizabeth Dean,23,Female,San Antonio,1,854,6,730.63,121.77,1,1,1,3,0,Perdus,"Email win-back, enquête satisfaction, dernière chance."
2899,Kevin Snyder,43,Male,Dallas,1,256,5,1304.05,260.81,2,1,2,5,0,Perdus,"Email win-back, enquête satisfaction, dernière chance."
2900,Christie Mccullough,22,Male,Dallas,1,646,3,526.16,175.39,1,1,1,3,0,Perdus,"Email win-back, enquête satisfaction, dernière chance."
2901,Danielle Smith,53,Female,Philadelphia,1,422,9,2089.08,232.12,2,2,2,6,0,Perdus,"Email win-back, enquête satisfaction, dernière chance."
2902,David Reed,30,Female,San Antonio,0,9,28,12145.74,433.78,5,5,5,15,1,VIP / Champions,"Programme VIP, offres exclusives, service premium, early access."
2903,Sherry Tapia,44,Male,Dallas,0,7,20,9448.41,472.42,5,4,5,14,1,VIP / Champions,"Programme VIP, offres exclusives, service premium, early access."
2904,Matthew Sweeney,39,Male,Dallas,0,6,29,12834.27,442.56,5,5,5,15,1,VIP / Champions,"Programme VIP, offres exclusives, service premium, early access."
2905,Ashley Moreno,70,Female,Jacksonville,1,714,4,685.9300000000001,171.48,1,1,1,3,0,Perdus,"Email win-back, enquête satisfaction, dernière chance."
2906,Johnathan Brown,54,Female,Houston,1,365,11,1392.76,126.61,2,2,2,6,0,Perdus,"Email win-back, enquête satisfaction, dernière chance."
2907,Michelle Davis DVM,47,Female,San Jose,1,574,9,1759.03,195.45,1,2,2,5,0,Perdus,"Email win-back, enquête satisfaction, dernière chance."
2908,Kelly Haynes,34,Male,San Antonio,0,127,22,8930.39,405.93,3,4,4,11,2,Clients fidèles,"Cross-sell / upsell, programme de parrainage, abonnement."
2909,William Miller,32,Female,San Antonio,1,453,11,2233.88,203.08,2,2,2,6,0,Perdus,"Email win-back, enquête satisfaction, dernière chance."
2910,Casey Wilkins,18,Female,Houston,0,16,15,6445.81,429.72,4,3,3,10,2,Occasionnels,"Nurturing, contenus, promotions saisonnières."
2911,Keith Graham,61,Female,Los Angeles,0,59,28,11975.2,427.69,3,5,5,13,1,Clients fidèles,"Cross-sell / upsell, programme de parrainage, abonnement."
2912,Cynthia Green,40,Male,San Jose,0,91,14,5779.87,412.85,3,3,3,9,2,Occasionnels,"Nurturing, contenus, promotions saisonnières."
2913,Robert Haynes,65,Male,San Diego,0,3,15,7143.42,476.23,5,3,4,12,2,Occasionnels,"Nurturing, contenus, promotions saisonnières."
2914,Emily Nelson,33,Female,Houston,0,11,24,8281.33,345.06,5,5,4,14,1,VIP / Champions,"Programme VIP, offres exclusives, service premium, early access."
2915,Dale Chan,33,Female,Chicago,0,38,13,5731.5199999999995,440.89,4,2,3,9,2,Occasionnels,"Nurturing, contenus, promotions saisonnières."
2916,Brittney Martin,23,Female,San Jose,0,37,22,8752.71,397.85,4,4,4,12,2,VIP / Champions,"Programme VIP, offres exclusives, service premium, early access."
2917,Jason Herrera,52,Male,San Diego,1,588,13,2115.12,162.7,1,2,2,5,0,Perdus,"Email win-back, enquête satisfaction, dernière chance."
2918,Christine Parker,49,Female,San Diego,1,427,6,1591.82,265.3,2,1,2,5,0,Perdus,"Email win-back, enquête satisfaction, dernière chance."
2919,Bryan Moore,50,Female,San Antonio,1,673,5,635.0899999999999,127.02,1,1,1,3,0,Perdus,"Email win-back, enquête satisfaction, dernière chance."
2920,Samantha Terry,26,Male,Dallas,1,391,12,1955.1100000000001,162.93,2,2,2,6,0,Perdus,"Email win-back, enquête satisfaction, dernière chance."
2921,Russell Murphy,52,Male,Dallas,0,1,23,7220.48,313.93,5,4,4,13,1,VIP / Champions,"Programme VIP, offres exclusives, service premium, early access."
2922,David Kelly,61,Male,San Diego,0,14,27,11990.1,444.08,4,5,5,14,1,VIP / Champions,"Programme VIP, offres exclusives, service premium, early access."
2923,Megan Green,47,Female,Jacksonville,1,727,4,596.39,149.1,1,1,1,3,0,Perdus,"Email win-back, enquête satisfaction, dernière chance."
2924,Amanda Sullivan MD,31,Female,San Jose,0,148,28,11835.72,422.7,3,5,5,13,1,Clients fidèles,"Cross-sell / upsell, programme de parrainage, abonnement."
2925,Danielle Murray,57,Female,Chicago,0,86,23,7006.400000000001,304.63,3,4,3,10,2,Clients fidèles,"Cross-sell / upsell, programme de parrainage, abonnement."
2926,Brenda Smith,48,Female,Philadelphia,0,7,25,7897.61,315.9,5,5,4,14,1,VIP / Champions,"Programme VIP, offres exclusives, service premium, early access."
2927,Vickie Anderson,31,Female,Jacksonville,0,76,21,8090.13,385.24,3,4,4,11,2,Clients fidèles,"Cross-sell / upsell, programme de parrainage, abonnement."
2928,Jacqueline Mccoy,43,Female,San Diego,0,40,27,11763.62,435.69,4,5,5,14,1,VIP / Champions,"Programme VIP, offres exclusives, service premium, early access."
2929,Lauren Green,54,Male,Los Angeles,0,212,11,3369.08,306.28,3,2,3,8,0,Occasionnels,"Nurturing, contenus, promotions saisonnières."
2930,Alison Brown,53,Female,San Antonio,1,580,7,1465.52,209.36,1,1,2,4,0,Perdus,"Email win-back, enquête satisfaction, dernière chance."
2931,Jill Anderson,65,Male,San Diego,0,1,24,10024.54,417.69,5,5,5,15,1,VIP / Champions,"Programme VIP, offres exclusives, service premium, early access."
2932,Sandra Rivera,49,Male,Austin,0,63,32,11859.52,370.61,3,5,5,13,1,Clients fidèles,"Cross-sell / upsell, programme de parrainage, abonnement."
2933,Joel Jackson,38,Female,Phoenix,0,0,20,6818.94,340.95,5,4,3,12,2,Clients fidèles,"Cross-sell / upsell, programme de parrainage, abonnement."
2934,Samantha Foster,54,Male,San Antonio,0,94,28,10318.9,368.53,3,5,5,13,1,Clients fidèles,"Cross-sell / upsell, programme de parrainage, abonnement."
2935,Michael Thompson,21,Male,Phoenix,1,668,4,678.27,169.57,1,1,1,3,0,Perdus,"Email win-back, enquête satisfaction, dernière chance."
2936,Cody Ramirez,24,Female,Jacksonville,1,361,1,352.83,352.83,2,1,1,4,0,Perdus,"Email win-back, enquête satisfaction, dernière chance."
2937,Amanda Harvey,41,Female,Philadelphia,0,63,22,10975.52,498.89,3,4,5,12,1,Clients fidèles,"Cross-sell / upsell, programme de parrainage, abonnement."
2938,Edward Jenkins,40,Male,San Jose,0,35,21,9518.789999999999,453.28,4,4,5,13,2,VIP / Champions,"Programme VIP, offres exclusives, service premium, early access."
2939,Amy Ramirez,36,Female,Philadelphia,1,866,1,62.9,62.9,1,1,1,3,0,Perdus,"Email win-back, enquête satisfaction, dernière chance."
2940,Curtis Wilkerson,65,Female,Los Angeles,0,29,22,9291.15,422.32,4,4,4,12,2,VIP / Champions,"Programme VIP, offres exclusives, service premium, early access."
2941,Lydia Pham,47,Male,Chicago,1,396,12,2557.02,213.08,2,2,2,6,0,Perdus,"Email win-back, enquête satisfaction, dernière chance."
2942,Virginia Casey,57,Female,Los Angeles,0,9,30,9755.49,325.18,5,5,5,15,1,VIP / Champions,"Programme VIP, offres exclusives, service premium, early access."
2943,Joshua Washington,32,Female,Philadelphia,0,48,18,7668.83,426.05,3,3,4,10,2,Occasionnels,"Nurturing, contenus, promotions saisonnières."
2944,Kathryn Price,56,Female,Phoenix,1,314,11,1482.83,134.8,2,2,2,6,0,Perdus,"Email win-back, enquête satisfaction, dernière chance."
2945,Francis Robinson,41,Female,San Antonio,1,266,13,2477.7,190.59,2,2,2,6,0,Perdus,"Email win-back, enquête satisfaction, dernière chance."
2946,Paula Brown,19,Male,Jacksonville,0,7,28,10354.91,369.82,5,5,5,15,1,VIP / Champions,"Programme VIP, offres exclusives, service premium, early access."
2947,Kendra Wang DVM,65,Male,Houston,1,509,6,1307.28,217.88,2,1,2,5,0,Perdus,"Email win-back, enquête satisfaction, dernière chance."
2948,Ariel Sandoval,24,Male,San Diego,0,12,22,4950.28,225.01,5,4,3,12,2,Clients fidèles,"Cross-sell / upsell, programme de parrainage, abonnement."
2949,Robert Stark,43,Male,Los Angeles,0,67,18,9371.35,520.63,3,3,4,10,2,Occasionnels,"Nurturing, contenus, promotions saisonnières."
2950,Zachary Robinson,23,Female,Phoenix,1,467,3,413.45000000000005,137.82,2,1,1,4,0,Perdus,"Email win-back, enquête satisfaction, dernière chance."
2951,Rebecca Kelly,36,Female,Austin,0,85,21,8327.27,396.54,3,4,4,11,2,Clients fidèles,"Cross-sell / upsell, programme de parrainage, abonnement."
2952,Sarah Thompson,28,Male,New York,0,58,22,7614.49,346.11,3,4,4,11,2,Clients fidèles,"Cross-sell / upsell, programme de parrainage, abonnement."
2953,Renee Wolfe,38,Female,San Diego,1,544,6,805.39,134.23,1,1,1,3,0,Perdus,"Email win-back, enquête satisfaction, dernière chance."
2954,Alyssa Haynes,26,Male,San Jose,0,31,20,6773.41,338.67,4,4,3,11,2,Clients fidèles,"Cross-sell / upsell, programme de parrainage, abonnement."
2955,Kristy Hart,58,Female,Dallas,1,212,16,2234.39,139.65,3,3,2,8,0,Occasionnels,"Nurturing, contenus, promotions saisonnières."
2956,William Keith,40,Female,Dallas,0,9,12,6271.74,522.64,5,2,3,10,2,Occasionnels,"Nurturing, contenus, promotions saisonnières."
2957,Eric Henry Jr.,46,Female,Philadelphia,1,781,5,631.47,126.29,1,1,1,3,0,Perdus,"Email win-back, enquête satisfaction, dernière chance."
2958,Daniel Fox,37,Male,New York,0,22,23,9560.34,415.67,4,4,5,13,1,VIP / Champions,"Programme VIP, offres exclusives, service premium, early access."
2959,Thomas Harris,26,Female,Phoenix,1,333,4,215.87,53.97,2,1,1,4,0,Perdus,"Email win-back, enquête satisfaction, dernière chance."
2960,Mitchell Sellers,62,Female,San Diego,0,114,20,6243.74,312.19,3,4,3,10,2,Clients fidèles,"Cross-sell / upsell, programme de parrainage, abonnement."
2961,Erica Johnson,45,Female,San Jose,0,25,18,4095.71,227.54,4,3,3,10,2,Occasionnels,"Nurturing, contenus, promotions saisonnières."
2962,Sylvia Schroeder,53,Female,Houston,1,565,8,2011.9499999999998,251.49,1,2,2,5,0,Perdus,"Email win-back, enquête satisfaction, dernière chance."
2963,Shannon Yu,45,Female,Houston,1,541,3,308.14,102.71,1,1,1,3,0,Perdus,"Email win-back, enquête satisfaction, dernière chance."
2964,Tom Foster,59,Female,San Antonio,1,402,4,553.47,138.37,2,1,1,4,0,Perdus,"Email win-back, enquête satisfaction, dernière chance."
2965,Eric Taylor,45,Male,Dallas,0,13,22,7659.39,348.15,5,4,4,13,2,VIP / Champions,"Programme VIP, offres exclusives, service premium, early access."
2966,Travis Conner,65,Female,San Antonio,0,53,23,8543.78,371.47,3,4,4,11,2,Clients fidèles,"Cross-sell / upsell, programme de parrainage, abonnement."
2967,Marie Thompson,29,Male,Phoenix,1,875,5,496.19,99.24,1,1,1,3,0,Perdus,"Email win-back, enquête satisfaction, dernière chance."
2968,Melissa Mcfarland,57,Female,Phoenix,1,568,6,1245.96,207.66,1,1,2,4,0,Perdus,"Email win-back, enquête satisfaction, dernière chance."
2969,Courtney Chapman,19,Male,New York,0,17,24,10686.11,445.25,4,5,5,14,1,VIP / Champions,"Programme VIP, offres exclusives, service premium, early access."
2970,Eric Barker,24,Female,Phoenix,0,9,25,11158.21,446.33,5,5,5,15,1,VIP / Champions,"Programme VIP, offres exclusives, service premium, early access."
2971,Nicholas Rush,64,Male,Houston,1,631,6,1805.79,300.96,1,1,2,4,0,Perdus,"Email win-back, enquête satisfaction, dernière chance."
2972,Jenna Gamble,49,Male,Philadelphia,0,114,26,11733.09,451.27,3,5,5,13,1,Clients fidèles,"Cross-sell / upsell, programme de parrainage, abonnement."
2973,Amanda Guzman,69,Female,Philadelphia,0,53,24,9287.24,386.97,3,5,4,12,1,Clients fidèles,"Cross-sell / upsell, programme de parrainage, abonnement."
2974,Tracy Walker,20,Female,Los Angeles,1,300,5,487.48,97.5,2,1,1,4,0,Perdus,"Email win-back, enquête satisfaction, dernière chance."
2975,Taylor Taylor,67,Female,Los Angeles,0,189,10,4966.85,496.69,3,2,3,8,0,Occasionnels,"Nurturing, contenus, promotions saisonnières."
2976,Cynthia Haas,34,Female,New York,0,8,21,10003.39,476.35,5,4,5,14,1,VIP / Champions,"Programme VIP, offres exclusives, service premium, early access."
2977,Stephen Davis,63,Male,San Antonio,1,831,6,1171.3999999999999,195.23,1,1,2,4,0,Perdus,"Email win-back, enquête satisfaction, dernière chance."
2978,Margaret Tanner,20,Male,San Diego,0,0,20,6384.92,319.25,5,4,3,12,2,Clients fidèles,"Cross-sell / upsell, programme de parrainage, abonnement."
2979,Derek Wright,31,Female,San Antonio,0,91,23,6648.14,289.05,3,4,3,10,2,Clients fidèles,"Cross-sell / upsell, programme de parrainage, abonnement."
2980,David Rodriguez,28,Male,Jacksonville,1,503,11,1237.56,112.51,2,2,2,6,0,Perdus,"Email win-back, enquête satisfaction, dernière chance."
2981,James Oconnor,48,Female,Houston,0,0,28,8824.23,315.15,5,5,4,14,1,VIP / Champions,"Programme VIP, offres exclusives, service premium, early access."
2982,Stacey Snyder,60,Male,Los Angeles,1,541,6,1128.83,188.14,1,1,1,3,0,Perdus,"Email win-back, enquête satisfaction, dernière chance."
2983,Joshua Garcia,38,Male,Chicago,1,266,13,2518.21,193.71,2,2,2,6,0,Perdus,"Email win-back, enquête satisfaction, dernière chance."
2984,Sean Curtis,43,Male,New York,0,1,28,10263.76,366.56,5,5,5,15,1,VIP / Champions,"Programme VIP, offres exclusives, service premium, early access."
2985,Carla Jones,62,Female,Jacksonville,0,118,19,5045.11,265.53,3,3,3,9,2,Occasionnels,"Nurturing, contenus, promotions saisonnières."
2986,Elizabeth Flores,23,Male,Chicago,0,2,14,5161.2,368.66,5,3,3,11,2,Occasionnels,"Nurturing, contenus, promotions saisonnières."
2987,Angela Jackson,57,Female,Austin,0,37,20,7364.7699999999995,368.24,4,4,4,12,2,VIP / Champions,"Programme VIP, offres exclusives, service premium, early access."
2988,Nicholas Payne,59,Male,Jacksonville,0,12,17,7390.74,434.75,5,3,4,12,2,Occasionnels,"Nurturing, contenus, promotions saisonnières."
2989,Anna Wheeler,32,Female,Dallas,0,15,26,10244.02,394.0,4,5,5,14,1,VIP / Champions,"Programme VIP, offres exclusives, service premium, early access."
2990,Karen Johnson,46,Male,New York,1,555,6,622.99,103.83,1,1,1,3,0,Perdus,"Email win-back, enquête satisfaction, dernière chance."
2991,Carmen Preston,26,Female,New York,0,89,10,2959.75,295.98,3,2,2,7,0,Occasionnels,"Nurturing, contenus, promotions saisonnières."
2992,Brian Harris,53,Female,Dallas,1,195,5,1022.87,204.57,3,1,1,5,0,Occasionnels,"Nurturing, contenus, promotions saisonnières."
2993,Michael Bowen,29,Female,Philadelphia,0,32,21,7160.92,341.0,4,4,4,12,2,VIP / Champions,"Programme VIP, offres exclusives, service premium, early access."
2994,Deborah Campbell,56,Male,Los Angeles,0,23,21,7320.38,348.59,4,4,4,12,2,VIP / Champions,"Programme VIP, offres exclusives, service premium, early access."
2995,Anthony Armstrong,36,Female,Dallas,0,1,16,5475.22,342.2,5,3,3,11,2,Occasionnels,"Nurturing, contenus, promotions saisonnières."
2996,Brittany Ward,67,Female,Jacksonville,0,72,18,6740.3,374.46,3,3,3,9,2,Occasionnels,"Nurturing, contenus, promotions saisonnières."
2997,Edward Stanley,57,Female,San Jose,1,895,5,866.4100000000001,173.28,1,1,1,3,0,Perdus,"Email win-back, enquête satisfaction, dernière chance."
2998,Christina Johnson,22,Female,Houston,0,41,18,6441.92,357.88,4,3,3,10,2,Occasionnels,"Nurturing, contenus, promotions saisonnières."
2999,Edgar Miller,67,Male,San Jose,1,255,7,1105.17,157.88,2,1,1,4,0,Perdus,"Email win-back, enquête satisfaction, dernière chance."
3000,Elizabeth Sanders,59,Female,Los Angeles,0,36,20,10200.96,510.05,4,4,5,13,2,VIP / Champions,"Programme VIP, offres exclusives, service premium, early access."
