Sale_ID,Product_ID,Customer_ID,Date,Quantity,Sale_Price,Channel,Campaign_ID
1,197,2001,2025-05-28,1,270.16,Social,212
2,185,2001,2023-10-20,1,143.79,In-Store,108
3,124,2001,2025-04-13,4,174.26,Online,62
4,121,2001,2023-08-24,4,126.42,Online,32
5,170,2001,2023-05-20,4,124.94,Online,26
6,127,2001,2025-11-18,3,184.65,Online,74
7,103,2001,2024-08-21,3,74.85,Email,272
8,122,2001,2025-08-06,1,224.2,Social,215
9,120,2001,2025-02-01,4,186.86,Social,207
10,151,2001,2024-11-19,5,170.44,Online,54
11,180,2001,2024-08-01,5,97.9,Online,49
12,104,2001,2025-10-01,1,50.25,Online,71
13,199,2001,2024-10-24,2,105.38,Email,276
14,162,2001,2025-03-03,5,23.29,Online,60
15,153,2001,2024-11-02,4,44.91,Online,54
16,198,2001,2022-12-06,3,167.93,Social,168
17,181,2001,2025-02-23,5,231.25,Online,60
18,135,2001,2022-08-23,5,62.14,Online,12
19,105,2001,2024-08-06,4,45.85,In-Store,124
20,128,2001,2025-05-27,3,69.61,Online,65
21,147,2001,2022-09-03,1,193.11,Online,12
22,181,2001,2025-12-03,2,231.25,Social,221
23,183,2001,2022-06-20,3,127.82,Online,8
24,143,2001,2024-10-06,4,18.47,In-Store,127
25,158,2001,2023-09-13,2,132.56,Online,33
26,104,2001,2022-08-27,5,50.25,Online,12
27,151,2002,2024-12-22,1,170.44,Online,57
28,140,2002,2023-10-18,4,139.7,Online,33
29,197,2002,2024-11-22,5,270.16,In-Store,130
30,156,2002,2024-08-10,5,13.54,Online,49
31,159,2002,2025-08-24,4,21.52,Social,215
32,177,2002,2024-01-02,1,296.45,Online,37
33,101,2002,2023-10-21,2,116.4,Social,185
34,170,2002,2024-05-06,2,124.94,In-Store,119
35,172,2002,2024-12-24,5,75.03,Online,56
36,183,2002,2024-08-08,2,127.82,Online,49
37,120,2002,2023-10-27,2,186.86,In-Store,110
38,129,2002,2025-01-02,4,269.37,Online,57
39,151,2002,2025-01-07,2,170.44,Online,58
40,196,2002,2024-11-09,1,162.21,Online,54
41,122,2002,2025-10-04,4,224.2,Social,218
42,109,2002,2025-10-28,5,69.39,TV,363
43,136,2002,2023-11-11,4,134.23,Online,36
44,133,2002,2025-10-16,4,129.42,Online,71
45,103,2002,2023-12-06,4,74.85,In-Store,111
46,181,2002,2025-04-23,4,231.25,Social,212
47,159,2002,2024-02-01,3,21.52,Online,39
48,127,2002,2024-12-24,3,184.65,In-Store,131
49,136,2002,2025-01-27,2,134.23,Online,58
50,162,2002,2025-05-28,3,23.29,Email,286
51,133,2002,2025-10-06,2,129.42,Social,218
52,132,2002,2025-10-14,4,146.35,Social,219
53,141,2003,2025-01-31,2,75.02,In-Store,134
54,123,2003,2024-08-25,1,28.54,In-Store,125
55,161,2003,2023-10-16,2,233.25,In-Store,108
56,154,2003,2023-08-19,4,39.53,Online,32
57,146,2003,2024-03-28,1,28.76,Online,43
58,142,2003,2024-07-12,2,298.93,Online,48
59,200,2003,2025-11-21,1,213.63,Online,75
60,146,2003,2023-09-15,1,28.76,In-Store,107
61,120,2003,2025-10-17,3,186.86,In-Store,146
62,169,2003,2023-04-30,5,105.46,Online,24
63,113,2003,2023-11-30,5,122.3,In-Store,111
64,177,2003,2023-08-26,4,296.45,In-Store,106
65,144,2003,2023-09-09,5,22.73,In-Store,106
66,172,2003,2023-08-21,1,75.03,Online,32
67,146,2003,2024-01-02,2,28.76,Email,258
68,172,2003,2023-12-12,4,75.03,In-Store,111
69,184,2003,2025-11-10,1,120.25,Online,74
70,142,2003,2025-02-07,2,298.93,Online,59
71,144,2003,2024-03-13,4,22.73,In-Store,116
72,158,2003,2023-02-07,4,132.56,Online,20
73,140,2003,2025-11-24,3,139.7,Online,75
74,154,2003,2025-05-23,2,39.53,Online,65
75,105,2003,2025-06-06,2,45.85,Social,213
76,182,2004,2024-12-12,2,73.37,Social,205
77,146,2004,2024-12-21,3,28.76,In-Store,131
78,108,2004,2025-01-04,2,127.37,Email,280
79,154,2005,2024-06-12,5,39.53,Email,267
80,151,2005,2024-08-27,4,170.44,TV,341
81,136,2005,2024-11-17,4,134.23,In-Store,129
82,130,2005,2024-11-03,1,117.61,TV,345
83,161,2005,2025-11-16,4,233.25,Online,73
84,149,2005,2025-12-20,3,64.92,Email,295
85,132,2005,2024-06-10,5,146.35,In-Store,121
86,148,2005,2024-10-30,4,47.75,In-Store,128
87,144,2005,2025-12-11,5,22.73,In-Store,149
88,197,2005,2025-05-21,4,270.16,In-Store,139
89,170,2005,2025-04-06,5,124.94,Online,62
90,138,2005,2024-10-09,5,115.15,Online,52
91,141,2005,2024-09-05,3,75.02,Online,51
92,136,2005,2024-11-12,5,134.23,In-Store,129
93,126,2005,2025-02-04,3,62.9,In-Store,134
94,158,2005,2025-11-01,1,132.56,Social,220
95,147,2005,2025-02-22,3,193.11,Online,60
96,114,2005,2024-10-07,5,120.5,In-Store,126
97,142,2005,2025-09-09,2,298.93,Social,217
98,146,2005,2025-11-30,2,28.76,Online,75
99,147,2005,2025-03-20,5,193.11,In-Store,136
100,138,2006,2023-12-30,2,115.15,Online,37
101,169,2006,2024-10-13,2,105.46,Social,202
102,189,2006,2023-12-31,3,47.31,Online,37
103,159,2006,2024-11-12,2,21.52,In-Store,128
104,183,2006,2025-02-24,4,127.82,Online,59
105,133,2006,2024-01-13,1,129.42,Online,39
106,184,2006,2024-04-07,2,120.25,Online,43
107,133,2006,2024-07-04,4,129.42,Online,48
108,188,2006,2024-08-05,4,12.93,In-Store,123
109,104,2006,2024-02-10,4,50.25,Social,191
110,153,2007,2024-08-26,4,44.91,TV,342
111,123,2007,2023-10-31,4,28.54,In-Store,110
112,148,2007,2024-02-11,4,47.75,Social,191
113,162,2007,2023-12-20,2,23.29,Online,37
114,188,2007,2025-01-18,4,12.93,In-Store,133
115,182,2007,2024-08-30,2,73.37,TV,343
116,192,2007,2024-01-16,1,22.56,In-Store,112
117,154,2007,2024-06-09,4,39.53,Online,47
118,158,2007,2024-01-25,2,132.56,Email,259
119,101,2007,2025-02-11,3,116.4,Email,282
120,113,2007,2024-05-13,1,122.3,In-Store,119
121,188,2007,2024-10-04,4,12.93,Online,52
122,135,2007,2023-10-04,3,62.14,In-Store,107
123,159,2007,2024-05-08,1,21.52,Online,45
124,174,2008,2024-07-06,3,89.89,Online,47
125,152,2008,2023-09-26,2,72.34,In-Store,107
126,102,2008,2024-11-02,3,175.2,Social,204
127,175,2008,2024-04-05,4,285.32,Online,43
128,190,2008,2025-03-11,1,121.42,Online,60
129,168,2008,2025-04-06,4,151.07,Email,283
130,139,2008,2025-11-06,5,162.16,Online,73
131,185,2008,2024-01-17,4,143.79,In-Store,112
132,179,2008,2025-07-12,3,69.62,Online,67
133,109,2008,2025-05-29,4,69.39,Online,65
134,166,2008,2024-10-06,1,151.16,TV,344
135,170,2008,2024-11-24,1,124.94,Social,204
136,198,2008,2025-08-22,3,167.93,In-Store,143
137,199,2008,2024-01-02,1,105.38,Online,37
138,173,2009,2024-06-23,1,100.75,TV,339
139,186,2009,2024-04-22,2,29.78,In-Store,118
140,141,2009,2024-03-06,1,75.02,Online,41
141,188,2009,2024-12-15,2,12.93,TV,347
142,194,2009,2024-04-24,3,70.1,In-Store,119
143,153,2009,2025-03-30,2,44.91,Social,210
144,128,2009,2024-07-28,4,69.61,Online,49
145,134,2009,2024-05-29,3,113.57,Online,46
146,179,2009,2024-05-26,1,69.62,Online,46
147,184,2009,2024-09-12,1,120.25,Online,51
148,140,2010,2022-02-19,3,139.7,Online,2
149,121,2010,2022-07-06,1,126.42,Online,9
150,170,2010,2023-08-08,3,124.94,In-Store,106
151,168,2010,2022-11-12,4,151.07,In-Store,92
152,106,2010,2022-05-01,3,41.44,Online,6
153,157,2010,2025-12-31,4,140.43,Online,77
154,153,2010,2022-10-19,3,44.91,Online,15
155,124,2010,2022-09-05,2,174.26,In-Store,90
156,185,2010,2025-04-15,5,143.79,In-Store,137
157,188,2010,2024-02-28,3,12.93,Online,40
158,137,2010,2024-08-09,1,90.95,Online,49
159,149,2010,2024-04-14,1,64.92,Online,44
160,194,2010,2025-04-15,2,70.1,In-Store,137
161,157,2011,2024-02-27,4,140.43,Online,41
162,171,2011,2025-08-03,2,117.28,Online,68
163,198,2011,2024-04-11,5,167.93,TV,335
164,115,2011,2025-05-12,1,114.62,Social,212
165,102,2011,2025-07-18,2,175.2,Online,67
166,139,2011,2025-02-26,3,162.16,Social,209
167,128,2011,2024-11-14,2,69.61,In-Store,129
168,181,2011,2025-03-27,2,231.25,In-Store,137
169,122,2011,2025-05-20,1,224.2,Online,65
170,196,2011,2024-02-24,5,162.21,TV,334
171,127,2011,2025-01-06,5,184.65,TV,349
172,196,2011,2024-09-11,3,162.21,In-Store,125
173,196,2011,2025-11-30,3,162.21,Online,74
174,122,2011,2024-09-15,4,224.2,TV,344
175,129,2011,2024-09-22,2,269.37,In-Store,125
176,197,2011,2023-10-24,1,270.16,Email,255
177,129,2011,2025-09-09,5,269.37,Social,217
178,172,2011,2025-10-11,4,75.03,Online,70
179,170,2011,2025-08-16,5,124.94,Online,68
180,146,2011,2025-09-08,1,28.76,Online,70
181,153,2012,2024-12-20,3,44.91,Online,57
182,152,2012,2025-03-06,1,72.34,Online,60
183,154,2012,2024-12-05,3,39.53,Email,279
184,163,2012,2024-11-15,4,115.65,Online,54
185,152,2012,2024-12-11,1,72.34,In-Store,131
186,172,2012,2024-10-13,3,75.03,Online,53
187,187,2012,2025-03-18,3,95.73,Social,210
188,107,2012,2024-09-11,2,110.76,Online,51
189,182,2012,2024-12-21,4,73.37,TV,348
190,114,2012,2024-09-20,1,120.5,Online,51
191,186,2012,2025-03-24,2,29.78,Online,60
192,121,2013,2024-09-11,3,126.42,In-Store,125
193,151,2013,2025-03-30,2,170.44,In-Store,136
194,125,2013,2025-08-24,5,25.35,In-Store,143
195,131,2013,2022-11-03,1,76.52,Online,15
196,129,2013,2025-09-02,5,269.37,In-Store,143
197,151,2013,2024-01-05,1,170.44,TV,331
198,136,2013,2025-06-18,5,134.23,Social,213
199,193,2013,2022-06-27,1,28.68,Social,161
200,108,2013,2024-04-14,4,127.37,Online,43
201,101,2013,2025-05-19,3,116.4,Online,64
202,162,2013,2022-09-20,2,23.29,Online,13
203,162,2013,2024-10-30,3,23.29,Online,54
204,116,2013,2023-07-26,5,161.44,Social,181
205,129,2013,2023-09-28,4,269.37,TV,325
206,165,2013,2023-11-16,3,213.33,Online,35
207,170,2013,2025-12-26,1,124.94,Online,77
208,161,2013,2022-08-11,3,233.25,Social,163
209,142,2013,2023-11-11,2,298.93,TV,328
210,183,2013,2022-10-12,5,127.82,In-Store,92
211,178,2013,2022-11-19,5,58.92,Online,17
212,184,2013,2023-01-04,5,120.25,Online,19
213,136,2013,2022-10-25,4,134.23,Online,15
214,136,2013,2022-11-03,1,134.23,Email,237
215,168,2013,2024-12-14,5,151.07,In-Store,130
216,136,2013,2022-11-04,1,134.23,In-Store,92
217,117,2013,2024-02-16,4,214.01,Online,40
218,158,2013,2024-10-11,5,132.56,In-Store,127
219,108,2013,2025-12-21,4,127.37,Online,77
220,130,2013,2024-11-15,5,117.61,Online,55
221,122,2013,2022-08-15,3,224.2,In-Store,88
222,175,2013,2023-01-30,5,285.32,In-Store,97
223,184,2013,2025-10-19,2,120.25,Email,293
224,173,2013,2023-03-08,3,100.75,Online,22
225,146,2014,2024-03-25,4,28.76,Online,42
226,103,2014,2023-05-13,2,74.85,In-Store,101
227,111,2014,2025-01-20,1,78.12,Online,58
228,180,2014,2024-04-12,4,97.9,Online,43
229,159,2014,2023-08-02,3,21.52,Online,30
230,167,2014,2024-06-04,2,75.91,Online,46
231,189,2014,2023-09-14,3,47.31,In-Store,107
232,199,2014,2024-03-25,3,105.38,Online,43
233,152,2014,2023-07-19,1,72.34,Online,30
234,181,2015,2022-12-13,5,231.25,Social,170
235,133,2015,2025-04-10,4,129.42,Online,61
236,200,2015,2023-04-06,2,213.63,In-Store,100
237,170,2015,2024-01-20,4,124.94,In-Store,113
238,198,2015,2024-10-04,3,167.93,Social,202
239,101,2015,2025-04-24,5,116.4,Online,63
240,177,2015,2023-12-25,4,296.45,Social,188
241,140,2015,2022-05-17,1,139.7,In-Store,85
242,119,2015,2023-06-06,2,193.28,Online,28
243,186,2015,2023-12-30,4,29.78,Online,38
244,131,2015,2023-03-04,1,76.52,Online,22
245,118,2015,2022-07-21,5,128.58,Online,9
246,164,2015,2023-10-08,5,91.03,Email,254
247,118,2015,2024-02-27,1,128.58,Online,41
248,120,2015,2023-09-24,3,186.86,In-Store,107
249,200,2015,2024-01-16,2,213.63,Online,39
250,191,2015,2022-04-05,3,196.98,Email,228
251,164,2015,2022-04-03,2,91.03,Online,5
252,102,2015,2022-10-05,2,175.2,Online,13
253,147,2015,2023-06-26,3,193.11,In-Store,104
254,115,2015,2025-02-03,5,114.62,Social,207
255,113,2015,2022-07-03,2,122.3,In-Store,87
256,126,2015,2023-03-19,3,62.9,Online,23
257,138,2015,2024-07-18,2,115.15,Email,268
258,154,2015,2025-08-04,5,39.53,Online,68
259,133,2015,2022-12-21,1,129.42,In-Store,95
260,130,2016,2024-08-14,1,117.61,Social,200
261,159,2016,2024-07-12,3,21.52,Social,198
262,186,2016,2024-05-08,1,29.78,In-Store,119
263,168,2017,2025-11-16,5,151.07,Online,74
264,185,2017,2025-12-17,3,143.79,Online,76
265,157,2017,2025-06-15,3,140.43,Online,65
266,167,2017,2025-07-04,4,75.91,Online,66
267,192,2017,2025-10-13,5,22.56,In-Store,146
268,177,2017,2024-09-25,2,296.45,Online,52
269,120,2017,2024-10-23,3,186.86,Online,53
270,117,2017,2025-03-18,3,214.01,Online,61
271,183,2017,2024-05-22,1,127.82,Online,46
272,136,2017,2025-08-10,5,134.23,Online,68
273,130,2017,2025-08-03,4,117.61,Online,68
274,144,2017,2025-05-13,4,22.73,Online,64
275,165,2017,2025-03-23,4,213.33,Online,61
276,136,2017,2025-12-17,1,134.23,Online,76
277,124,2017,2025-07-23,1,174.26,In-Store,142
278,168,2017,2024-10-16,1,151.07,Online,53
279,170,2017,2025-09-07,2,124.94,In-Store,143
280,129,2017,2024-11-08,3,269.37,Online,55
281,179,2017,2025-11-05,5,69.62,Email,293
282,193,2017,2024-03-05,3,28.68,Social,192
283,146,2017,2025-04-14,5,28.76,In-Store,137
284,101,2018,2022-06-09,3,116.4,Online,8
285,153,2018,2023-08-31,1,44.91,Social,182
286,125,2018,2023-12-05,1,25.35,Online,36
287,163,2018,2023-03-05,3,115.65,Online,22
288,160,2019,2024-11-15,4,74.86,In-Store,128
289,122,2019,2024-07-09,1,224.2,Online,48
290,114,2019,2023-10-03,4,120.5,Online,33
291,177,2019,2024-06-27,1,296.45,Online,47
292,151,2019,2024-11-05,3,170.44,Email,277
293,112,2019,2023-04-03,3,58.11,Online,23
294,123,2019,2024-05-27,4,28.54,In-Store,120
295,155,2019,2025-03-01,3,71.21,In-Store,135
296,144,2019,2024-10-26,2,22.73,Online,53
297,143,2019,2025-11-24,5,18.47,In-Store,147
298,141,2019,2024-12-01,5,75.02,Social,205
299,186,2019,2025-12-22,4,29.78,Online,77
300,200,2019,2024-04-23,1,213.63,Online,43
301,132,2019,2025-12-04,3,146.35,Online,74
302,199,2019,2023-07-09,2,105.38,Online,29
303,174,2019,2025-02-27,1,89.89,Online,59
304,186,2020,2023-10-30,2,29.78,Online,34
305,160,2020,2023-09-10,1,74.86,Online,33
306,145,2020,2023-11-08,3,87.44,Online,35
307,115,2020,2023-12-22,1,114.62,Online,37
308,169,2020,2023-11-26,1,105.46,Online,36
309,164,2021,2025-01-15,4,91.03,Online,58
310,141,2021,2024-12-07,1,75.02,Online,55
311,174,2021,2024-09-02,4,89.89,Online,51
312,126,2021,2025-01-26,1,62.9,Online,59
313,101,2021,2024-12-06,2,116.4,Online,55
314,148,2021,2025-02-15,2,47.75,Online,59
315,144,2021,2025-02-20,4,22.73,Online,60
316,106,2021,2025-02-15,3,41.44,In-Store,135
317,130,2021,2024-10-05,4,117.61,Online,52
318,174,2021,2024-12-04,1,89.89,TV,347
319,187,2021,2025-02-16,4,95.73,Online,59
320,131,2021,2025-02-08,4,76.52,In-Store,134
321,192,2021,2025-05-29,2,22.56,Online,65
322,164,2021,2024-10-10,4,91.03,Online,52
323,191,2022,2025-11-11,4,196.98,Online,73
324,160,2022,2025-10-29,4,74.86,In-Store,147
325,121,2022,2025-12-18,4,126.42,Online,77
326,163,2022,2025-09-11,4,115.65,Online,70
327,129,2022,2025-10-02,5,269.37,Online,71
328,129,2022,2025-10-22,2,269.37,Social,219
329,127,2022,2025-01-18,5,184.65,Online,58
330,117,2022,2024-12-03,2,214.01,Email,279
331,124,2022,2025-05-28,5,174.26,Online,65
332,118,2022,2025-05-06,1,128.58,Online,63
333,161,2022,2025-12-03,4,233.25,Online,75
334,194,2022,2025-02-13,4,70.1,Online,59
335,113,2022,2025-09-22,4,122.3,Online,70
336,106,2022,2025-11-15,2,41.44,Online,74
337,102,2022,2024-11-04,2,175.2,Online,54
338,187,2022,2025-11-17,4,95.73,Online,73
339,189,2022,2025-08-06,4,47.31,Online,68
340,142,2022,2025-12-24,2,298.93,Online,76
341,172,2022,2024-11-08,2,75.03,Online,54
342,110,2022,2025-07-30,2,138.19,Online,68
343,177,2022,2025-11-24,3,296.45,Online,74
344,101,2023,2024-12-18,5,116.4,Online,57
345,196,2023,2025-08-21,5,162.21,In-Store,143
346,164,2023,2025-08-31,1,91.03,Online,69
347,156,2023,2025-02-03,5,13.54,Online,59
348,177,2023,2025-09-29,2,296.45,Email,292
349,187,2023,2025-03-09,2,95.73,Online,60
350,124,2023,2025-04-02,1,174.26,Online,61
351,170,2023,2024-12-06,1,124.94,Online,55
352,132,2023,2025-11-24,2,146.35,In-Store,148
353,182,2023,2024-09-21,1,73.37,Social,201
354,157,2023,2025-02-11,2,140.43,In-Store,134
355,113,2023,2025-12-21,4,122.3,Online,76
356,120,2023,2024-12-17,3,186.86,Online,57
357,170,2023,2025-03-23,1,124.94,Online,61
358,142,2023,2025-04-21,3,298.93,In-Store,138
359,108,2023,2025-03-06,2,127.37,Online,60
360,184,2023,2025-09-26,1,120.25,In-Store,145
361,193,2023,2025-10-09,5,28.68,Online,70
362,146,2023,2024-10-17,4,28.76,In-Store,127
363,101,2023,2025-09-28,3,116.4,Online,70
364,181,2023,2025-09-23,3,231.25,TV,361
365,162,2023,2025-08-06,3,23.29,Online,68
366,136,2023,2025-12-09,4,134.23,Online,76
367,125,2024,2023-11-20,1,25.35,Online,36
368,183,2024,2024-01-31,1,127.82,Online,40
369,128,2024,2024-11-18,4,69.61,In-Store,129
370,192,2024,2024-05-13,1,22.56,Online,46
371,101,2024,2023-11-03,3,116.4,Online,34
372,174,2024,2024-01-26,2,89.89,Online,40
373,169,2024,2024-09-03,2,105.46,In-Store,124
374,130,2024,2024-05-15,2,117.61,Email,265
375,121,2024,2023-10-26,4,126.42,In-Store,108
376,187,2024,2023-11-05,3,95.73,Online,34
377,183,2025,2025-07-18,5,127.82,In-Store,142
378,193,2025,2024-07-02,3,28.68,In-Store,121
379,141,2025,2023-12-25,3,75.02,Online,37
380,133,2025,2023-12-01,2,129.42,Social,187
381,163,2025,2025-04-16,5,115.65,Social,211
382,120,2025,2024-10-19,4,186.86,In-Store,128
383,162,2025,2023-07-10,1,23.29,TV,322
384,155,2025,2023-06-27,2,71.21,Email,249
385,166,2025,2023-09-10,5,151.16,Online,33
386,140,2025,2025-07-27,2,139.7,Online,68
387,167,2025,2024-07-14,3,75.91,Online,48
388,200,2025,2023-11-23,2,213.63,In-Store,111
389,120,2025,2024-03-10,4,186.86,TV,335
390,121,2025,2023-11-27,4,126.42,Online,36
391,106,2025,2024-05-07,2,41.44,Online,45
392,138,2025,2024-07-10,4,115.15,In-Store,122
393,169,2025,2025-08-21,4,105.46,Online,69
394,155,2025,2024-05-29,1,71.21,In-Store,121
395,117,2025,2025-12-03,5,214.01,Online,74
396,122,2025,2025-05-18,4,224.2,Online,64
397,120,2025,2024-08-11,5,186.86,In-Store,123
398,142,2026,2023-11-27,2,298.93,Online,36
399,120,2026,2024-01-21,5,186.86,In-Store,113
400,101,2026,2024-07-28,4,116.4,Email,270
401,135,2026,2025-08-09,4,62.14,Online,69
402,181,2026,2025-03-04,1,231.25,TV,351
403,193,2026,2023-11-15,5,28.68,Online,36
404,103,2026,2025-08-30,3,74.85,In-Store,144
405,173,2026,2025-08-18,5,100.75,In-Store,143
406,197,2026,2025-04-21,1,270.16,In-Store,138
407,161,2026,2024-09-17,2,233.25,Online,51
408,173,2026,2025-10-20,1,100.75,In-Store,146
409,157,2026,2025-05-01,5,140.43,Online,63
410,139,2026,2025-06-07,2,162.16,In-Store,140
411,163,2026,2025-05-19,1,115.65,Online,65
412,151,2026,2023-10-13,4,170.44,Online,33
413,186,2026,2025-03-02,1,29.78,Online,60
414,124,2027,2025-03-20,4,174.26,Online,60
415,114,2027,2024-07-15,5,120.5,In-Store,123
416,177,2027,2024-12-27,4,296.45,In-Store,132
417,183,2027,2023-05-06,5,127.82,In-Store,101
418,135,2027,2024-10-10,3,62.14,In-Store,127
419,162,2027,2025-01-28,1,23.29,TV,350
420,168,2027,2025-08-08,1,151.07,In-Store,142
421,132,2027,2025-03-09,3,146.35,In-Store,136
422,120,2027,2023-10-20,2,186.86,In-Store,108
423,193,2027,2023-12-15,5,28.68,Email,258
424,154,2027,2025-05-15,2,39.53,Online,65
425,193,2027,2023-03-05,2,28.68,Online,22
426,159,2027,2025-02-19,5,21.52,Online,59
427,151,2027,2023-10-11,1,170.44,Online,34
428,157,2028,2024-02-28,2,140.43,Online,40
429,136,2028,2025-01-31,1,134.23,Online,58
430,173,2028,2025-04-22,5,100.75,In-Store,137
431,196,2028,2023-04-26,5,162.21,In-Store,100
432,190,2028,2024-04-02,3,121.42,Email,263
433,139,2028,2024-07-11,5,162.16,Online,48
434,165,2028,2024-03-28,3,213.33,TV,335
435,102,2028,2025-06-28,3,175.2,In-Store,141
436,118,2028,2024-04-05,3,128.58,Social,193
437,151,2028,2025-06-17,4,170.44,Social,213
438,179,2028,2024-04-29,2,69.62,Online,45
439,157,2028,2023-07-18,3,140.43,TV,323
440,113,2028,2025-04-22,3,122.3,Online,62
441,120,2028,2025-02-14,4,186.86,Online,59
442,127,2028,2025-01-19,3,184.65,Online,58
443,195,2028,2024-03-17,3,109.44,In-Store,117
444,147,2028,2023-11-09,4,193.11,In-Store,110
445,198,2028,2025-06-05,4,167.93,Email,286
446,187,2028,2025-11-03,1,95.73,In-Store,147
447,151,2029,2024-11-19,5,170.44,Social,204
448,108,2029,2025-09-17,5,127.37,Online,70
449,138,2029,2025-04-23,3,115.15,Social,211
450,116,2029,2025-05-19,4,161.44,Online,64
451,143,2029,2025-03-28,4,18.47,In-Store,137
452,139,2029,2024-12-13,2,162.16,In-Store,131
453,195,2029,2025-07-15,1,109.44,Online,67
454,113,2029,2025-08-13,3,122.3,Email,290
455,119,2029,2025-09-08,3,193.28,In-Store,144
456,196,2029,2025-12-12,1,162.21,In-Store,149
457,134,2029,2025-11-27,4,113.57,Online,74
458,197,2029,2025-08-01,2,270.16,Email,289
459,109,2029,2025-09-08,1,69.39,In-Store,144
460,165,2029,2025-02-21,4,213.33,In-Store,134
461,107,2029,2025-09-17,4,110.76,Social,218
462,177,2029,2024-12-04,3,296.45,Online,56
463,124,2029,2024-09-26,5,174.26,Email,274
464,145,2029,2025-08-28,5,87.44,Online,68
465,139,2029,2025-10-22,4,162.16,In-Store,147
466,186,2030,2022-10-04,1,29.78,In-Store,91
467,141,2030,2023-02-22,1,75.02,Social,173
468,134,2031,2022-09-21,2,113.57,In-Store,91
469,156,2031,2022-10-11,3,13.54,Email,236
470,169,2031,2022-09-03,1,105.46,Online,13
471,189,2031,2022-04-18,3,47.31,In-Store,83
472,130,2031,2022-04-30,1,117.61,Online,6
473,137,2031,2022-07-25,3,90.95,Social,162
474,186,2031,2022-12-31,2,29.78,Online,19
475,124,2032,2025-08-01,4,174.26,Online,68
476,181,2032,2024-01-12,1,231.25,In-Store,112
477,114,2032,2024-02-07,1,120.5,Online,39
478,102,2032,2025-08-12,4,175.2,In-Store,143
479,118,2032,2023-11-03,4,128.58,Online,35
480,121,2032,2025-07-04,2,126.42,Social,214
481,129,2032,2025-11-08,1,269.37,Email,294
482,183,2032,2025-05-30,4,127.82,In-Store,139
483,185,2032,2024-01-28,2,143.79,TV,333
484,181,2032,2024-10-09,4,231.25,In-Store,127
485,132,2032,2024-03-18,4,146.35,Online,42
486,118,2032,2025-04-10,2,128.58,In-Store,138
487,166,2032,2024-10-09,2,151.16,Online,52
488,156,2032,2025-06-15,1,13.54,Social,213
489,136,2032,2025-03-23,2,134.23,In-Store,136
490,104,2032,2024-06-22,3,50.25,Social,197
491,129,2032,2023-10-28,2,269.37,In-Store,109
492,134,2032,2023-04-06,5,113.57,Online,23
493,142,2032,2025-06-09,2,298.93,Online,65
494,184,2032,2025-12-28,2,120.25,Email,296
495,184,2032,2023-07-04,4,120.25,Online,29
496,147,2032,2023-05-20,5,193.11,In-Store,102
497,170,2032,2024-11-24,2,124.94,In-Store,129
498,120,2032,2024-05-14,1,186.86,Online,45
499,121,2032,2024-08-09,5,126.42,TV,341
500,191,2032,2025-01-24,1,196.98,In-Store,133
501,146,2032,2025-08-29,4,28.76,Online,69
502,169,2032,2025-01-24,1,105.46,Online,58
503,181,2032,2023-06-20,5,231.25,Online,28
504,194,2032,2024-11-17,5,70.1,Online,54
505,164,2032,2025-03-07,5,91.03,Online,60
506,182,2033,2025-10-11,3,73.37,In-Store,145
507,108,2033,2022-09-20,5,127.37,Online,13
508,177,2033,2022-04-10,5,296.45,In-Store,83
509,186,2033,2025-02-18,5,29.78,Social,208
510,187,2033,2025-03-08,1,95.73,In-Store,136
511,144,2033,2023-04-29,1,22.73,Online,24
512,183,2033,2025-07-09,1,127.82,In-Store,141
513,116,2033,2023-12-04,2,161.44,In-Store,111
514,121,2033,2025-10-27,5,126.42,Online,72
515,161,2033,2022-05-11,1,233.25,Online,6
516,153,2033,2024-03-14,2,44.91,Online,42
517,140,2033,2025-11-07,3,139.7,Online,72
518,152,2033,2025-01-27,3,72.34,In-Store,134
519,177,2033,2024-08-28,4,296.45,In-Store,124
520,181,2033,2025-02-03,3,231.25,In-Store,134
521,110,2033,2025-01-09,1,138.19,In-Store,132
522,157,2033,2022-05-31,2,140.43,Online,7
523,114,2034,2023-12-24,1,120.5,TV,330
524,171,2034,2023-03-31,3,117.28,In-Store,99
525,187,2034,2023-12-09,3,95.73,Online,36
526,163,2034,2023-03-11,1,115.65,In-Store,99
527,134,2034,2023-07-22,2,113.57,Online,30
528,137,2034,2023-04-10,2,90.95,Online,24
529,192,2034,2023-06-28,3,22.56,Email,249
530,109,2035,2022-08-14,4,69.39,Email,235
531,131,2035,2022-12-15,1,76.52,In-Store,95
532,167,2035,2023-08-30,2,75.91,In-Store,107
533,107,2035,2025-04-24,5,110.76,In-Store,138
534,174,2035,2024-07-03,3,89.89,TV,338
535,181,2035,2024-08-01,5,231.25,Online,49
536,108,2035,2023-09-01,1,127.37,In-Store,106
537,197,2035,2024-06-07,1,270.16,Online,47
538,161,2035,2024-01-09,2,233.25,Social,190
539,108,2035,2023-06-02,1,127.37,Online,27
540,135,2035,2023-05-26,1,62.14,In-Store,102
541,110,2035,2022-11-04,3,138.19,In-Store,93
542,116,2035,2024-11-23,3,161.44,In-Store,129
543,191,2036,2024-07-16,1,196.98,Online,48
544,127,2036,2025-03-15,5,184.65,In-Store,136
545,171,2036,2025-04-11,2,117.28,Online,61
546,115,2036,2025-11-24,2,114.62,Online,75
547,139,2036,2024-07-08,3,162.16,In-Store,123
548,122,2036,2024-06-01,4,224.2,In-Store,120
549,159,2036,2024-01-17,3,21.52,In-Store,113
550,165,2036,2025-11-01,4,213.33,Online,73
551,147,2036,2024-04-20,1,193.11,Email,264
552,149,2036,2025-04-19,1,64.92,In-Store,137
553,114,2036,2023-06-14,1,120.5,Online,28
554,200,2036,2023-05-05,3,213.63,In-Store,101
555,122,2036,2025-10-13,1,224.2,TV,362
556,122,2036,2025-05-25,2,224.2,Online,65
557,151,2036,2025-11-27,5,170.44,In-Store,148
558,166,2036,2025-04-17,2,151.16,Email,285
559,134,2036,2023-01-22,5,113.57,In-Store,96
560,155,2036,2024-05-22,5,71.21,In-Store,120
561,168,2036,2023-04-04,2,151.07,In-Store,100
562,120,2036,2025-12-15,2,186.86,Online,76
563,129,2036,2023-10-08,1,269.37,Online,33
564,158,2036,2025-02-22,1,132.56,Online,60
565,175,2036,2024-06-02,1,285.32,Online,47
566,116,2037,2025-04-17,5,161.44,Online,62
567,125,2037,2025-05-28,5,25.35,Social,212
568,193,2037,2024-08-25,5,28.68,Social,200
569,192,2037,2024-09-16,5,22.56,Online,51
570,101,2037,2025-05-21,1,116.4,Online,65
571,182,2037,2025-01-26,1,73.37,Online,58
572,161,2037,2025-12-05,5,233.25,Online,74
573,198,2037,2024-12-24,4,167.93,Online,57
574,168,2037,2025-04-02,4,151.07,Online,61
575,160,2037,2025-07-28,2,74.86,Online,67
576,158,2037,2025-04-21,4,132.56,In-Store,138
577,197,2037,2025-10-12,3,270.16,In-Store,146
578,148,2037,2024-07-25,2,47.75,Online,49
579,147,2037,2025-05-07,4,193.11,Online,64
580,173,2037,2025-06-24,2,100.75,In-Store,141
581,135,2037,2025-11-22,3,62.14,Online,74
582,114,2037,2025-12-02,2,120.5,Online,75
583,141,2037,2025-09-02,4,75.02,Online,70
584,147,2037,2024-11-07,2,193.11,Online,54
585,196,2037,2025-12-14,2,162.21,Online,76
586,172,2037,2025-07-05,5,75.03,In-Store,141
587,126,2037,2025-10-07,3,62.9,Online,71
588,142,2037,2025-10-02,2,298.93,In-Store,145
589,177,2037,2025-01-27,1,296.45,Social,207
590,155,2037,2025-03-30,4,71.21,Online,61
591,160,2037,2024-11-02,5,74.86,In-Store,128
592,160,2037,2025-01-29,5,74.86,In-Store,133
593,117,2038,2024-09-13,1,214.01,Online,51
594,149,2038,2024-11-25,4,64.92,Online,55
595,190,2038,2024-12-03,1,121.42,Online,56
596,200,2038,2025-11-01,2,213.63,Online,72
597,189,2038,2025-07-23,5,47.31,Online,68
598,185,2038,2024-07-04,3,143.79,Online,47
599,115,2038,2025-05-07,2,114.62,Online,63
600,118,2038,2024-06-30,1,128.58,Online,48
601,136,2038,2025-04-07,4,134.23,Online,61
602,123,2038,2024-08-24,3,28.54,Email,271
603,116,2038,2025-05-20,1,161.44,Online,65
604,102,2038,2024-05-26,2,175.2,Online,46
605,115,2038,2025-05-18,5,114.62,Online,64
606,121,2038,2025-05-28,3,126.42,Online,65
607,196,2038,2025-06-10,1,162.21,Online,65
608,191,2038,2024-09-13,2,196.98,Online,51
609,183,2038,2025-08-12,1,127.82,Email,290
610,151,2038,2025-04-29,4,170.44,TV,353
611,165,2038,2024-12-05,2,213.33,Online,55
612,180,2038,2024-11-25,3,97.9,Social,204
613,150,2039,2022-12-29,3,66.48,TV,313
614,169,2039,2023-04-28,2,105.46,Online,24
615,123,2039,2022-10-29,3,28.54,Online,16
616,125,2039,2022-12-18,2,25.35,Online,19
617,103,2039,2023-09-28,2,74.85,Online,33
618,156,2040,2024-06-20,1,13.54,Online,47
619,113,2040,2022-09-29,3,122.3,In-Store,91
620,188,2040,2023-02-22,2,12.93,Online,20
621,187,2040,2024-05-07,1,95.73,In-Store,119
622,123,2040,2023-10-18,2,28.54,In-Store,108
623,173,2040,2023-05-06,4,100.75,Online,25
624,141,2040,2022-11-01,1,75.02,Online,16
625,106,2040,2022-10-04,4,41.44,In-Store,91
626,113,2040,2022-09-14,4,122.3,Online,13
627,114,2040,2022-09-05,3,120.5,Online,13
628,155,2040,2024-04-06,1,71.21,Online,43
629,138,2040,2022-09-27,2,115.15,In-Store,91
630,182,2040,2023-09-08,1,73.37,Social,183
631,146,2040,2023-11-30,4,28.76,Online,36
632,163,2040,2023-08-11,3,115.65,Online,32
633,173,2040,2025-01-18,2,100.75,Online,58
634,188,2040,2022-11-15,3,12.93,In-Store,94
635,184,2040,2022-11-01,2,120.25,Online,16
636,199,2040,2024-09-18,2,105.38,Online,51
637,174,2040,2022-10-21,2,89.89,Email,237
638,198,2041,2023-10-05,1,167.93,In-Store,108
639,169,2041,2024-01-31,2,105.46,Online,39
640,165,2041,2023-05-23,5,213.33,TV,320
641,124,2041,2024-04-18,5,174.26,Online,44
642,155,2041,2023-10-05,5,71.21,Online,33
643,171,2041,2023-07-19,1,117.28,Social,180
644,184,2041,2024-01-01,3,120.25,Online,37
645,178,2041,2023-06-07,5,58.92,Online,27
646,112,2041,2025-06-23,3,58.11,Social,214
647,190,2041,2025-03-01,2,121.42,Social,209
648,147,2041,2024-01-02,2,193.11,In-Store,112
649,114,2041,2025-08-26,4,120.5,Online,69
650,107,2041,2024-01-14,4,110.76,Online,39
651,140,2041,2025-11-30,4,139.7,Online,75
652,179,2041,2023-11-27,2,69.62,Online,36
653,167,2041,2024-10-05,2,75.91,In-Store,127
654,110,2041,2023-06-12,2,138.19,Social,179
655,128,2041,2025-04-24,1,69.61,Online,62
656,110,2041,2024-07-31,4,138.19,Online,49
657,157,2041,2024-11-11,1,140.43,In-Store,128
658,155,2041,2024-06-11,1,71.21,Social,196
659,157,2041,2025-07-11,1,140.43,Online,67
660,183,2041,2025-07-18,2,127.82,Email,289
661,198,2041,2025-01-25,1,167.93,TV,350
662,156,2041,2023-09-07,3,13.54,Social,184
663,175,2041,2023-08-17,4,285.32,In-Store,106
664,145,2041,2025-11-20,2,87.44,Online,74
665,200,2042,2024-01-28,3,213.63,In-Store,114
666,168,2042,2023-05-26,1,151.07,Online,27
667,158,2042,2024-05-15,4,132.56,Online,46
668,127,2042,2023-12-19,4,184.65,Online,37
669,104,2042,2024-09-08,2,50.25,Email,273
670,192,2042,2024-11-11,1,22.56,Online,54
671,119,2042,2023-04-29,3,193.28,Online,24
672,133,2042,2024-07-30,1,129.42,Social,199
673,124,2042,2023-07-22,5,174.26,Online,30
674,176,2042,2023-09-22,2,98.45,Social,184
675,163,2042,2024-05-25,3,115.65,Online,46
676,139,2042,2023-04-16,4,162.16,In-Store,100
677,183,2042,2024-03-12,1,127.82,In-Store,116
678,119,2042,2023-07-17,2,193.28,Online,29
679,196,2042,2024-11-23,4,162.21,Social,204
680,176,2042,2023-05-05,3,98.45,Online,25
681,130,2042,2024-07-08,2,117.61,In-Store,122
682,116,2042,2024-09-07,4,161.44,Online,50
683,160,2042,2025-01-10,3,74.86,Online,58
684,178,2042,2024-02-01,5,58.92,Online,39
685,127,2042,2025-09-13,5,184.65,Social,217
686,117,2042,2024-11-11,4,214.01,Online,54
687,156,2042,2023-12-09,2,13.54,Online,36
688,171,2043,2023-10-21,1,117.28,Online,34
689,176,2043,2024-01-19,4,98.45,TV,331
690,188,2043,2025-03-22,1,12.93,Online,61
691,118,2043,2023-11-10,3,128.58,Online,36
692,169,2043,2024-04-19,2,105.46,Online,43
693,192,2043,2023-10-23,2,22.56,Social,185
694,183,2043,2024-07-22,4,127.82,Online,48
695,143,2043,2023-11-09,2,18.47,Online,35
696,184,2043,2024-07-20,2,120.25,Online,48
697,156,2043,2024-03-22,2,13.54,Online,42
698,123,2043,2024-03-03,1,28.54,In-Store,117
699,163,2044,2023-11-24,5,115.65,Online,36
700,188,2044,2025-05-30,1,12.93,Online,65
701,185,2044,2024-02-21,1,143.79,Online,40
702,127,2044,2024-11-29,2,184.65,Online,56
703,165,2044,2024-02-20,3,213.33,Online,40
704,102,2044,2025-10-08,1,175.2,Online,70
705,127,2044,2024-03-07,1,184.65,In-Store,116
706,125,2044,2024-03-25,1,25.35,Online,42
707,195,2044,2024-12-06,4,109.44,In-Store,131
708,157,2044,2024-06-20,5,140.43,Online,47
709,139,2044,2024-05-19,2,162.16,Online,46
710,140,2044,2024-01-02,2,139.7,In-Store,112
711,169,2044,2024-11-13,2,105.46,Online,55
712,132,2044,2025-11-01,5,146.35,Social,220
713,168,2044,2025-09-08,3,151.07,In-Store,143
714,189,2044,2024-11-17,2,47.31,Online,54
715,152,2044,2024-10-14,2,72.34,Online,52
716,175,2044,2024-01-14,5,285.32,In-Store,112
717,139,2044,2024-09-07,3,162.16,Online,51
718,124,2044,2024-01-17,5,174.26,Online,38
719,142,2044,2024-08-11,2,298.93,In-Store,123
720,185,2044,2023-11-02,1,143.79,TV,327
721,170,2044,2025-04-30,4,124.94,Online,63
722,124,2044,2024-08-17,3,174.26,Online,50
723,139,2044,2024-09-29,4,162.16,Online,51
724,103,2044,2024-08-17,3,74.85,TV,341
725,196,2045,2024-05-17,5,162.21,Online,45
726,116,2045,2024-07-10,4,161.44,Online,48
727,196,2045,2024-03-17,2,162.21,In-Store,117
728,144,2045,2024-04-28,1,22.73,TV,336
729,175,2045,2024-10-02,2,285.32,In-Store,126
730,141,2045,2024-07-21,5,75.02,Online,48
731,172,2045,2025-10-23,3,75.03,Online,72
732,117,2045,2024-06-21,3,214.01,In-Store,122
733,142,2045,2025-04-24,4,298.93,Online,62
734,174,2045,2025-10-25,2,89.89,In-Store,147
735,158,2045,2025-07-01,1,132.56,Online,67
736,107,2045,2024-12-20,1,110.76,Online,56
737,117,2045,2025-05-18,3,214.01,Online,65
738,184,2045,2024-11-20,3,120.25,Online,54
739,125,2045,2024-08-09,4,25.35,Online,49
740,133,2045,2025-06-06,4,129.42,In-Store,139
741,101,2045,2024-06-30,5,116.4,Online,48
742,138,2045,2025-02-14,4,115.15,Online,59
743,188,2045,2025-11-03,2,12.93,Online,72
744,144,2045,2025-07-16,3,22.73,Online,67
745,148,2045,2025-04-06,3,47.75,Social,211
746,121,2046,2023-06-25,1,126.42,In-Store,104
747,189,2046,2024-01-18,5,47.31,Online,39
748,157,2046,2025-10-02,4,140.43,Online,70
749,167,2046,2024-06-24,2,75.91,Online,47
750,190,2046,2024-08-28,3,121.42,Online,50
751,175,2046,2025-02-28,4,285.32,Online,59
752,161,2046,2023-11-13,4,233.25,In-Store,110
753,187,2046,2023-12-03,1,95.73,Online,37
754,132,2046,2025-01-20,4,146.35,Online,58
755,122,2046,2024-08-20,2,224.2,Email,271
756,175,2046,2023-10-09,3,285.32,In-Store,107
757,159,2046,2025-01-17,1,21.52,Email,281
758,186,2046,2024-05-17,4,29.78,Online,45
759,152,2046,2023-12-15,4,72.34,Online,37
760,110,2046,2025-02-21,2,138.19,Online,60
761,158,2046,2024-06-30,4,132.56,Social,197
762,129,2046,2024-10-31,3,269.37,Online,54
763,127,2046,2023-07-07,4,184.65,Online,29
764,165,2046,2025-06-22,2,213.33,Online,66
765,101,2046,2024-07-15,5,116.4,In-Store,123
766,172,2046,2023-10-24,4,75.03,Online,34
767,101,2046,2025-04-21,1,116.4,In-Store,137
768,131,2047,2023-08-06,2,76.52,Online,31
769,173,2047,2023-12-22,2,100.75,Online,37
770,104,2047,2023-02-23,3,50.25,Online,21
771,143,2047,2023-08-16,4,18.47,Email,251
772,131,2047,2023-09-27,4,76.52,Social,184
773,153,2047,2023-08-21,1,44.91,In-Store,106
774,113,2047,2023-12-29,4,122.3,Online,37
775,174,2047,2023-06-26,1,89.89,TV,321
776,193,2047,2024-05-25,2,28.68,In-Store,120
777,177,2048,2025-10-19,2,296.45,In-Store,146
778,189,2048,2025-04-02,5,47.31,In-Store,137
779,147,2048,2025-10-30,3,193.11,Online,72
780,152,2048,2025-04-03,5,72.34,TV,353
781,170,2048,2025-07-04,1,124.94,Online,67
782,165,2048,2025-06-02,1,213.33,In-Store,140
783,164,2048,2025-11-24,4,91.03,Online,75
784,161,2048,2025-06-25,4,233.25,Online,66
785,122,2048,2025-06-16,2,224.2,Online,66
786,166,2048,2025-07-06,5,151.16,Online,67
787,123,2048,2025-08-07,4,28.54,In-Store,143
788,101,2048,2025-12-21,1,116.4,TV,365
789,196,2048,2025-02-18,1,162.21,In-Store,134
790,132,2048,2025-07-25,5,146.35,Email,290
791,192,2048,2025-02-16,5,22.56,In-Store,134
792,135,2048,2025-01-12,4,62.14,Online,58
793,159,2048,2025-08-16,1,21.52,Online,69
794,160,2048,2025-08-24,3,74.86,TV,360
795,177,2048,2025-08-21,4,296.45,Online,69
796,195,2048,2025-07-06,5,109.44,Online,67
797,165,2048,2025-11-29,4,213.33,In-Store,148
798,133,2048,2024-12-29,4,129.42,Online,56
799,127,2048,2025-01-09,3,184.65,Social,206
800,157,2048,2025-09-18,5,140.43,Online,70
801,194,2048,2025-03-24,4,70.1,Online,61
802,142,2048,2025-07-15,4,298.93,Social,214
803,147,2049,2025-07-13,4,193.11,TV,356
804,169,2049,2024-05-25,3,105.46,Online,46
805,119,2049,2025-02-19,2,193.28,Online,59
806,192,2049,2025-09-06,4,22.56,Social,217
807,185,2049,2025-09-02,5,143.79,Online,70
808,142,2049,2024-10-25,1,298.93,Online,53
809,120,2049,2023-12-11,5,186.86,Online,37
810,107,2049,2025-08-23,1,110.76,In-Store,143
811,177,2049,2023-12-25,2,296.45,TV,331
812,171,2049,2025-09-09,3,117.28,Online,70
813,181,2049,2025-09-28,3,231.25,Online,71
814,181,2049,2024-08-07,4,231.25,In-Store,124
815,177,2049,2025-10-05,1,296.45,Email,292
816,181,2049,2025-09-02,5,231.25,Social,217
817,153,2050,2024-08-02,3,44.91,Online,49
818,174,2050,2024-07-01,1,89.89,Online,48
819,152,2050,2024-08-08,1,72.34,Online,49
820,160,2050,2024-07-23,2,74.86,Social,199
821,149,2051,2024-01-09,4,64.92,In-Store,113
822,102,2051,2025-03-06,1,175.2,Online,60
823,197,2051,2025-03-18,3,270.16,In-Store,136
824,143,2051,2025-05-21,2,18.47,Online,65
825,109,2051,2023-11-10,5,69.39,Social,186
826,105,2051,2023-07-08,3,45.85,Online,29
827,197,2051,2025-12-03,5,270.16,In-Store,149
828,190,2051,2023-07-17,1,121.42,Online,30
829,153,2051,2025-10-05,2,44.91,Online,70
830,102,2051,2024-11-26,2,175.2,Online,55
831,102,2051,2023-08-20,2,175.2,Online,32
832,158,2051,2025-07-23,1,132.56,Online,67
833,133,2051,2025-12-13,4,129.42,In-Store,149
834,188,2051,2025-08-21,4,12.93,Email,290
835,168,2051,2024-04-05,3,151.07,TV,335
836,103,2051,2023-06-08,5,74.85,Online,28
837,192,2051,2024-01-05,4,22.56,Online,38
838,128,2051,2025-05-11,3,69.61,Social,212
839,107,2051,2023-06-18,4,110.76,Online,28
840,172,2051,2024-11-01,1,75.03,Online,54
841,188,2051,2023-01-18,3,12.93,In-Store,96
842,132,2051,2024-07-03,5,146.35,Online,48
843,140,2051,2023-01-10,3,139.7,Online,19
844,103,2051,2023-11-25,1,74.85,Online,36
845,108,2052,2024-11-30,1,127.37,Online,55
846,110,2052,2025-09-04,3,138.19,Online,70
847,181,2052,2025-07-04,2,231.25,In-Store,141
848,177,2052,2025-04-02,2,296.45,Online,61
849,167,2052,2024-11-08,5,75.91,Email,277
850,122,2052,2025-11-04,1,224.2,In-Store,147
851,111,2052,2025-08-13,4,78.12,Online,69
852,116,2052,2025-02-27,1,161.44,Social,209
853,110,2052,2025-05-30,3,138.19,Online,65
854,116,2052,2024-11-19,5,161.44,Online,54
855,190,2052,2025-04-01,1,121.42,Online,61
856,125,2052,2025-08-12,5,25.35,TV,358
857,101,2052,2025-12-27,2,116.4,Social,222
858,117,2052,2025-04-11,5,214.01,Email,284
859,181,2052,2024-10-07,1,231.25,Online,52
860,182,2052,2024-11-04,4,73.37,In-Store,128
861,174,2053,2023-09-08,2,89.89,Online,32
862,111,2053,2023-11-27,3,78.12,In-Store,111
863,160,2053,2023-09-11,2,74.86,In-Store,107
864,128,2053,2023-09-18,2,69.61,Online,33
865,154,2053,2023-07-30,2,39.53,Online,30
866,113,2054,2024-01-02,1,122.3,Social,189
867,101,2054,2023-09-13,1,116.4,Online,32
868,182,2054,2023-10-30,1,73.37,Social,185
869,128,2054,2024-12-05,2,69.61,Online,55
870,143,2054,2023-08-16,3,18.47,Social,182
871,193,2054,2023-12-06,4,28.68,Online,36
872,149,2054,2023-06-30,1,64.92,Online,28
873,108,2054,2023-10-13,3,127.37,Social,185
874,148,2054,2024-01-07,1,47.75,Email,258
875,141,2054,2023-11-27,1,75.02,Online,36
876,163,2054,2024-02-05,1,115.65,Online,40
877,197,2055,2022-07-31,5,270.16,In-Store,87
878,168,2055,2024-04-15,2,151.07,Email,263
879,131,2055,2025-06-06,2,76.52,Online,66
880,142,2055,2022-12-28,4,298.93,In-Store,95
881,110,2055,2025-11-27,5,138.19,Online,74
882,142,2055,2024-11-02,3,298.93,Online,54
883,129,2055,2024-11-12,3,269.37,In-Store,129
884,199,2055,2022-08-16,2,105.38,In-Store,88
885,111,2055,2023-04-25,1,78.12,TV,320
886,116,2055,2022-07-01,2,161.44,Online,9
887,157,2055,2024-04-26,1,140.43,Online,43
888,150,2055,2025-06-21,5,66.48,Social,214
889,148,2055,2023-11-28,2,47.75,Social,187
890,144,2055,2022-10-02,2,22.73,Email,236
891,129,2055,2024-04-27,5,269.37,Online,44
892,102,2055,2024-05-27,3,175.2,Online,46
893,133,2055,2023-11-19,5,129.42,In-Store,110
894,131,2055,2022-12-26,1,76.52,In-Store,96
895,133,2055,2023-07-05,4,129.42,Online,29
896,105,2055,2022-04-27,5,45.85,Online,5
897,196,2055,2023-08-25,5,162.21,Online,32
898,170,2055,2024-07-30,4,124.94,Online,49
899,183,2055,2025-01-03,4,127.82,Online,57
900,151,2055,2022-09-16,4,170.44,In-Store,90
901,124,2055,2024-07-12,2,174.26,Online,48
902,183,2055,2025-06-28,5,127.82,Online,66
903,124,2055,2024-08-03,1,174.26,In-Store,124
904,151,2055,2022-10-13,1,170.44,Social,165
905,133,2055,2025-05-21,1,129.42,Online,65
906,121,2055,2023-09-15,5,126.42,In-Store,107
907,111,2055,2024-06-05,1,78.12,Online,46
908,103,2055,2023-08-31,2,74.85,In-Store,106
909,127,2055,2024-02-09,5,184.65,Online,40
910,196,2055,2022-03-06,5,162.21,Email,225
911,197,2056,2024-11-25,2,270.16,Online,55
912,102,2056,2023-07-31,3,175.2,Social,181
913,120,2056,2023-12-26,4,186.86,Online,37
914,151,2056,2023-04-22,3,170.44,Social,177
915,125,2056,2024-02-23,1,25.35,In-Store,114
916,189,2056,2025-11-05,4,47.31,Social,220
917,168,2056,2025-11-02,1,151.07,In-Store,147
918,123,2056,2024-10-26,5,28.54,Online,53
919,152,2056,2024-01-05,1,72.34,Online,38
920,117,2056,2025-01-26,3,214.01,TV,350
921,129,2056,2024-08-19,3,269.37,Online,49
922,181,2056,2023-04-07,3,231.25,In-Store,100
923,166,2056,2025-11-26,5,151.16,In-Store,148
924,142,2056,2023-04-22,4,298.93,Social,177
925,130,2056,2023-12-26,1,117.61,Online,37
926,159,2056,2025-08-09,1,21.52,Online,69
927,171,2056,2025-04-22,3,117.28,Social,211
928,142,2056,2025-09-16,5,298.93,Online,70
929,168,2056,2025-02-22,4,151.07,In-Store,135
930,185,2056,2024-09-26,1,143.79,In-Store,125
931,122,2056,2025-02-11,1,224.2,Online,59
932,200,2056,2025-09-27,3,213.63,Online,71
933,104,2056,2023-03-28,2,50.25,Online,22
934,182,2056,2024-01-12,3,73.37,In-Store,112
935,157,2056,2024-02-07,3,140.43,Online,39
936,122,2056,2024-11-03,1,224.2,Online,53
937,139,2057,2023-11-23,3,162.16,Online,36
938,169,2057,2024-07-14,1,105.46,Online,48
939,161,2057,2023-12-08,3,233.25,In-Store,111
940,136,2057,2024-12-15,5,134.23,Online,56
941,105,2057,2023-10-16,2,45.85,TV,326
942,163,2057,2024-02-06,1,115.65,Online,39
943,155,2057,2023-08-21,3,71.21,Online,32
944,109,2057,2025-06-13,4,69.39,Online,65
945,187,2057,2023-10-28,3,95.73,In-Store,109
946,156,2057,2024-01-13,3,13.54,Social,189
947,174,2057,2023-12-09,2,89.89,Online,36
948,122,2057,2024-09-18,3,224.2,Online,51
949,144,2057,2024-05-19,4,22.73,Online,46
950,133,2057,2024-08-07,4,129.42,Online,49
951,172,2057,2025-01-09,3,75.03,Online,57
952,175,2057,2025-06-20,4,285.32,Online,66
953,160,2057,2024-11-08,4,74.86,Online,54
954,196,2057,2025-02-11,4,162.21,Online,59
955,190,2058,2024-01-11,3,121.42,In-Store,113
956,169,2058,2023-09-01,3,105.46,Online,32
957,106,2058,2023-07-21,3,41.44,Online,30
958,143,2058,2024-01-16,4,18.47,Online,38
959,186,2058,2023-11-09,1,29.78,Online,35
960,188,2058,2023-08-26,4,12.93,Social,182
961,180,2058,2023-10-06,1,97.9,Online,33
962,171,2058,2023-11-02,1,117.28,Online,35
963,125,2059,2024-11-04,3,25.35,In-Store,128
964,171,2059,2024-10-30,3,117.28,Social,203
965,123,2059,2025-02-06,1,28.54,In-Store,134
966,128,2060,2022-10-26,5,69.61,Online,14
967,165,2060,2025-04-19,2,213.33,Online,63
968,124,2060,2024-04-06,1,174.26,Social,193
969,185,2060,2023-08-25,1,143.79,Online,32
970,191,2060,2023-03-14,2,196.98,Online,22
971,127,2060,2025-03-06,5,184.65,Online,60
972,165,2060,2022-10-31,3,213.33,Online,16
973,112,2060,2023-07-21,5,58.11,Online,30
974,104,2060,2025-12-15,5,50.25,Online,76
975,167,2060,2023-05-05,2,75.91,Online,25
976,191,2060,2023-11-14,5,196.98,Online,36
977,157,2060,2025-03-19,1,140.43,TV,352
978,122,2060,2025-04-14,3,224.2,Online,63
979,130,2060,2023-02-14,4,117.61,Online,20
980,166,2060,2024-02-10,5,151.16,Online,40
981,161,2060,2025-10-10,5,233.25,Online,71
982,159,2060,2024-07-05,4,21.52,Social,198
983,198,2060,2025-02-02,2,167.93,Online,59
984,198,2060,2025-05-05,5,167.93,Online,64
985,136,2060,2022-11-15,2,134.23,Online,17
986,181,2060,2025-09-05,2,231.25,Online,69
987,172,2060,2024-03-21,1,75.03,Email,263
988,119,2060,2025-03-26,4,193.28,In-Store,137
989,197,2061,2025-06-28,5,270.16,Online,66
990,153,2061,2024-12-22,5,44.91,Online,56
991,152,2061,2025-10-19,1,72.34,Online,71
992,116,2061,2024-07-06,1,161.44,Online,47
993,163,2061,2025-12-21,2,115.65,TV,366
994,118,2061,2024-09-24,2,128.58,In-Store,126
995,197,2061,2025-02-22,4,270.16,Email,282
996,109,2061,2024-03-29,1,69.39,Online,42
997,106,2061,2024-04-09,3,41.44,In-Store,118
998,153,2061,2024-02-25,3,44.91,Online,40
999,182,2061,2025-04-30,5,73.37,In-Store,138
1000,168,2061,2024-08-13,4,151.07,In-Store,124
1001,116,2061,2024-09-12,2,161.44,Online,51
1002,142,2061,2025-07-20,2,298.93,Online,68
1003,138,2061,2024-02-19,1,115.15,Online,40
1004,121,2061,2024-06-17,3,126.42,In-Store,121
1005,187,2061,2025-08-29,1,95.73,Online,68
1006,132,2061,2025-12-24,5,146.35,Online,77
1007,116,2062,2025-06-15,5,161.44,Online,65
1008,162,2062,2025-08-03,2,23.29,Social,215
1009,189,2062,2025-01-31,4,47.31,Social,207
1010,183,2062,2025-06-13,5,127.82,Online,66
1011,143,2062,2024-03-08,1,18.47,In-Store,117
1012,110,2062,2024-10-12,3,138.19,Email,276
1013,174,2062,2024-07-23,3,89.89,Online,48
1014,154,2062,2024-04-18,1,39.53,Online,44
1015,135,2062,2024-07-13,5,62.14,Online,48
1016,188,2062,2024-12-21,5,12.93,In-Store,131
1017,126,2062,2024-03-01,3,62.9,In-Store,114
1018,142,2062,2023-12-12,3,298.93,Online,36
1019,157,2062,2025-12-31,2,140.43,Online,77
1020,127,2062,2025-11-29,1,184.65,Online,75
1021,200,2062,2024-01-22,5,213.63,Email,259
1022,163,2062,2025-10-28,1,115.65,Online,73
1023,117,2062,2024-01-20,5,214.01,In-Store,113
1024,161,2062,2024-01-30,4,233.25,Email,259
1025,134,2062,2024-08-12,1,113.57,Online,49
1026,190,2062,2025-04-11,3,121.42,Online,62
1027,189,2062,2024-09-14,2,47.31,Online,51
1028,124,2062,2024-01-04,2,174.26,Online,38
1029,137,2062,2024-12-01,1,90.95,In-Store,130
1030,193,2062,2024-01-01,4,28.68,In-Store,112
1031,183,2062,2025-01-22,5,127.82,Online,59
1032,102,2062,2025-01-30,5,175.2,TV,350
1033,106,2062,2024-11-19,3,41.44,Online,55
1034,127,2062,2024-01-07,1,184.65,In-Store,113
1035,144,2062,2024-06-28,5,22.73,In-Store,121
1036,195,2062,2023-11-24,2,109.44,Social,186
1037,127,2062,2024-01-26,4,184.65,Online,40
1038,111,2063,2024-05-22,2,78.12,TV,337
1039,131,2063,2023-10-09,4,76.52,In-Store,108
1040,181,2063,2025-04-01,3,231.25,Email,284
1041,154,2063,2023-12-26,3,39.53,Social,189
1042,118,2063,2025-10-25,3,128.58,Email,293
1043,121,2063,2025-08-05,2,126.42,Online,68
1044,140,2063,2024-02-27,5,139.7,Online,41
1045,196,2063,2023-07-24,4,162.21,In-Store,105
1046,105,2063,2025-02-24,1,45.85,Online,60
1047,173,2063,2023-10-17,5,100.75,Online,34
1048,124,2063,2025-06-27,1,174.26,Online,66
1049,110,2063,2025-09-11,1,138.19,TV,360
1050,193,2063,2025-05-14,4,28.68,TV,354
1051,132,2063,2023-06-20,1,146.35,Online,28
1052,111,2063,2025-01-21,1,78.12,Online,59
1053,110,2063,2025-10-21,4,138.19,Online,71
1054,170,2063,2024-06-24,1,124.94,Online,47
1055,132,2063,2024-06-21,4,146.35,Online,47
1056,175,2063,2025-04-05,5,285.32,In-Store,137
1057,181,2063,2023-06-25,3,231.25,Email,249
1058,121,2064,2024-05-15,2,126.42,In-Store,120
1059,107,2064,2024-02-20,3,110.76,In-Store,114
1060,154,2064,2023-09-17,4,39.53,Social,184
1061,194,2064,2023-04-13,1,70.1,Social,177
1062,130,2064,2024-07-06,4,117.61,TV,338
1063,156,2064,2024-05-06,3,13.54,Social,195
1064,183,2064,2024-02-12,4,127.82,Online,40
1065,135,2064,2023-04-18,3,62.14,Online,24
1066,144,2065,2023-12-23,2,22.73,Online,37
1067,156,2065,2023-12-07,1,13.54,Online,36
1068,123,2065,2023-12-05,3,28.54,Online,36
1069,104,2065,2024-08-02,2,50.25,In-Store,124
1070,150,2065,2024-01-06,3,66.48,Online,38
1071,159,2065,2024-09-14,4,21.52,Online,51
1072,131,2066,2024-08-05,5,76.52,Online,49
1073,135,2066,2024-10-22,3,62.14,Social,202
1074,177,2066,2024-02-03,1,296.45,Online,40
1075,181,2066,2025-09-14,3,231.25,Online,70
1076,146,2066,2024-04-23,5,28.76,Email,263
1077,130,2066,2024-08-21,5,117.61,Online,50
1078,128,2066,2023-06-13,3,69.61,In-Store,103
1079,108,2066,2024-08-20,4,127.37,Online,50
1080,140,2066,2024-01-25,5,139.7,In-Store,113
1081,170,2066,2024-05-23,1,124.94,Online,46
1082,184,2066,2025-12-05,5,120.25,Online,74
1083,102,2066,2024-05-13,3,175.2,TV,337
1084,150,2066,2023-03-07,3,66.48,Online,22
1085,185,2066,2023-05-04,3,143.79,Online,24
1086,134,2066,2025-12-06,5,113.57,Online,74
1087,170,2066,2024-03-25,3,124.94,Social,192
1088,196,2066,2025-06-02,4,162.21,Social,213
1089,147,2066,2023-11-22,5,193.11,In-Store,110
1090,128,2066,2024-12-19,3,69.61,Online,56
1091,168,2066,2024-09-26,2,151.07,Online,51
1092,124,2066,2024-09-19,5,174.26,Online,51
1093,112,2066,2024-04-10,5,58.11,In-Store,119
1094,163,2067,2022-10-10,3,115.65,Email,237
1095,144,2067,2022-06-07,4,22.73,Social,160
1096,158,2067,2023-05-22,1,132.56,In-Store,102
1097,150,2067,2023-07-13,2,66.48,Online,29
1098,173,2067,2023-08-21,1,100.75,TV,324
1099,148,2068,2023-07-25,5,47.75,In-Store,105
1100,157,2068,2024-08-25,1,140.43,Social,200
1101,142,2068,2025-04-06,5,298.93,Online,62
1102,177,2068,2025-03-31,3,296.45,Online,61
1103,118,2068,2025-07-13,2,128.58,Online,67
1104,191,2068,2024-05-02,3,196.98,In-Store,119
1105,108,2068,2022-12-14,4,127.37,In-Store,95
1106,123,2068,2024-08-08,3,28.54,In-Store,123
1107,175,2068,2022-09-25,4,285.32,In-Store,91
1108,189,2068,2024-10-27,2,47.31,In-Store,128
1109,122,2068,2023-01-03,2,224.2,In-Store,96
1110,110,2068,2024-08-03,2,138.19,In-Store,123
1111,124,2068,2023-11-30,1,174.26,Online,36
1112,125,2068,2024-08-31,2,25.35,In-Store,125
1113,186,2068,2025-11-07,2,29.78,Social,220
1114,122,2068,2024-11-06,1,224.2,Online,53
1115,121,2068,2025-05-31,4,126.42,In-Store,139
1116,141,2068,2023-01-05,4,75.02,Online,19
1117,170,2068,2023-03-29,2,124.94,Online,22
1118,163,2068,2025-04-10,4,115.65,Online,61
1119,141,2068,2024-07-23,2,75.02,In-Store,123
1120,119,2068,2022-12-21,3,193.28,In-Store,95
1121,185,2068,2025-10-05,1,143.79,Online,70
1122,172,2068,2024-04-17,4,75.03,In-Store,118
1123,185,2068,2024-09-30,4,143.79,In-Store,126
1124,185,2069,2025-10-07,5,143.79,Online,71
1125,130,2069,2024-10-05,3,117.61,In-Store,127
1126,165,2069,2025-05-22,4,213.33,Online,64
1127,184,2069,2025-10-06,1,120.25,Online,70
1128,190,2069,2025-06-11,5,121.42,Online,66
1129,120,2069,2025-06-27,4,186.86,Online,66
1130,102,2069,2025-04-16,2,175.2,TV,352
1131,178,2069,2024-10-23,2,58.92,Online,53
1132,141,2069,2025-02-21,5,75.02,Online,59
1133,190,2069,2025-03-28,1,121.42,Online,61
1134,126,2069,2025-06-08,2,62.9,Online,65
1135,188,2069,2025-02-11,1,12.93,Email,282
1136,108,2069,2025-09-08,1,127.37,Online,69
1137,200,2069,2025-12-05,2,213.63,Online,75
1138,145,2069,2024-10-22,5,87.44,Online,53
1139,136,2069,2025-01-09,1,134.23,Online,58
1140,183,2069,2025-02-23,5,127.82,Online,59
1141,107,2069,2025-05-17,4,110.76,Online,65
1142,135,2070,2025-09-03,1,62.14,Online,69
1143,131,2070,2025-04-16,1,76.52,Social,211
1144,200,2070,2025-01-27,1,213.63,TV,349
1145,110,2070,2025-10-23,2,138.19,In-Store,146
1146,132,2070,2025-02-21,3,146.35,Online,60
1147,152,2070,2025-07-26,1,72.34,In-Store,142
1148,118,2070,2025-02-15,1,128.58,Online,59
1149,133,2070,2025-12-28,5,129.42,Online,77
1150,123,2070,2025-11-11,1,28.54,Email,294
1151,170,2070,2025-07-25,2,124.94,In-Store,142
1152,186,2070,2025-11-27,2,29.78,Online,75
1153,120,2070,2024-11-23,2,186.86,In-Store,130
1154,147,2070,2025-01-29,1,193.11,TV,350
1155,144,2070,2025-11-19,2,22.73,Online,74
1156,168,2070,2024-10-11,5,151.07,Online,52
1157,158,2070,2024-12-07,3,132.56,In-Store,131
1158,192,2070,2025-07-27,3,22.56,Online,67
1159,137,2070,2025-08-09,3,90.95,Social,215
1160,157,2071,2025-08-13,4,140.43,In-Store,143
1161,106,2071,2025-06-10,1,41.44,Online,66
1162,126,2071,2025-11-30,3,62.9,Online,75
1163,175,2071,2025-04-21,4,285.32,Online,63
1164,194,2071,2025-04-30,1,70.1,Online,63
1165,165,2071,2025-03-27,4,213.33,Social,210
1166,184,2071,2025-11-21,4,120.25,In-Store,147
1167,190,2071,2024-09-19,5,121.42,Online,51
1168,188,2071,2025-11-14,1,12.93,In-Store,148
1169,102,2071,2025-02-17,3,175.2,Online,59
1170,139,2071,2025-10-24,4,162.16,Online,72
1171,185,2071,2024-10-02,2,143.79,Online,51
1172,108,2071,2025-10-29,4,127.37,Online,72
1173,125,2071,2025-06-25,5,25.35,Online,66
1174,139,2071,2025-07-22,5,162.16,In-Store,142
1175,193,2071,2024-11-10,1,28.68,TV,346
1176,189,2071,2024-09-15,1,47.31,In-Store,126
1177,118,2071,2025-02-22,5,128.58,Online,60
1178,144,2071,2024-09-30,3,22.73,Online,52
1179,186,2071,2024-11-24,4,29.78,Social,204
1180,181,2071,2024-12-31,2,231.25,Email,280
1181,183,2071,2025-02-21,5,127.82,In-Store,134
1182,136,2071,2025-12-30,1,134.23,In-Store,150
1183,117,2072,2025-03-24,4,214.01,Online,61
1184,129,2072,2024-01-01,2,269.37,In-Store,112
1185,140,2072,2023-10-20,1,139.7,Social,185
1186,175,2072,2024-07-13,2,285.32,Social,198
1187,131,2072,2023-12-05,1,76.52,Online,37
1188,170,2072,2024-09-28,5,124.94,In-Store,126
1189,170,2072,2023-04-07,5,124.94,In-Store,100
1190,183,2072,2023-07-03,3,127.82,In-Store,104
1191,199,2072,2024-10-18,1,105.38,Online,53
1192,133,2072,2024-12-26,3,129.42,TV,348
1193,189,2072,2025-08-24,3,47.31,Online,69
1194,169,2072,2023-08-30,5,105.46,Online,32
1195,197,2072,2024-01-04,5,270.16,Online,38
1196,110,2072,2024-07-23,4,138.19,In-Store,123
1197,131,2072,2024-07-03,1,76.52,Online,48
1198,142,2072,2025-08-27,4,298.93,In-Store,143
1199,193,2072,2024-12-02,5,28.68,Online,55
1200,132,2072,2024-02-27,1,146.35,Online,41
1201,177,2072,2023-05-13,4,296.45,In-Store,101
1202,147,2072,2022-11-19,5,193.11,Social,168
1203,183,2072,2025-05-07,5,127.82,In-Store,138
1204,154,2072,2022-09-29,3,39.53,Online,13
1205,153,2072,2024-04-22,1,44.91,Online,43
1206,178,2072,2025-08-01,1,58.92,Online,68
1207,114,2072,2023-08-03,4,120.5,Online,30
1208,189,2073,2023-07-21,3,47.31,Online,30
1209,111,2073,2023-12-13,2,78.12,In-Store,111
1210,154,2073,2022-11-16,3,39.53,In-Store,93
1211,133,2073,2023-06-15,3,129.42,TV,321
1212,133,2073,2023-04-26,1,129.42,Email,245
1213,103,2074,2023-02-05,1,74.85,Online,20
1214,110,2074,2023-05-06,4,138.19,Social,177
1215,110,2074,2023-04-20,4,138.19,Online,24
1216,187,2074,2025-08-09,5,95.73,Online,69
1217,133,2074,2022-09-18,4,129.42,TV,310
1218,116,2074,2024-03-08,5,161.44,Social,192
1219,140,2074,2025-10-28,2,139.7,Online,73
1220,163,2074,2023-10-23,3,115.65,Online,34
1221,177,2074,2024-01-27,2,296.45,Email,259
1222,119,2074,2023-06-04,4,193.28,Online,28
1223,136,2074,2024-12-30,4,134.23,Online,58
1224,127,2074,2022-09-11,2,184.65,Online,12
1225,162,2074,2023-03-11,3,23.29,Online,22
1226,195,2074,2025-04-16,1,109.44,Online,63
1227,189,2074,2025-10-19,3,47.31,In-Store,146
1228,102,2074,2023-09-29,4,175.2,In-Store,108
1229,163,2074,2024-05-18,4,115.65,Email,265
1230,111,2074,2025-10-23,2,78.12,Online,72
1231,118,2074,2023-07-09,2,128.58,Online,29
1232,140,2075,2024-06-02,5,139.7,In-Store,120
1233,136,2075,2025-03-17,5,134.23,In-Store,136
1234,166,2075,2025-11-10,4,151.16,Online,73
1235,110,2075,2024-02-21,2,138.19,Online,41
1236,118,2075,2025-11-09,2,128.58,Online,73
1237,121,2075,2024-02-19,1,126.42,Online,40
1238,182,2075,2025-05-14,4,73.37,Online,63
1239,110,2075,2025-07-15,2,138.19,In-Store,141
1240,144,2075,2025-03-11,4,22.73,Online,60
1241,127,2075,2025-08-06,1,184.65,Social,215
1242,145,2075,2024-09-25,3,87.44,In-Store,126
1243,179,2075,2025-05-11,4,69.62,In-Store,139
1244,133,2075,2024-11-01,5,129.42,Social,203
1245,127,2075,2025-12-17,1,184.65,Social,222
1246,191,2075,2025-06-10,3,196.98,In-Store,139
1247,179,2075,2024-09-24,2,69.62,Online,52
1248,126,2075,2024-08-20,1,62.9,Online,50
1249,104,2075,2025-02-22,1,50.25,In-Store,135
1250,175,2075,2025-01-20,3,285.32,Email,281
1251,196,2075,2025-07-17,5,162.21,Online,67
1252,166,2075,2025-12-12,4,151.16,Online,76
1253,117,2076,2025-02-11,1,214.01,TV,350
1254,125,2076,2024-06-28,4,25.35,TV,339
1255,121,2076,2025-09-05,4,126.42,In-Store,144
1256,104,2076,2025-12-07,1,50.25,Online,76
1257,149,2076,2024-10-31,2,64.92,Social,203
1258,118,2076,2024-10-09,1,128.58,Online,52
1259,147,2076,2024-07-30,5,193.11,Online,49
1260,104,2076,2024-12-12,1,50.25,Online,56
1261,172,2076,2025-04-17,2,75.03,Email,285
1262,121,2076,2025-06-07,4,126.42,Online,66
1263,158,2076,2024-07-29,5,132.56,Online,49
1264,175,2076,2025-02-25,4,285.32,Online,59
1265,156,2076,2024-12-17,4,13.54,Online,56
1266,158,2076,2024-05-31,5,132.56,Online,46
1267,183,2076,2025-05-12,1,127.82,In-Store,138
1268,181,2076,2025-09-14,1,231.25,Online,70
1269,185,2076,2024-08-24,5,143.79,In-Store,125
1270,110,2076,2024-06-17,1,138.19,Online,47
1271,175,2076,2025-06-15,2,285.32,Online,66
1272,129,2076,2024-12-09,2,269.37,Online,56
1273,128,2077,2023-07-06,2,69.61,Online,29
1274,164,2077,2022-11-21,1,91.03,In-Store,94
1275,107,2077,2022-12-27,2,110.76,Online,19
1276,159,2077,2022-11-10,1,21.52,Online,17
1277,156,2077,2022-12-28,1,13.54,Online,19
1278,146,2077,2022-08-19,2,28.76,Online,12
1279,107,2077,2023-07-27,2,110.76,Online,30
1280,145,2077,2024-03-07,2,87.44,Online,41
1281,133,2077,2023-03-31,2,129.42,Online,24
1282,137,2077,2022-08-25,3,90.95,Online,12
1283,171,2077,2022-11-10,3,117.28,In-Store,93
1284,133,2078,2025-09-26,5,129.42,In-Store,145
1285,102,2078,2024-11-20,3,175.2,Online,55
1286,145,2078,2025-04-12,3,87.44,Online,61
1287,122,2078,2023-08-21,4,224.2,Online,32
1288,166,2078,2023-02-07,2,151.16,Online,20
1289,126,2078,2025-01-27,3,62.9,In-Store,134
1290,180,2078,2025-10-03,3,97.9,In-Store,144
1291,160,2078,2025-12-26,1,74.86,Online,77
1292,191,2078,2025-02-13,1,196.98,Online,59
1293,140,2078,2024-06-18,4,139.7,Online,47
1294,107,2078,2022-07-30,5,110.76,Online,10
1295,183,2078,2025-09-07,4,127.82,Online,69
1296,122,2078,2023-10-27,3,224.2,In-Store,109
1297,119,2078,2025-02-28,3,193.28,Online,60
1298,172,2078,2023-10-08,5,75.03,Online,33
1299,107,2078,2024-11-04,5,110.76,Online,54
1300,157,2078,2022-08-13,2,140.43,Email,235
1301,193,2078,2025-10-20,5,28.68,Online,72
1302,157,2079,2022-10-18,3,140.43,In-Store,91
1303,155,2079,2022-04-26,3,71.21,In-Store,84
1304,132,2079,2022-10-22,4,146.35,Online,14
1305,196,2079,2024-08-06,2,162.21,Online,49
1306,158,2079,2022-12-24,1,132.56,Online,19
1307,107,2079,2023-02-26,2,110.76,Online,22
1308,109,2079,2025-02-16,3,69.39,Online,59
1309,129,2079,2022-11-28,4,269.37,Online,18
1310,174,2079,2024-03-23,4,89.89,In-Store,117
1311,164,2079,2024-08-12,1,91.03,Online,49
1312,108,2079,2023-10-19,2,127.37,Online,34
1313,116,2079,2023-11-06,4,161.44,In-Store,109
1314,191,2079,2025-01-03,4,196.98,In-Store,132
1315,183,2079,2025-04-21,5,127.82,Online,62
1316,198,2079,2023-05-02,3,167.93,Online,24
1317,129,2079,2022-01-09,4,269.37,Email,223
1318,157,2079,2025-08-20,4,140.43,Online,69
1319,183,2079,2023-03-14,1,127.82,Online,22
1320,102,2079,2025-09-06,2,175.2,Online,70
1321,103,2079,2024-03-08,4,74.85,Online,41
1322,196,2079,2024-05-18,4,162.21,In-Store,120
1323,125,2079,2022-08-11,1,25.35,Online,11
1324,194,2079,2022-08-01,4,70.1,Social,162
1325,118,2079,2022-01-31,2,128.58,In-Store,79
1326,109,2079,2024-03-02,1,69.39,Online,41
1327,163,2079,2025-10-09,1,115.65,Online,70
1328,143,2079,2023-06-19,1,18.47,In-Store,103
1329,163,2079,2024-07-16,4,115.65,In-Store,123
1330,168,2080,2024-03-24,2,151.07,TV,335
1331,133,2080,2025-02-28,1,129.42,Online,59
1332,189,2080,2024-01-27,5,47.31,Online,40
1333,135,2080,2025-01-25,4,62.14,Online,59
1334,151,2080,2024-10-14,1,170.44,Social,203
1335,161,2080,2024-10-05,5,233.25,In-Store,126
1336,174,2080,2023-08-06,3,89.89,In-Store,106
1337,167,2080,2022-04-25,2,75.91,Online,6
1338,197,2080,2024-07-09,3,270.16,Online,48
1339,154,2080,2022-05-19,3,39.53,In-Store,84
1340,153,2080,2025-02-28,2,44.91,Online,60
1341,142,2080,2025-03-07,2,298.93,In-Store,135
1342,147,2080,2024-08-06,3,193.11,TV,341
1343,181,2080,2025-08-23,5,231.25,In-Store,143
1344,151,2080,2022-05-30,3,170.44,Online,6
1345,184,2080,2025-08-06,1,120.25,Online,68
1346,124,2080,2022-08-16,3,174.26,Online,11
1347,162,2081,2025-04-07,1,23.29,Social,211
1348,127,2081,2025-10-04,2,184.65,In-Store,145
1349,173,2081,2025-05-24,5,100.75,Social,212
1350,148,2081,2025-03-24,1,47.75,Online,61
1351,136,2081,2025-11-14,4,134.23,Online,74
1352,127,2081,2025-01-24,1,184.65,In-Store,133
1353,144,2081,2025-01-19,3,22.73,Online,58
1354,142,2081,2025-02-15,4,298.93,In-Store,134
1355,197,2081,2025-04-25,5,270.16,In-Store,138
1356,181,2081,2025-06-08,2,231.25,Online,66
1357,168,2081,2025-06-15,5,151.07,Online,66
1358,138,2081,2025-11-01,5,115.15,Online,73
1359,195,2081,2025-08-20,5,109.44,Online,68
1360,164,2082,2025-01-19,2,91.03,Online,58
1361,102,2082,2025-11-27,2,175.2,In-Store,149
1362,121,2082,2024-07-17,5,126.42,TV,339
1363,155,2082,2025-11-02,3,71.21,Online,72
1364,142,2082,2025-03-07,3,298.93,Online,60
1365,117,2082,2025-09-24,5,214.01,In-Store,145
1366,129,2082,2025-01-30,4,269.37,TV,350
1367,130,2082,2023-03-29,3,117.61,In-Store,99
1368,108,2082,2025-11-11,4,127.37,Email,294
1369,131,2082,2023-11-06,1,76.52,Online,35
1370,119,2082,2024-05-02,1,193.28,In-Store,119
1371,187,2082,2024-02-10,4,95.73,In-Store,114
1372,186,2082,2025-01-30,4,29.78,Email,281
1373,132,2082,2024-09-03,3,146.35,In-Store,124
1374,192,2083,2023-06-11,3,22.56,TV,321
1375,190,2083,2023-05-09,3,121.42,Online,25
1376,105,2083,2023-12-07,3,45.85,Online,36
1377,155,2083,2023-11-12,1,71.21,Social,185
1378,174,2083,2023-03-24,2,89.89,In-Store,99
1379,199,2083,2024-03-20,2,105.38,Social,192
1380,182,2083,2023-08-05,2,73.37,Online,30
1381,194,2083,2023-05-19,1,70.1,Online,26
1382,162,2083,2023-04-06,1,23.29,Online,24
1383,183,2083,2023-05-10,2,127.82,In-Store,101
1384,128,2084,2022-11-20,4,69.61,TV,312
1385,158,2084,2024-08-20,1,132.56,In-Store,124
1386,117,2084,2023-02-10,5,214.01,TV,315
1387,108,2084,2025-09-11,4,127.37,Email,291
1388,145,2084,2024-02-27,2,87.44,In-Store,115
1389,172,2084,2024-12-24,3,75.03,Online,56
1390,193,2084,2025-09-15,4,28.68,In-Store,144
1391,156,2084,2023-06-02,2,13.54,Online,26
1392,102,2084,2023-09-05,2,175.2,Online,32
1393,120,2084,2023-12-24,1,186.86,Online,37
1394,181,2084,2024-12-02,5,231.25,Online,56
1395,117,2084,2023-09-10,4,214.01,Online,32
1396,152,2084,2022-12-16,3,72.34,Social,169
1397,183,2084,2023-03-25,1,127.82,Online,22
1398,146,2084,2022-07-08,4,28.76,Social,161
1399,124,2084,2024-12-20,1,174.26,In-Store,131
1400,133,2084,2023-10-17,5,129.42,Online,34
1401,117,2084,2025-09-27,5,214.01,In-Store,145
1402,104,2084,2024-10-17,1,50.25,Online,52
1403,184,2084,2024-07-26,1,120.25,Online,49
1404,134,2084,2025-03-15,4,113.57,Online,60
1405,198,2084,2023-01-12,3,167.93,In-Store,97
1406,103,2084,2025-08-02,1,74.85,In-Store,142
1407,161,2084,2024-05-22,3,233.25,Online,46
1408,111,2084,2023-09-12,2,78.12,Online,33
1409,165,2084,2024-03-08,1,213.33,Online,41
1410,130,2084,2025-02-02,3,117.61,Online,59
1411,122,2084,2024-10-29,4,224.2,In-Store,128
1412,133,2085,2022-11-24,2,129.42,Online,17
1413,161,2085,2022-11-04,3,233.25,In-Store,92
1414,161,2085,2024-04-30,2,233.25,In-Store,119
1415,142,2085,2024-05-28,4,298.93,In-Store,120
1416,136,2085,2023-07-25,2,134.23,Online,31
1417,134,2085,2024-05-02,3,113.57,In-Store,119
1418,113,2085,2022-11-08,5,122.3,Online,16
1419,183,2085,2025-12-21,3,127.82,In-Store,149
1420,181,2085,2025-08-05,5,231.25,Email,290
1421,128,2085,2024-08-16,5,69.61,Social,200
1422,127,2085,2024-06-16,4,184.65,Social,196
1423,164,2085,2025-06-01,5,91.03,Online,65
1424,115,2085,2025-05-30,1,114.62,In-Store,139
1425,175,2085,2023-01-22,3,285.32,Online,19
1426,136,2085,2023-07-16,1,134.23,In-Store,105
1427,193,2085,2024-09-11,5,28.68,Email,273
1428,134,2085,2022-10-06,5,113.57,Social,166
1429,161,2085,2023-10-31,1,233.25,Online,34
1430,174,2085,2023-04-02,5,89.89,Online,24
1431,130,2085,2025-10-19,5,117.61,Social,219
1432,119,2085,2023-01-04,5,193.28,Online,19
1433,167,2085,2024-02-18,2,75.91,In-Store,115
1434,177,2085,2024-01-26,4,296.45,Online,40
1435,145,2085,2024-03-09,1,87.44,In-Store,117
1436,151,2085,2023-01-20,2,170.44,Online,19
1437,129,2085,2023-01-14,2,269.37,In-Store,97
1438,160,2085,2025-12-15,1,74.86,Online,76
1439,166,2085,2022-12-25,1,151.16,Online,19
1440,156,2085,2023-05-08,4,13.54,Online,25
1441,150,2086,2025-02-08,3,66.48,In-Store,134
1442,152,2086,2025-08-14,1,72.34,In-Store,143
1443,117,2086,2025-06-04,2,214.01,In-Store,140
1444,123,2086,2025-09-11,4,28.54,TV,361
1445,196,2086,2025-02-26,5,162.21,Online,59
1446,191,2086,2025-09-09,5,196.98,Online,70
1447,186,2086,2025-03-15,3,29.78,Online,60
1448,142,2086,2025-07-20,3,298.93,In-Store,142
1449,132,2086,2025-07-05,4,146.35,Online,67
1450,178,2086,2025-11-12,4,58.92,Online,74
1451,195,2086,2025-07-08,2,109.44,Online,67
1452,120,2086,2025-11-14,3,186.86,Online,73
1453,183,2086,2025-06-04,5,127.82,Social,213
1454,135,2086,2025-01-28,2,62.14,Online,58
1455,127,2086,2025-07-04,5,184.65,Online,67
1456,161,2086,2025-10-06,5,233.25,Online,71
1457,177,2086,2025-09-30,2,296.45,Online,71
1458,118,2086,2025-05-11,2,128.58,In-Store,138
1459,108,2086,2025-01-09,5,127.37,TV,349
1460,130,2086,2025-09-20,4,117.61,In-Store,144
1461,177,2086,2025-03-07,3,296.45,Online,60
1462,157,2086,2025-12-22,2,140.43,Online,76
1463,114,2086,2025-10-28,3,120.5,Online,72
1464,165,2086,2025-05-26,4,213.33,Online,65
1465,117,2086,2025-05-15,4,214.01,Online,63
1466,182,2087,2022-07-19,2,73.37,In-Store,87
1467,130,2087,2022-06-22,1,117.61,Social,160
1468,174,2087,2023-09-21,1,89.89,Online,33
1469,138,2087,2022-12-10,3,115.15,Online,18
1470,186,2087,2023-08-28,2,29.78,Online,32
1471,107,2087,2023-09-21,2,110.76,In-Store,107
1472,149,2087,2022-10-26,2,64.92,In-Store,92
1473,141,2087,2023-02-08,3,75.02,Online,21
1474,124,2088,2024-10-24,3,174.26,Online,53
1475,142,2088,2024-01-31,4,298.93,Email,260
1476,184,2088,2025-01-24,1,120.25,In-Store,133
1477,179,2088,2024-06-30,4,69.62,Online,47
1478,168,2088,2025-02-07,1,151.07,Online,59
1479,166,2088,2025-03-12,5,151.16,Online,60
1480,124,2088,2025-12-28,4,174.26,Online,77
1481,181,2088,2025-07-03,4,231.25,Social,214
1482,118,2088,2025-11-07,3,128.58,In-Store,147
1483,120,2088,2024-12-23,2,186.86,Online,56
1484,194,2088,2024-12-07,3,70.1,In-Store,131
1485,198,2088,2025-09-10,1,167.93,Online,70
1486,190,2088,2025-07-24,3,121.42,TV,357
1487,182,2088,2024-05-31,4,73.37,In-Store,121
1488,166,2088,2024-01-02,4,151.16,Online,38
1489,142,2088,2024-06-01,3,298.93,Online,47
1490,150,2088,2025-07-01,2,66.48,Online,66
1491,178,2088,2024-07-21,4,58.92,In-Store,123
1492,175,2088,2025-09-25,5,285.32,Online,70
1493,117,2089,2023-08-07,3,214.01,In-Store,105
1494,119,2089,2024-11-20,3,193.28,In-Store,128
1495,119,2089,2025-07-27,1,193.28,TV,357
1496,177,2089,2025-09-12,2,296.45,In-Store,144
1497,136,2089,2025-11-18,5,134.23,Email,293
1498,193,2089,2025-03-21,2,28.68,In-Store,136
1499,147,2089,2025-08-29,3,193.11,Online,69
1500,103,2089,2025-12-23,2,74.85,In-Store,149
1501,175,2089,2023-09-18,5,285.32,Online,33
1502,199,2089,2024-12-27,4,105.38,Social,205
1503,184,2089,2024-08-20,1,120.25,In-Store,124
1504,136,2089,2024-08-08,2,134.23,Online,49
1505,183,2089,2023-12-07,2,127.82,In-Store,111
1506,110,2089,2025-08-30,4,138.19,In-Store,143
1507,138,2089,2024-01-27,5,115.15,Email,259
1508,106,2089,2025-12-23,5,41.44,Online,76
1509,185,2089,2025-09-04,3,143.79,Online,70
1510,138,2089,2023-08-01,1,115.15,In-Store,105
1511,158,2089,2025-01-09,1,132.56,Online,57
1512,125,2089,2024-05-23,2,25.35,Online,46
1513,105,2089,2023-12-20,3,45.85,Online,37
1514,178,2089,2024-02-13,1,58.92,Online,40
1515,129,2089,2024-09-28,4,269.37,Online,52
1516,134,2090,2025-05-21,2,113.57,Online,65
1517,104,2090,2025-04-18,4,50.25,Online,62
1518,115,2090,2025-05-15,2,114.62,Online,64
1519,192,2090,2024-12-17,4,22.56,In-Store,130
1520,148,2090,2025-04-26,1,47.75,Online,63
1521,180,2090,2025-03-31,2,97.9,Online,61
1522,144,2090,2025-02-01,1,22.73,Online,58
1523,130,2090,2025-07-01,2,117.61,Online,67
1524,187,2090,2025-02-24,4,95.73,In-Store,135
1525,113,2091,2024-12-16,3,122.3,Online,56
1526,114,2091,2024-08-16,2,120.5,TV,341
1527,134,2091,2025-04-07,3,113.57,Online,61
1528,104,2091,2024-09-21,1,50.25,Email,273
1529,123,2091,2024-10-05,1,28.54,Online,52
1530,167,2091,2024-11-01,4,75.91,Online,53
1531,112,2091,2024-12-05,1,58.11,Online,56
1532,112,2091,2024-08-20,3,58.11,Social,200
1533,116,2092,2025-10-11,1,161.44,In-Store,145
1534,188,2092,2025-01-16,1,12.93,TV,349
1535,175,2092,2024-09-20,3,285.32,Online,51
1536,120,2092,2024-08-24,1,186.86,Online,49
1537,170,2092,2024-05-21,4,124.94,In-Store,120
1538,106,2092,2024-02-14,2,41.44,Social,191
1539,166,2092,2025-10-20,5,151.16,Online,72
1540,195,2092,2024-05-23,2,109.44,Email,266
1541,123,2092,2024-05-17,2,28.54,Online,46
1542,106,2092,2024-04-04,1,41.44,Online,43
1543,184,2092,2024-10-22,3,120.25,Email,274
1544,151,2092,2024-09-10,1,170.44,In-Store,125
1545,197,2092,2024-11-17,4,270.16,Online,55
1546,196,2092,2024-05-09,1,162.21,Online,45
1547,103,2092,2025-08-17,2,74.85,Online,68
1548,124,2092,2023-12-29,2,174.26,Online,37
1549,135,2093,2024-03-01,4,62.14,TV,334
1550,162,2093,2025-05-09,5,23.29,Social,212
1551,118,2093,2023-11-07,4,128.58,Social,186
1552,181,2093,2024-07-27,5,231.25,Online,48
1553,167,2093,2025-07-27,1,75.91,Online,67
1554,121,2093,2025-12-12,5,126.42,Online,76
1555,174,2093,2024-06-18,2,89.89,Online,47
1556,135,2093,2024-01-30,4,62.14,Online,39
1557,161,2093,2025-07-28,2,233.25,Online,68
1558,149,2093,2025-11-23,3,64.92,In-Store,148
1559,148,2093,2025-02-22,5,47.75,Online,60
1560,179,2093,2024-08-06,2,69.62,Online,49
1561,101,2093,2024-11-24,5,116.4,In-Store,130
1562,153,2093,2023-12-12,4,44.91,In-Store,111
1563,188,2093,2024-05-27,1,12.93,Online,46
1564,112,2093,2023-12-11,2,58.11,Online,37
1565,158,2093,2024-10-02,4,132.56,Online,51
1566,127,2093,2024-10-24,5,184.65,Online,53
1567,190,2093,2024-06-13,3,121.42,Online,46
1568,108,2093,2024-03-06,5,127.37,Email,261
1569,131,2093,2024-10-17,2,76.52,Online,53
1570,145,2093,2025-03-20,4,87.44,In-Store,136
1571,137,2093,2025-09-21,5,90.95,Online,70
1572,187,2093,2024-11-15,1,95.73,TV,346
1573,196,2093,2024-03-15,4,162.21,Social,192
1574,147,2093,2024-03-09,3,193.11,Online,41
1575,181,2093,2024-10-27,4,231.25,In-Store,128
1576,115,2093,2024-01-30,5,114.62,Online,40
1577,196,2093,2025-04-13,2,162.21,In-Store,138
1578,182,2093,2024-05-28,3,73.37,Online,46
1579,139,2093,2024-04-10,5,162.16,Online,43
1580,177,2093,2025-05-05,2,296.45,In-Store,138
1581,181,2093,2025-05-03,2,231.25,Online,64
1582,194,2093,2024-04-24,5,70.1,Online,43
1583,187,2093,2025-12-15,5,95.73,Email,294
1584,152,2093,2025-07-23,2,72.34,Online,67
1585,183,2093,2024-12-21,5,127.82,TV,347
1586,173,2094,2024-10-06,2,100.75,Online,52
1587,183,2094,2024-06-18,3,127.82,Email,267
1588,131,2094,2024-05-16,1,76.52,Online,45
1589,133,2094,2024-05-09,3,129.42,In-Store,119
1590,136,2094,2025-01-03,2,134.23,Online,57
1591,188,2094,2024-06-29,3,12.93,In-Store,121
1592,178,2094,2024-09-14,1,58.92,Online,51
1593,108,2094,2024-06-11,2,127.37,Online,46
1594,102,2095,2023-05-24,2,175.2,Online,26
1595,197,2095,2023-05-22,4,270.16,In-Store,102
1596,169,2095,2023-11-21,1,105.46,Online,35
1597,147,2095,2024-01-16,4,193.11,Online,38
1598,167,2095,2025-10-11,2,75.91,Online,70
1599,121,2095,2023-04-17,3,126.42,Online,24
1600,121,2095,2023-02-25,5,126.42,Online,21
1601,170,2095,2025-11-06,4,124.94,Online,73
1602,108,2095,2023-03-12,5,127.37,Online,22
1603,103,2095,2022-11-21,3,74.85,Social,168
1604,158,2095,2022-09-21,3,132.56,Online,13
1605,176,2095,2025-02-09,2,98.45,Social,208
1606,111,2095,2025-03-23,2,78.12,Online,60
1607,195,2096,2024-12-30,3,109.44,In-Store,132
1608,174,2096,2025-01-02,3,89.89,Social,206
1609,187,2096,2024-12-17,1,95.73,Social,205
1610,129,2097,2024-09-23,1,269.37,Social,202
1611,160,2097,2023-11-16,3,74.86,Email,256
1612,128,2097,2025-11-23,4,69.61,In-Store,147
1613,114,2097,2023-09-18,1,120.5,Online,33
1614,161,2097,2025-01-10,4,233.25,Online,58
1615,128,2097,2024-09-26,1,69.61,TV,344
1616,107,2097,2025-01-15,5,110.76,Online,58
1617,170,2097,2025-03-19,4,124.94,Online,60
1618,189,2097,2022-11-28,1,47.31,In-Store,94
1619,192,2097,2022-12-18,2,22.56,Online,19
1620,107,2097,2025-09-09,4,110.76,In-Store,143
1621,119,2097,2022-07-12,4,193.28,Social,161
1622,192,2097,2025-07-09,1,22.56,Email,289
1623,143,2097,2025-10-29,4,18.47,In-Store,146
1624,166,2097,2022-06-13,2,151.16,Online,8
1625,110,2097,2024-02-24,4,138.19,Social,191
1626,114,2097,2024-11-12,3,120.5,Online,55
1627,158,2097,2024-03-26,2,132.56,Online,43
1628,110,2097,2022-07-28,3,138.19,In-Store,88
1629,179,2098,2025-05-03,3,69.62,In-Store,138
1630,106,2098,2024-11-20,3,41.44,In-Store,128
1631,146,2098,2024-10-18,2,28.76,Social,202
1632,174,2098,2025-01-12,1,89.89,Online,58
1633,145,2098,2024-10-15,2,87.44,Online,53
1634,169,2098,2024-09-14,3,105.46,Online,51
1635,128,2098,2024-10-04,1,69.61,In-Store,126
1636,145,2098,2024-09-01,3,87.44,In-Store,124
1637,145,2098,2024-09-05,2,87.44,In-Store,124
1638,115,2099,2024-02-06,3,114.62,Online,39
1639,160,2099,2023-02-06,2,74.86,Social,172
1640,123,2099,2023-04-15,2,28.54,In-Store,100
1641,138,2099,2024-02-29,1,115.15,Online,41
1642,135,2100,2022-10-12,3,62.14,Online,14
1643,109,2100,2022-07-11,3,69.39,In-Store,87
1644,158,2101,2025-11-27,5,132.56,In-Store,148
1645,127,2101,2024-01-01,5,184.65,Email,258
1646,143,2101,2025-02-26,2,18.47,In-Store,135
1647,111,2101,2025-11-16,2,78.12,Email,293
1648,167,2101,2023-06-21,3,75.91,In-Store,103
1649,181,2101,2023-05-08,2,231.25,Online,25
1650,157,2101,2023-02-12,2,140.43,In-Store,98
1651,108,2101,2024-06-03,2,127.37,Social,195
1652,191,2101,2024-02-12,2,196.98,Online,40
1653,108,2101,2024-02-06,3,127.37,Online,40
1654,162,2101,2023-01-02,4,23.29,Social,170
1655,126,2101,2025-03-18,5,62.9,Online,60
1656,193,2101,2023-12-07,5,28.68,Online,36
1657,179,2101,2025-01-21,3,69.62,Social,206
1658,156,2101,2024-05-13,3,13.54,Email,265
1659,185,2101,2024-03-15,3,143.79,Online,41
1660,121,2101,2023-08-23,2,126.42,In-Store,106
1661,166,2101,2023-08-11,5,151.16,In-Store,106
1662,158,2101,2025-11-21,5,132.56,Online,75
1663,176,2101,2024-11-03,5,98.45,Social,203
1664,163,2101,2024-02-22,5,115.65,Social,191
1665,112,2101,2025-06-20,4,58.11,In-Store,141
1666,166,2101,2023-04-02,2,151.16,Online,24
1667,179,2101,2025-05-27,1,69.62,Social,212
1668,143,2102,2023-06-06,3,18.47,Online,28
1669,137,2102,2023-09-06,3,90.95,Online,33
1670,145,2102,2023-08-25,3,87.44,Online,32
1671,192,2102,2023-05-28,2,22.56,Email,247
1672,192,2102,2023-10-20,3,22.56,Online,34
1673,130,2102,2023-11-17,3,117.61,Online,35
1674,158,2102,2023-12-04,3,132.56,In-Store,111
1675,137,2102,2023-11-12,1,90.95,TV,328
1676,186,2102,2023-10-13,1,29.78,In-Store,108
1677,136,2103,2024-07-27,5,134.23,In-Store,123
1678,126,2103,2025-09-17,2,62.9,In-Store,144
1679,156,2103,2024-08-17,5,13.54,Online,50
1680,163,2103,2024-11-14,1,115.65,In-Store,129
1681,154,2103,2025-10-31,2,39.53,In-Store,147
1682,160,2103,2024-04-04,2,74.86,Social,193
1683,132,2103,2023-01-11,4,146.35,In-Store,96
1684,200,2103,2024-09-21,4,213.63,In-Store,125
1685,117,2103,2025-01-13,4,214.01,In-Store,132
1686,156,2103,2023-08-22,2,13.54,Online,32
1687,108,2103,2024-11-08,4,127.37,Social,204
1688,166,2103,2025-08-31,3,151.16,Online,70
1689,169,2103,2024-02-19,1,105.46,Online,40
1690,189,2103,2023-05-23,1,47.31,Social,177
1691,164,2103,2023-03-16,1,91.03,In-Store,99
1692,133,2103,2023-05-26,5,129.42,Online,27
1693,164,2103,2024-09-11,1,91.03,Social,201
1694,159,2103,2024-12-18,2,21.52,Online,56
1695,108,2103,2025-08-28,2,127.37,TV,359
1696,159,2104,2025-06-12,5,21.52,Online,65
1697,148,2104,2024-01-11,2,47.75,Online,38
1698,161,2104,2025-10-24,1,233.25,In-Store,146
1699,153,2104,2025-01-14,1,44.91,Social,206
1700,186,2104,2024-05-28,1,29.78,Online,46
1701,127,2104,2024-01-14,2,184.65,Email,259
1702,102,2104,2024-12-04,2,175.2,TV,347
1703,133,2104,2024-06-23,5,129.42,Social,197
1704,101,2104,2025-09-23,1,116.4,In-Store,144
1705,200,2104,2023-09-19,3,213.63,Online,33
1706,196,2104,2025-10-28,4,162.21,Online,72
1707,111,2104,2023-09-12,4,78.12,Social,184
1708,182,2104,2025-05-19,5,73.37,Online,64
1709,133,2104,2024-12-27,3,129.42,Email,280
1710,153,2104,2025-02-09,5,44.91,Online,59
1711,109,2104,2025-08-27,2,69.39,Online,69
1712,126,2104,2023-11-29,2,62.9,Online,36
1713,176,2105,2025-09-10,1,98.45,Online,70
1714,118,2105,2025-12-09,5,128.58,Online,76
1715,183,2105,2025-08-26,3,127.82,In-Store,144
1716,174,2105,2024-09-18,1,89.89,Online,51
1717,196,2105,2024-10-23,5,162.21,In-Store,127
1718,118,2105,2025-01-17,1,128.58,Online,58
1719,177,2105,2024-09-10,4,296.45,Online,51
1720,167,2105,2024-09-15,4,75.91,In-Store,125
1721,187,2105,2025-01-22,1,95.73,Email,281
1722,103,2105,2024-11-02,2,74.85,Social,203
1723,197,2105,2025-06-16,2,270.16,Online,66
1724,113,2105,2024-08-08,4,122.3,Online,49
1725,140,2105,2024-11-20,1,139.7,Email,278
1726,132,2105,2025-06-27,4,146.35,Social,213
1727,178,2105,2025-08-08,4,58.92,Online,69
1728,140,2105,2024-12-16,5,139.7,In-Store,130
1729,114,2105,2025-09-29,3,120.5,Online,70
1730,141,2105,2025-04-29,1,75.02,Online,63
1731,126,2105,2025-09-20,2,62.9,Social,218
1732,200,2105,2025-12-05,1,213.63,In-Store,149
1733,165,2105,2025-09-01,4,213.33,Online,70
1734,175,2105,2025-03-09,1,285.32,Online,60
1735,158,2106,2025-02-23,4,132.56,Online,60
1736,152,2106,2025-02-23,3,72.34,Online,59
1737,174,2106,2025-02-10,3,89.89,TV,351
1738,171,2106,2025-01-15,4,117.28,Online,58
1739,162,2106,2025-03-14,3,23.29,Online,60
1740,145,2106,2025-04-03,3,87.44,Online,61
1741,158,2106,2025-01-28,1,132.56,Online,59
1742,160,2106,2025-04-14,2,74.86,TV,352
1743,103,2106,2025-06-27,4,74.85,Online,66
1744,184,2106,2025-04-11,1,120.25,Online,61
1745,137,2106,2024-11-19,1,90.95,Online,54
1746,193,2106,2025-05-03,1,28.68,Social,212
1747,114,2106,2025-02-28,2,120.5,Online,59
1748,107,2106,2024-12-08,1,110.76,Online,56
1749,104,2106,2025-04-12,3,50.25,Online,61
1750,160,2107,2025-12-31,5,74.86,In-Store,150
1751,153,2107,2024-11-08,3,44.91,Online,55
1752,116,2107,2024-05-13,3,161.44,Social,195
1753,128,2107,2025-01-10,3,69.61,Online,58
1754,146,2107,2024-06-25,2,28.76,Email,268
1755,124,2107,2025-09-28,2,174.26,In-Store,145
1756,193,2107,2025-04-07,4,28.68,Online,62
1757,108,2107,2025-07-24,2,127.37,In-Store,142
1758,173,2107,2025-02-17,2,100.75,Online,59
1759,133,2107,2025-03-20,1,129.42,Online,60
1760,116,2107,2025-10-28,2,161.44,In-Store,146
1761,174,2107,2025-03-24,2,89.89,Email,283
1762,198,2107,2024-12-24,1,167.93,In-Store,131
1763,131,2107,2025-05-30,1,76.52,Social,213
1764,182,2107,2024-06-04,1,73.37,Online,47
1765,170,2107,2025-08-29,4,124.94,Online,69
1766,175,2107,2025-05-30,2,285.32,In-Store,139
1767,190,2107,2025-01-10,4,121.42,Online,58
1768,143,2107,2024-10-02,3,18.47,Online,51
1769,131,2107,2025-02-16,2,76.52,TV,350
1770,105,2107,2025-05-31,2,45.85,Online,65
1771,162,2107,2024-05-20,3,23.29,Online,46
1772,169,2108,2024-11-18,2,105.46,TV,346
1773,107,2108,2024-08-09,2,110.76,Social,199
1774,126,2108,2024-12-17,3,62.9,Online,56
1775,141,2108,2024-08-17,4,75.02,Online,50
1776,153,2108,2024-04-27,4,44.91,Online,44
1777,173,2108,2024-02-26,4,100.75,Online,40
1778,112,2108,2023-08-28,4,58.11,Online,32
1779,108,2108,2024-03-06,3,127.37,Online,42
1780,159,2108,2024-03-20,4,21.52,Online,42
1781,142,2109,2025-03-11,2,298.93,In-Store,136
1782,198,2109,2025-07-10,5,167.93,Social,214
1783,161,2109,2025-08-25,3,233.25,Online,69
1784,131,2109,2024-11-24,5,76.52,In-Store,130
1785,104,2109,2025-05-06,5,50.25,Online,63
1786,122,2109,2025-01-23,5,224.2,Social,207
1787,186,2109,2025-07-31,4,29.78,Online,68
1788,132,2109,2025-09-29,2,146.35,Online,71
1789,118,2109,2024-12-26,5,128.58,In-Store,132
1790,191,2109,2025-08-18,2,196.98,Online,69
1791,169,2109,2025-05-23,2,105.46,In-Store,138
1792,157,2109,2025-11-13,5,140.43,Online,74
1793,142,2109,2024-08-08,1,298.93,Online,49
1794,113,2109,2024-07-11,1,122.3,Online,48
1795,191,2109,2024-10-03,3,196.98,Online,52
1796,171,2109,2024-12-04,3,117.28,Social,205
1797,140,2110,2024-12-31,4,139.7,Online,58
1798,139,2110,2024-08-09,1,162.16,Social,199
1799,101,2110,2024-07-24,2,116.4,Online,49
1800,122,2110,2024-06-12,5,224.2,Online,46
1801,120,2110,2025-09-09,4,186.86,In-Store,143
1802,160,2110,2024-11-25,2,74.86,TV,346
1803,145,2110,2025-12-22,4,87.44,Online,76
1804,136,2110,2024-03-23,4,134.23,Online,43
1805,139,2110,2025-06-14,1,162.16,In-Store,140
1806,133,2110,2025-02-17,5,129.42,In-Store,134
1807,139,2110,2025-05-15,4,162.16,Email,286
1808,175,2110,2025-09-14,3,285.32,TV,361
1809,108,2110,2025-02-24,2,127.37,In-Store,135
1810,176,2110,2025-03-21,1,98.45,TV,352
1811,110,2110,2025-12-27,3,138.19,Online,76
1812,103,2110,2024-05-07,4,74.85,Online,45
1813,126,2110,2025-10-08,2,62.9,Online,71
1814,181,2110,2024-10-27,3,231.25,TV,345
1815,196,2110,2024-03-07,2,162.21,Online,41
1816,176,2110,2024-10-13,3,98.45,Online,52
1817,116,2111,2023-06-15,4,161.44,In-Store,103
1818,196,2111,2024-04-09,2,162.21,Social,194
1819,182,2111,2025-12-08,5,73.37,Online,75
1820,196,2111,2024-05-28,4,162.21,Online,46
1821,104,2111,2023-06-10,3,50.25,In-Store,103
1822,115,2111,2024-04-12,5,114.62,Social,192
1823,127,2111,2025-07-15,3,184.65,Online,67
1824,191,2111,2024-04-23,5,196.98,Online,43
1825,175,2111,2024-02-17,4,285.32,Email,260
1826,180,2111,2023-07-30,3,97.9,Social,181
1827,122,2111,2025-11-07,2,224.2,Social,220
1828,165,2111,2023-08-22,2,213.33,Online,32
1829,160,2112,2024-05-18,2,74.86,In-Store,120
1830,160,2112,2024-07-15,1,74.86,Online,48
1831,173,2112,2024-10-05,1,100.75,In-Store,127
1832,114,2112,2024-06-10,3,120.5,Social,196
1833,186,2112,2024-11-06,1,29.78,Online,54
1834,143,2112,2023-12-31,4,18.47,In-Store,112
1835,135,2113,2023-06-12,1,62.14,In-Store,103
1836,132,2113,2023-12-21,1,146.35,Online,37
1837,177,2113,2023-05-14,2,296.45,Online,26
1838,166,2113,2023-04-19,5,151.16,Online,24
1839,192,2113,2023-12-17,4,22.56,In-Store,112
1840,135,2113,2023-11-24,5,62.14,Social,186
1841,109,2113,2023-03-13,5,69.39,Online,22
1842,126,2113,2023-11-03,3,62.9,Online,34
1843,192,2113,2025-11-22,2,22.56,In-Store,148
1844,198,2113,2023-04-12,3,167.93,In-Store,100
1845,120,2113,2024-02-17,5,186.86,Online,40
1846,160,2113,2025-03-01,3,74.86,Online,59
1847,155,2114,2024-01-26,2,71.21,In-Store,113
1848,192,2114,2024-01-18,3,22.56,Online,39
1849,192,2114,2024-08-13,3,22.56,Online,49
1850,186,2114,2023-12-10,1,29.78,Online,36
1851,150,2114,2024-01-25,1,66.48,Online,39
1852,150,2115,2024-09-23,4,66.48,Online,51
1853,120,2115,2025-10-23,1,186.86,Online,72
1854,109,2115,2025-07-29,5,69.39,In-Store,143
1855,126,2115,2024-09-29,3,62.9,Online,52
1856,103,2115,2025-11-27,3,74.85,In-Store,149
1857,179,2115,2025-06-09,2,69.62,Online,66
1858,102,2115,2025-01-14,3,175.2,Online,58
1859,120,2115,2025-11-08,4,186.86,Online,73
1860,167,2115,2025-11-11,2,75.91,In-Store,147
1861,133,2115,2025-08-22,1,129.42,Social,215
1862,195,2115,2025-06-13,2,109.44,Online,66
1863,137,2115,2024-08-07,2,90.95,Online,49
1864,136,2115,2025-01-28,1,134.23,Online,58
1865,185,2115,2024-12-24,2,143.79,Online,57
1866,132,2115,2025-08-29,5,146.35,Online,68
1867,132,2115,2025-02-03,4,146.35,Online,59
1868,143,2115,2025-01-03,1,18.47,Online,57
1869,116,2115,2024-11-09,3,161.44,In-Store,128
1870,116,2115,2025-05-16,5,161.44,Email,285
1871,184,2115,2025-03-02,1,120.25,TV,351
1872,139,2115,2025-01-02,3,162.16,In-Store,131
1873,128,2115,2025-10-06,5,69.61,Online,71
1874,185,2115,2025-05-08,3,143.79,Social,212
1875,105,2115,2024-12-02,4,45.85,Online,56
1876,155,2115,2025-10-24,2,71.21,Online,72
1877,191,2115,2025-06-23,3,196.98,In-Store,141
1878,105,2115,2025-11-23,5,45.85,Online,74
1879,112,2115,2025-06-28,2,58.11,TV,356
1880,109,2115,2025-03-15,5,69.39,Online,60
1881,146,2115,2025-04-05,4,28.76,Social,211
1882,186,2115,2025-06-09,1,29.78,Online,66
1883,112,2115,2024-12-22,1,58.11,Online,57
1884,180,2115,2025-11-09,3,97.9,Online,72
1885,188,2116,2023-12-13,3,12.93,In-Store,111
1886,192,2116,2024-11-27,1,22.56,Online,55
1887,181,2116,2024-02-13,3,231.25,Online,40
1888,138,2116,2025-07-28,3,115.15,TV,358
1889,188,2116,2025-08-01,5,12.93,Social,215
1890,146,2116,2023-12-27,2,28.76,TV,330
1891,198,2116,2023-07-17,1,167.93,In-Store,105
1892,183,2116,2023-12-17,5,127.82,Online,36
1893,110,2116,2024-12-22,1,138.19,Online,57
1894,142,2116,2024-01-05,1,298.93,Online,38
1895,200,2116,2025-03-25,4,213.63,In-Store,136
1896,154,2116,2023-09-11,4,39.53,In-Store,106
1897,194,2116,2025-05-10,1,70.1,Email,286
1898,197,2116,2025-06-03,5,270.16,Online,65
1899,190,2116,2023-10-12,3,121.42,TV,326
1900,120,2116,2023-07-24,3,186.86,In-Store,105
1901,116,2116,2024-12-07,4,161.44,In-Store,130
1902,159,2116,2025-04-20,4,21.52,Online,63
1903,159,2116,2023-01-22,3,21.52,In-Store,96
1904,109,2116,2023-02-01,1,69.39,In-Store,97
1905,152,2116,2023-08-10,1,72.34,Online,32
1906,116,2116,2023-06-10,2,161.44,Online,28
1907,145,2117,2024-05-05,3,87.44,Online,45
1908,190,2117,2025-03-11,4,121.42,Online,60
1909,150,2117,2024-04-12,1,66.48,Online,43
1910,123,2117,2024-08-01,1,28.54,Online,49
1911,135,2117,2024-07-24,4,62.14,In-Store,123
1912,128,2117,2025-04-04,1,69.61,Social,210
1913,112,2117,2024-07-31,4,58.11,Online,49
1914,153,2117,2024-10-08,3,44.91,Online,52
1915,192,2117,2024-08-16,1,22.56,In-Store,124
1916,144,2117,2024-08-25,1,22.73,Online,50
1917,141,2117,2025-02-10,2,75.02,Online,59
1918,125,2117,2024-12-28,1,25.35,Online,57
1919,182,2117,2025-01-30,2,73.37,Email,281
1920,169,2117,2024-10-22,2,105.46,Online,53
1921,194,2117,2024-10-22,3,70.1,Online,53
1922,105,2118,2024-11-26,2,45.85,Online,55
1923,111,2118,2024-10-25,2,78.12,Online,53
1924,182,2118,2025-02-01,3,73.37,In-Store,134
1925,131,2118,2024-11-01,2,76.52,In-Store,128
1926,103,2118,2024-10-28,1,74.85,Online,53
1927,174,2118,2024-10-21,1,89.89,Online,53
1928,190,2118,2024-12-09,3,121.42,Online,56
1929,143,2119,2023-10-16,1,18.47,In-Store,109
1930,109,2119,2024-01-12,2,69.39,Online,39
1931,169,2119,2023-11-26,1,105.46,Online,36
1932,148,2119,2024-01-25,1,47.75,Online,39
1933,172,2119,2023-11-06,3,75.03,In-Store,110
1934,141,2119,2023-11-23,2,75.02,Online,36
1935,156,2119,2023-10-06,2,13.54,Online,33
1936,192,2120,2022-11-07,2,22.56,In-Store,93
1937,199,2120,2023-05-21,3,105.38,Online,25
1938,114,2120,2022-08-12,3,120.5,Social,162
1939,125,2120,2023-11-08,4,25.35,Online,35
1940,156,2120,2022-10-27,3,13.54,Online,16
1941,109,2120,2023-07-16,4,69.39,In-Store,105
1942,114,2120,2023-01-08,4,120.5,Online,19
1943,137,2121,2024-05-04,4,90.95,Social,195
1944,172,2121,2024-01-05,2,75.03,Online,38
1945,194,2121,2023-06-04,3,70.1,Social,178
1946,169,2121,2023-11-16,2,105.46,Social,186
1947,109,2121,2023-12-18,3,69.39,Online,36
1948,106,2121,2024-11-17,1,41.44,In-Store,128
1949,112,2121,2024-10-10,2,58.11,In-Store,127
1950,109,2121,2023-07-29,3,69.39,Online,30
1951,117,2122,2022-05-20,2,214.01,Social,159
1952,162,2122,2023-06-21,4,23.29,In-Store,104
1953,103,2122,2024-11-17,5,74.85,In-Store,129
1954,178,2122,2025-01-25,5,58.92,Online,58
1955,147,2122,2023-09-15,1,193.11,Social,183
1956,170,2122,2022-06-27,1,124.94,Email,231
1957,170,2122,2022-04-25,4,124.94,In-Store,84
1958,108,2122,2023-03-17,3,127.37,Online,22
1959,181,2122,2023-05-20,3,231.25,Online,25
1960,177,2122,2024-08-27,3,296.45,In-Store,124
1961,197,2122,2022-12-26,3,270.16,Online,19
1962,196,2122,2023-06-18,1,162.21,Social,179
1963,161,2122,2024-12-25,1,233.25,Online,56
1964,135,2122,2023-08-18,5,62.14,In-Store,106
1965,187,2123,2023-06-08,4,95.73,Online,28
1966,140,2123,2025-04-23,1,139.7,Online,63
1967,142,2123,2024-06-05,4,298.93,Online,46
1968,170,2123,2024-09-03,1,124.94,In-Store,124
1969,130,2123,2023-06-30,3,117.61,In-Store,104
1970,124,2123,2025-05-21,3,174.26,Online,65
1971,117,2123,2024-02-18,2,214.01,Online,40
1972,103,2123,2024-08-16,1,74.85,Social,200
1973,193,2123,2025-09-17,5,28.68,TV,361
1974,106,2123,2024-09-27,1,41.44,Online,52
1975,184,2123,2023-08-14,4,120.25,Social,182
1976,121,2123,2024-11-23,3,126.42,In-Store,129
1977,183,2123,2024-11-19,3,127.82,Online,54
1978,189,2123,2024-12-30,4,47.31,TV,349
1979,121,2123,2025-07-09,4,126.42,In-Store,141
1980,154,2123,2024-07-06,4,39.53,Online,47
1981,148,2123,2024-01-30,3,47.75,Email,260
1982,147,2123,2025-03-06,5,193.11,Social,209
1983,197,2123,2023-10-31,3,270.16,Online,35
1984,161,2123,2025-10-12,2,233.25,In-Store,146
1985,139,2124,2023-11-16,5,162.16,Online,35
1986,110,2124,2024-02-19,4,138.19,Online,40
1987,189,2124,2025-05-01,5,47.31,Online,64
1988,185,2124,2025-11-23,1,143.79,Online,74
1989,159,2124,2023-11-27,3,21.52,Online,36
1990,160,2124,2024-10-21,3,74.86,Online,53
1991,180,2124,2025-03-12,4,97.9,Online,60
1992,132,2124,2024-12-13,1,146.35,Online,56
1993,108,2124,2025-07-11,2,127.37,In-Store,142
1994,176,2124,2025-10-23,4,98.45,Online,72
1995,186,2124,2023-05-21,3,29.78,Online,26
1996,200,2124,2025-04-04,2,213.63,Online,62
1997,145,2124,2023-07-10,2,87.44,Online,29
1998,121,2124,2023-02-26,2,126.42,Online,22
1999,161,2124,2023-05-20,4,233.25,TV,320
2000,104,2124,2025-05-07,4,50.25,Online,63
2001,147,2124,2024-08-30,3,193.11,Online,50
2002,199,2124,2025-05-20,4,105.38,In-Store,139
2003,128,2124,2023-03-20,1,69.61,Online,22
2004,200,2124,2024-12-13,4,213.63,Social,205
2005,120,2124,2025-02-17,1,186.86,Online,59
2006,173,2125,2024-10-08,4,100.75,TV,344
2007,151,2125,2024-12-07,4,170.44,In-Store,131
2008,130,2125,2023-04-16,5,117.61,Online,24
2009,114,2125,2024-03-06,1,120.5,Online,41
2010,165,2125,2024-09-10,4,213.33,Online,51
2011,121,2125,2024-07-16,4,126.42,Online,48
2012,129,2125,2025-02-07,2,269.37,In-Store,134
2013,172,2125,2022-12-17,4,75.03,Online,19
2014,186,2125,2023-10-27,5,29.78,Online,35
2015,170,2125,2025-10-22,1,124.94,Online,72
2016,186,2125,2023-06-18,4,29.78,Online,28
2017,147,2125,2025-05-03,2,193.11,Online,64
2018,101,2125,2024-08-29,2,116.4,TV,341
2019,168,2125,2023-03-27,4,151.07,Online,22
2020,151,2125,2024-12-22,2,170.44,In-Store,131
2021,196,2125,2023-01-18,2,162.21,Online,19
2022,108,2125,2025-07-27,4,127.37,Social,214
2023,139,2125,2023-06-15,2,162.16,Online,28
2024,198,2125,2025-12-16,4,167.93,Online,76
2025,197,2125,2025-03-19,5,270.16,Social,210
2026,153,2125,2024-11-13,1,44.91,Online,54
2027,127,2125,2022-12-28,5,184.65,In-Store,96
2028,166,2125,2023-03-07,3,151.16,Social,173
2029,169,2125,2024-10-22,5,105.46,Email,274
2030,178,2126,2023-09-02,2,58.92,Online,32
2031,189,2126,2024-05-18,2,47.31,Online,46
2032,133,2126,2024-12-01,2,129.42,In-Store,130
2033,163,2126,2024-02-09,4,115.65,In-Store,114
2034,186,2126,2023-10-27,3,29.78,In-Store,108
2035,101,2126,2024-09-26,4,116.4,Online,52
2036,108,2126,2024-05-14,2,127.37,In-Store,120
2037,173,2126,2023-11-10,1,100.75,In-Store,110
2038,181,2127,2023-09-17,4,231.25,Online,33
2039,148,2127,2023-03-22,1,47.75,Online,23
2040,148,2127,2024-05-17,1,47.75,Online,46
2041,140,2127,2023-08-27,2,139.7,Social,183
2042,127,2127,2024-01-31,4,184.65,Online,39
2043,185,2127,2024-02-01,4,143.79,In-Store,114
2044,184,2127,2025-12-02,1,120.25,Online,74
2045,186,2127,2023-08-07,2,29.78,Social,182
2046,147,2127,2023-04-08,1,193.11,In-Store,100
2047,124,2127,2024-04-08,4,174.26,Social,192
2048,131,2127,2024-11-29,3,76.52,Online,55
2049,181,2127,2025-04-22,3,231.25,In-Store,138
2050,140,2127,2023-01-15,3,139.7,Online,19
2051,151,2127,2024-02-23,2,170.44,Online,40
2052,111,2127,2025-09-28,2,78.12,Online,70
2053,190,2127,2025-10-22,1,121.42,Online,71
2054,181,2127,2023-01-22,5,231.25,Online,20
2055,124,2127,2023-09-14,1,174.26,Online,33
2056,102,2127,2025-02-02,3,175.2,Online,59
2057,137,2127,2025-11-20,3,90.95,Social,221
2058,163,2128,2024-12-17,4,115.65,Online,57
2059,159,2128,2024-09-19,2,21.52,Online,51
2060,187,2128,2024-11-24,1,95.73,In-Store,129
2061,156,2128,2024-08-26,3,13.54,Online,49
2062,105,2128,2024-10-15,1,45.85,Online,52
2063,189,2128,2024-10-11,3,47.31,Email,275
2064,134,2128,2024-07-04,3,113.57,In-Store,121
2065,179,2128,2025-02-28,2,69.62,Online,59
2066,111,2128,2024-12-16,3,78.12,Email,279
2067,113,2128,2024-06-24,2,122.3,Online,47
2068,152,2128,2024-12-13,3,72.34,Online,56
2069,123,2128,2024-09-21,3,28.54,Online,51
2070,162,2128,2024-09-29,4,23.29,Online,51
2071,195,2129,2024-03-25,3,109.44,In-Store,118
2072,145,2129,2024-04-12,3,87.44,Social,192
2073,149,2129,2024-05-04,1,64.92,Social,195
2074,134,2129,2024-04-28,3,113.57,Online,44
2075,158,2129,2024-09-17,3,132.56,In-Store,126
2076,190,2129,2024-07-21,3,121.42,Online,48
2077,106,2129,2024-05-05,2,41.44,Online,45
2078,163,2129,2024-05-29,2,115.65,In-Store,120
2079,112,2130,2024-10-30,2,58.11,In-Store,128
2080,116,2130,2025-10-15,2,161.44,Social,218
2081,113,2130,2025-05-28,4,122.3,Online,65
2082,136,2130,2024-10-09,4,134.23,Online,52
2083,122,2130,2024-06-03,1,224.2,Online,47
2084,112,2130,2025-01-25,4,58.11,Online,59
2085,194,2130,2024-07-17,3,70.1,Email,269
2086,133,2130,2025-04-15,5,129.42,In-Store,137
2087,167,2130,2024-10-15,4,75.91,Online,53
2088,133,2130,2024-02-27,4,129.42,In-Store,115
2089,173,2130,2025-05-07,3,100.75,Online,64
2090,132,2130,2024-07-09,1,146.35,Online,48
2091,118,2130,2024-03-17,5,128.58,Online,42
2092,108,2130,2024-05-15,4,127.37,Online,46
2093,167,2130,2025-11-12,1,75.91,Online,73
2094,166,2131,2024-12-29,2,151.16,Online,56
2095,114,2131,2025-12-14,3,120.5,Email,294
2096,131,2131,2025-03-18,2,76.52,Online,60
2097,133,2131,2025-11-09,2,129.42,Online,72
2098,120,2131,2025-04-17,5,186.86,Online,62
2099,120,2131,2024-09-01,5,186.86,TV,343
2100,154,2131,2024-12-22,1,39.53,Online,57
2101,127,2131,2025-05-11,4,184.65,In-Store,139
2102,135,2131,2024-09-14,3,62.14,Online,51
2103,111,2131,2024-11-20,4,78.12,In-Store,129
2104,159,2131,2025-11-25,4,21.52,Online,75
2105,152,2131,2024-07-01,4,72.34,In-Store,122
2106,127,2131,2025-06-17,4,184.65,Social,213
2107,157,2131,2025-04-14,3,140.43,Online,62
2108,154,2131,2025-08-06,5,39.53,Online,68
2109,104,2131,2024-04-11,5,50.25,Online,43
2110,184,2131,2025-06-16,3,120.25,Online,66
2111,173,2131,2024-06-08,4,100.75,Online,46
2112,133,2131,2025-05-08,3,129.42,Online,63
2113,200,2131,2024-12-26,3,213.63,Social,206
2114,170,2131,2025-04-13,4,124.94,TV,352
2115,147,2131,2025-10-18,1,193.11,Online,71
2116,148,2131,2024-04-12,3,47.75,Online,43
2117,164,2131,2024-04-10,4,91.03,Email,263
2118,116,2131,2024-06-20,3,161.44,Online,47
2119,101,2131,2025-03-31,3,116.4,Online,61
2120,151,2131,2024-09-09,5,170.44,In-Store,125
2121,132,2131,2025-11-24,2,146.35,Social,220
2122,129,2131,2025-04-15,2,269.37,Online,62
2123,122,2131,2024-08-30,5,224.2,Online,51
2124,141,2131,2024-06-10,3,75.02,Online,47
2125,185,2131,2025-01-15,4,143.79,Online,58
2126,200,2131,2024-09-27,3,213.63,Online,52
2127,134,2132,2024-12-20,1,113.57,In-Store,131
2128,154,2132,2024-12-07,3,39.53,In-Store,130
2129,114,2132,2024-10-21,3,120.5,Online,53
2130,181,2133,2025-02-28,2,231.25,Online,59
2131,171,2133,2024-07-10,1,117.28,Online,48
2132,129,2133,2024-04-04,2,269.37,Online,43
2133,191,2133,2025-04-09,3,196.98,In-Store,137
2134,118,2133,2024-05-27,2,128.58,Online,46
2135,170,2133,2023-12-31,2,124.94,In-Store,111
2136,117,2133,2025-05-31,5,214.01,Online,65
2137,181,2133,2024-02-19,2,231.25,Online,40
2138,153,2133,2024-05-30,2,44.91,Social,195
2139,119,2133,2025-01-02,3,193.28,Online,58
2140,191,2133,2025-04-01,1,196.98,In-Store,136
2141,169,2133,2024-06-05,1,105.46,Online,46
2142,190,2133,2025-01-12,3,121.42,Online,58
2143,135,2133,2025-05-07,4,62.14,In-Store,138
2144,177,2133,2025-02-08,4,296.45,TV,350
2145,106,2133,2025-06-07,5,41.44,In-Store,140
2146,105,2133,2025-02-09,5,45.85,Email,281
2147,189,2133,2024-06-10,4,47.31,Online,46
2148,177,2133,2024-01-29,5,296.45,TV,333
2149,120,2133,2024-10-23,4,186.86,Online,53
2150,159,2133,2024-10-24,3,21.52,Online,53
2151,143,2134,2023-10-23,2,18.47,Online,34
2152,148,2134,2023-10-04,2,47.75,Online,33
2153,101,2134,2023-10-10,2,116.4,In-Store,107
2154,125,2134,2024-05-29,3,25.35,Online,46
2155,167,2134,2022-12-21,2,75.91,Online,18
2156,104,2134,2023-12-19,2,50.25,Email,257
2157,131,2134,2024-04-08,3,76.52,Online,43
2158,172,2134,2025-01-02,4,75.03,In-Store,132
2159,188,2134,2023-07-06,3,12.93,Social,180
2160,141,2134,2024-02-23,4,75.02,Online,40
2161,172,2134,2023-06-08,1,75.03,Online,27
2162,147,2135,2024-10-02,1,193.11,Online,51
2163,132,2135,2025-07-21,4,146.35,Online,67
2164,200,2135,2025-04-18,5,213.63,In-Store,137
2165,185,2135,2024-08-01,4,143.79,Online,49
2166,129,2135,2025-05-26,5,269.37,Online,65
2167,120,2135,2024-10-02,5,186.86,Online,52
2168,197,2135,2024-07-16,5,270.16,Online,48
2169,179,2135,2025-09-23,5,69.62,Online,70
2170,166,2135,2025-05-21,1,151.16,Social,213
2171,181,2135,2024-10-25,4,231.25,Online,53
2172,132,2135,2025-11-29,5,146.35,In-Store,149
2173,119,2135,2025-11-21,2,193.28,Email,293
2174,120,2135,2025-07-12,4,186.86,In-Store,142
2175,121,2135,2025-03-21,2,126.42,Online,61
2176,183,2135,2025-07-19,2,127.82,Online,67
2177,120,2135,2025-04-27,2,186.86,Online,63
2178,184,2135,2025-01-05,2,120.25,Online,58
2179,107,2135,2025-03-09,2,110.76,Online,60
2180,108,2135,2024-08-27,1,127.37,Online,49
2181,124,2136,2023-11-03,2,174.26,Email,254
2182,110,2136,2025-01-14,4,138.19,Social,206
2183,114,2136,2024-08-12,3,120.5,Social,200
2184,102,2136,2024-05-18,5,175.2,Social,195
2185,123,2136,2025-12-08,3,28.54,Online,76
2186,104,2136,2025-07-11,5,50.25,Online,67
2187,113,2136,2024-06-08,2,122.3,Online,47
2188,137,2136,2023-09-19,3,90.95,Online,33
2189,133,2136,2025-01-30,4,129.42,Online,59
2190,185,2136,2025-04-24,3,143.79,Online,62
2191,139,2136,2024-01-26,2,162.16,Social,190
2192,127,2136,2024-05-08,2,184.65,Email,265
2193,181,2136,2025-08-11,3,231.25,Online,69
2194,131,2136,2024-10-10,3,76.52,Online,53
2195,113,2136,2024-05-02,4,122.3,Email,265
2196,198,2136,2025-07-06,3,167.93,Email,289
2197,152,2136,2023-10-25,4,72.34,Online,34
2198,117,2136,2024-12-24,3,214.01,Email,279
2199,197,2136,2023-12-27,4,270.16,Social,189
2200,175,2136,2025-01-12,4,285.32,In-Store,132
2201,111,2137,2023-04-11,2,78.12,Online,24
2202,108,2137,2023-09-17,2,127.37,Online,33
2203,146,2137,2022-12-16,3,28.76,In-Store,95
2204,156,2137,2023-11-12,1,13.54,Online,36
2205,128,2137,2024-11-02,1,69.61,In-Store,128
2206,182,2137,2023-02-23,1,73.37,Online,20
2207,184,2137,2023-03-07,4,120.25,Online,21
2208,194,2137,2024-03-28,1,70.1,Email,263
2209,171,2137,2023-11-04,2,117.28,TV,327
2210,101,2138,2024-05-03,1,116.4,Online,45
2211,109,2138,2023-09-22,2,69.39,TV,325
2212,104,2138,2023-11-23,2,50.25,In-Store,110
2213,146,2139,2024-06-22,3,28.76,Online,47
2214,144,2139,2024-02-16,3,22.73,Online,40
2215,156,2139,2024-01-04,1,13.54,Social,189
2216,128,2139,2024-06-29,2,69.61,Online,47
2217,113,2139,2024-01-12,3,122.3,Online,38
2218,186,2139,2023-12-20,1,29.78,In-Store,112
2219,173,2139,2024-05-31,1,100.75,In-Store,121
2220,145,2139,2024-01-06,2,87.44,Social,189
2221,167,2140,2023-12-11,2,75.91,In-Store,111
2222,114,2140,2023-10-28,3,120.5,Social,185
2223,182,2140,2024-03-20,1,73.37,Social,192
2224,138,2140,2023-07-14,2,115.15,Online,30
2225,138,2140,2023-05-17,2,115.15,In-Store,102
2226,128,2140,2024-02-17,2,69.61,Online,40
2227,196,2141,2025-06-30,5,162.21,Online,66
2228,158,2141,2024-11-05,3,132.56,In-Store,128
2229,173,2141,2025-12-31,4,100.75,Online,77
2230,116,2141,2025-06-24,4,161.44,Online,66
2231,139,2141,2024-09-16,3,162.16,In-Store,126
2232,183,2141,2024-08-22,2,127.82,In-Store,125
2233,110,2141,2024-02-26,5,138.19,Social,191
2234,158,2141,2024-06-19,4,132.56,Online,47
2235,117,2141,2024-04-04,3,214.01,In-Store,118
2236,102,2141,2025-09-04,4,175.2,Online,70
2237,107,2141,2024-05-24,5,110.76,In-Store,120
2238,120,2141,2024-11-24,2,186.86,Social,204
2239,117,2141,2025-11-21,2,214.01,Online,75
2240,181,2141,2025-01-07,1,231.25,Social,206
2241,150,2141,2024-10-04,4,66.48,Online,52
2242,173,2141,2025-03-02,3,100.75,Online,60
2243,161,2141,2024-12-19,4,233.25,In-Store,131
2244,185,2141,2025-08-22,2,143.79,Online,68
2245,168,2141,2024-07-06,4,151.07,Online,47
2246,161,2141,2024-12-27,2,233.25,Online,56
2247,156,2141,2025-09-29,3,13.54,Email,291
2248,168,2141,2024-07-22,1,151.07,In-Store,123
2249,189,2141,2025-01-05,3,47.31,Online,57
2250,185,2141,2024-05-06,5,143.79,Online,45
2251,120,2141,2024-06-19,5,186.86,Online,47
2252,140,2141,2025-02-23,5,139.7,In-Store,135
2253,158,2141,2025-10-07,1,132.56,Online,71
2254,186,2141,2025-09-16,5,29.78,TV,361
2255,198,2142,2024-04-15,4,167.93,In-Store,118
2256,178,2142,2023-01-17,4,58.92,Email,240
2257,200,2142,2025-11-25,3,213.63,Social,220
2258,103,2142,2023-12-11,3,74.85,Social,188
2259,164,2142,2022-11-29,5,91.03,Online,17
2260,129,2142,2024-03-07,2,269.37,Online,41
2261,124,2142,2025-03-19,1,174.26,Online,61
2262,190,2142,2023-02-13,3,121.42,Online,21
2263,193,2142,2025-10-04,1,28.68,Online,71
2264,156,2142,2024-05-30,1,13.54,Online,46
2265,122,2142,2025-12-12,5,224.2,Online,76
2266,116,2142,2023-05-06,4,161.44,In-Store,101
2267,132,2142,2024-07-14,2,146.35,Online,48
2268,142,2142,2025-02-06,2,298.93,Email,281
2269,124,2142,2022-10-23,3,174.26,Online,14
2270,174,2143,2024-04-18,2,89.89,Online,43
2271,148,2143,2024-06-02,2,47.75,Online,47
2272,192,2143,2024-06-16,1,22.56,Online,47
2273,186,2143,2024-03-05,2,29.78,Online,42
2274,131,2144,2024-11-05,1,76.52,TV,345
2275,191,2144,2025-10-04,1,196.98,TV,361
2276,104,2144,2023-06-30,3,50.25,TV,322
2277,141,2144,2023-08-18,3,75.02,Online,32
2278,141,2144,2025-06-16,5,75.02,Online,66
2279,141,2144,2023-08-27,5,75.02,Online,32
2280,156,2144,2023-07-18,1,13.54,Online,29
2281,110,2144,2024-05-25,5,138.19,Email,266
2282,119,2144,2025-05-05,5,193.28,Social,212
2283,197,2144,2025-07-14,1,270.16,Online,67
2284,120,2144,2024-04-08,5,186.86,Online,43
2285,105,2144,2025-11-25,3,45.85,Online,75
2286,156,2144,2025-09-13,4,13.54,Online,70
2287,161,2144,2024-09-29,4,233.25,Online,51
2288,108,2144,2023-11-04,4,127.37,In-Store,109
2289,170,2144,2025-05-28,2,124.94,Social,212
2290,110,2144,2025-12-05,4,138.19,In-Store,149
2291,192,2144,2024-08-04,3,22.56,Online,49
2292,136,2144,2023-06-05,2,134.23,Online,27
2293,132,2144,2024-04-21,3,146.35,In-Store,118
2294,122,2144,2024-06-22,1,224.2,TV,338
2295,160,2145,2023-11-06,1,74.86,Online,35
2296,109,2145,2024-03-25,1,69.39,In-Store,117
2297,164,2145,2024-01-13,1,91.03,In-Store,112
2298,112,2145,2024-01-15,4,58.11,Online,38
2299,194,2145,2024-04-20,3,70.1,Online,44
2300,199,2145,2024-04-11,1,105.38,In-Store,119
2301,111,2145,2023-12-03,3,78.12,Online,36
2302,130,2145,2024-07-29,4,117.61,Online,49
2303,136,2145,2024-02-09,1,134.23,Online,40
2304,156,2145,2024-03-04,3,13.54,In-Store,117
2305,169,2145,2023-07-06,2,105.46,In-Store,104
2306,111,2145,2024-04-01,4,78.12,TV,335
2307,155,2145,2023-05-05,3,71.21,Online,25
2308,180,2146,2024-10-08,1,97.9,TV,344
2309,192,2146,2024-10-27,3,22.56,Online,53
2310,103,2146,2024-11-19,3,74.85,In-Store,128
2311,192,2146,2024-06-21,4,22.56,Online,47
2312,138,2146,2024-03-05,3,115.15,Online,42
2313,187,2146,2024-08-09,1,95.73,Social,199
2314,114,2146,2024-04-20,1,120.5,Online,44
2315,137,2146,2024-01-27,1,90.95,TV,333
2316,159,2146,2024-06-21,3,21.52,Online,47
2317,137,2146,2024-08-29,1,90.95,Online,50
2318,174,2146,2023-11-21,2,89.89,In-Store,110
2319,158,2147,2022-06-26,5,132.56,In-Store,87
2320,154,2147,2022-08-28,5,39.53,Email,235
2321,127,2147,2025-04-09,5,184.65,In-Store,137
2322,132,2147,2022-10-09,1,146.35,Online,14
2323,196,2147,2024-07-25,3,162.21,Online,48
2324,122,2147,2022-07-02,1,224.2,Email,232
2325,139,2147,2025-07-04,4,162.16,Online,67
2326,175,2147,2024-03-26,1,285.32,Online,43
2327,171,2147,2025-07-10,2,117.28,Online,67
2328,132,2147,2023-02-25,5,146.35,In-Store,98
2329,110,2147,2022-10-16,1,138.19,Online,14
2330,139,2147,2022-12-02,5,162.16,Online,17
2331,191,2147,2024-06-30,5,196.98,Social,198
2332,189,2147,2025-06-11,2,47.31,Online,65
2333,122,2147,2023-07-18,2,224.2,In-Store,105
2334,185,2147,2024-05-21,5,143.79,Online,46
2335,108,2147,2022-12-21,5,127.37,Online,18
2336,190,2147,2025-06-14,2,121.42,In-Store,139
2337,192,2147,2022-11-28,3,22.56,In-Store,94
2338,127,2147,2024-12-31,1,184.65,Online,56
2339,150,2148,2023-06-30,2,66.48,In-Store,104
2340,128,2148,2023-09-22,3,69.61,Online,33
2341,193,2148,2023-05-16,3,28.68,In-Store,102
2342,112,2148,2024-07-02,3,58.11,Online,48
2343,131,2148,2023-07-29,3,76.52,Online,31
2344,186,2149,2024-05-18,1,29.78,In-Store,120
2345,105,2149,2024-06-05,4,45.85,Online,46
2346,186,2149,2024-10-19,2,29.78,Online,53
2347,154,2149,2024-09-25,1,39.53,In-Store,126
2348,113,2149,2024-09-04,2,122.3,In-Store,125
2349,193,2149,2024-08-13,1,28.68,Online,49
2350,173,2149,2024-07-10,3,100.75,Online,48
2351,189,2149,2025-01-04,2,47.31,Online,58
2352,105,2149,2024-04-19,1,45.85,Social,193
2353,141,2149,2024-08-19,3,75.02,TV,342
2354,173,2149,2024-06-29,4,100.75,In-Store,122
2355,155,2150,2023-03-12,2,71.21,In-Store,99
2356,103,2150,2023-08-28,3,74.85,Online,32
2357,163,2150,2023-04-29,2,115.65,Online,24
2358,107,2150,2023-06-27,3,110.76,Social,179
2359,162,2151,2024-08-06,2,23.29,Online,49
2360,115,2151,2024-08-19,2,114.62,Online,50
2361,111,2151,2024-08-11,2,78.12,Online,49
2362,134,2151,2024-08-07,2,113.57,Online,49
2363,153,2152,2024-03-30,5,44.91,Online,43
2364,196,2152,2025-03-27,3,162.21,Online,61
2365,151,2152,2024-11-10,1,170.44,Online,54
2366,161,2152,2025-07-24,4,233.25,Online,68
2367,139,2152,2025-11-18,2,162.16,In-Store,148
2368,105,2152,2024-11-06,4,45.85,Online,53
2369,198,2152,2025-06-03,2,167.93,Online,66
2370,149,2152,2024-09-25,4,64.92,Online,52
2371,136,2152,2025-08-15,2,134.23,Online,69
2372,192,2152,2025-02-11,1,22.56,Online,59
2373,184,2152,2025-12-03,3,120.25,In-Store,149
2374,116,2152,2024-02-18,1,161.44,Online,40
2375,132,2152,2024-11-13,2,146.35,In-Store,128
2376,152,2152,2025-12-13,5,72.34,In-Store,149
2377,127,2152,2025-07-24,4,184.65,TV,357
2378,122,2152,2024-02-01,1,224.2,Online,40
2379,131,2152,2025-08-18,3,76.52,Online,69
2380,120,2152,2024-08-14,3,186.86,In-Store,124
2381,170,2152,2025-04-08,3,124.94,In-Store,137
2382,117,2152,2025-11-02,5,214.01,In-Store,147
2383,132,2152,2025-01-28,4,146.35,In-Store,134
2384,170,2152,2024-10-05,3,124.94,Online,52
2385,135,2152,2024-10-01,4,62.14,Online,51
2386,165,2152,2025-08-26,1,213.33,Online,68
2387,116,2152,2024-06-17,1,161.44,Online,47
2388,140,2152,2025-03-26,1,139.7,Online,61
2389,174,2152,2025-08-12,2,89.89,Online,69
2390,140,2152,2024-09-04,1,139.7,Online,51
2391,165,2152,2024-02-09,4,213.33,Online,40
2392,101,2153,2023-06-29,3,116.4,Social,180
2393,170,2153,2023-04-29,1,124.94,Online,24
2394,131,2153,2023-06-20,1,76.52,In-Store,103
2395,180,2153,2023-07-01,1,97.9,Social,179
2396,131,2153,2023-03-16,3,76.52,Online,22
2397,190,2154,2024-11-27,3,121.42,Online,55
2398,171,2154,2024-04-01,4,117.28,Social,193
2399,174,2154,2024-11-02,3,89.89,Online,53
2400,125,2154,2025-08-23,5,25.35,Online,68
2401,150,2154,2025-06-06,3,66.48,In-Store,139
2402,103,2154,2025-10-16,1,74.85,In-Store,146
2403,127,2154,2025-12-28,3,184.65,Online,77
2404,191,2154,2024-09-02,1,196.98,In-Store,124
2405,152,2154,2024-10-12,2,72.34,Online,53
2406,133,2154,2025-07-10,4,129.42,Online,67
2407,158,2154,2024-08-10,2,132.56,Online,49
2408,196,2154,2025-01-26,4,162.21,Online,58
2409,118,2154,2024-05-29,2,128.58,Online,46
2410,139,2154,2024-04-02,1,162.16,Online,43
2411,108,2154,2025-05-30,2,127.37,Online,65
2412,167,2154,2024-08-30,4,75.91,Online,49
2413,142,2154,2024-09-12,5,298.93,In-Store,125
2414,106,2154,2025-09-20,5,41.44,Social,217
2415,144,2154,2025-11-15,4,22.73,Online,74
2416,126,2154,2025-11-24,5,62.9,Online,75
2417,139,2154,2025-06-28,5,162.16,Social,213
2418,147,2154,2025-06-24,3,193.11,In-Store,141
2419,113,2154,2024-04-15,3,122.3,Online,43
2420,138,2154,2025-09-25,1,115.15,Social,218
2421,184,2154,2024-07-22,2,120.25,Email,268
2422,130,2154,2024-11-16,5,117.61,Email,277
2423,107,2155,2024-07-05,4,110.76,Online,48
2424,183,2155,2024-04-02,2,127.82,Online,43
2425,135,2155,2023-07-19,2,62.14,Online,29
2426,184,2155,2023-09-11,2,120.25,In-Store,106
2427,120,2156,2024-01-05,5,186.86,Online,38
2428,136,2156,2024-01-29,5,134.23,Online,40
2429,144,2156,2025-05-05,3,22.73,Online,63
2430,170,2156,2025-05-30,2,124.94,Online,65
2431,187,2156,2025-03-31,2,95.73,Online,61
2432,141,2156,2024-06-27,1,75.02,Online,47
2433,185,2156,2025-08-15,4,143.79,In-Store,143
2434,196,2156,2025-05-27,3,162.21,Online,65
2435,108,2156,2025-10-12,3,127.37,Online,71
2436,182,2156,2023-11-26,1,73.37,Social,186
2437,108,2156,2025-11-24,3,127.37,Online,75
2438,106,2156,2025-12-14,5,41.44,Online,76
2439,158,2156,2025-10-19,1,132.56,Online,72
2440,102,2156,2025-05-19,1,175.2,In-Store,138
2441,153,2156,2025-12-20,1,44.91,In-Store,149
2442,177,2156,2024-11-10,1,296.45,In-Store,129
2443,198,2157,2024-10-14,3,167.93,Online,52
2444,153,2157,2023-12-28,5,44.91,Online,37
2445,117,2157,2024-10-09,1,214.01,Online,52
2446,193,2157,2024-10-12,1,28.68,Online,53
2447,121,2157,2025-10-16,4,126.42,Online,71
2448,105,2157,2023-05-30,1,45.85,In-Store,102
2449,135,2157,2024-07-16,3,62.14,Online,48
2450,104,2157,2024-09-14,4,50.25,Online,51
2451,181,2157,2023-11-07,2,231.25,In-Store,110
2452,108,2157,2024-06-09,3,127.37,In-Store,120
2453,136,2157,2025-03-19,2,134.23,In-Store,136
2454,122,2157,2025-04-07,5,224.2,In-Store,137
2455,136,2157,2025-10-18,2,134.23,Online,72
2456,161,2157,2025-09-28,1,233.25,In-Store,144
2457,109,2158,2023-09-01,2,69.39,Online,32
2458,146,2158,2023-11-16,1,28.76,Online,36
2459,152,2158,2023-10-08,1,72.34,Email,253
2460,194,2158,2024-06-16,4,70.1,Online,47
2461,199,2158,2023-09-25,1,105.38,Social,184
2462,146,2158,2023-01-11,1,28.76,Online,19
2463,104,2158,2024-09-09,3,50.25,TV,343
2464,182,2158,2023-11-23,2,73.37,Online,36
2465,164,2158,2023-03-19,4,91.03,Online,23
2466,156,2158,2023-09-17,2,13.54,Online,33
2467,131,2158,2023-05-23,4,76.52,In-Store,102
2468,106,2158,2023-05-01,2,41.44,Online,24
2469,109,2158,2023-01-14,1,69.39,Online,19
2470,189,2158,2023-12-09,2,47.31,Online,36
2471,160,2158,2024-06-13,1,74.86,Online,47
2472,133,2158,2023-01-30,4,129.42,In-Store,97
2473,149,2158,2023-04-17,3,64.92,In-Store,100
2474,107,2158,2023-10-20,3,110.76,Online,34
2475,131,2158,2023-09-30,2,76.52,Online,33
2476,108,2158,2024-01-11,4,127.37,In-Store,113
2477,112,2159,2023-08-27,3,58.11,In-Store,106
2478,154,2160,2023-03-06,2,39.53,Online,22
2479,126,2160,2023-10-12,3,62.9,Online,33
2480,173,2160,2023-11-19,1,100.75,Social,187
2481,138,2160,2023-08-24,3,115.15,Email,252
2482,136,2160,2022-12-16,4,134.23,Online,18
2483,193,2160,2024-05-01,3,28.68,In-Store,119
2484,186,2160,2023-01-03,1,29.78,Online,19
2485,146,2160,2023-02-25,2,28.76,In-Store,98
2486,172,2160,2024-12-27,3,75.03,Online,56
2487,167,2160,2024-03-14,2,75.91,Online,41
2488,123,2160,2023-03-12,1,28.54,In-Store,99
2489,109,2160,2022-11-14,4,69.39,Online,16
2490,155,2161,2024-02-17,3,71.21,Social,190
2491,195,2161,2024-07-10,1,109.44,In-Store,123
2492,144,2161,2024-08-10,1,22.73,Online,49
2493,114,2161,2024-08-06,2,120.5,Social,199
2494,199,2161,2024-07-10,3,105.38,Online,48
2495,136,2161,2024-05-04,2,134.23,Online,45
2496,188,2161,2024-04-24,1,12.93,In-Store,119
2497,195,2162,2024-08-07,1,109.44,TV,340
2498,113,2162,2024-08-10,2,122.3,Online,49
2499,117,2162,2024-12-19,5,214.01,Online,57
2500,137,2162,2024-09-28,1,90.95,Online,51
2501,102,2162,2024-03-21,1,175.2,Online,42
2502,125,2162,2025-07-11,1,25.35,Online,67
2503,124,2162,2024-02-02,1,174.26,In-Store,113
2504,152,2162,2024-02-01,2,72.34,Online,40
2505,115,2162,2024-10-14,1,114.62,Social,203
2506,101,2162,2023-03-04,1,116.4,Email,243
2507,192,2162,2025-10-22,3,22.56,TV,363
2508,140,2162,2023-07-06,5,139.7,Social,180
2509,191,2162,2025-12-01,1,196.98,Email,294
2510,193,2162,2024-02-23,1,28.68,In-Store,115
2511,184,2162,2024-11-07,1,120.25,Online,54
2512,186,2162,2025-11-29,2,29.78,In-Store,149
2513,171,2162,2024-11-05,4,117.28,Online,53
2514,140,2162,2024-07-25,5,139.7,Online,49
2515,184,2162,2025-04-21,5,120.25,In-Store,138
2516,158,2162,2025-03-04,3,132.56,Online,60
2517,136,2162,2023-04-20,5,134.23,Online,24
2518,137,2162,2023-09-01,5,90.95,Online,32
2519,136,2162,2025-12-31,2,134.23,Online,77
2520,151,2162,2025-08-26,1,170.44,In-Store,143
2521,116,2162,2025-04-05,2,161.44,Email,283
2522,133,2162,2025-10-23,2,129.42,Online,72
2523,113,2162,2024-11-08,1,122.3,Online,55
2524,125,2163,2023-02-08,3,25.35,Online,20
2525,126,2163,2024-06-24,4,62.9,Email,268
2526,193,2163,2023-08-15,1,28.68,Social,182
2527,184,2163,2022-11-13,1,120.25,In-Store,93
2528,193,2163,2023-02-05,3,28.68,Online,21
2529,179,2163,2023-10-23,4,69.62,Online,34
2530,194,2163,2023-01-31,1,70.1,Online,20
2531,126,2163,2023-08-30,1,62.9,Online,32
2532,149,2163,2022-10-05,2,64.92,Online,14
2533,195,2163,2023-01-18,1,109.44,Email,241
2534,143,2163,2024-04-04,2,18.47,Social,192
2535,155,2163,2023-03-17,1,71.21,Online,22
2536,188,2163,2025-01-20,2,12.93,Online,58
2537,103,2163,2023-02-18,4,74.85,Social,173
2538,159,2163,2023-09-10,1,21.52,Social,184
2539,161,2164,2025-06-02,4,233.25,Online,65
2540,122,2164,2025-12-03,2,224.2,In-Store,149
2541,179,2164,2025-03-27,3,69.62,Online,61
2542,166,2164,2025-06-25,2,151.16,Online,66
2543,121,2164,2025-01-11,4,126.42,Online,58
2544,137,2164,2025-08-31,2,90.95,In-Store,144
2545,168,2164,2025-08-12,3,151.07,In-Store,143
2546,129,2164,2024-12-07,3,269.37,Social,205
2547,164,2164,2024-11-19,4,91.03,In-Store,129
2548,158,2164,2025-05-11,4,132.56,Social,212
2549,129,2164,2025-08-25,5,269.37,Online,69
2550,168,2164,2024-12-10,3,151.07,In-Store,131
2551,196,2164,2025-01-19,3,162.21,Online,58
2552,196,2164,2025-11-07,1,162.21,Online,73
2553,194,2164,2025-09-02,1,70.1,Social,217
2554,134,2164,2025-04-12,1,113.57,In-Store,137
2555,178,2164,2025-07-06,5,58.92,Social,214
2556,180,2164,2025-06-11,5,97.9,In-Store,140
2557,133,2164,2025-10-03,5,129.42,In-Store,145
2558,186,2164,2025-05-28,3,29.78,Social,213
2559,198,2164,2025-10-11,5,167.93,In-Store,145
2560,143,2165,2023-07-20,4,18.47,Online,30
2561,172,2165,2024-02-12,3,75.03,Online,40
2562,173,2165,2023-02-27,3,100.75,In-Store,98
2563,186,2165,2023-08-15,2,29.78,Online,32
2564,109,2165,2024-02-10,1,69.39,Online,40
2565,183,2165,2023-01-24,3,127.82,In-Store,96
2566,193,2165,2023-07-31,2,28.68,TV,322
2567,146,2165,2023-08-23,2,28.76,Online,32
2568,183,2166,2023-06-04,2,127.82,In-Store,102
2569,116,2166,2024-08-01,5,161.44,TV,341
2570,115,2166,2022-06-25,1,114.62,TV,305
2571,183,2166,2024-10-28,1,127.82,Online,53
2572,178,2166,2024-07-07,1,58.92,In-Store,123
2573,191,2166,2023-02-24,3,196.98,In-Store,98
2574,168,2166,2023-06-15,2,151.07,Online,28
2575,117,2166,2025-11-20,3,214.01,In-Store,148
2576,151,2166,2025-02-02,5,170.44,In-Store,134
2577,133,2166,2023-10-09,3,129.42,TV,326
2578,136,2166,2025-11-23,2,134.23,Email,294
2579,191,2166,2025-05-07,3,196.98,Online,64
2580,168,2166,2022-12-31,3,151.07,Online,19
2581,198,2166,2022-12-30,3,167.93,Online,19
2582,124,2166,2025-04-05,4,174.26,Online,61
2583,133,2166,2025-09-15,2,129.42,Online,70
2584,183,2166,2024-11-15,1,127.82,In-Store,129
2585,125,2166,2022-12-28,5,25.35,Online,19
2586,104,2166,2024-01-23,1,50.25,Online,39
2587,119,2166,2023-04-02,4,193.28,Online,24
2588,190,2166,2023-07-10,3,121.42,Social,180
2589,138,2166,2023-09-12,1,115.15,Social,184
2590,166,2166,2023-02-04,2,151.16,Online,21
2591,105,2166,2025-12-01,4,45.85,In-Store,149
2592,198,2166,2024-05-10,1,167.93,Online,45
2593,164,2166,2024-05-05,1,91.03,Online,45
2594,164,2166,2023-04-04,3,91.03,Social,176
2595,113,2166,2022-04-26,1,122.3,Online,5
2596,187,2166,2022-06-27,3,95.73,Online,8
2597,143,2166,2025-09-14,3,18.47,Online,70
2598,147,2166,2024-06-17,5,193.11,Online,47
2599,105,2167,2025-02-02,2,45.85,Online,59
2600,181,2167,2024-09-02,3,231.25,Online,51
2601,161,2167,2025-05-20,5,233.25,Online,65
2602,110,2167,2023-07-08,4,138.19,Social,180
2603,124,2167,2024-11-12,4,174.26,In-Store,129
2604,140,2167,2025-12-13,1,139.7,In-Store,149
2605,199,2167,2023-02-14,4,105.38,In-Store,98
2606,137,2167,2025-04-07,1,90.95,TV,353
2607,175,2167,2025-10-10,5,285.32,Online,71
2608,121,2167,2024-01-31,5,126.42,In-Store,113
2609,116,2167,2024-01-30,2,161.44,Online,40
2610,191,2167,2025-02-24,2,196.98,TV,351
2611,144,2167,2024-05-14,2,22.73,Online,46
2612,120,2167,2024-11-08,5,186.86,Email,277
2613,121,2167,2025-03-17,2,126.42,In-Store,136
2614,181,2167,2023-01-17,1,231.25,Online,19
2615,139,2167,2023-11-01,2,162.16,Social,186
2616,108,2167,2024-05-21,4,127.37,Online,46
2617,193,2167,2024-07-16,2,28.68,Online,48
2618,162,2167,2023-01-09,5,23.29,Online,19
2619,179,2167,2024-02-02,2,69.62,Social,190
2620,165,2167,2024-06-01,4,213.33,Online,46
2621,151,2167,2022-11-06,1,170.44,Online,15
2622,142,2167,2024-03-15,2,298.93,Online,42
2623,141,2168,2023-11-04,1,75.02,Online,34
2624,171,2168,2024-04-06,1,117.28,Email,263
2625,173,2168,2024-02-03,4,100.75,In-Store,113
2626,138,2168,2024-11-24,4,115.15,In-Store,129
2627,114,2168,2023-11-19,2,120.5,Email,255
2628,107,2168,2024-10-11,1,110.76,Online,52
2629,193,2168,2024-12-17,2,28.68,In-Store,130
2630,101,2168,2024-02-13,4,116.4,Social,191
2631,135,2168,2024-02-14,2,62.14,Online,40
2632,136,2168,2024-04-13,2,134.23,Online,43
2633,162,2168,2024-04-25,4,23.29,Online,44
2634,141,2168,2024-09-20,3,75.02,In-Store,126
2635,123,2168,2024-08-20,4,28.54,In-Store,124
2636,115,2168,2024-07-28,4,114.62,Online,49
2637,173,2169,2024-06-21,5,100.75,Online,47
2638,112,2169,2024-02-22,2,58.11,Online,40
2639,199,2169,2024-09-18,3,105.38,Online,51
2640,121,2169,2025-12-04,1,126.42,Online,74
2641,152,2169,2025-10-16,4,72.34,Online,72
2642,146,2169,2024-02-26,1,28.76,Online,41
2643,190,2169,2025-03-19,4,121.42,Online,60
2644,117,2169,2024-03-26,1,214.01,Online,43
2645,143,2169,2023-10-30,2,18.47,Online,35
2646,117,2169,2024-04-20,3,214.01,Online,43
2647,133,2169,2024-04-08,4,129.42,In-Store,118
2648,160,2169,2025-09-02,3,74.86,Online,70
2649,175,2169,2025-01-28,3,285.32,Online,59
2650,117,2169,2024-03-29,5,214.01,In-Store,118
2651,182,2170,2025-03-14,1,73.37,TV,351
2652,158,2170,2025-01-03,2,132.56,Online,57
2653,173,2170,2024-11-30,4,100.75,TV,346
2654,172,2170,2025-02-25,1,75.03,In-Store,135
2655,130,2170,2024-12-15,3,117.61,Online,57
2656,130,2170,2025-03-30,3,117.61,In-Store,137
2657,173,2170,2024-11-24,1,100.75,TV,346
2658,128,2170,2025-01-07,2,69.61,Social,206
2659,186,2171,2024-02-18,5,29.78,In-Store,114
2660,176,2171,2023-11-07,5,98.45,Online,35
2661,155,2171,2025-03-22,3,71.21,Online,60
2662,151,2171,2024-01-09,3,170.44,Social,190
2663,136,2171,2024-02-25,5,134.23,Online,41
2664,110,2171,2024-12-20,1,138.19,Online,56
2665,175,2171,2024-06-21,5,285.32,Online,47
2666,144,2171,2025-06-23,1,22.73,In-Store,141
2667,151,2171,2024-06-10,2,170.44,Online,46
2668,119,2171,2024-09-24,4,193.28,Online,52
2669,179,2171,2024-09-19,2,69.62,Online,51
2670,141,2171,2024-12-06,4,75.02,In-Store,131
2671,154,2171,2025-11-27,4,39.53,Online,74
2672,107,2171,2024-09-11,5,110.76,Online,51
2673,190,2171,2024-12-14,4,121.42,Online,57
2674,152,2171,2025-03-21,2,72.34,Online,61
2675,133,2171,2024-10-27,1,129.42,In-Store,128
2676,198,2171,2024-09-11,5,167.93,Online,51
2677,119,2171,2025-01-03,2,193.28,Online,58
2678,103,2172,2024-08-16,3,74.85,In-Store,124
2679,111,2172,2025-08-20,5,78.12,Online,68
2680,124,2172,2025-10-27,1,174.26,In-Store,146
2681,166,2172,2025-01-04,5,151.16,Online,57
2682,184,2172,2025-07-02,3,120.25,Online,67
2683,162,2172,2025-08-23,4,23.29,Online,69
2684,174,2172,2025-07-13,5,89.89,Online,67
2685,192,2172,2025-03-26,2,22.56,In-Store,136
2686,199,2172,2025-04-18,2,105.38,Social,211
2687,170,2172,2025-02-01,5,124.94,Email,281
2688,123,2172,2025-06-30,3,28.54,Online,66
2689,136,2172,2025-06-17,3,134.23,In-Store,141
2690,136,2172,2025-11-23,3,134.23,Online,75
2691,138,2172,2025-01-08,5,115.15,Online,57
2692,129,2172,2025-03-01,5,269.37,In-Store,135
2693,168,2172,2025-07-30,5,151.07,Online,67
2694,111,2172,2025-08-21,1,78.12,TV,360
2695,184,2172,2025-11-30,4,120.25,Email,294
2696,185,2172,2025-06-14,3,143.79,In-Store,139
2697,186,2172,2025-05-07,2,29.78,Online,64
2698,104,2172,2025-05-26,1,50.25,Social,213
2699,198,2172,2025-12-23,1,167.93,Email,295
2700,156,2172,2024-11-09,5,13.54,Online,54
2701,190,2172,2024-09-03,3,121.42,In-Store,124
2702,106,2172,2025-04-18,1,41.44,Social,211
2703,157,2172,2025-02-17,1,140.43,Online,59
2704,177,2172,2025-10-24,3,296.45,Online,72
2705,144,2172,2025-02-23,3,22.73,In-Store,134
2706,163,2173,2025-07-27,5,115.65,Online,67
2707,182,2173,2025-08-03,3,73.37,Online,68
2708,113,2173,2025-02-20,2,122.3,In-Store,135
2709,198,2173,2024-09-12,1,167.93,Online,51
2710,151,2173,2025-05-21,4,170.44,In-Store,138
2711,124,2173,2024-09-25,5,174.26,Online,51
2712,104,2173,2024-07-24,2,50.25,In-Store,123
2713,168,2173,2024-05-30,2,151.07,Online,46
2714,184,2173,2025-11-01,3,120.25,Online,72
2715,126,2173,2024-10-11,5,62.9,Social,202
2716,134,2173,2025-08-05,3,113.57,Social,215
2717,103,2173,2025-10-24,4,74.85,Online,72
2718,113,2173,2025-03-06,2,122.3,Online,60
2719,131,2173,2025-05-04,3,76.52,Online,63
2720,133,2173,2025-05-06,4,129.42,TV,354
2721,188,2173,2025-04-13,5,12.93,Online,63
2722,138,2174,2025-01-31,1,115.15,TV,350
2723,104,2174,2025-10-18,3,50.25,Online,71
2724,141,2174,2025-12-19,1,75.02,Online,76
2725,129,2174,2025-10-13,2,269.37,In-Store,145
2726,165,2174,2025-11-21,2,213.33,Online,75
2727,119,2174,2025-11-21,1,193.28,In-Store,148
2728,175,2174,2025-11-16,2,285.32,Online,73
2729,186,2174,2025-02-19,5,29.78,Online,59
2730,137,2174,2025-07-19,2,90.95,In-Store,141
2731,121,2174,2025-01-21,5,126.42,Online,58
2732,114,2174,2025-03-13,5,120.5,TV,352
2733,165,2174,2025-05-07,2,213.33,Online,64
2734,104,2174,2025-12-02,4,50.25,In-Store,149
2735,135,2174,2025-01-25,2,62.14,In-Store,134
2736,179,2174,2024-11-03,5,69.62,TV,346
2737,121,2174,2025-08-24,3,126.42,Online,68
2738,193,2175,2023-11-18,1,28.68,Online,35
2739,187,2175,2023-09-15,2,95.73,In-Store,107
2740,118,2175,2024-07-31,1,128.58,In-Store,123
2741,149,2175,2023-02-02,2,64.92,Social,173
2742,158,2175,2023-07-06,2,132.56,Online,29
2743,135,2175,2023-01-20,2,62.14,Social,171
2744,118,2175,2023-02-05,1,128.58,In-Store,97
2745,186,2175,2023-06-01,1,29.78,Online,27
2746,169,2175,2023-01-17,1,105.46,Social,171
2747,138,2175,2025-01-05,2,115.15,Online,58
2748,104,2175,2022-10-03,4,50.25,Online,13
2749,164,2175,2023-05-11,4,91.03,Online,26
2750,173,2175,2023-04-04,2,100.75,In-Store,100
2751,178,2175,2024-06-05,4,58.92,Online,47
2752,190,2175,2023-09-23,1,121.42,In-Store,107
2753,190,2176,2023-05-08,4,121.42,Online,25
2754,116,2176,2023-10-18,3,161.44,In-Store,108
2755,186,2176,2023-10-29,4,29.78,Online,34
2756,157,2176,2025-07-15,3,140.43,Online,67
2757,182,2176,2022-11-03,4,73.37,Online,15
2758,200,2176,2025-06-10,1,213.63,Online,66
2759,198,2176,2025-06-01,4,167.93,TV,355
2760,193,2176,2025-12-14,1,28.68,Online,76
2761,118,2176,2023-07-17,2,128.58,Email,250
2762,152,2176,2025-08-08,1,72.34,Online,68
2763,119,2176,2023-04-21,5,193.28,Email,245
2764,135,2176,2023-07-15,2,62.14,TV,322
2765,170,2176,2024-09-23,5,124.94,Online,51
2766,121,2176,2024-01-13,5,126.42,Online,39
2767,124,2176,2023-04-09,3,174.26,In-Store,100
2768,161,2176,2023-09-15,5,233.25,Online,33
2769,169,2176,2025-06-14,3,105.46,Online,65
2770,164,2176,2025-01-28,4,91.03,In-Store,133
2771,147,2176,2025-02-05,4,193.11,Online,59
2772,144,2176,2022-06-12,3,22.73,Social,160
2773,122,2176,2025-07-28,4,224.2,In-Store,142
2774,177,2176,2022-12-27,4,296.45,In-Store,95
2775,170,2177,2025-12-13,2,124.94,In-Store,149
2776,116,2177,2025-02-25,1,161.44,Online,60
2777,184,2177,2025-04-24,4,120.25,In-Store,138
2778,197,2177,2023-11-20,3,270.16,Online,35
2779,186,2177,2025-10-25,5,29.78,Online,72
2780,136,2177,2023-07-10,1,134.23,Online,29
2781,199,2177,2024-09-23,1,105.38,Online,51
2782,102,2177,2023-08-28,1,175.2,Online,32
2783,199,2177,2025-10-17,4,105.38,Online,72
2784,189,2177,2025-07-10,4,47.31,Online,67
2785,121,2177,2023-11-13,3,126.42,In-Store,110
2786,108,2177,2024-09-08,5,127.37,Online,51
2787,116,2177,2023-01-10,1,161.44,Online,19
2788,159,2177,2024-03-30,2,21.52,Email,263
2789,132,2177,2023-02-22,5,146.35,Online,21
2790,181,2177,2025-04-07,2,231.25,TV,353
2791,177,2177,2025-11-19,1,296.45,Online,74
2792,149,2177,2023-07-10,2,64.92,In-Store,104
2793,188,2177,2025-12-22,1,12.93,Online,77
2794,186,2177,2023-10-20,5,29.78,Online,34
2795,188,2177,2023-10-15,5,12.93,Online,34
2796,198,2177,2025-04-27,5,167.93,Online,63
2797,198,2177,2023-05-01,1,167.93,In-Store,100
2798,161,2177,2023-07-15,2,233.25,Online,29
2799,107,2177,2025-04-07,2,110.76,Online,62
2800,122,2177,2023-03-09,4,224.2,Online,22
2801,175,2177,2023-05-31,1,285.32,Online,26
2802,109,2177,2022-11-12,3,69.39,In-Store,93
2803,152,2177,2025-08-26,2,72.34,Online,68
2804,181,2177,2023-11-20,5,231.25,Online,35
2805,111,2178,2022-11-14,1,78.12,Online,17
2806,141,2178,2023-01-06,3,75.02,Online,19
2807,105,2178,2022-12-04,3,45.85,Social,167
2808,173,2178,2022-10-10,2,100.75,In-Store,91
2809,126,2178,2022-04-20,1,62.9,Online,5
2810,188,2178,2022-09-01,2,12.93,Online,12
2811,145,2179,2022-09-16,4,87.44,In-Store,90
2812,128,2179,2023-05-15,1,69.61,In-Store,101
2813,130,2179,2024-05-30,2,117.61,In-Store,120
2814,197,2179,2024-09-08,5,270.16,Online,51
2815,104,2179,2024-08-21,3,50.25,In-Store,124
2816,149,2179,2022-12-14,1,64.92,Social,170
2817,176,2179,2023-10-14,5,98.45,In-Store,108
2818,149,2179,2023-04-20,5,64.92,Online,24
2819,126,2179,2022-09-04,2,62.9,TV,310
2820,127,2179,2023-03-31,2,184.65,Online,23
2821,179,2179,2024-08-05,5,69.62,Online,49
2822,111,2179,2024-04-20,2,78.12,Online,44
2823,117,2179,2022-09-25,1,214.01,Social,164
2824,191,2179,2023-06-16,4,196.98,Email,248
2825,152,2180,2025-03-18,4,72.34,Online,61
2826,132,2180,2025-05-25,2,146.35,In-Store,139
2827,114,2180,2024-10-15,1,120.5,Online,53
2828,162,2180,2025-11-29,4,23.29,Online,74
2829,145,2180,2024-11-17,5,87.44,In-Store,129
2830,183,2180,2025-12-19,3,127.82,Online,77
2831,108,2180,2025-11-30,1,127.37,Online,75
2832,174,2180,2025-09-12,1,89.89,Online,70
2833,151,2180,2024-11-16,3,170.44,Email,277
2834,101,2180,2025-04-09,5,116.4,Email,283
2835,127,2180,2025-08-07,4,184.65,Social,215
2836,188,2180,2025-02-18,3,12.93,Online,60
2837,179,2180,2025-08-26,3,69.62,Online,68
2838,195,2180,2025-04-19,2,109.44,Online,63
2839,183,2180,2025-11-18,3,127.82,Online,74
2840,198,2180,2024-09-15,5,167.93,Online,51
2841,140,2180,2024-11-13,5,139.7,Online,55
2842,141,2181,2025-03-20,1,75.02,Online,61
2843,197,2181,2024-10-31,1,270.16,Online,53
2844,168,2181,2025-03-31,5,151.07,Online,61
2845,192,2181,2024-05-01,3,22.56,Online,45
2846,166,2181,2024-06-22,1,151.16,TV,339
2847,173,2181,2024-03-25,2,100.75,Online,43
2848,129,2181,2025-03-16,2,269.37,Online,60
2849,185,2181,2024-09-13,1,143.79,Social,201
2850,159,2181,2024-11-12,5,21.52,TV,346
2851,158,2181,2025-06-09,4,132.56,Online,65
2852,165,2181,2024-08-11,5,213.33,Online,49
2853,196,2181,2025-01-14,5,162.21,In-Store,133
2854,129,2181,2025-04-24,4,269.37,In-Store,137
2855,197,2181,2025-06-14,1,270.16,In-Store,139
2856,185,2181,2024-12-29,2,143.79,In-Store,131
2857,186,2182,2023-06-09,4,29.78,Email,247
2858,126,2182,2024-08-13,4,62.9,Social,200
2859,190,2182,2023-07-01,4,121.42,Social,179
2860,182,2182,2024-11-10,1,73.37,Online,55
2861,160,2182,2022-10-07,1,74.86,Online,13
2862,170,2183,2025-09-03,1,124.94,TV,360
2863,192,2183,2025-04-09,1,22.56,Online,62
2864,184,2183,2024-11-11,1,120.25,In-Store,129
2865,140,2183,2023-08-31,5,139.7,Online,32
2866,190,2183,2025-08-19,3,121.42,Online,68
2867,123,2183,2024-06-25,5,28.54,In-Store,121
2868,178,2183,2023-05-24,5,58.92,In-Store,102
2869,136,2183,2024-07-10,3,134.23,Online,48
2870,196,2183,2023-05-19,2,162.21,Online,25
2871,113,2183,2025-10-28,5,122.3,Online,72
2872,151,2183,2025-10-18,4,170.44,In-Store,146
2873,152,2183,2025-12-23,2,72.34,In-Store,149
2874,193,2183,2024-02-15,4,28.68,In-Store,114
2875,162,2183,2025-05-03,5,23.29,In-Store,138
2876,197,2183,2023-08-02,4,270.16,TV,323
2877,121,2183,2023-11-05,3,126.42,TV,327
2878,126,2183,2025-09-24,3,62.9,Online,70
2879,143,2183,2023-12-27,4,18.47,Online,38
2880,178,2183,2025-11-25,5,58.92,Online,75
2881,173,2183,2023-08-26,4,100.75,Social,182
2882,144,2183,2023-05-22,3,22.73,Online,25
2883,103,2183,2025-06-05,2,74.85,Online,65
2884,161,2183,2025-08-18,4,233.25,Social,215
2885,168,2183,2023-12-22,4,151.07,Online,37
2886,111,2183,2023-11-25,1,78.12,In-Store,110
2887,102,2183,2024-06-19,5,175.2,Email,268
2888,119,2183,2023-06-25,5,193.28,In-Store,104
2889,101,2184,2025-08-09,2,116.4,Social,215
2890,149,2184,2024-03-14,1,64.92,In-Store,116
2891,119,2184,2025-06-22,5,193.28,TV,356
2892,195,2184,2025-10-27,1,109.44,TV,362
2893,185,2184,2025-01-31,3,143.79,Online,59
2894,134,2184,2024-06-01,4,113.57,Email,267
2895,158,2184,2024-12-18,2,132.56,In-Store,131
2896,105,2184,2025-03-14,3,45.85,Online,60
2897,137,2184,2023-12-31,1,90.95,Social,188
2898,104,2184,2024-09-10,4,50.25,Online,51
2899,148,2184,2025-04-17,2,47.75,Social,211
2900,115,2184,2025-01-12,3,114.62,In-Store,133
2901,115,2184,2024-03-22,1,114.62,Email,263
2902,156,2184,2025-05-26,5,13.54,Online,65
2903,120,2184,2024-06-06,4,186.86,In-Store,121
2904,151,2184,2025-05-19,4,170.44,In-Store,139
2905,127,2184,2025-11-05,4,184.65,In-Store,147
2906,120,2184,2024-02-09,5,186.86,Online,40
2907,102,2184,2025-12-19,1,175.2,In-Store,149
2908,118,2184,2025-02-25,4,128.58,Online,60
2909,149,2184,2025-07-07,2,64.92,Online,67
2910,191,2184,2025-11-09,5,196.98,In-Store,147
2911,101,2184,2024-11-25,3,116.4,Online,55
2912,167,2185,2023-06-22,4,75.91,Online,29
2913,167,2185,2023-12-19,1,75.91,Social,188
2914,163,2185,2023-12-10,4,115.65,In-Store,111
2915,112,2185,2023-08-24,3,58.11,Social,182
2916,106,2185,2023-02-02,4,41.44,Online,20
2917,184,2185,2023-08-04,2,120.25,In-Store,106
2918,190,2185,2023-06-19,4,121.42,Online,28
2919,162,2185,2023-11-18,4,23.29,Online,36
2920,141,2185,2023-11-01,2,75.02,Online,35
2921,187,2185,2023-09-07,1,95.73,Online,33
2922,145,2185,2023-11-28,3,87.44,Online,36
2923,133,2185,2023-06-21,2,129.42,Online,28
2924,143,2185,2023-06-18,3,18.47,In-Store,103
2925,171,2186,2025-11-09,5,117.28,Online,72
2926,181,2186,2024-12-22,5,231.25,TV,347
2927,142,2186,2025-04-14,4,298.93,Online,61
2928,127,2186,2025-09-04,1,184.65,Social,217
2929,183,2186,2025-03-02,4,127.82,Online,60
2930,182,2186,2025-09-17,5,73.37,Online,70
2931,196,2186,2025-01-02,1,162.21,Online,57
2932,118,2186,2025-01-28,1,128.58,In-Store,133
2933,165,2186,2025-12-28,5,213.33,In-Store,150
2934,139,2186,2025-03-15,2,162.16,In-Store,136
2935,190,2186,2025-02-15,4,121.42,In-Store,135
2936,181,2186,2024-12-22,2,231.25,Online,56
2937,117,2186,2025-05-01,5,214.01,Online,64
2938,110,2186,2025-06-10,1,138.19,Email,287
2939,197,2186,2025-06-24,3,270.16,In-Store,141
2940,151,2187,2024-05-08,1,170.44,Online,45
2941,170,2187,2023-01-22,3,124.94,Online,20
2942,167,2187,2025-03-20,1,75.91,Online,61
2943,177,2187,2025-08-06,1,296.45,In-Store,142
2944,167,2187,2023-08-05,5,75.91,Online,30
2945,194,2187,2025-12-12,5,70.1,Online,76
2946,101,2187,2022-11-24,4,116.4,Social,167
2947,129,2187,2023-09-12,1,269.37,Online,32
2948,103,2187,2025-03-15,1,74.85,In-Store,136
2949,193,2187,2024-09-17,4,28.68,In-Store,126
2950,160,2187,2024-05-14,5,74.86,In-Store,120
2951,187,2187,2024-04-11,5,95.73,Online,43
2952,104,2187,2025-12-18,5,50.25,Online,76
2953,198,2187,2024-08-19,1,167.93,Online,50
2954,174,2187,2024-05-06,1,89.89,Online,45
2955,109,2187,2023-08-22,2,69.39,Online,32
2956,162,2187,2025-07-24,2,23.29,In-Store,142
2957,198,2187,2025-01-08,1,167.93,Online,57
2958,151,2187,2023-04-12,4,170.44,In-Store,100
2959,139,2187,2023-03-25,5,162.16,Online,23
2960,192,2187,2025-12-30,2,22.56,Online,77
2961,126,2187,2024-04-11,2,62.9,Online,43
2962,158,2187,2024-05-04,5,132.56,Online,44
2963,181,2187,2025-08-09,1,231.25,In-Store,142
2964,161,2187,2024-07-27,3,233.25,Online,49
2965,136,2188,2023-06-04,1,134.23,Online,28
2966,114,2188,2023-02-14,2,120.5,TV,315
2967,112,2188,2023-01-25,3,58.11,Social,172
2968,178,2188,2022-12-30,3,58.92,Social,170
2969,194,2189,2023-11-19,4,70.1,Online,36
2970,109,2189,2023-09-26,1,69.39,Online,33
2971,173,2189,2024-07-01,4,100.75,Online,48
2972,187,2189,2023-08-07,1,95.73,Social,182
2973,158,2189,2024-08-27,3,132.56,Online,49
2974,133,2189,2022-09-15,3,129.42,Online,13
2975,163,2189,2023-09-01,4,115.65,Online,32
2976,108,2189,2023-10-12,1,127.37,In-Store,108
2977,111,2189,2022-08-31,3,78.12,In-Store,90
2978,130,2189,2023-12-05,2,117.61,Online,37
2979,179,2189,2023-05-10,1,69.62,Online,25
2980,190,2189,2022-09-01,2,121.42,Social,163
2981,161,2190,2025-07-06,2,233.25,Social,214
2982,179,2190,2024-11-22,3,69.62,In-Store,129
2983,117,2190,2024-07-12,3,214.01,In-Store,123
2984,158,2190,2025-05-08,1,132.56,Online,63
2985,124,2190,2025-07-27,2,174.26,Online,67
2986,191,2190,2024-10-20,4,196.98,Online,53
2987,103,2190,2025-09-19,4,74.85,Online,70
2988,145,2190,2024-10-02,5,87.44,Online,51
2989,190,2190,2024-06-15,2,121.42,Online,47
2990,200,2190,2024-08-28,5,213.63,Social,200
2991,169,2190,2025-01-30,5,105.46,In-Store,134
2992,170,2190,2024-07-18,5,124.94,Online,48
2993,163,2190,2025-09-15,4,115.65,Online,70
2994,132,2190,2025-10-06,2,146.35,Online,70
2995,181,2190,2024-08-07,5,231.25,Social,199
2996,192,2190,2025-05-19,1,22.56,Email,286
2997,157,2190,2025-02-21,4,140.43,In-Store,135
2998,194,2190,2024-11-02,4,70.1,Online,53
2999,143,2191,2024-03-26,2,18.47,Online,42
3000,187,2191,2023-08-11,3,95.73,Online,32
3001,178,2191,2023-08-23,4,58.92,Online,32
3002,195,2191,2024-04-10,4,109.44,Online,43
3003,193,2191,2024-05-05,4,28.68,Social,195
3004,158,2191,2023-12-18,1,132.56,Online,37
3005,130,2191,2024-06-27,3,117.61,TV,339
3006,114,2191,2024-06-14,2,120.5,Online,47
3007,118,2191,2024-06-02,3,128.58,Email,267
3008,137,2191,2024-04-29,2,90.95,Online,45
3009,193,2191,2024-05-03,1,28.68,In-Store,119
3010,155,2191,2023-08-30,2,71.21,Online,32
3011,114,2191,2024-11-06,3,120.5,Online,54
3012,158,2191,2023-11-24,3,132.56,Online,36
3013,200,2192,2025-01-11,3,213.63,Online,58
3014,177,2192,2025-03-29,2,296.45,Social,211
3015,132,2192,2023-01-20,2,146.35,Online,19
3016,116,2192,2025-02-17,5,161.44,In-Store,135
3017,192,2192,2025-05-18,5,22.56,In-Store,138
3018,167,2192,2023-02-05,4,75.91,In-Store,97
3019,135,2192,2023-12-26,2,62.14,Online,37
3020,102,2192,2022-10-17,5,175.2,Online,15
3021,197,2192,2023-07-29,4,270.16,Online,31
3022,110,2192,2022-09-10,1,138.19,Social,164
3023,154,2192,2022-12-31,4,39.53,TV,314
3024,133,2192,2022-11-09,2,129.42,Online,16
3025,157,2192,2023-11-29,5,140.43,Online,36
3026,142,2192,2023-06-08,2,298.93,Online,27
3027,155,2192,2023-11-29,1,71.21,Online,36
3028,199,2192,2023-03-16,4,105.38,Online,22
3029,113,2192,2025-06-15,1,122.3,Social,213
3030,142,2192,2024-07-23,3,298.93,Online,49
3031,181,2192,2024-08-21,4,231.25,Online,49
3032,133,2192,2025-08-08,5,129.42,Social,215
3033,188,2193,2025-01-22,2,12.93,Online,59
3034,157,2193,2025-12-05,1,140.43,In-Store,149
3035,165,2193,2025-07-21,3,213.33,Online,68
3036,132,2193,2025-05-26,5,146.35,Online,65
3037,185,2193,2025-02-19,3,143.79,Social,208
3038,181,2193,2025-10-15,5,231.25,In-Store,146
3039,181,2193,2024-12-02,5,231.25,Online,56
3040,194,2193,2024-02-29,5,70.1,Online,40
3041,174,2193,2024-08-11,2,89.89,Social,200
3042,127,2193,2024-01-09,4,184.65,In-Store,112
3043,169,2193,2024-06-09,1,105.46,Social,196
3044,153,2193,2025-10-09,5,44.91,In-Store,145
3045,177,2193,2024-10-18,2,296.45,Online,52
3046,101,2193,2024-04-19,2,116.4,In-Store,118
3047,139,2193,2024-03-08,2,162.16,In-Store,116
3048,161,2193,2024-01-07,1,233.25,TV,331
3049,199,2193,2025-07-30,1,105.38,Online,67
3050,172,2193,2024-03-02,5,75.03,Online,41
3051,106,2193,2024-03-18,5,41.44,Email,263
3052,106,2193,2025-09-21,2,41.44,Online,70
3053,183,2194,2023-10-20,2,127.82,Online,34
3054,168,2194,2023-02-27,5,151.07,Online,21
3055,178,2194,2025-07-30,1,58.92,Email,289
3056,102,2194,2025-12-29,5,175.2,In-Store,150
3057,175,2194,2025-11-03,1,285.32,Online,72
3058,120,2194,2023-08-13,2,186.86,Online,31
3059,132,2194,2023-09-01,2,146.35,Social,183
3060,107,2194,2024-10-07,2,110.76,In-Store,127
3061,126,2194,2023-08-16,1,62.9,In-Store,106
3062,199,2194,2024-09-10,5,105.38,In-Store,125
3063,142,2194,2024-03-28,4,298.93,Social,193
3064,173,2194,2024-12-01,1,100.75,Online,55
3065,138,2194,2024-04-04,1,115.15,Online,43
3066,192,2194,2025-05-30,1,22.56,Online,65
3067,171,2195,2024-07-18,5,117.28,Online,48
3068,175,2195,2025-12-17,1,285.32,Email,295
3069,144,2195,2023-10-02,4,22.73,Online,33
3070,191,2195,2023-11-18,4,196.98,Email,256
3071,158,2195,2024-06-17,1,132.56,In-Store,121
3072,171,2195,2024-04-02,1,117.28,Social,193
3073,113,2195,2025-02-20,4,122.3,In-Store,135
3074,108,2195,2025-04-12,5,127.37,Online,62
3075,148,2195,2025-02-01,3,47.75,In-Store,134
3076,113,2195,2025-10-02,4,122.3,Online,70
3077,103,2195,2024-06-12,4,74.85,Online,46
3078,171,2195,2025-03-19,4,117.28,Online,61
3079,114,2195,2025-04-28,1,120.5,Online,63
3080,125,2195,2025-02-18,5,25.35,Online,60
3081,179,2195,2025-05-27,4,69.62,Online,65
3082,184,2195,2025-07-14,4,120.25,In-Store,141
3083,156,2195,2023-10-29,3,13.54,Social,185
3084,151,2195,2024-10-28,4,170.44,Social,203
3085,135,2195,2025-03-21,4,62.14,Online,60
3086,151,2195,2025-04-15,1,170.44,Email,284
3087,127,2195,2023-12-29,3,184.65,Online,37
3088,176,2195,2025-05-23,5,98.45,Social,212
3089,151,2196,2024-06-15,1,170.44,In-Store,121
3090,152,2196,2024-06-05,5,72.34,Online,46
3091,138,2196,2024-10-20,4,115.15,Online,53
3092,122,2196,2025-11-04,1,224.2,Online,73
3093,170,2196,2025-09-10,1,124.94,In-Store,144
3094,173,2196,2024-10-19,4,100.75,In-Store,128
3095,196,2196,2024-08-15,5,162.21,Online,50
3096,195,2196,2024-09-02,5,109.44,Online,51
3097,101,2196,2024-10-19,2,116.4,Online,53
3098,181,2196,2025-10-01,5,231.25,Online,70
3099,200,2196,2024-07-24,3,213.63,In-Store,123
3100,120,2196,2025-06-10,2,186.86,Online,66
3101,175,2196,2025-12-18,3,285.32,Online,77
3102,165,2196,2024-07-16,5,213.33,Online,48
3103,102,2196,2024-10-22,3,175.2,Online,53
3104,175,2197,2025-08-06,1,285.32,Online,68
3105,170,2197,2025-02-07,3,124.94,Online,59
3106,188,2197,2024-02-19,2,12.93,Social,191
3107,155,2197,2024-10-07,4,71.21,TV,344
3108,142,2197,2025-05-25,5,298.93,In-Store,139
3109,119,2197,2024-10-08,1,193.28,Online,52
3110,114,2197,2025-10-24,5,120.5,Online,72
3111,121,2197,2025-12-01,4,126.42,Online,75
3112,169,2197,2024-05-14,1,105.46,Online,46
3113,183,2197,2025-07-04,3,127.82,Online,67
3114,142,2197,2024-03-03,3,298.93,Email,262
3115,113,2197,2025-10-13,1,122.3,Online,72
3116,173,2197,2025-08-06,1,100.75,In-Store,142
3117,133,2197,2025-04-14,1,129.42,TV,352
3118,166,2197,2025-10-29,2,151.16,Online,73
3119,106,2198,2022-05-08,2,41.44,Email,228
3120,121,2198,2024-07-29,5,126.42,Online,49
3121,197,2198,2022-05-08,1,270.16,Social,157
3122,108,2198,2025-06-07,1,127.37,Online,65
3123,139,2198,2024-10-25,1,162.16,Social,203
3124,156,2198,2025-04-28,5,13.54,In-Store,137
3125,185,2198,2023-10-01,2,143.79,In-Store,108
3126,109,2198,2025-01-11,5,69.39,In-Store,132
3127,190,2198,2023-04-20,4,121.42,Online,24
3128,181,2198,2025-06-10,4,231.25,In-Store,139
3129,169,2198,2024-06-03,1,105.46,TV,337
3130,183,2198,2024-12-28,4,127.82,Online,56
3131,194,2198,2023-11-06,1,70.1,Online,35
3132,127,2198,2022-07-02,3,184.65,Online,9
3133,200,2198,2024-01-29,5,213.63,Online,39
3134,170,2198,2025-12-11,4,124.94,Social,221
3135,102,2198,2023-04-20,3,175.2,Online,24
3136,149,2198,2025-01-16,2,64.92,Online,58
3137,187,2198,2022-12-15,1,95.73,Online,19
3138,200,2198,2023-08-21,4,213.63,Online,32
3139,139,2198,2024-07-06,5,162.16,Online,48
3140,125,2198,2023-07-07,5,25.35,Online,29
3141,147,2198,2025-03-04,2,193.11,Online,60
3142,185,2198,2023-05-20,3,143.79,Online,25
3143,188,2198,2022-11-17,3,12.93,Online,17
3144,172,2198,2024-08-08,3,75.03,In-Store,123
3145,185,2198,2024-04-23,5,143.79,Online,44
3146,182,2198,2022-07-21,4,73.37,Online,9
3147,161,2198,2025-04-09,1,233.25,In-Store,137
3148,175,2199,2025-05-05,3,285.32,Online,63
3149,167,2199,2025-10-16,3,75.91,In-Store,146
3150,123,2199,2024-09-10,1,28.54,TV,343
3151,159,2199,2024-09-08,5,21.52,Email,273
3152,172,2199,2024-09-03,1,75.03,Online,50
3153,122,2199,2025-03-27,4,224.2,In-Store,136
3154,141,2199,2024-07-23,2,75.02,Online,49
3155,138,2199,2024-06-22,5,115.15,Online,47
3156,133,2199,2025-01-23,3,129.42,In-Store,133
3157,194,2199,2024-08-22,1,70.1,Social,200
3158,139,2199,2024-10-14,3,162.16,In-Store,127
3159,112,2199,2025-12-29,1,58.11,Online,77
3160,110,2199,2025-07-30,1,138.19,Online,67
3161,200,2199,2024-09-19,2,213.63,Email,273
3162,167,2199,2025-05-19,5,75.91,Online,65
3163,142,2199,2025-05-11,3,298.93,Online,63
3164,118,2199,2025-10-15,4,128.58,In-Store,146
3165,173,2199,2024-10-08,5,100.75,Online,52
3166,155,2199,2025-05-26,5,71.21,In-Store,139
3167,148,2199,2024-06-26,1,47.75,Online,47
3168,168,2199,2025-07-05,5,151.07,Online,67
3169,121,2199,2025-04-05,1,126.42,Online,62
3170,118,2199,2024-09-27,3,128.58,Online,51
3171,101,2199,2024-06-30,4,116.4,Online,47
3172,177,2199,2025-03-16,5,296.45,Online,60
3173,136,2199,2024-09-02,3,134.23,Social,200
3174,134,2200,2023-08-15,3,113.57,Online,32
3175,127,2200,2024-01-04,5,184.65,Online,37
3176,186,2200,2022-11-25,1,29.78,Online,17
3177,163,2200,2024-12-05,5,115.65,Email,278
3178,115,2200,2022-09-19,4,114.62,In-Store,91
3179,168,2200,2025-09-18,5,151.07,Online,70
3180,144,2200,2025-02-08,1,22.73,In-Store,134
3181,184,2200,2023-12-31,5,120.25,Online,37
3182,193,2200,2023-05-07,2,28.68,In-Store,101
3183,182,2200,2025-11-03,3,73.37,In-Store,147
3184,115,2200,2024-09-29,1,114.62,Online,52
3185,137,2200,2025-05-25,2,90.95,Online,65
3186,177,2200,2022-09-09,3,296.45,Social,164
3187,115,2200,2023-01-20,4,114.62,Online,20
3188,119,2200,2023-05-17,2,193.28,Online,26
3189,146,2200,2025-03-21,2,28.76,In-Store,136
3190,149,2200,2023-09-10,5,64.92,In-Store,106
3191,121,2200,2023-06-26,2,126.42,Online,29
3192,170,2200,2023-03-07,1,124.94,In-Store,99
3193,157,2200,2025-01-03,1,140.43,Online,57
3194,178,2200,2022-09-04,5,58.92,In-Store,90
3195,135,2200,2024-12-18,2,62.14,Online,57
3196,133,2200,2023-04-19,4,129.42,Online,24
3197,108,2200,2023-05-29,1,127.37,Online,27
3198,140,2200,2024-07-09,4,139.7,Online,48
3199,154,2201,2024-10-29,3,39.53,In-Store,128
3200,170,2201,2024-09-01,3,124.94,Online,50
3201,136,2201,2025-01-12,3,134.23,Social,206
3202,195,2201,2024-10-21,1,109.44,Online,53
3203,141,2201,2024-10-10,3,75.02,In-Store,127
3204,176,2201,2024-09-20,2,98.45,Online,51
3205,199,2201,2024-09-16,2,105.38,Online,51
3206,180,2201,2024-11-15,1,97.9,Online,55
3207,163,2202,2023-08-06,2,115.65,Online,31
3208,138,2202,2024-07-29,1,115.15,Online,49
3209,108,2202,2025-03-10,5,127.37,Online,60
3210,200,2202,2025-02-01,3,213.63,Social,207
3211,197,2202,2023-11-10,5,270.16,Online,36
3212,187,2202,2023-08-27,2,95.73,Online,32
3213,132,2202,2023-07-21,5,146.35,In-Store,105
3214,142,2202,2025-07-09,4,298.93,In-Store,142
3215,124,2202,2024-08-23,4,174.26,Online,50
3216,110,2202,2023-03-22,2,138.19,Online,23
3217,129,2202,2024-06-15,1,269.37,In-Store,121
3218,156,2202,2024-05-06,4,13.54,In-Store,119
3219,139,2202,2025-03-25,1,162.16,Online,60
3220,158,2202,2025-06-28,1,132.56,In-Store,141
3221,101,2202,2024-06-30,4,116.4,Online,48
3222,162,2202,2025-12-23,1,23.29,Online,76
3223,142,2202,2024-09-11,2,298.93,Online,51
3224,108,2202,2025-11-08,2,127.37,Social,220
3225,183,2202,2024-02-21,3,127.82,Social,191
3226,163,2202,2023-02-17,2,115.65,Online,21
3227,191,2203,2023-05-09,2,196.98,In-Store,101
3228,165,2203,2025-11-21,2,213.33,In-Store,147
3229,177,2203,2023-09-22,2,296.45,Online,33
3230,158,2203,2022-12-09,4,132.56,TV,313
3231,161,2203,2023-08-17,5,233.25,In-Store,106
3232,168,2203,2022-10-24,3,151.07,In-Store,91
3233,124,2203,2023-07-17,2,174.26,In-Store,105
3234,158,2203,2022-07-07,2,132.56,TV,306
3235,104,2203,2023-12-30,2,50.25,Online,38
3236,119,2203,2023-03-06,4,193.28,Online,21
3237,132,2203,2023-02-26,1,146.35,Online,21
3238,183,2203,2023-07-13,2,127.82,Online,29
3239,158,2203,2024-10-13,1,132.56,Online,52
3240,175,2203,2024-08-29,1,285.32,Online,49
3241,200,2203,2025-10-11,4,213.63,Online,70
3242,125,2203,2024-06-08,5,25.35,Online,46
3243,117,2203,2025-06-15,1,214.01,In-Store,141
3244,184,2203,2023-05-08,1,120.25,Online,25
3245,169,2203,2022-11-09,4,105.46,Social,167
3246,134,2203,2022-09-02,2,113.57,In-Store,90
3247,191,2203,2025-06-02,1,196.98,Online,66
3248,104,2203,2025-06-23,1,50.25,In-Store,141
3249,122,2203,2024-08-21,5,224.2,Online,49
3250,190,2203,2023-07-31,4,121.42,Online,30
3251,102,2203,2025-04-02,4,175.2,In-Store,136
3252,114,2204,2024-09-10,4,120.5,Social,201
3253,141,2204,2024-05-31,4,75.02,Online,46
3254,103,2204,2024-05-22,1,74.85,Online,46
3255,144,2204,2024-11-20,4,22.73,Email,277
3256,190,2204,2024-10-05,1,121.42,In-Store,126
3257,186,2204,2023-12-06,4,29.78,Online,37
3258,196,2205,2025-09-03,3,162.21,Online,70
3259,129,2205,2024-11-28,4,269.37,Online,56
3260,101,2205,2025-02-18,5,116.4,In-Store,135
3261,158,2205,2025-11-12,4,132.56,Online,74
3262,177,2205,2025-04-13,4,296.45,Online,61
3263,122,2205,2025-02-15,2,224.2,Online,59
3264,198,2205,2025-06-20,1,167.93,Online,66
3265,122,2205,2025-01-24,4,224.2,In-Store,134
3266,117,2205,2025-11-23,5,214.01,In-Store,148
3267,170,2205,2025-03-26,1,124.94,In-Store,136
3268,190,2205,2025-07-30,1,121.42,Online,67
3269,125,2205,2025-07-20,5,25.35,TV,357
3270,120,2206,2025-02-10,2,186.86,In-Store,134
3271,200,2206,2023-04-21,5,213.63,In-Store,101
3272,119,2206,2024-04-21,5,193.28,Online,43
3273,149,2206,2024-03-03,3,64.92,Email,261
3274,185,2206,2023-11-16,1,143.79,Online,35
3275,127,2206,2024-02-25,3,184.65,Email,260
3276,186,2206,2023-01-09,2,29.78,Online,19
3277,130,2206,2024-11-17,5,117.61,Online,55
3278,115,2206,2022-12-26,3,114.62,Online,19
3279,158,2206,2025-06-12,4,132.56,Email,286
3280,182,2206,2025-12-27,4,73.37,Online,76
3281,134,2206,2025-05-15,3,113.57,In-Store,139
3282,105,2206,2024-09-16,3,45.85,TV,344
3283,189,2206,2025-04-11,4,47.31,TV,353
3284,191,2206,2024-05-06,5,196.98,In-Store,119
3285,165,2206,2024-12-20,1,213.33,Online,56
3286,120,2206,2024-05-26,2,186.86,Online,46
3287,165,2206,2024-11-25,1,213.33,In-Store,130
3288,165,2206,2024-07-18,3,213.33,Online,48
3289,106,2206,2025-01-24,3,41.44,In-Store,133
3290,130,2206,2024-11-28,4,117.61,Online,55
3291,197,2206,2025-05-01,2,270.16,Online,64
3292,114,2207,2023-08-02,3,120.5,Online,30
3293,169,2207,2023-02-25,3,105.46,In-Store,98
3294,192,2207,2023-07-25,1,22.56,Online,30
3295,141,2207,2023-11-27,4,75.02,Online,36
3296,188,2207,2023-07-06,3,12.93,Online,29
3297,131,2207,2023-10-12,3,76.52,In-Store,108
3298,136,2207,2024-02-27,2,134.23,Online,40
3299,188,2207,2023-04-11,2,12.93,Email,244
3300,107,2207,2024-06-12,1,110.76,Online,47
3301,170,2207,2023-08-06,3,124.94,Social,182
3302,140,2208,2025-11-26,5,139.7,Online,75
3303,144,2208,2025-09-09,2,22.73,Online,69
3304,159,2208,2025-09-21,1,21.52,Online,70
3305,163,2208,2025-09-24,4,115.65,Email,291
3306,164,2208,2025-12-02,2,91.03,Online,75
3307,166,2208,2024-12-08,5,151.16,Online,56
3308,127,2208,2025-07-20,2,184.65,Online,67
3309,188,2208,2025-11-29,3,12.93,In-Store,148
3310,147,2208,2025-01-06,5,193.11,In-Store,132
3311,200,2208,2025-02-17,4,213.63,Online,59
3312,133,2208,2025-06-19,2,129.42,Social,213
3313,188,2209,2024-01-06,3,12.93,Online,37
3314,138,2209,2023-11-23,3,115.15,Online,36
3315,126,2209,2023-12-26,2,62.9,Social,189
3316,178,2209,2024-01-30,1,58.92,Online,39
3317,114,2209,2023-12-20,2,120.5,Online,37
3318,159,2209,2024-07-22,1,21.52,In-Store,123
3319,164,2209,2024-04-19,2,91.03,In-Store,119
3320,160,2209,2023-12-02,2,74.86,Online,36
3321,152,2209,2024-04-04,2,72.34,Online,43
3322,138,2210,2024-08-21,1,115.15,Email,272
3323,146,2210,2025-06-19,4,28.76,Email,287
3324,161,2210,2024-08-22,3,233.25,Online,50
3325,147,2210,2025-12-02,1,193.11,Online,74
3326,114,2210,2024-11-21,2,120.5,In-Store,130
3327,177,2210,2024-08-25,3,296.45,Online,50
3328,132,2210,2025-01-04,1,146.35,In-Store,132
3329,113,2210,2025-02-06,1,122.3,In-Store,134
3330,134,2210,2025-01-27,5,113.57,Social,207
3331,159,2210,2024-09-15,2,21.52,Email,274
3332,198,2210,2025-01-08,4,167.93,In-Store,132
3333,151,2210,2025-06-13,5,170.44,In-Store,139
3334,130,2210,2024-12-16,1,117.61,In-Store,130
3335,123,2210,2024-12-26,4,28.54,In-Store,132
3336,175,2210,2025-06-06,3,285.32,TV,355
3337,124,2210,2025-06-14,2,174.26,Email,286
3338,151,2210,2024-11-17,4,170.44,Online,55
3339,192,2210,2024-12-30,5,22.56,In-Store,132
3340,147,2210,2024-06-20,4,193.11,In-Store,121
3341,152,2211,2023-07-24,2,72.34,Online,30
3342,123,2211,2024-09-08,5,28.54,Online,51
3343,174,2211,2022-07-06,1,89.89,Email,232
3344,183,2211,2025-05-28,1,127.82,Online,65
3345,140,2211,2024-06-30,1,139.7,In-Store,121
3346,119,2211,2023-03-16,2,193.28,Online,22
3347,175,2211,2022-11-14,1,285.32,Online,17
3348,189,2211,2022-11-16,5,47.31,Online,17
3349,127,2211,2025-06-12,2,184.65,In-Store,139
3350,123,2211,2025-01-29,4,28.54,Email,281
3351,172,2211,2023-10-14,3,75.03,In-Store,108
3352,175,2211,2024-12-30,4,285.32,In-Store,132
3353,129,2211,2023-01-19,2,269.37,TV,315
3354,161,2211,2023-03-04,2,233.25,Email,242
3355,139,2211,2025-03-02,1,162.16,In-Store,135
3356,139,2211,2023-12-15,2,162.16,Online,36
3357,165,2211,2025-06-28,2,213.33,Online,67
3358,183,2211,2024-04-19,4,127.82,Online,44
3359,194,2211,2025-10-12,3,70.1,Online,71
3360,124,2211,2025-12-29,4,174.26,Online,77
3361,107,2211,2025-11-17,4,110.76,Social,220
3362,139,2211,2023-09-09,1,162.16,Online,32
3363,156,2211,2023-11-03,4,13.54,Online,34
3364,134,2212,2024-07-20,3,113.57,Online,48
3365,107,2212,2025-05-22,5,110.76,Online,65
3366,181,2212,2024-07-27,1,231.25,Online,48
3367,139,2212,2025-08-12,1,162.16,Online,69
3368,179,2212,2025-05-03,2,69.62,In-Store,138
3369,119,2212,2025-11-10,4,193.28,Online,74
3370,108,2212,2025-04-23,1,127.37,Online,63
3371,183,2212,2025-03-28,2,127.82,Email,283
3372,131,2212,2024-09-20,4,76.52,TV,344
3373,129,2212,2025-04-14,5,269.37,In-Store,137
3374,136,2212,2025-06-29,3,134.23,Online,66
3375,107,2212,2024-10-15,4,110.76,In-Store,127
3376,157,2212,2025-02-15,4,140.43,Online,59
3377,188,2212,2025-07-15,1,12.93,Online,67
3378,129,2212,2024-07-14,1,269.37,Online,48
3379,136,2212,2025-10-02,1,134.23,Online,70
3380,113,2212,2025-12-04,1,122.3,Online,75
3381,200,2212,2024-09-27,5,213.63,Online,52
3382,150,2212,2025-09-27,5,66.48,Online,71
3383,179,2212,2025-10-21,5,69.62,TV,362
3384,181,2212,2025-11-11,2,231.25,Online,72
3385,116,2212,2025-11-21,5,161.44,TV,365
3386,121,2212,2025-01-19,4,126.42,In-Store,133
3387,140,2212,2024-08-11,3,139.7,In-Store,123
3388,181,2212,2025-11-12,4,231.25,Online,74
3389,121,2212,2025-02-11,5,126.42,Email,281
3390,108,2212,2025-05-26,5,127.37,Online,65
3391,118,2212,2025-08-09,2,128.58,Online,68
3392,171,2212,2025-12-20,5,117.28,In-Store,149
3393,104,2213,2024-01-02,1,50.25,Online,37
3394,160,2213,2023-10-11,2,74.86,Online,34
3395,156,2213,2023-02-11,1,13.54,Online,20
3396,125,2214,2024-03-09,4,25.35,Online,41
3397,197,2214,2023-10-26,4,270.16,In-Store,108
3398,198,2214,2023-10-28,1,167.93,Online,34
3399,188,2214,2024-08-03,4,12.93,Online,49
3400,177,2214,2023-12-19,4,296.45,Online,36
3401,144,2214,2023-11-25,5,22.73,Online,36
3402,159,2214,2023-12-19,1,21.52,Online,36
3403,161,2214,2023-05-12,3,233.25,Online,26
3404,161,2214,2022-06-03,3,233.25,Online,6
3405,102,2214,2024-07-05,3,175.2,In-Store,122
3406,185,2214,2024-11-13,5,143.79,In-Store,129
3407,112,2214,2023-10-04,5,58.11,Online,33
3408,129,2214,2024-11-01,1,269.37,Social,203
3409,164,2214,2025-05-27,2,91.03,In-Store,139
3410,157,2214,2024-05-12,2,140.43,Online,46
3411,130,2214,2024-04-23,1,117.61,Online,43
3412,112,2215,2024-11-22,4,58.11,Online,55
3413,163,2215,2024-12-15,2,115.65,TV,347
3414,170,2215,2025-11-11,3,124.94,Email,293
3415,167,2215,2025-07-15,5,75.91,In-Store,142
3416,114,2215,2025-07-11,3,120.5,Online,67
3417,120,2215,2025-04-11,3,186.86,In-Store,137
3418,145,2215,2025-11-22,3,87.44,In-Store,148
3419,157,2215,2025-02-05,1,140.43,In-Store,134
3420,140,2215,2025-02-04,4,139.7,In-Store,134
3421,112,2215,2025-07-06,5,58.11,Online,67
3422,174,2215,2025-08-28,3,89.89,Online,69
3423,140,2215,2025-04-19,5,139.7,Social,211
3424,103,2215,2025-11-24,1,74.85,Online,75
3425,172,2215,2025-08-13,5,75.03,Online,69
3426,181,2215,2024-12-24,3,231.25,Online,56
3427,180,2215,2024-11-05,4,97.9,In-Store,128
3428,112,2215,2024-12-21,5,58.11,In-Store,131
3429,144,2215,2025-11-26,3,22.73,Online,74
3430,157,2215,2024-11-20,1,140.43,TV,346
3431,145,2215,2025-09-25,2,87.44,Online,70
3432,132,2215,2024-11-28,4,146.35,In-Store,130
3433,116,2215,2025-05-04,5,161.44,Online,63
3434,125,2216,2024-02-29,3,25.35,In-Store,114
3435,143,2216,2024-03-02,2,18.47,Online,41
3436,111,2216,2024-03-27,3,78.12,Online,43
3437,162,2216,2024-03-04,1,23.29,Online,41
3438,112,2216,2024-05-23,1,58.11,Online,46
3439,111,2216,2024-07-31,2,78.12,In-Store,123
3440,115,2217,2024-04-20,4,114.62,Email,264
3441,176,2217,2024-08-09,2,98.45,In-Store,123
3442,155,2217,2023-11-06,2,71.21,In-Store,110
3443,114,2217,2023-10-22,1,120.5,Online,34
3444,109,2217,2023-11-06,3,69.39,Online,35
3445,160,2217,2023-09-16,1,74.86,Online,33
3446,179,2217,2023-08-04,4,69.62,Online,31
3447,162,2217,2024-01-23,4,23.29,Social,190
3448,111,2217,2024-07-22,4,78.12,Online,48
3449,123,2217,2024-03-05,3,28.54,In-Store,116
3450,148,2217,2024-02-20,4,47.75,TV,333
3451,137,2217,2024-11-21,4,90.95,TV,346
3452,146,2218,2024-07-30,3,28.76,In-Store,123
3453,174,2218,2024-03-27,1,89.89,Online,42
3454,115,2218,2024-09-12,2,114.62,In-Store,125
3455,104,2218,2024-03-29,1,50.25,Online,43
3456,159,2218,2024-06-15,2,21.52,Online,47
3457,133,2219,2023-03-16,1,129.42,Online,22
3458,111,2219,2023-07-30,3,78.12,Online,30
3459,141,2219,2023-05-28,2,75.02,Online,26
3460,170,2219,2023-06-22,2,124.94,Online,28
3461,105,2219,2024-02-23,4,45.85,Online,41
3462,125,2219,2022-11-05,2,25.35,Online,16
3463,141,2219,2023-09-21,2,75.02,Online,33
3464,122,2220,2024-05-12,2,224.2,In-Store,119
3465,161,2220,2023-11-26,4,233.25,In-Store,111
3466,105,2220,2025-01-05,4,45.85,In-Store,132
3467,130,2220,2025-05-13,1,117.61,In-Store,139
3468,170,2220,2025-09-03,2,124.94,In-Store,144
3469,197,2220,2024-08-20,5,270.16,TV,341
3470,109,2220,2024-04-11,1,69.39,In-Store,119
3471,105,2220,2025-03-19,3,45.85,Online,60
3472,165,2220,2024-08-02,1,213.33,Online,49
3473,177,2220,2024-09-28,2,296.45,Online,51
3474,156,2220,2024-11-16,2,13.54,Online,54
3475,138,2220,2025-06-01,3,115.15,Online,65
3476,190,2220,2024-10-18,3,121.42,In-Store,127
3477,160,2220,2025-12-17,2,74.86,Online,76
3478,101,2220,2024-03-22,2,116.4,In-Store,117
3479,181,2220,2024-07-03,1,231.25,Online,48
3480,128,2220,2024-12-21,1,69.61,Online,57
3481,119,2220,2023-11-17,2,193.28,Online,35
3482,154,2221,2024-01-24,4,39.53,Online,39
3483,167,2221,2023-11-12,1,75.91,In-Store,110
3484,136,2221,2023-07-16,4,134.23,In-Store,105
3485,174,2221,2024-09-10,3,89.89,Email,273
3486,160,2221,2025-01-10,1,74.86,Online,58
3487,164,2221,2024-05-23,4,91.03,Online,46
3488,103,2221,2023-10-02,4,74.85,In-Store,108
3489,155,2221,2023-07-19,3,71.21,In-Store,104
3490,173,2221,2023-09-09,3,100.75,Online,33
3491,154,2221,2024-02-10,1,39.53,Online,40
3492,190,2221,2023-08-28,3,121.42,Online,32
3493,183,2221,2024-04-02,1,127.82,Email,263
3494,144,2221,2024-06-06,2,22.73,Email,267
3495,155,2221,2024-12-05,3,71.21,Social,205
3496,192,2221,2023-10-23,2,22.56,Online,34
3497,111,2221,2025-01-13,2,78.12,Online,58
3498,113,2221,2023-09-29,2,122.3,Online,33
3499,164,2221,2024-01-22,3,91.03,Online,39
3500,125,2221,2024-02-15,1,25.35,Online,40
3501,173,2222,2023-05-16,2,100.75,Online,26
3502,139,2222,2024-07-19,4,162.16,Email,268
3503,186,2222,2023-11-28,5,29.78,Online,36
3504,195,2222,2023-01-10,4,109.44,In-Store,96
3505,124,2222,2025-03-26,3,174.26,Online,61
3506,126,2222,2025-12-11,5,62.9,Email,295
3507,138,2222,2023-06-25,1,115.15,Online,28
3508,140,2222,2025-06-29,4,139.7,Online,67
3509,159,2222,2025-01-31,3,21.52,Online,59
3510,158,2222,2022-10-25,3,132.56,In-Store,92
3511,134,2222,2025-09-25,3,113.57,Online,70
3512,108,2222,2025-06-13,3,127.37,Email,287
3513,167,2222,2023-04-13,4,75.91,Online,24
3514,135,2222,2023-07-05,1,62.14,In-Store,103
3515,113,2222,2023-01-06,1,122.3,TV,314
3516,172,2222,2023-02-15,5,75.03,Online,20
3517,145,2222,2024-05-25,5,87.44,Online,46
3518,117,2222,2025-11-24,1,214.01,Online,74
3519,133,2222,2022-09-25,4,129.42,Online,13
3520,143,2222,2022-08-28,2,18.47,In-Store,89
3521,185,2222,2024-06-06,5,143.79,In-Store,121
3522,120,2222,2024-06-11,3,186.86,In-Store,120
3523,168,2222,2023-01-26,2,151.07,Online,20
3524,147,2223,2025-04-14,2,193.11,Online,62
3525,116,2223,2025-06-21,1,161.44,Online,66
3526,124,2223,2025-01-03,1,174.26,Online,57
3527,132,2223,2025-04-02,3,146.35,In-Store,137
3528,161,2223,2025-04-08,2,233.25,Email,283
3529,128,2223,2024-03-14,2,69.61,Online,42
3530,118,2223,2025-01-03,4,128.58,Social,206
3531,119,2223,2024-03-31,5,193.28,Online,42
3532,111,2223,2025-11-16,3,78.12,Online,73
3533,129,2223,2025-07-01,2,269.37,Online,67
3534,110,2223,2025-03-31,4,138.19,In-Store,137
3535,168,2223,2025-03-05,3,151.07,Online,60
3536,177,2223,2025-06-14,5,296.45,In-Store,140
3537,157,2223,2024-09-15,2,140.43,Online,51
3538,161,2223,2025-11-15,4,233.25,Online,74
3539,126,2223,2024-09-18,4,62.9,Online,51
3540,181,2223,2024-09-03,3,231.25,In-Store,125
3541,141,2223,2024-03-30,4,75.02,Online,42
3542,136,2223,2024-06-06,5,134.23,Online,46
3543,106,2223,2025-03-25,2,41.44,Online,60
3544,183,2223,2024-12-30,3,127.82,Email,280
3545,108,2223,2025-05-07,2,127.37,In-Store,138
3546,109,2223,2025-01-30,5,69.39,Online,58
3547,165,2223,2025-06-02,2,213.33,In-Store,139
3548,144,2223,2024-09-05,3,22.73,In-Store,124
3549,175,2223,2024-09-13,4,285.32,Online,51
3550,143,2223,2024-12-03,1,18.47,In-Store,130
3551,108,2223,2025-09-28,2,127.37,Online,71
3552,124,2223,2024-06-30,5,174.26,In-Store,121
3553,119,2223,2024-04-23,5,193.28,Online,44
3554,172,2223,2024-10-28,2,75.03,Online,53
3555,120,2223,2025-12-30,2,186.86,Online,77
3556,105,2223,2024-09-06,3,45.85,In-Store,124
3557,180,2224,2024-08-07,1,97.9,In-Store,124
3558,182,2224,2024-07-20,2,73.37,Social,199
3559,128,2224,2024-05-21,4,69.61,Online,46
3560,180,2224,2024-09-11,4,97.9,Online,51
3561,171,2224,2024-07-12,1,117.28,Online,48
3562,169,2224,2025-02-01,1,105.46,Online,59
3563,179,2224,2024-04-05,3,69.62,In-Store,118
3564,144,2224,2024-08-19,1,22.73,Online,49
3565,135,2224,2024-10-13,3,62.14,In-Store,127
3566,116,2225,2025-11-23,4,161.44,Online,75
3567,177,2225,2025-08-28,4,296.45,Online,69
3568,152,2225,2025-09-08,3,72.34,Online,70
3569,108,2225,2025-12-26,4,127.37,Online,77
3570,148,2225,2025-07-06,1,47.75,In-Store,141
3571,127,2225,2025-12-19,3,184.65,In-Store,149
3572,114,2225,2025-02-09,4,120.5,Social,208
3573,119,2225,2025-03-15,2,193.28,Online,60
3574,118,2225,2025-12-02,3,128.58,Online,74
3575,132,2225,2025-04-22,1,146.35,Online,63
3576,157,2225,2025-08-19,5,140.43,In-Store,143
3577,130,2225,2025-12-07,1,117.61,Online,75
3578,186,2225,2025-10-24,4,29.78,In-Store,146
3579,177,2225,2025-10-14,3,296.45,In-Store,145
3580,147,2225,2025-09-09,2,193.11,Online,69
3581,191,2225,2025-03-25,5,196.98,Online,61
3582,163,2225,2025-04-05,4,115.65,Online,62
3583,187,2225,2025-12-26,2,95.73,In-Store,149
3584,185,2225,2025-01-14,2,143.79,In-Store,132
3585,196,2225,2025-09-16,5,162.21,Online,70
3586,151,2225,2025-02-01,1,170.44,Online,59
3587,117,2225,2025-03-15,5,214.01,Social,210
3588,165,2226,2024-01-13,5,213.33,In-Store,112
3589,182,2226,2025-03-14,5,73.37,Online,60
3590,171,2226,2025-08-12,1,117.28,Online,68
3591,179,2226,2025-02-22,4,69.62,Online,60
3592,115,2226,2025-04-24,2,114.62,Social,212
3593,129,2226,2024-07-11,2,269.37,Social,198
3594,199,2226,2025-06-08,4,105.38,In-Store,140
3595,198,2226,2024-08-07,4,167.93,Online,49
3596,189,2226,2024-04-06,1,47.31,Social,192
3597,189,2226,2025-07-20,4,47.31,Online,67
3598,183,2226,2025-04-21,4,127.82,In-Store,138
3599,102,2226,2024-05-02,1,175.2,Online,45
3600,197,2226,2025-11-21,2,270.16,Online,75
3601,192,2226,2024-08-30,2,22.56,Online,51
3602,139,2226,2025-07-18,2,162.16,Online,67
3603,150,2226,2024-07-21,5,66.48,In-Store,123
3604,150,2226,2024-03-16,3,66.48,In-Store,116
3605,142,2226,2025-12-29,4,298.93,Online,77
3606,113,2226,2024-04-18,4,122.3,In-Store,118
3607,129,2226,2025-01-25,2,269.37,Online,59
3608,133,2226,2025-07-16,3,129.42,Online,67
3609,101,2226,2024-03-28,4,116.4,In-Store,118
3610,197,2226,2025-03-06,5,270.16,In-Store,135
3611,158,2226,2025-01-06,4,132.56,In-Store,131
3612,142,2226,2025-07-11,5,298.93,In-Store,142
3613,186,2226,2025-01-04,2,29.78,In-Store,131
3614,123,2226,2024-01-29,2,28.54,In-Store,114
3615,174,2227,2024-05-08,3,89.89,TV,336
3616,188,2227,2024-01-13,2,12.93,Online,39
3617,170,2227,2024-07-04,1,124.94,In-Store,122
3618,190,2227,2024-11-10,2,121.42,In-Store,128
3619,152,2227,2024-01-06,1,72.34,Online,38
3620,126,2227,2024-06-05,2,62.9,Online,47
3621,111,2227,2024-07-03,3,78.12,Online,47
3622,133,2227,2024-04-16,3,129.42,Social,192
3623,164,2227,2024-01-29,1,91.03,Online,40
3624,144,2228,2024-04-19,1,22.73,In-Store,118
3625,140,2228,2024-06-10,5,139.7,Social,196
3626,198,2228,2022-11-24,4,167.93,Online,17
3627,171,2228,2025-01-29,3,117.28,Online,59
3628,140,2228,2025-03-23,4,139.7,Online,61
3629,119,2228,2025-12-03,5,193.28,Online,74
3630,190,2228,2025-07-24,3,121.42,In-Store,142
3631,191,2228,2025-12-21,3,196.98,Online,76
3632,190,2228,2025-08-16,5,121.42,Social,215
3633,139,2228,2024-06-19,4,162.16,Online,47
3634,183,2228,2025-05-04,3,127.82,Online,63
3635,192,2228,2025-10-11,1,22.56,TV,362
3636,128,2228,2024-05-30,5,69.61,Online,46
3637,175,2228,2024-05-24,5,285.32,Online,46
3638,108,2228,2025-08-28,1,127.37,Online,69
3639,121,2228,2023-09-24,1,126.42,Online,33
3640,140,2229,2025-08-05,4,139.7,Online,68
3641,104,2229,2025-10-18,1,50.25,Social,219
3642,133,2229,2025-03-15,3,129.42,Online,61
3643,193,2229,2025-02-05,1,28.68,In-Store,134
3644,195,2229,2025-09-16,2,109.44,Social,217
3645,177,2229,2025-01-04,3,296.45,In-Store,131
3646,144,2229,2025-09-16,5,22.73,In-Store,144
3647,102,2229,2025-08-13,1,175.2,In-Store,143
3648,103,2229,2025-07-14,2,74.85,Online,67
3649,109,2229,2025-07-30,1,69.39,Online,67
3650,108,2229,2025-04-01,3,127.37,In-Store,136
3651,134,2229,2025-11-26,5,113.57,Social,221
3652,158,2229,2025-10-15,2,132.56,Online,71
3653,198,2229,2025-06-15,1,167.93,In-Store,140
3654,116,2229,2025-09-29,4,161.44,TV,361
3655,177,2229,2025-11-19,3,296.45,Online,74
3656,142,2229,2025-10-01,4,298.93,Email,292
3657,158,2229,2024-12-23,5,132.56,Online,56
3658,126,2230,2025-11-30,1,62.9,Online,75
3659,125,2230,2024-09-06,1,25.35,Online,50
3660,118,2230,2024-11-14,3,128.58,Email,277
3661,122,2230,2024-10-26,5,224.2,Email,276
3662,158,2230,2025-03-19,3,132.56,TV,352
3663,103,2230,2025-09-05,4,74.85,Social,216
3664,140,2230,2025-02-28,1,139.7,Online,59
3665,119,2230,2024-06-19,3,193.28,In-Store,121
3666,160,2230,2025-05-02,2,74.86,Online,64
3667,119,2230,2025-04-21,2,193.28,Email,284
3668,158,2230,2024-08-14,1,132.56,Online,49
3669,127,2230,2024-09-18,3,184.65,Online,51
3670,139,2230,2024-03-12,3,162.16,Online,41
3671,147,2230,2025-03-15,3,193.11,In-Store,136
3672,189,2230,2025-01-09,2,47.31,In-Store,132
3673,181,2230,2025-01-10,2,231.25,Online,58
3674,133,2230,2024-12-27,1,129.42,TV,349
3675,196,2230,2024-12-01,3,162.21,Online,55
3676,190,2230,2024-07-30,5,121.42,Online,49
3677,180,2230,2024-10-23,2,97.9,Email,276
3678,200,2230,2024-04-20,4,213.63,Online,43
3679,166,2230,2025-11-27,4,151.16,Online,74
3680,159,2231,2025-03-19,5,21.52,In-Store,136
3681,153,2231,2025-06-04,3,44.91,In-Store,140
3682,181,2231,2024-12-07,3,231.25,Online,56
3683,175,2231,2025-06-04,3,285.32,Online,66
3684,172,2231,2024-10-11,3,75.03,Online,52
3685,105,2231,2024-09-09,1,45.85,Online,51
3686,172,2231,2024-08-07,1,75.03,Online,49
3687,140,2231,2024-09-17,4,139.7,Online,51
3688,177,2231,2025-10-10,3,296.45,In-Store,146
3689,187,2231,2025-06-15,3,95.73,Online,65
3690,165,2231,2025-12-08,3,213.33,Online,75
3691,151,2231,2025-09-30,5,170.44,Online,71
3692,147,2231,2025-09-28,3,193.11,Social,218
3693,151,2231,2025-01-09,2,170.44,Online,57
3694,108,2231,2025-12-14,2,127.37,Online,76
3695,107,2231,2025-01-23,1,110.76,In-Store,133
3696,149,2231,2025-02-15,5,64.92,Email,282
3697,118,2231,2024-12-18,1,128.58,Online,56
3698,189,2231,2025-11-15,2,47.31,Social,220
3699,124,2231,2024-08-23,2,174.26,Online,50
3700,133,2231,2025-10-14,3,129.42,Social,219
3701,113,2231,2025-09-03,1,122.3,Online,69
3702,187,2231,2024-10-18,3,95.73,Online,53
3703,133,2231,2025-01-18,2,129.42,Online,58
3704,118,2231,2025-11-21,5,128.58,In-Store,148
3705,101,2232,2024-05-14,4,116.4,In-Store,120
3706,123,2232,2023-09-29,2,28.54,Online,33
3707,149,2232,2024-03-02,4,64.92,Online,42
3708,169,2233,2025-08-12,2,105.46,In-Store,143
3709,172,2233,2025-07-20,1,75.03,TV,357
3710,190,2233,2025-04-22,4,121.42,Online,62
3711,149,2233,2025-11-03,4,64.92,In-Store,146
3712,168,2233,2025-08-06,3,151.07,Online,68
3713,192,2233,2025-10-25,1,22.56,In-Store,147
3714,191,2233,2025-02-24,5,196.98,In-Store,135
3715,170,2233,2025-08-31,1,124.94,Online,70
3716,125,2233,2025-04-27,3,25.35,Online,63
3717,190,2233,2025-12-24,5,121.42,Online,77
3718,151,2233,2025-09-22,3,170.44,Online,70
3719,130,2233,2025-05-28,5,117.61,In-Store,139
3720,193,2233,2025-05-30,5,28.68,In-Store,139
3721,161,2233,2025-10-23,2,233.25,In-Store,146
3722,116,2233,2025-07-06,4,161.44,Online,67
3723,192,2233,2025-12-27,5,22.56,Online,76
3724,174,2233,2025-09-20,5,89.89,Online,70
3725,190,2233,2025-03-12,5,121.42,Online,60
3726,151,2233,2025-09-30,1,170.44,Social,218
3727,126,2233,2025-05-31,2,62.9,In-Store,139
3728,130,2233,2025-08-17,4,117.61,Online,69
3729,131,2233,2025-06-15,5,76.52,Online,65
3730,129,2233,2025-05-12,1,269.37,In-Store,139
3731,187,2233,2025-04-13,2,95.73,Online,62
3732,130,2234,2024-09-09,1,117.61,Online,51
3733,190,2234,2024-12-26,2,121.42,In-Store,131
3734,192,2234,2024-06-28,2,22.56,Online,47
3735,172,2234,2025-01-11,3,75.03,In-Store,133
3736,162,2234,2024-03-21,1,23.29,In-Store,118
3737,131,2234,2024-10-26,2,76.52,In-Store,128
3738,190,2234,2024-10-13,4,121.42,Social,202
3739,112,2235,2023-09-12,3,58.11,In-Store,107
3740,138,2235,2024-01-23,1,115.15,In-Store,113
3741,125,2235,2024-03-30,2,25.35,Social,192
3742,154,2235,2023-10-04,4,39.53,Online,33
3743,193,2235,2023-12-26,1,28.68,Online,37
3744,131,2236,2023-03-03,2,76.52,Email,243
3745,195,2236,2023-05-26,3,109.44,Online,27
3746,109,2236,2023-12-16,2,69.39,Online,37
3747,192,2236,2023-07-09,3,22.56,Online,29
3748,143,2237,2024-11-30,1,18.47,In-Store,130
3749,148,2237,2024-11-26,2,47.75,TV,346
3750,174,2237,2024-10-11,1,89.89,In-Store,126
3751,189,2237,2024-11-17,3,47.31,Online,54
3752,186,2237,2024-10-30,1,29.78,In-Store,128
3753,187,2237,2024-12-27,1,95.73,In-Store,131
3754,138,2237,2024-10-01,1,115.15,Online,52
3755,126,2238,2024-12-21,3,62.9,Online,56
3756,111,2238,2024-11-28,1,78.12,TV,346
3757,182,2238,2025-01-04,3,73.37,Online,57
3758,163,2238,2024-12-22,3,115.65,TV,348
3759,186,2238,2024-12-15,2,29.78,Online,56
3760,116,2239,2024-07-04,4,161.44,Online,47
3761,194,2239,2023-09-11,3,70.1,Social,184
3762,117,2239,2025-10-06,5,214.01,In-Store,146
3763,132,2239,2023-08-25,1,146.35,Social,182
3764,181,2239,2024-05-14,4,231.25,Online,45
3765,172,2239,2023-09-22,5,75.03,Online,33
3766,135,2239,2024-08-04,2,62.14,Email,271
3767,175,2239,2023-10-01,3,285.32,Online,33
3768,133,2239,2025-03-17,2,129.42,Online,61
3769,112,2239,2024-03-16,1,58.11,In-Store,118
3770,170,2239,2025-04-14,3,124.94,TV,353
3771,183,2239,2025-08-20,4,127.82,Online,68
3772,112,2239,2025-04-21,4,58.11,In-Store,138
3773,160,2239,2023-10-09,4,74.86,Social,184
3774,173,2239,2024-03-14,5,100.75,Online,41
3775,144,2239,2024-07-02,1,22.73,Online,47
3776,133,2239,2024-05-05,5,129.42,Online,45
3777,111,2239,2023-11-27,2,78.12,Online,36
3778,107,2239,2024-01-15,2,110.76,Online,39
3779,123,2239,2024-09-16,4,28.54,Online,51
3780,109,2239,2024-06-28,3,69.39,Online,47
3781,114,2240,2022-11-09,2,120.5,Online,16
3782,162,2240,2022-08-31,3,23.29,In-Store,90
3783,188,2240,2024-02-20,1,12.93,Online,41
3784,143,2240,2022-10-28,1,18.47,In-Store,92
3785,144,2240,2023-03-21,3,22.73,Online,23
3786,186,2241,2025-09-15,3,29.78,Online,70
3787,181,2241,2025-09-16,4,231.25,Social,217
3788,170,2241,2022-05-22,1,124.94,Online,6
3789,119,2241,2025-11-25,1,193.28,Online,74
3790,185,2241,2023-05-08,2,143.79,Online,25
3791,143,2241,2023-04-27,5,18.47,Social,177
3792,163,2241,2023-08-17,3,115.65,Online,32
3793,195,2241,2025-02-11,2,109.44,In-Store,134
3794,166,2241,2023-05-02,5,151.16,Online,24
3795,172,2241,2022-05-26,4,75.03,Online,6
3796,107,2241,2025-11-05,1,110.76,In-Store,147
3797,187,2241,2023-02-13,3,95.73,Email,241
3798,114,2241,2025-01-01,3,120.5,Social,206
3799,124,2241,2024-02-12,2,174.26,Social,190
3800,198,2241,2023-12-29,4,167.93,Online,37
3801,129,2241,2024-11-25,3,269.37,Social,204
3802,102,2241,2022-04-08,4,175.2,Social,157
3803,163,2241,2025-04-15,1,115.65,In-Store,138
3804,157,2241,2023-09-01,1,140.43,Online,32
3805,103,2241,2023-04-26,5,74.85,Email,246
3806,138,2241,2024-12-28,5,115.15,Online,56
3807,196,2241,2025-10-21,5,162.21,Online,71
3808,123,2242,2024-04-25,2,28.54,Online,43
3809,114,2242,2024-06-18,2,120.5,Online,47
3810,144,2242,2024-07-04,2,22.73,Online,48
3811,187,2243,2024-02-15,3,95.73,Online,40
3812,190,2243,2024-06-18,1,121.42,Email,267
3813,153,2243,2024-04-27,2,44.91,Online,44
3814,125,2243,2023-12-19,3,25.35,Social,188
3815,178,2243,2024-03-21,1,58.92,Online,42
3816,109,2243,2024-01-18,1,69.39,Online,39
3817,131,2243,2024-02-14,2,76.52,Online,40
3818,153,2244,2022-12-28,1,44.91,In-Store,96
3819,182,2244,2023-09-22,2,73.37,Social,184
3820,187,2244,2022-12-19,3,95.73,Online,18
3821,165,2244,2023-07-10,3,213.33,Online,29
3822,158,2244,2023-02-01,4,132.56,In-Store,97
3823,200,2244,2024-04-18,2,213.63,Online,43
3824,165,2244,2024-11-07,2,213.33,Social,204
3825,168,2244,2023-03-12,4,151.07,In-Store,99
3826,113,2244,2024-07-03,2,122.3,Online,47
3827,101,2244,2024-04-28,4,116.4,Online,45
3828,132,2244,2025-11-24,4,146.35,TV,364
3829,136,2245,2025-06-08,2,134.23,Online,66
3830,153,2245,2024-09-27,3,44.91,In-Store,125
3831,198,2245,2024-11-20,3,167.93,Social,204
3832,155,2245,2025-08-08,2,71.21,Online,69
3833,161,2245,2024-10-08,5,233.25,Online,52
3834,170,2245,2024-11-24,5,124.94,Online,55
3835,182,2245,2025-08-05,1,73.37,Online,68
3836,134,2245,2024-11-02,4,113.57,In-Store,128
3837,157,2245,2024-11-12,2,140.43,In-Store,129
3838,171,2245,2024-09-03,2,117.28,Online,51
3839,123,2245,2025-10-02,2,28.54,Online,70
3840,118,2245,2025-02-18,5,128.58,In-Store,134
3841,127,2245,2024-08-23,4,184.65,In-Store,125
3842,113,2245,2024-09-02,4,122.3,Online,50
3843,146,2245,2025-02-04,5,28.76,TV,350
3844,131,2245,2024-08-31,2,76.52,In-Store,124
3845,177,2245,2024-10-02,1,296.45,In-Store,126
3846,165,2245,2024-11-13,1,213.33,Online,55
3847,168,2245,2025-10-08,1,151.07,In-Store,145
3848,194,2245,2025-04-16,4,70.1,Online,61
3849,157,2245,2024-11-21,3,140.43,Online,55
3850,130,2245,2025-12-03,3,117.61,In-Store,149
3851,151,2245,2025-09-27,4,170.44,Online,71
3852,127,2245,2024-11-11,1,184.65,Online,54
3853,189,2245,2024-08-21,3,47.31,Online,49
3854,163,2245,2024-09-14,2,115.65,Social,202
3855,190,2245,2025-09-10,2,121.42,Online,70
3856,147,2245,2024-10-30,4,193.11,Online,53
3857,108,2245,2025-02-09,5,127.37,Online,59
3858,135,2246,2025-06-28,1,62.14,In-Store,141
3859,180,2246,2024-04-16,4,97.9,In-Store,118
3860,176,2246,2024-10-06,4,98.45,In-Store,126
3861,103,2246,2024-01-08,4,74.85,In-Store,113
3862,122,2246,2024-06-04,2,224.2,Email,267
3863,136,2246,2024-10-02,4,134.23,In-Store,126
3864,192,2246,2024-04-11,1,22.56,TV,335
3865,124,2246,2025-05-02,3,174.26,Social,212
3866,194,2246,2024-06-10,3,70.1,Online,46
3867,140,2246,2023-07-16,1,139.7,In-Store,105
3868,166,2246,2023-09-30,5,151.16,In-Store,107
3869,140,2246,2025-10-17,4,139.7,Online,72
3870,160,2246,2024-07-27,3,74.86,In-Store,124
3871,115,2246,2025-09-07,4,114.62,Online,69
3872,195,2246,2024-12-29,5,109.44,In-Store,131
3873,120,2246,2023-10-16,4,186.86,TV,326
3874,127,2246,2025-12-24,5,184.65,Online,77
3875,118,2246,2024-09-18,5,128.58,In-Store,126
3876,141,2246,2024-08-30,5,75.02,TV,343
3877,170,2246,2025-01-07,1,124.94,Online,58
3878,175,2247,2025-03-16,4,285.32,Online,60
3879,144,2247,2023-10-04,5,22.73,Email,254
3880,167,2247,2025-10-08,2,75.91,Online,70
3881,174,2247,2025-08-30,2,89.89,In-Store,143
3882,191,2247,2024-04-05,3,196.98,Online,43
3883,180,2247,2024-05-16,1,97.9,Online,45
3884,168,2247,2023-12-12,5,151.07,Online,37
3885,115,2247,2024-05-20,2,114.62,In-Store,120
3886,168,2247,2023-08-23,2,151.07,Online,32
3887,111,2247,2025-08-27,2,78.12,Social,216
3888,190,2247,2024-08-15,1,121.42,Social,200
3889,113,2247,2025-10-01,1,122.3,Online,71
3890,132,2247,2025-02-25,2,146.35,In-Store,135
3891,156,2247,2025-09-13,4,13.54,Online,70
3892,170,2247,2025-04-12,1,124.94,Online,61
3893,111,2247,2025-01-28,5,78.12,TV,350
3894,113,2247,2023-12-16,4,122.3,In-Store,111
3895,160,2247,2023-09-06,1,74.86,Online,32
3896,132,2247,2025-09-23,2,146.35,Social,218
3897,120,2247,2024-01-03,2,186.86,Email,259
3898,182,2247,2025-09-11,5,73.37,Email,291
3899,136,2247,2025-03-27,5,134.23,Online,60
3900,136,2247,2023-08-23,3,134.23,Online,32
3901,165,2247,2025-12-23,5,213.33,Online,77
3902,194,2247,2024-05-04,1,70.1,Online,44
3903,172,2248,2024-07-22,3,75.03,In-Store,123
3904,174,2248,2024-10-15,2,89.89,Online,52
3905,170,2248,2025-01-18,1,124.94,In-Store,133
3906,107,2248,2024-08-18,2,110.76,TV,342
3907,173,2248,2025-03-09,1,100.75,Email,282
3908,105,2248,2024-07-28,1,45.85,Online,48
3909,163,2248,2024-11-01,3,115.65,In-Store,128
3910,190,2248,2025-01-24,3,121.42,Online,59
3911,159,2248,2024-09-22,3,21.52,Online,51
3912,113,2248,2025-04-30,1,122.3,Online,63
3913,164,2248,2024-10-31,3,91.03,Social,203
3914,148,2248,2024-12-17,1,47.75,Online,56
3915,173,2248,2024-09-02,2,100.75,Online,50
3916,105,2248,2025-03-03,2,45.85,Online,60
3917,135,2248,2024-08-07,4,62.14,Online,49
3918,178,2249,2022-09-13,3,58.92,In-Store,90
3919,149,2249,2023-03-25,2,64.92,Online,22
3920,123,2249,2023-01-30,3,28.54,Online,20
3921,179,2249,2022-12-14,2,69.62,Online,18
3922,150,2249,2023-09-19,1,66.48,In-Store,107
3923,126,2249,2023-04-22,1,62.9,Online,25
3924,159,2250,2025-10-16,2,21.52,In-Store,146
3925,122,2250,2025-08-24,5,224.2,Online,68
3926,109,2250,2025-01-30,5,69.39,Online,58
3927,136,2250,2025-12-18,1,134.23,Online,76
3928,198,2250,2025-06-09,5,167.93,Online,65
3929,126,2250,2024-12-26,3,62.9,Email,279
3930,102,2250,2025-07-18,3,175.2,In-Store,142
3931,181,2250,2025-02-27,2,231.25,TV,351
3932,121,2250,2025-03-14,4,126.42,Online,60
3933,157,2250,2025-04-20,5,140.43,Online,63
3934,124,2250,2025-12-21,2,174.26,In-Store,149
3935,157,2250,2025-05-09,1,140.43,In-Store,138
3936,105,2250,2024-12-26,3,45.85,Online,56
3937,127,2250,2024-11-30,4,184.65,Online,56
3938,139,2250,2024-12-07,5,162.16,Online,55
3939,177,2250,2024-12-19,4,296.45,Online,56
3940,113,2250,2025-01-03,2,122.3,Online,58
3941,200,2250,2025-07-13,1,213.63,In-Store,141
3942,114,2250,2025-12-07,2,120.5,TV,365
3943,116,2251,2025-08-09,1,161.44,Online,69
3944,154,2251,2025-02-23,3,39.53,Online,59
3945,192,2251,2025-08-11,3,22.56,Online,68
3946,124,2251,2025-02-17,1,174.26,TV,351
3947,197,2251,2025-04-06,2,270.16,TV,353
3948,156,2251,2025-08-01,3,13.54,Online,68
3949,117,2251,2024-06-23,1,214.01,Online,47
3950,136,2251,2024-06-05,2,134.23,TV,337
3951,196,2251,2025-04-10,2,162.21,Online,62
3952,192,2251,2025-05-22,4,22.56,Online,64
3953,125,2251,2025-07-22,2,25.35,Email,289
3954,103,2251,2024-09-09,2,74.85,Social,201
3955,183,2252,2024-11-06,1,127.82,Online,54
3956,193,2252,2025-07-05,4,28.68,Email,289
3957,107,2252,2025-06-16,2,110.76,Online,66
3958,197,2252,2024-07-20,5,270.16,Social,198
3959,126,2252,2025-06-25,4,62.9,Online,66
3960,151,2252,2025-02-03,3,170.44,Online,59
3961,136,2252,2024-07-24,5,134.23,Online,48
3962,188,2252,2024-12-01,1,12.93,Online,55
3963,175,2252,2024-08-22,3,285.32,Online,49
3964,162,2252,2025-09-09,2,23.29,Online,70
3965,123,2252,2025-03-19,2,28.54,Online,60
3966,117,2252,2025-03-13,4,214.01,Online,60
3967,120,2252,2024-08-24,3,186.86,In-Store,124
3968,133,2252,2025-07-20,5,129.42,In-Store,142
3969,197,2252,2025-05-02,3,270.16,In-Store,138
3970,108,2252,2024-10-26,4,127.37,In-Store,128
3971,172,2252,2025-02-10,1,75.03,In-Store,134
3972,175,2252,2024-08-14,5,285.32,Online,49
3973,101,2252,2024-11-19,1,116.4,Online,55
3974,116,2252,2025-08-20,4,161.44,Online,68
3975,168,2252,2024-12-19,5,151.07,In-Store,131
3976,123,2253,2025-06-06,1,28.54,Online,65
3977,199,2253,2024-10-18,4,105.38,Online,53
3978,147,2253,2025-02-26,1,193.11,Online,59
3979,172,2253,2024-04-18,1,75.03,Online,43
3980,169,2253,2024-06-21,3,105.46,Online,47
3981,169,2253,2025-11-11,1,105.46,Social,220
3982,122,2253,2024-07-17,1,224.2,Online,48
3983,127,2253,2025-02-23,5,184.65,In-Store,134
3984,149,2253,2025-07-02,2,64.92,Online,66
3985,111,2253,2024-04-20,5,78.12,Online,43
3986,161,2253,2024-03-08,1,233.25,TV,334
3987,119,2253,2024-08-02,4,193.28,In-Store,123
3988,194,2253,2025-09-06,1,70.1,Online,70
3989,110,2253,2024-10-17,1,138.19,Online,53
3990,193,2253,2025-05-09,2,28.68,Online,64
3991,136,2253,2025-12-15,1,134.23,In-Store,149
3992,151,2253,2025-04-30,5,170.44,Online,63
3993,152,2253,2024-04-25,4,72.34,Social,194
3994,110,2254,2025-12-14,5,138.19,TV,365
3995,184,2254,2024-09-15,3,120.25,Online,51
3996,183,2254,2025-07-17,4,127.82,Social,215
3997,162,2254,2025-02-04,1,23.29,In-Store,134
3998,139,2254,2024-09-28,4,162.16,Online,51
3999,200,2254,2025-02-08,1,213.63,Online,59
4000,168,2254,2025-12-05,5,151.07,In-Store,149
4001,197,2254,2025-10-22,1,270.16,Online,72
4002,111,2254,2025-09-23,1,78.12,In-Store,145
4003,191,2254,2025-04-16,4,196.98,Online,61
4004,151,2254,2024-09-03,5,170.44,Online,50
4005,123,2254,2025-07-01,2,28.54,Online,66
4006,148,2254,2024-12-01,5,47.75,In-Store,130
4007,191,2254,2025-03-04,4,196.98,In-Store,136
4008,198,2254,2025-05-21,3,167.93,Social,213
4009,129,2254,2024-09-09,4,269.37,In-Store,124
4010,142,2254,2024-10-13,1,298.93,Online,52
4011,143,2254,2025-01-13,5,18.47,Online,58
4012,122,2255,2024-11-24,2,224.2,In-Store,129
4013,178,2255,2025-11-04,2,58.92,In-Store,147
4014,139,2255,2022-11-06,4,162.16,TV,312
4015,186,2255,2023-01-01,1,29.78,Online,19
4016,187,2255,2022-04-21,4,95.73,In-Store,84
4017,195,2255,2024-03-27,4,109.44,Online,43
4018,140,2255,2025-10-29,4,139.7,Social,220
4019,183,2255,2025-12-01,1,127.82,Online,75
4020,191,2255,2025-12-17,5,196.98,Social,222
4021,119,2255,2024-02-19,2,193.28,Online,40
4022,188,2255,2022-05-26,4,12.93,Social,159
4023,154,2255,2022-11-27,1,39.53,Online,18
4024,165,2255,2022-02-22,3,213.33,Online,3
4025,131,2255,2025-09-23,3,76.52,Social,218
4026,197,2255,2022-12-20,2,270.16,In-Store,95
4027,142,2255,2025-12-27,5,298.93,Social,222
4028,158,2255,2025-05-01,5,132.56,Social,212
4029,117,2255,2024-11-29,1,214.01,Online,55
4030,188,2255,2022-09-10,5,12.93,Social,163
4031,189,2255,2022-07-05,3,47.31,Social,161
4032,170,2255,2022-05-09,3,124.94,Email,229
4033,155,2255,2024-03-16,3,71.21,In-Store,117
4034,195,2255,2025-03-05,3,109.44,Online,60
4035,102,2255,2023-06-19,5,175.2,Social,179
4036,136,2256,2024-05-07,1,134.23,Online,45
4037,104,2256,2023-08-15,3,50.25,Online,32
4038,186,2256,2023-11-13,1,29.78,Social,185
4039,133,2256,2023-02-25,3,129.42,Email,242
4040,146,2256,2022-11-27,4,28.76,Online,17
4041,187,2256,2023-12-04,2,95.73,Online,36
4042,114,2257,2025-07-12,1,120.5,Online,67
4043,193,2257,2023-08-19,3,28.68,In-Store,106
4044,124,2257,2022-11-14,1,174.26,Email,238
4045,142,2257,2025-01-04,1,298.93,Online,58
4046,121,2257,2025-07-26,5,126.42,Online,68
4047,116,2257,2022-10-19,3,161.44,Online,15
4048,197,2257,2025-10-31,5,270.16,Online,72
4049,155,2257,2023-07-10,1,71.21,Online,29
4050,158,2257,2023-11-21,3,132.56,In-Store,110
4051,106,2257,2024-08-13,4,41.44,Online,49
4052,157,2257,2024-04-03,1,140.43,Online,43
4053,196,2257,2023-05-22,5,162.21,Online,26
4054,192,2257,2024-04-10,3,22.56,In-Store,118
4055,167,2257,2024-12-10,2,75.91,Online,56
4056,190,2257,2022-08-04,4,121.42,Online,11
4057,104,2257,2023-07-12,2,50.25,Social,181
4058,179,2257,2023-11-29,3,69.62,Online,36
4059,157,2257,2024-01-25,2,140.43,Online,40
4060,112,2257,2023-02-26,3,58.11,Online,22
4061,140,2257,2024-06-16,4,139.7,TV,338
4062,191,2257,2024-10-10,5,196.98,Social,202
4063,161,2257,2022-07-03,4,233.25,Online,8
4064,154,2257,2022-04-22,4,39.53,In-Store,84
4065,199,2257,2023-01-20,1,105.38,Social,171
4066,194,2258,2024-12-28,2,70.1,Online,57
4067,134,2258,2024-10-18,3,113.57,TV,345
4068,159,2258,2024-10-02,2,21.52,Online,52
4069,136,2258,2024-09-18,3,134.23,Online,51
4070,158,2258,2024-08-28,3,132.56,Online,50
4071,160,2259,2023-06-15,4,74.86,In-Store,103
4072,180,2259,2023-04-21,4,97.9,In-Store,101
4073,145,2259,2023-01-04,4,87.44,Social,171
4074,195,2259,2023-01-25,1,109.44,In-Store,97
4075,155,2259,2023-07-03,4,71.21,In-Store,104
4076,141,2259,2023-12-06,2,75.02,Online,36
4077,186,2259,2023-06-14,3,29.78,In-Store,103
4078,118,2259,2022-12-16,2,128.58,Online,18
4079,145,2259,2023-06-27,3,87.44,In-Store,103
4080,113,2259,2022-11-01,2,122.3,Online,16
4081,170,2259,2023-01-12,4,124.94,In-Store,97
4082,187,2259,2023-11-20,3,95.73,In-Store,110
4083,144,2259,2023-09-22,4,22.73,Online,33
4084,154,2259,2023-10-07,3,39.53,In-Store,108
4085,105,2259,2023-07-30,3,45.85,Online,30
4086,112,2259,2022-12-17,3,58.11,Online,18
4087,145,2260,2025-10-14,4,87.44,Online,72
4088,168,2260,2025-01-11,2,151.07,Online,58
4089,153,2260,2023-07-24,1,44.91,Online,31
4090,161,2260,2024-08-01,2,233.25,Online,49
4091,179,2260,2025-05-21,2,69.62,Online,65
4092,122,2260,2024-04-14,2,224.2,Online,44
4093,166,2260,2023-12-15,1,151.16,In-Store,112
4094,158,2260,2025-09-25,4,132.56,Online,70
4095,195,2260,2023-10-22,1,109.44,Online,34
4096,144,2260,2023-06-14,2,22.73,In-Store,103
4097,129,2260,2025-03-19,3,269.37,Social,209
4098,157,2260,2025-05-24,2,140.43,Online,65
4099,189,2260,2024-02-11,4,47.31,TV,333
4100,165,2260,2023-03-05,2,213.33,Online,22
4101,160,2261,2025-10-31,5,74.86,In-Store,146
4102,185,2261,2023-10-12,3,143.79,Online,33
4103,166,2261,2024-11-08,1,151.16,Online,54
4104,147,2261,2025-04-09,1,193.11,Online,62
4105,129,2261,2025-11-13,2,269.37,Social,220
4106,103,2261,2023-12-19,2,74.85,Online,37
4107,175,2261,2025-12-03,3,285.32,In-Store,149
4108,124,2261,2023-10-31,2,174.26,Online,34
4109,149,2261,2024-11-24,2,64.92,Online,55
4110,172,2261,2024-07-10,2,75.03,Social,198
4111,132,2261,2024-12-22,3,146.35,In-Store,131
4112,121,2261,2024-12-14,5,126.42,Online,56
4113,186,2261,2024-05-12,1,29.78,In-Store,120
4114,122,2261,2025-11-10,3,224.2,Online,74
4115,169,2261,2024-09-20,5,105.46,Social,202
4116,139,2261,2025-04-13,5,162.16,Online,63
4117,183,2261,2025-06-08,4,127.82,In-Store,140
4118,136,2261,2025-11-12,5,134.23,Social,220
4119,112,2261,2024-03-09,1,58.11,Social,192
4120,177,2261,2024-05-12,1,296.45,Online,45
4121,169,2261,2025-11-26,4,105.46,Online,75
4122,125,2261,2024-12-11,4,25.35,Online,56
4123,159,2261,2024-09-01,4,21.52,Social,200
4124,169,2261,2025-04-16,3,105.46,TV,353
4125,146,2261,2025-05-22,5,28.76,In-Store,139
4126,189,2262,2024-04-08,1,47.31,Online,43
4127,190,2262,2023-11-29,1,121.42,Online,36
4128,104,2262,2024-01-22,4,50.25,Online,39
4129,125,2262,2023-01-29,1,25.35,Online,20
4130,192,2262,2024-08-21,4,22.56,TV,342
4131,130,2262,2022-07-19,4,117.61,Social,161
4132,112,2262,2023-10-13,1,58.11,Online,34
4133,115,2262,2022-10-11,1,114.62,In-Store,92
4134,107,2262,2023-04-15,1,110.76,In-Store,100
4135,148,2262,2023-12-04,2,47.75,In-Store,110
4136,121,2262,2024-02-04,2,126.42,Online,39
4137,114,2262,2022-09-04,1,120.5,Email,235
4138,153,2262,2023-01-05,3,44.91,Social,170
4139,188,2263,2023-05-14,1,12.93,Online,26
4140,156,2263,2022-12-06,3,13.54,In-Store,95
4141,189,2263,2022-11-22,1,47.31,In-Store,94
4142,134,2263,2023-07-17,1,113.57,Social,181
4143,116,2264,2024-08-08,2,161.44,Online,49
4144,166,2264,2024-07-13,1,151.16,Online,48
4145,154,2264,2025-02-10,3,39.53,Online,59
4146,170,2264,2024-03-24,2,124.94,TV,335
4147,133,2264,2024-11-09,1,129.42,Online,54
4148,121,2264,2025-03-13,5,126.42,Social,210
4149,120,2264,2024-11-10,2,186.86,In-Store,128
4150,129,2264,2024-10-01,2,269.37,Online,51
4151,198,2264,2024-10-02,2,167.93,In-Store,126
4152,136,2264,2024-06-07,5,134.23,Online,46
4153,152,2264,2025-08-23,5,72.34,TV,358
4154,116,2264,2024-09-16,3,161.44,In-Store,126
4155,140,2264,2024-04-25,5,139.7,Online,43
4156,173,2264,2024-12-30,4,100.75,Online,58
4157,177,2264,2025-10-11,2,296.45,TV,362
4158,133,2264,2024-05-23,4,129.42,Online,46
4159,173,2264,2024-04-10,3,100.75,In-Store,118
4160,140,2264,2024-11-03,1,139.7,Online,53
4161,115,2265,2023-12-28,2,114.62,In-Store,111
4162,136,2265,2024-02-29,3,134.23,Online,41
4163,137,2265,2024-05-27,2,90.95,Online,46
4164,169,2265,2024-03-28,1,105.46,In-Store,118
4165,149,2265,2024-08-06,1,64.92,Online,49
4166,185,2266,2025-03-26,3,143.79,Online,60
4167,196,2266,2025-06-22,4,162.21,Social,214
4168,159,2266,2025-04-18,2,21.52,In-Store,137
4169,105,2266,2025-08-16,4,45.85,Online,68
4170,136,2266,2025-01-20,2,134.23,In-Store,133
4171,163,2266,2025-10-12,4,115.65,Social,219
4172,139,2266,2025-03-26,5,162.16,In-Store,137
4173,154,2266,2025-11-01,5,39.53,Email,293
4174,195,2266,2025-05-09,3,109.44,Online,63
4175,162,2266,2025-02-22,1,23.29,Online,60
4176,165,2266,2025-03-26,3,213.33,Online,60
4177,127,2266,2025-01-16,2,184.65,Online,58
4178,151,2266,2025-10-22,2,170.44,In-Store,146
4179,167,2266,2024-12-24,4,75.91,Online,57
4180,182,2267,2024-12-20,2,73.37,Online,56
4181,178,2267,2024-09-06,2,58.92,Online,50
4182,126,2267,2024-11-22,3,62.9,Social,205
4183,183,2267,2024-12-31,2,127.82,TV,348
4184,190,2267,2024-08-04,2,121.42,In-Store,123
4185,143,2267,2024-12-31,3,18.47,In-Store,131
4186,112,2267,2024-08-02,3,58.11,In-Store,124
4187,190,2267,2025-05-09,1,121.42,In-Store,138
4188,186,2267,2025-02-27,1,29.78,Online,60
4189,172,2267,2024-12-21,4,75.03,Online,56
4190,113,2267,2024-09-22,4,122.3,Online,51
4191,153,2267,2024-08-18,4,44.91,Social,200
4192,144,2267,2025-03-21,2,22.73,TV,351
4193,146,2267,2024-08-03,2,28.76,In-Store,123
4194,190,2267,2024-11-24,4,121.42,Online,55
4195,130,2267,2024-12-05,3,117.61,Social,205
4196,196,2268,2024-02-10,5,162.21,In-Store,114
4197,121,2268,2024-11-10,5,126.42,Online,54
4198,174,2268,2025-01-21,3,89.89,In-Store,134
4199,198,2268,2025-02-18,5,167.93,Online,60
4200,142,2268,2025-10-26,4,298.93,In-Store,146
4201,120,2268,2024-12-26,2,186.86,Online,57
4202,129,2268,2025-01-26,4,269.37,Online,58
4203,194,2268,2025-04-14,3,70.1,Online,61
4204,160,2268,2024-04-02,3,74.86,In-Store,118
4205,163,2268,2023-11-15,4,115.65,Online,36
4206,124,2268,2024-02-03,3,174.26,Online,39
4207,119,2268,2023-12-11,3,193.28,In-Store,111
4208,182,2268,2025-07-04,4,73.37,Online,66
4209,119,2268,2024-06-27,5,193.28,Online,47
4210,154,2268,2025-04-19,2,39.53,In-Store,138
4211,114,2268,2023-11-25,2,120.5,In-Store,111
4212,123,2268,2024-05-02,1,28.54,Online,45
4213,127,2268,2025-04-03,1,184.65,In-Store,136
4214,104,2268,2025-05-06,4,50.25,Online,64
4215,136,2268,2025-12-23,1,134.23,Online,76
4216,196,2268,2024-10-06,3,162.21,Social,202
4217,154,2268,2023-10-17,3,39.53,Online,33
4218,183,2268,2024-03-01,3,127.82,In-Store,114
4219,168,2268,2023-09-13,5,151.07,Online,32
4220,118,2268,2025-09-18,5,128.58,Online,70
4221,112,2268,2024-09-07,5,58.11,In-Store,124
4222,158,2268,2024-01-09,4,132.56,Online,39
4223,151,2268,2025-04-22,1,170.44,In-Store,137
4224,196,2268,2024-10-27,5,162.21,Online,53
4225,144,2268,2025-01-03,3,22.73,Online,57
4226,113,2268,2024-10-07,4,122.3,Social,202
4227,101,2268,2023-10-20,4,116.4,Social,185
4228,158,2268,2024-09-28,5,132.56,In-Store,126
4229,110,2268,2024-08-21,5,138.19,Online,50
4230,142,2269,2024-03-20,1,298.93,Online,42
4231,155,2269,2024-11-06,2,71.21,In-Store,128
4232,162,2269,2024-03-26,2,23.29,In-Store,118
4233,200,2269,2023-12-24,5,213.63,Online,37
4234,185,2269,2025-08-27,4,143.79,Online,68
4235,108,2269,2024-03-20,4,127.37,Online,42
4236,122,2269,2025-12-12,2,224.2,Online,76
4237,192,2269,2024-12-16,4,22.56,Online,57
4238,189,2269,2024-12-29,1,47.31,Online,56
4239,121,2269,2025-08-07,3,126.42,In-Store,142
4240,141,2269,2024-02-29,1,75.02,Social,191
4241,125,2269,2024-11-09,4,25.35,Online,54
4242,139,2269,2024-08-11,5,162.16,Online,49
4243,101,2269,2023-11-25,4,116.4,In-Store,111
4244,139,2269,2025-03-29,3,162.16,In-Store,136
4245,141,2269,2023-10-10,3,75.02,In-Store,107
4246,139,2269,2024-11-26,3,162.16,Online,55
4247,198,2269,2025-01-18,3,167.93,Online,58
4248,133,2269,2025-11-05,2,129.42,Online,73
4249,197,2269,2024-09-30,4,270.16,In-Store,126
4250,189,2270,2024-12-14,3,47.31,In-Store,130
4251,115,2270,2025-07-11,4,114.62,Social,214
4252,126,2270,2024-11-15,5,62.9,Online,54
4253,117,2270,2025-10-19,5,214.01,Online,71
4254,183,2270,2025-03-27,1,127.82,TV,352
4255,141,2270,2024-07-01,2,75.02,Online,48
4256,191,2270,2025-06-08,3,196.98,Online,66
4257,147,2270,2025-03-29,4,193.11,In-Store,137
4258,151,2270,2025-02-23,5,170.44,In-Store,134
4259,184,2270,2024-07-31,2,120.25,Online,49
4260,120,2270,2024-09-15,4,186.86,Online,51
4261,114,2270,2025-11-10,4,120.5,In-Store,147
4262,168,2270,2025-04-24,5,151.07,TV,354
4263,185,2270,2025-12-15,2,143.79,Online,76
4264,162,2270,2025-08-07,1,23.29,Online,68
4265,118,2270,2025-10-03,3,128.58,Social,219
4266,182,2270,2025-03-17,4,73.37,Online,60
4267,148,2270,2025-07-30,4,47.75,In-Store,142
4268,134,2270,2024-09-04,3,113.57,Social,201
4269,174,2270,2024-09-25,5,89.89,In-Store,126
4270,184,2270,2024-08-01,2,120.25,Online,49
4271,141,2270,2024-12-15,1,75.02,Online,56
4272,166,2270,2025-12-09,1,151.16,In-Store,149
4273,119,2270,2025-07-27,2,193.28,Online,67
4274,147,2270,2025-09-09,1,193.11,Online,69
4275,130,2271,2025-03-09,5,117.61,Online,60
4276,129,2271,2025-01-11,4,269.37,In-Store,132
4277,166,2271,2025-01-11,4,151.16,Online,58
4278,144,2271,2024-10-10,2,22.73,Online,53
4279,162,2271,2024-12-13,4,23.29,Email,279
4280,146,2271,2025-03-23,5,28.76,Online,61
4281,116,2271,2025-11-15,5,161.44,Online,73
4282,144,2271,2025-01-18,3,22.73,In-Store,133
4283,187,2271,2024-07-26,2,95.73,In-Store,123
4284,120,2271,2025-01-04,2,186.86,In-Store,132
4285,123,2271,2025-11-06,4,28.54,Online,73
4286,132,2271,2025-04-27,3,146.35,Social,211
4287,107,2271,2025-04-14,2,110.76,Social,211
4288,165,2271,2025-09-18,5,213.33,Online,70
4289,181,2271,2024-08-27,4,231.25,In-Store,124
4290,158,2271,2025-09-05,4,132.56,Online,69
4291,148,2271,2024-08-10,4,47.75,In-Store,123
4292,109,2271,2024-06-24,5,69.39,In-Store,121
4293,109,2271,2025-11-12,1,69.39,In-Store,147
4294,154,2272,2025-10-12,4,39.53,Online,71
4295,131,2272,2024-09-15,3,76.52,TV,343
4296,149,2272,2024-11-05,2,64.92,Online,54
4297,129,2272,2025-07-23,1,269.37,Online,67
4298,110,2272,2025-02-20,2,138.19,Online,59
4299,129,2272,2025-02-03,2,269.37,In-Store,134
4300,183,2272,2025-12-07,2,127.82,TV,364
4301,161,2272,2024-07-09,2,233.25,TV,338
4302,151,2272,2025-02-14,5,170.44,In-Store,135
4303,157,2272,2024-08-04,5,140.43,In-Store,124
4304,184,2272,2025-06-13,4,120.25,In-Store,139
4305,174,2272,2024-06-15,5,89.89,Online,47
4306,172,2272,2024-04-13,5,75.03,Online,43
4307,139,2272,2025-01-14,5,162.16,In-Store,133
4308,143,2272,2025-01-20,2,18.47,Social,207
4309,111,2272,2024-09-08,1,78.12,Online,51
4310,144,2273,2024-01-04,2,22.73,Online,38
4311,172,2273,2024-02-25,1,75.03,Online,41
4312,162,2274,2024-03-24,1,23.29,Online,42
4313,138,2274,2025-08-31,1,115.15,Online,69
4314,175,2274,2024-02-15,5,285.32,Email,260
4315,144,2274,2023-07-03,5,22.73,Online,29
4316,124,2274,2022-09-19,4,174.26,In-Store,91
4317,162,2274,2023-05-08,5,23.29,TV,320
4318,154,2274,2025-01-07,1,39.53,Online,58
4319,198,2274,2022-12-23,5,167.93,In-Store,96
4320,103,2274,2022-11-19,1,74.85,Online,17
4321,175,2274,2024-12-17,2,285.32,In-Store,131
4322,124,2274,2025-01-12,3,174.26,Social,206
4323,165,2274,2025-08-29,1,213.33,In-Store,144
4324,172,2274,2022-10-25,5,75.03,Online,15
4325,162,2274,2025-12-15,5,23.29,Online,76
4326,155,2274,2025-04-29,1,71.21,Online,63
4327,181,2274,2025-09-25,5,231.25,In-Store,145
4328,169,2274,2024-11-12,2,105.46,In-Store,129
4329,197,2274,2024-12-25,1,270.16,In-Store,131
4330,110,2274,2025-09-06,1,138.19,Online,69
4331,126,2275,2024-05-21,1,62.9,In-Store,120
4332,167,2275,2024-06-02,1,75.91,TV,338
4333,159,2275,2024-09-26,2,21.52,Online,52
4334,131,2275,2024-07-05,2,76.52,Online,47
4335,176,2275,2024-06-18,1,98.45,Online,47
4336,172,2276,2024-09-14,3,75.03,In-Store,126
4337,103,2276,2024-08-25,3,74.85,Online,49
4338,125,2276,2024-08-16,3,25.35,In-Store,124
4339,115,2276,2025-01-12,2,114.62,Social,206
4340,169,2276,2024-09-15,1,105.46,Online,51
4341,170,2276,2024-07-18,3,124.94,In-Store,123
4342,136,2276,2024-10-11,3,134.23,Email,274
4343,109,2276,2024-08-06,1,69.39,Online,49
4344,121,2276,2024-09-30,3,126.42,Social,202
4345,156,2277,2022-11-16,2,13.54,TV,312
4346,111,2277,2025-05-05,1,78.12,Online,63
4347,105,2277,2024-04-06,4,45.85,Social,194
4348,122,2277,2023-02-06,4,224.2,In-Store,97
4349,120,2277,2025-04-15,3,186.86,Online,61
4350,140,2277,2024-07-21,3,139.7,Online,48
4351,119,2277,2024-10-04,4,193.28,Online,52
4352,175,2277,2023-03-20,4,285.32,In-Store,99
4353,195,2277,2024-05-01,2,109.44,Social,194
4354,154,2277,2024-04-18,5,39.53,Online,44
4355,182,2277,2023-06-09,5,73.37,Online,28
4356,158,2277,2025-07-25,3,132.56,Online,68
4357,196,2278,2024-09-17,2,162.21,TV,344
4358,186,2278,2024-03-17,4,29.78,Online,42
4359,179,2278,2024-11-10,5,69.62,TV,346
4360,168,2278,2024-09-14,1,151.07,Online,51
4361,122,2278,2025-03-11,4,224.2,TV,352
4362,188,2278,2025-12-16,2,12.93,Online,76
4363,134,2278,2023-09-14,2,113.57,In-Store,107
4364,142,2278,2024-08-24,4,298.93,In-Store,125
4365,139,2278,2023-12-03,4,162.16,Online,36
4366,114,2278,2024-10-31,5,120.5,In-Store,128
4367,170,2278,2024-01-22,3,124.94,Online,39
4368,114,2278,2025-03-20,5,120.5,In-Store,136
4369,127,2278,2023-12-30,5,184.65,In-Store,111
4370,112,2278,2025-08-14,2,58.11,Online,69
4371,109,2278,2025-02-10,4,69.39,In-Store,134
4372,178,2278,2024-11-11,4,58.92,In-Store,128
4373,106,2278,2024-08-09,4,41.44,Online,49
4374,151,2278,2023-11-26,5,170.44,Online,36
4375,157,2278,2025-01-10,3,140.43,Social,206
4376,183,2278,2025-11-03,3,127.82,Online,73
4377,194,2278,2025-01-15,5,70.1,Online,58
4378,104,2278,2023-12-01,1,50.25,Online,36
4379,177,2279,2024-09-17,4,296.45,Email,273
4380,194,2279,2023-11-13,1,70.1,TV,328
4381,126,2279,2024-10-02,2,62.9,Social,202
4382,174,2279,2024-08-21,5,89.89,Online,49
4383,190,2279,2024-09-23,2,121.42,Online,51
4384,113,2279,2025-10-28,5,122.3,Online,73
4385,171,2279,2023-03-25,5,117.28,Online,22
4386,128,2279,2024-11-17,4,69.61,Online,54
4387,102,2279,2023-10-21,1,175.2,Online,34
4388,116,2279,2023-11-22,2,161.44,Online,35
4389,116,2279,2024-05-06,4,161.44,TV,336
4390,168,2279,2025-06-11,1,151.07,In-Store,140
4391,159,2279,2024-07-04,5,21.52,Online,47
4392,187,2280,2024-03-04,1,95.73,In-Store,115
4393,153,2280,2024-06-01,3,44.91,Online,46
4394,169,2280,2023-12-03,2,105.46,Social,188
4395,180,2280,2024-09-25,1,97.9,Online,52
4396,104,2280,2024-11-09,3,50.25,Online,55
4397,137,2280,2023-11-13,1,90.95,Online,35
4398,167,2280,2024-02-27,4,75.91,Online,41
4399,188,2280,2024-03-31,4,12.93,In-Store,118
4400,194,2280,2024-05-05,4,70.1,Online,45
4401,174,2280,2023-10-13,3,89.89,Social,185
4402,190,2280,2024-01-17,1,121.42,Online,39
4403,118,2280,2023-12-08,3,128.58,Online,37
4404,156,2280,2023-10-21,1,13.54,In-Store,109
4405,131,2280,2024-02-21,3,76.52,Online,40
4406,103,2280,2025-02-19,1,74.85,In-Store,135
4407,154,2280,2024-05-10,4,39.53,In-Store,119
4408,112,2280,2024-08-29,3,58.11,Social,201
4409,105,2281,2024-10-28,4,45.85,Online,53
4410,113,2281,2024-12-27,3,122.3,Online,57
4411,132,2281,2025-05-04,5,146.35,In-Store,138
4412,162,2281,2025-01-01,2,23.29,In-Store,132
4413,156,2281,2025-12-02,5,13.54,In-Store,148
4414,155,2281,2024-11-07,5,71.21,Online,54
4415,159,2281,2025-01-17,2,21.52,Online,58
4416,163,2281,2025-01-04,3,115.65,Online,58
4417,142,2281,2025-05-19,5,298.93,Online,65
4418,103,2281,2025-02-17,1,74.85,Online,59
4419,169,2281,2025-07-02,2,105.46,In-Store,141
4420,150,2281,2025-03-12,1,66.48,In-Store,136
4421,195,2281,2025-05-30,1,109.44,In-Store,139
4422,190,2281,2025-08-09,4,121.42,In-Store,142
4423,111,2281,2025-09-19,3,78.12,Online,70
4424,132,2281,2025-09-22,2,146.35,Social,217
4425,124,2281,2025-08-01,3,174.26,Online,68
4426,178,2281,2025-01-08,1,58.92,In-Store,133
4427,143,2281,2024-11-08,3,18.47,Online,55
4428,127,2281,2025-03-27,1,184.65,In-Store,136
4429,113,2281,2025-11-19,4,122.3,Online,74
4430,173,2282,2023-02-21,3,100.75,Online,21
4431,130,2282,2023-07-10,2,117.61,Online,29
4432,115,2282,2024-01-17,3,114.62,Online,38
4433,103,2282,2023-08-22,2,74.85,Online,32
4434,173,2282,2023-08-07,2,100.75,Social,182
4435,143,2282,2023-12-26,1,18.47,Online,37
4436,152,2283,2024-06-27,2,72.34,Social,196
4437,184,2283,2024-10-05,1,120.25,In-Store,127
4438,112,2283,2024-06-11,3,58.11,Social,196
4439,103,2283,2024-07-06,1,74.85,Online,47
4440,162,2283,2024-08-09,1,23.29,TV,340
4441,107,2283,2024-11-26,2,110.76,In-Store,129
4442,104,2283,2024-07-23,2,50.25,Online,49
4443,152,2284,2024-01-09,1,72.34,In-Store,113
4444,188,2284,2024-01-25,3,12.93,Online,40
4445,155,2284,2023-11-24,1,71.21,In-Store,111
4446,184,2284,2024-05-18,3,120.25,In-Store,120
4447,154,2284,2023-11-19,1,39.53,Online,35
4448,133,2284,2023-09-28,3,129.42,In-Store,107
4449,190,2284,2023-11-10,3,121.42,Email,255
4450,144,2284,2024-08-05,3,22.73,TV,340
4451,134,2284,2024-02-26,3,113.57,Online,40
4452,142,2285,2025-08-10,4,298.93,Online,68
4453,194,2285,2025-09-14,1,70.1,TV,361
4454,110,2285,2025-05-21,4,138.19,In-Store,139
4455,112,2285,2025-02-20,2,58.11,Online,60
4456,200,2285,2025-06-08,1,213.63,Email,286
4457,123,2285,2025-09-12,3,28.54,Online,70
4458,130,2285,2024-11-17,5,117.61,Email,277
4459,121,2285,2025-12-02,4,126.42,Online,75
4460,143,2285,2025-07-23,5,18.47,In-Store,142
4461,111,2285,2024-11-28,1,78.12,TV,346
4462,157,2285,2025-11-08,5,140.43,Online,73
4463,193,2285,2025-11-12,3,28.68,Social,220
4464,140,2285,2024-12-17,2,139.7,Social,205
4465,177,2285,2025-05-19,3,296.45,Online,65
4466,200,2285,2025-08-17,1,213.63,Online,69
4467,180,2285,2025-12-21,2,97.9,In-Store,149
4468,121,2285,2025-01-03,4,126.42,Online,58
4469,176,2285,2025-06-27,2,98.45,Online,66
4470,108,2285,2025-04-16,4,127.37,In-Store,138
4471,121,2285,2025-07-08,3,126.42,Online,67
4472,113,2286,2025-06-10,1,122.3,Social,213
4473,135,2286,2025-09-20,2,62.14,Email,291
4474,139,2286,2025-01-16,1,162.16,Online,58
4475,200,2286,2025-10-24,5,213.63,In-Store,146
4476,108,2286,2025-10-16,3,127.37,Online,71
4477,124,2286,2025-11-17,4,174.26,TV,364
4478,172,2286,2024-12-14,2,75.03,Online,56
4479,177,2286,2025-10-02,4,296.45,Email,291
4480,185,2286,2025-04-12,1,143.79,Online,61
4481,200,2286,2025-04-22,5,213.63,Online,62
4482,160,2286,2024-12-13,5,74.86,Email,279
4483,142,2286,2024-10-11,4,298.93,Online,52
4484,177,2286,2024-11-01,1,296.45,Online,53
4485,162,2286,2024-10-29,2,23.29,Online,54
4486,187,2286,2024-10-12,2,95.73,In-Store,127
4487,175,2286,2025-09-01,4,285.32,Online,69
4488,186,2286,2024-10-12,5,29.78,Online,53
4489,197,2286,2025-12-22,1,270.16,In-Store,149
4490,165,2286,2024-12-31,2,213.33,In-Store,131
4491,186,2287,2023-09-01,2,29.78,Online,32
4492,107,2287,2023-02-05,3,110.76,Online,21
4493,131,2287,2023-09-08,2,76.52,In-Store,106
4494,195,2287,2023-11-24,4,109.44,In-Store,111
4495,180,2287,2023-04-14,4,97.9,In-Store,100
4496,146,2287,2023-08-29,3,28.76,Online,32
4497,107,2287,2024-02-19,1,110.76,In-Store,115
4498,163,2287,2024-08-04,2,115.65,TV,341
4499,179,2287,2023-04-19,1,69.62,Online,24
4500,189,2288,2024-04-17,2,47.31,Online,44
4501,187,2288,2024-09-03,2,95.73,Online,50
4502,186,2288,2024-07-29,2,29.78,Email,270
4503,192,2288,2024-08-27,3,22.56,Online,50
4504,187,2288,2024-07-27,2,95.73,TV,339
4505,131,2288,2024-05-19,3,76.52,TV,337
4506,148,2288,2024-06-09,1,47.75,Online,47
4507,148,2288,2024-04-10,3,47.75,In-Store,118
4508,156,2288,2024-09-19,3,13.54,Online,51
4509,135,2288,2024-06-05,2,62.14,Email,267
4510,108,2288,2024-05-03,1,127.37,Online,45
4511,106,2288,2024-04-27,1,41.44,In-Store,119
4512,103,2289,2024-06-14,1,74.85,In-Store,121
4513,169,2289,2025-03-26,4,105.46,Online,61
4514,130,2289,2024-09-30,3,117.61,Online,51
4515,135,2289,2025-02-13,3,62.14,Social,208
4516,141,2289,2025-02-17,3,75.02,In-Store,134
4517,173,2289,2024-12-30,4,100.75,TV,349
4518,113,2289,2024-11-15,2,122.3,Social,204
4519,105,2289,2024-05-05,3,45.85,Online,45
4520,141,2289,2024-10-15,4,75.02,In-Store,127
4521,149,2289,2024-09-11,1,64.92,Online,51
4522,123,2290,2024-10-29,1,28.54,Online,54
4523,136,2290,2025-02-07,4,134.23,Online,59
4524,194,2290,2024-06-17,4,70.1,Social,196
4525,159,2290,2023-11-10,3,21.52,Online,35
4526,174,2290,2024-12-23,1,89.89,Online,57
4527,169,2290,2024-05-29,3,105.46,Online,46
4528,154,2290,2024-06-07,2,39.53,In-Store,121
4529,162,2290,2024-10-11,4,23.29,Online,52
4530,194,2290,2024-04-18,2,70.1,Online,44
4531,111,2290,2023-11-25,1,78.12,Online,36
4532,178,2290,2024-08-12,3,58.92,Online,49
4533,171,2290,2024-03-29,3,117.28,TV,335
4534,160,2290,2024-08-15,1,74.86,Online,50
4535,170,2290,2024-08-12,2,124.94,In-Store,123
4536,187,2290,2024-10-02,1,95.73,Online,52
4537,132,2291,2025-05-05,3,146.35,Online,64
4538,133,2291,2025-09-13,2,129.42,Online,70
4539,185,2291,2025-04-28,2,143.79,In-Store,137
4540,160,2291,2025-05-01,3,74.86,Online,63
4541,190,2291,2025-06-05,3,121.42,Online,66
4542,136,2291,2025-11-08,4,134.23,In-Store,147
4543,146,2291,2025-05-07,1,28.76,In-Store,138
4544,170,2291,2025-12-06,5,124.94,In-Store,149
4545,131,2291,2025-08-24,3,76.52,Social,216
4546,138,2291,2025-06-20,4,115.15,Online,66
4547,190,2291,2025-01-27,2,121.42,Social,206
4548,172,2291,2025-11-25,3,75.03,In-Store,148
4549,172,2291,2025-09-07,5,75.03,TV,360
4550,190,2291,2025-06-04,1,121.42,In-Store,140
4551,151,2291,2025-03-29,4,170.44,Social,210
4552,170,2291,2025-12-04,3,124.94,Online,75
4553,142,2291,2024-11-28,1,298.93,In-Store,130
4554,197,2291,2025-02-16,3,270.16,Online,59
4555,158,2291,2025-03-28,2,132.56,In-Store,137
4556,122,2291,2025-09-30,2,224.2,In-Store,145
4557,118,2291,2025-02-01,4,128.58,Online,58
4558,122,2291,2024-12-15,5,224.2,Email,279
4559,110,2291,2025-05-08,2,138.19,Social,212
4560,148,2291,2025-07-18,5,47.75,In-Store,142
4561,161,2291,2025-04-06,4,233.25,Email,284
4562,108,2291,2025-10-09,2,127.37,Online,70
4563,193,2291,2025-08-25,2,28.68,Online,68
4564,123,2291,2025-03-27,1,28.54,In-Store,137
4565,109,2291,2025-04-02,1,69.39,Online,61
4566,117,2291,2025-10-06,2,214.01,Online,70
4567,188,2292,2025-01-08,4,12.93,In-Store,133
4568,170,2292,2025-11-24,5,124.94,Online,74
4569,196,2292,2025-10-12,3,162.21,Social,219
4570,165,2292,2025-05-07,3,213.33,Online,63
4571,140,2292,2025-07-08,4,139.7,Online,67
4572,165,2292,2024-08-15,2,213.33,Online,49
4573,167,2292,2024-06-08,4,75.91,In-Store,120
4574,200,2292,2025-02-11,2,213.63,Online,59
4575,179,2292,2025-08-21,2,69.62,Email,290
4576,152,2292,2025-10-22,4,72.34,Online,72
4577,158,2292,2024-08-21,5,132.56,In-Store,124
4578,109,2292,2024-07-09,4,69.39,Email,269
4579,190,2292,2025-10-07,4,121.42,Online,70
4580,176,2292,2025-12-28,2,98.45,Online,77
4581,108,2292,2024-07-10,3,127.37,Online,48
4582,182,2292,2025-11-02,2,73.37,In-Store,147
4583,185,2292,2024-08-30,1,143.79,In-Store,125
4584,180,2292,2025-04-05,2,97.9,Social,211
4585,166,2292,2025-03-08,4,151.16,Online,60
4586,176,2292,2025-06-15,4,98.45,Online,66
4587,107,2292,2024-10-24,1,110.76,Social,203
4588,146,2292,2025-08-19,1,28.76,Social,216
4589,133,2293,2025-02-16,5,129.42,In-Store,134
4590,136,2293,2024-11-09,4,134.23,Social,204
4591,123,2293,2024-04-30,1,28.54,Online,45
4592,147,2293,2025-05-15,5,193.11,Online,63
4593,183,2293,2024-01-11,2,127.82,TV,331
4594,194,2293,2025-07-29,5,70.1,In-Store,142
4595,121,2293,2023-04-17,5,126.42,Online,24
4596,160,2293,2024-08-16,1,74.86,Social,200
4597,102,2293,2024-01-09,4,175.2,In-Store,113
4598,110,2293,2025-04-21,2,138.19,Online,62
4599,104,2293,2024-02-08,3,50.25,Social,190
4600,122,2293,2023-06-05,2,224.2,In-Store,103
4601,168,2293,2025-11-06,1,151.07,In-Store,147
4602,108,2293,2023-06-11,3,127.37,In-Store,103
4603,113,2293,2024-10-05,1,122.3,Online,52
4604,196,2293,2023-04-08,4,162.21,Online,24
4605,124,2293,2023-10-10,2,174.26,Social,185
4606,187,2293,2025-11-01,3,95.73,Email,293
4607,181,2293,2024-07-16,2,231.25,Online,48
4608,159,2293,2025-06-11,4,21.52,Online,65
4609,115,2293,2025-09-26,5,114.62,Online,70
4610,170,2293,2023-07-31,5,124.94,In-Store,105
4611,122,2293,2025-07-26,5,224.2,TV,357
4612,151,2293,2024-06-26,5,170.44,Online,47
4613,127,2293,2023-04-16,2,184.65,In-Store,100
4614,169,2294,2025-01-23,3,105.46,Online,59
4615,117,2294,2024-11-15,3,214.01,Online,54
4616,105,2294,2025-05-17,5,45.85,Online,64
4617,144,2294,2024-07-04,5,22.73,In-Store,123
4618,140,2294,2024-05-07,5,139.7,Online,45
4619,132,2294,2023-04-10,4,146.35,Online,24
4620,130,2294,2024-05-15,1,117.61,Social,195
4621,189,2294,2023-06-06,2,47.31,Online,28
4622,174,2294,2024-05-04,1,89.89,Online,45
4623,125,2294,2024-03-02,3,25.35,In-Store,116
4624,114,2294,2025-03-07,3,120.5,Online,60
4625,159,2294,2025-02-16,4,21.52,Online,59
4626,128,2294,2025-05-15,4,69.61,Online,65
4627,165,2294,2025-12-21,4,213.33,Online,76
4628,119,2294,2023-04-12,4,193.28,Online,24
4629,178,2295,2025-08-11,5,58.92,Social,215
4630,167,2295,2024-03-22,3,75.91,Online,43
4631,138,2295,2024-06-23,3,115.15,Online,47
4632,177,2295,2023-11-24,3,296.45,Online,36
4633,121,2295,2025-07-25,5,126.42,Online,67
4634,116,2295,2024-03-27,2,161.44,Online,42
4635,144,2295,2024-07-18,4,22.73,Online,48
4636,185,2295,2025-07-31,3,143.79,Social,215
4637,161,2295,2025-11-02,1,233.25,Online,73
4638,111,2295,2024-02-04,1,78.12,Social,190
4639,111,2295,2024-03-29,3,78.12,Online,43
4640,141,2295,2024-01-01,4,75.02,Online,37
4641,184,2296,2023-12-20,3,120.25,In-Store,111
4642,138,2296,2023-11-16,2,115.15,Online,36
4643,152,2296,2023-11-26,3,72.34,In-Store,111
4644,111,2296,2024-09-18,2,78.12,Online,51
4645,154,2297,2025-04-17,5,39.53,Online,63
4646,151,2297,2025-07-31,5,170.44,Social,215
4647,129,2297,2023-08-15,3,269.37,TV,323
4648,110,2297,2025-12-23,2,138.19,Online,77
4649,121,2297,2024-05-18,3,126.42,Online,46
4650,170,2297,2023-02-06,3,124.94,In-Store,97
4651,112,2297,2024-12-24,4,58.11,Online,56
4652,152,2297,2025-09-20,1,72.34,In-Store,145
4653,184,2297,2025-08-28,2,120.25,In-Store,143
4654,152,2297,2022-12-20,5,72.34,Social,170
4655,119,2297,2025-12-09,4,193.28,Online,76
4656,191,2297,2024-04-08,1,196.98,Social,192
4657,130,2297,2023-05-15,5,117.61,In-Store,101
4658,142,2297,2023-08-25,3,298.93,In-Store,106
4659,143,2297,2022-12-17,3,18.47,Online,18
4660,127,2297,2024-02-20,4,184.65,In-Store,115
4661,177,2297,2025-07-03,4,296.45,Online,66
4662,163,2297,2024-11-29,1,115.65,In-Store,130
4663,186,2298,2023-01-29,2,29.78,In-Store,97
4664,187,2298,2022-08-16,3,95.73,Online,12
4665,114,2299,2023-09-30,1,120.5,Online,33
4666,113,2299,2023-08-21,2,122.3,Social,182
4667,194,2299,2024-04-16,3,70.1,In-Store,118
4668,103,2299,2023-12-25,4,74.85,In-Store,111
4669,188,2299,2024-07-31,3,12.93,Online,49
4670,106,2300,2023-07-18,2,41.44,Online,29
4671,177,2300,2024-07-30,3,296.45,In-Store,123
4672,143,2300,2024-04-13,3,18.47,Online,43
4673,147,2300,2024-07-11,3,193.11,Email,269
4674,168,2300,2023-05-07,4,151.07,Online,25
4675,136,2300,2022-03-09,2,134.23,Social,155
4676,187,2300,2023-05-15,1,95.73,Online,26
4677,105,2300,2025-02-20,1,45.85,Online,60
4678,196,2300,2024-12-23,2,162.21,Social,205
4679,104,2300,2024-03-13,5,50.25,Online,41
4680,114,2300,2025-08-30,1,120.5,Email,290
4681,132,2300,2023-01-10,4,146.35,In-Store,96
4682,133,2300,2023-05-28,1,129.42,Online,27
4683,125,2300,2024-12-27,1,25.35,TV,349
4684,132,2300,2023-02-17,5,146.35,Online,21
4685,170,2300,2024-07-28,3,124.94,Social,199
4686,138,2301,2025-06-14,1,115.15,In-Store,139
4687,196,2301,2025-03-29,4,162.21,TV,352
4688,139,2301,2025-04-27,3,162.16,Online,63
4689,113,2301,2025-11-29,4,122.3,Online,75
4690,104,2301,2024-04-05,1,50.25,TV,335
4691,157,2301,2025-03-21,1,140.43,Social,210
4692,147,2301,2025-10-16,5,193.11,Online,72
4693,165,2301,2025-04-30,4,213.33,In-Store,138
4694,157,2301,2025-04-04,3,140.43,Online,62
4695,161,2301,2025-05-26,4,233.25,Online,65
4696,139,2301,2025-03-27,3,162.16,In-Store,137
4697,177,2301,2024-12-07,5,296.45,Online,56
4698,151,2301,2024-02-17,4,170.44,Online,40
4699,132,2301,2024-02-12,4,146.35,In-Store,115
4700,124,2301,2024-03-13,5,174.26,Online,42
4701,174,2301,2024-08-17,5,89.89,Social,200
4702,190,2301,2025-03-23,5,121.42,In-Store,136
4703,170,2301,2025-03-16,4,124.94,Social,210
4704,160,2301,2025-11-21,5,74.86,In-Store,147
4705,130,2301,2025-12-24,4,117.61,Online,76
4706,198,2301,2024-10-26,5,167.93,Online,53
4707,165,2301,2024-01-10,5,213.33,Online,38
4708,184,2301,2025-01-15,5,120.25,In-Store,133
4709,188,2301,2024-10-11,2,12.93,Online,53
4710,173,2301,2025-09-03,4,100.75,In-Store,143
4711,154,2301,2025-05-25,1,39.53,Online,65
4712,158,2301,2024-07-30,4,132.56,Online,49
4713,125,2302,2025-09-13,2,25.35,TV,360
4714,198,2302,2025-01-28,4,167.93,Online,59
4715,166,2302,2025-11-27,1,151.16,In-Store,149
4716,170,2302,2025-02-25,3,124.94,Online,60
4717,130,2302,2024-08-29,3,117.61,Online,49
4718,115,2302,2024-08-19,1,114.62,Online,50
4719,149,2302,2025-03-01,3,64.92,Online,60
4720,186,2302,2025-05-31,5,29.78,Online,65
4721,114,2302,2024-11-01,3,120.5,Online,53
4722,155,2302,2025-11-23,1,71.21,In-Store,147
4723,196,2302,2025-03-06,3,162.21,Social,209
4724,172,2302,2025-02-05,4,75.03,Online,59
4725,111,2302,2025-08-23,5,78.12,In-Store,143
4726,191,2302,2024-08-24,4,196.98,Social,200
4727,126,2302,2025-10-21,5,62.9,Online,72
4728,117,2302,2024-12-09,3,214.01,Social,205
4729,148,2302,2025-04-16,5,47.75,Online,61
4730,155,2302,2025-09-11,5,71.21,Social,217
4731,186,2302,2024-08-11,2,29.78,Social,199
4732,132,2302,2025-09-23,4,146.35,TV,361
4733,117,2302,2024-08-08,2,214.01,Email,271
4734,153,2302,2025-06-08,4,44.91,Online,66
4735,141,2302,2025-02-15,3,75.02,In-Store,134
4736,104,2302,2025-12-09,2,50.25,In-Store,149
4737,162,2302,2024-12-14,2,23.29,Online,57
4738,180,2302,2025-08-23,2,97.9,In-Store,143
4739,183,2302,2024-12-03,1,127.82,Online,55
4740,157,2303,2025-03-08,2,140.43,Online,60
4741,117,2303,2025-03-04,3,214.01,Online,60
4742,159,2303,2025-04-21,3,21.52,Online,62
4743,119,2303,2025-12-19,4,193.28,Online,77
4744,102,2303,2025-08-21,3,175.2,Online,68
4745,139,2303,2025-05-29,3,162.16,Online,65
4746,118,2303,2024-09-03,5,128.58,Online,51
4747,193,2303,2025-02-15,4,28.68,Online,59
4748,153,2303,2024-08-26,4,44.91,Online,50
4749,158,2303,2024-05-14,2,132.56,Online,46
4750,144,2303,2024-08-05,5,22.73,Online,49
4751,199,2303,2025-02-18,1,105.38,Online,60
4752,166,2303,2025-03-04,4,151.16,Online,60
4753,152,2303,2024-06-29,3,72.34,Social,198
4754,159,2303,2024-11-25,4,21.52,Online,55
4755,118,2303,2024-09-09,2,128.58,Online,51
4756,141,2303,2025-02-20,2,75.02,TV,351
4757,114,2303,2024-05-30,4,120.5,TV,338
4758,184,2304,2022-12-21,5,120.25,Online,18
4759,113,2304,2023-11-09,2,122.3,Online,35
4760,155,2304,2025-05-05,5,71.21,In-Store,138
4761,187,2304,2025-02-18,1,95.73,Online,60
4762,141,2304,2024-07-24,2,75.02,Online,48
4763,127,2304,2022-12-26,2,184.65,Online,19
4764,142,2304,2024-01-15,5,298.93,Online,38
4765,133,2304,2023-03-19,2,129.42,In-Store,99
4766,124,2304,2025-03-07,4,174.26,Online,60
4767,121,2304,2022-11-24,4,126.42,In-Store,94
4768,166,2304,2024-08-22,3,151.16,Online,49
4769,161,2304,2025-01-25,3,233.25,Online,58
4770,175,2304,2023-09-23,3,285.32,Online,33
4771,160,2304,2024-07-05,3,74.86,Online,48
4772,166,2304,2024-07-12,4,151.16,Social,198
4773,122,2304,2023-06-04,2,224.2,Online,28
4774,161,2304,2023-07-11,1,233.25,In-Store,104
4775,135,2304,2024-10-21,4,62.14,Social,202
4776,111,2304,2024-09-06,2,78.12,In-Store,124
4777,160,2304,2025-07-13,4,74.86,Social,215
4778,162,2304,2024-04-12,3,23.29,In-Store,118
4779,190,2304,2022-12-14,5,121.42,Online,18
4780,113,2304,2023-10-23,3,122.3,Online,34
4781,136,2304,2023-12-22,3,134.23,In-Store,112
4782,171,2305,2024-01-06,2,117.28,Social,189
4783,193,2305,2024-03-08,2,28.68,Online,41
4784,104,2305,2024-02-13,1,50.25,Online,40
4785,176,2305,2024-01-16,3,98.45,Online,39
4786,160,2305,2024-09-05,1,74.86,Online,51
4787,117,2306,2023-11-27,3,214.01,Online,36
4788,101,2306,2023-01-24,4,116.4,Online,20
4789,122,2306,2023-09-15,1,224.2,Online,33
4790,138,2306,2025-11-22,5,115.15,Online,74
4791,185,2306,2024-05-15,2,143.79,Social,194
4792,133,2306,2022-08-22,5,129.42,Online,11
4793,169,2306,2023-12-18,4,105.46,Online,36
4794,132,2306,2025-06-23,5,146.35,Social,214
4795,139,2306,2025-05-30,1,162.16,In-Store,139
4796,105,2306,2025-08-07,2,45.85,Online,68
4797,103,2306,2023-10-02,3,74.85,Online,33
4798,165,2306,2022-12-16,4,213.33,Online,19
4799,124,2306,2024-11-27,1,174.26,Email,277
4800,131,2306,2022-09-05,5,76.52,Online,12
4801,127,2306,2025-02-25,5,184.65,In-Store,135
4802,157,2306,2025-07-15,3,140.43,Online,67
4803,140,2306,2025-02-21,4,139.7,In-Store,134
4804,158,2306,2022-08-10,4,132.56,Social,162
4805,183,2306,2023-09-15,1,127.82,Online,33
4806,117,2306,2024-01-27,2,214.01,Online,40
4807,177,2306,2022-10-13,2,296.45,Online,14
4808,129,2306,2025-05-30,3,269.37,TV,355
4809,159,2306,2024-06-22,1,21.52,In-Store,121
4810,198,2306,2023-05-15,1,167.93,Online,26
4811,124,2306,2023-06-16,4,174.26,Online,28
4812,151,2306,2023-03-05,3,170.44,Online,21
4813,194,2306,2025-11-23,1,70.1,Online,75
4814,169,2306,2024-11-05,2,105.46,Online,54
4815,161,2306,2025-07-04,2,233.25,Social,214
4816,181,2306,2024-02-26,3,231.25,Online,41
4817,140,2306,2025-11-20,2,139.7,Online,74
4818,140,2306,2024-09-17,1,139.7,Online,51
4819,149,2307,2024-08-25,1,64.92,In-Store,124
4820,168,2307,2025-03-28,2,151.07,Online,60
4821,102,2307,2024-10-20,2,175.2,Online,53
4822,160,2307,2025-12-20,1,74.86,In-Store,149
4823,122,2307,2024-12-18,5,224.2,Online,57
4824,189,2307,2025-09-03,3,47.31,Online,69
4825,151,2307,2025-05-16,4,170.44,Online,65
4826,159,2307,2025-05-10,4,21.52,In-Store,139
4827,147,2307,2025-01-02,5,193.11,Online,58
4828,185,2307,2025-01-22,1,143.79,In-Store,134
4829,147,2307,2025-07-09,4,193.11,In-Store,142
4830,184,2307,2025-11-05,2,120.25,Online,72
4831,116,2307,2025-07-13,4,161.44,Social,215
4832,188,2307,2025-07-08,1,12.93,Online,67
4833,156,2307,2025-01-06,4,13.54,Online,57
4834,115,2307,2025-06-14,1,114.62,Online,65
4835,172,2307,2025-08-12,3,75.03,In-Store,143
4836,183,2307,2025-12-14,4,127.82,Online,76
4837,166,2307,2024-10-24,3,151.16,Online,53
4838,193,2307,2025-08-27,3,28.68,Online,69
4839,156,2307,2025-10-04,3,13.54,Email,292
4840,182,2308,2024-04-01,3,73.37,Online,43
4841,152,2308,2024-08-19,1,72.34,Online,49
4842,125,2308,2024-04-01,3,25.35,In-Store,118
4843,137,2308,2024-09-29,3,90.95,In-Store,125
4844,163,2308,2024-06-11,2,115.65,Online,46
4845,107,2308,2024-05-08,3,110.76,Social,194
4846,154,2308,2024-03-10,3,39.53,In-Store,116
4847,141,2309,2024-05-23,1,75.02,Online,46
4848,152,2309,2023-12-27,1,72.34,Social,188
4849,104,2309,2024-02-14,3,50.25,In-Store,114
4850,108,2309,2024-03-10,2,127.37,Online,42
4851,129,2310,2024-07-24,4,269.37,Online,48
4852,184,2310,2025-06-17,4,120.25,TV,355
4853,101,2310,2025-12-17,3,116.4,Online,76
4854,194,2310,2024-07-01,3,70.1,Online,47
4855,108,2310,2025-04-19,5,127.37,Online,62
4856,132,2310,2023-06-18,5,146.35,Online,28
4857,141,2310,2025-07-13,2,75.02,In-Store,141
4858,170,2310,2025-12-15,1,124.94,Online,76
4859,105,2310,2024-11-17,5,45.85,Online,55
4860,173,2310,2025-02-06,5,100.75,In-Store,134
4861,118,2310,2025-06-25,2,128.58,Online,66
4862,126,2310,2024-01-23,4,62.9,Online,39
4863,188,2310,2023-10-29,1,12.93,Email,255
4864,190,2310,2024-06-05,4,121.42,Social,195
4865,174,2310,2025-12-31,1,89.89,In-Store,149
4866,183,2310,2023-09-05,3,127.82,In-Store,107
4867,185,2310,2023-07-22,1,143.79,TV,322
4868,124,2310,2025-02-15,5,174.26,In-Store,135
4869,189,2310,2025-05-16,3,47.31,In-Store,138
4870,138,2310,2023-09-14,2,115.15,Online,33
4871,108,2310,2024-07-22,4,127.37,Online,49
4872,129,2310,2023-12-19,4,269.37,Online,37
4873,129,2310,2024-07-30,4,269.37,Social,199
4874,152,2310,2024-05-13,1,72.34,TV,336
4875,183,2310,2023-07-05,4,127.82,In-Store,104
4876,167,2310,2025-01-15,5,75.91,Online,58
4877,131,2310,2025-03-11,1,76.52,Online,60
4878,147,2310,2025-12-24,3,193.11,Online,77
4879,147,2310,2023-07-08,4,193.11,Online,29
4880,109,2311,2025-11-23,1,69.39,Online,74
4881,118,2311,2025-09-28,5,128.58,Online,70
4882,121,2311,2025-05-15,1,126.42,Online,63
4883,127,2311,2024-05-18,3,184.65,Online,46
4884,188,2311,2025-08-05,4,12.93,In-Store,142
4885,156,2311,2024-04-21,3,13.54,Online,44
4886,113,2311,2024-01-04,5,122.3,Online,38
4887,168,2311,2025-08-31,1,151.07,TV,359
4888,150,2311,2024-12-11,2,66.48,Online,56
4889,162,2311,2024-06-07,1,23.29,Online,46
4890,111,2311,2023-10-04,5,78.12,In-Store,108
4891,162,2311,2025-05-20,1,23.29,In-Store,139
4892,119,2311,2023-11-11,2,193.28,Social,185
4893,124,2311,2023-11-02,5,174.26,Social,186
4894,194,2311,2024-11-24,1,70.1,Online,55
4895,149,2311,2025-04-03,1,64.92,Social,210
4896,159,2312,2024-11-14,1,21.52,Online,54
4897,125,2312,2024-09-28,1,25.35,TV,344
4898,169,2312,2024-11-20,1,105.46,Online,54
4899,155,2312,2024-08-23,3,71.21,Email,271
4900,104,2312,2024-08-19,2,50.25,In-Store,124
4901,165,2313,2022-08-14,2,213.33,Online,11
4902,161,2313,2022-08-17,5,233.25,TV,308
4903,199,2313,2022-10-27,5,105.38,Online,16
4904,130,2313,2025-05-01,1,117.61,Online,64
4905,190,2313,2024-12-23,1,121.42,In-Store,131
4906,191,2313,2022-12-07,2,196.98,In-Store,95
4907,153,2313,2022-10-31,3,44.91,Email,238
4908,113,2313,2022-05-17,3,122.3,Email,229
4909,117,2313,2022-04-22,5,214.01,In-Store,84
4910,175,2313,2025-12-15,1,285.32,Online,76
4911,193,2313,2025-04-10,3,28.68,Online,62
4912,186,2313,2024-12-31,1,29.78,In-Store,131
4913,191,2313,2025-09-09,4,196.98,Online,69
4914,183,2313,2025-02-21,4,127.82,Online,59
4915,121,2313,2024-09-07,1,126.42,Online,50
4916,185,2313,2022-09-24,4,143.79,Online,13
4917,141,2313,2022-11-27,4,75.02,Online,18
4918,169,2313,2025-07-09,2,105.46,Online,67
4919,122,2313,2023-02-18,3,224.2,Social,173
4920,141,2313,2022-09-16,1,75.02,Email,236
4921,110,2313,2023-07-04,4,138.19,In-Store,103
4922,117,2313,2024-09-17,2,214.01,Online,51
4923,135,2313,2024-07-24,3,62.14,Online,49
4924,166,2313,2024-02-04,4,151.16,In-Store,114
4925,175,2313,2022-09-14,3,285.32,Online,13
4926,164,2313,2022-08-25,4,91.03,In-Store,89
4927,187,2313,2025-08-19,3,95.73,Online,69
4928,110,2313,2024-04-18,5,138.19,Online,44
4929,106,2313,2025-06-24,5,41.44,Online,66
4930,122,2313,2022-08-11,1,224.2,In-Store,89
4931,126,2314,2022-07-05,3,62.9,Online,9
4932,156,2314,2023-02-22,2,13.54,Online,21
4933,170,2314,2023-06-25,3,124.94,Email,249
4934,195,2314,2022-03-01,1,109.44,Online,3
4935,182,2314,2022-02-12,3,73.37,Online,3
4936,153,2314,2022-05-12,1,44.91,Social,158
4937,128,2315,2025-01-04,1,69.61,Online,58
4938,136,2315,2025-01-04,4,134.23,Online,58
4939,156,2315,2024-07-01,3,13.54,Online,47
4940,186,2315,2024-04-19,1,29.78,Online,43
4941,173,2315,2024-05-04,1,100.75,Online,44
4942,193,2315,2024-05-05,1,28.68,Online,45
4943,199,2315,2024-07-24,3,105.38,Online,49
4944,152,2315,2024-05-07,2,72.34,Online,45
4945,188,2316,2025-02-20,4,12.93,Social,209
4946,136,2316,2023-09-30,5,134.23,Online,33
4947,127,2316,2022-11-11,1,184.65,TV,312
4948,111,2316,2024-08-05,5,78.12,Online,49
4949,126,2316,2023-10-23,1,62.9,Online,34
4950,140,2316,2025-04-17,4,139.7,Online,62
4951,106,2316,2023-05-13,1,41.44,Online,25
4952,102,2316,2025-12-25,2,175.2,Online,76
4953,168,2316,2023-02-12,5,151.07,Online,21
4954,146,2316,2022-05-11,4,28.76,Online,6
4955,162,2316,2023-02-27,3,23.29,TV,317
4956,102,2316,2025-08-07,1,175.2,Online,68
4957,139,2316,2022-10-20,5,162.16,Online,15
4958,166,2316,2025-09-05,2,151.16,Online,70
4959,129,2316,2022-11-09,2,269.37,Online,16
4960,186,2316,2022-06-14,3,29.78,Online,7
4961,150,2316,2024-10-08,2,66.48,In-Store,126
4962,188,2316,2025-04-05,1,12.93,In-Store,137
4963,166,2316,2024-09-25,3,151.16,TV,344
4964,195,2316,2025-05-28,5,109.44,In-Store,139
4965,139,2316,2025-03-23,2,162.16,Email,283
4966,132,2316,2022-05-20,1,146.35,Social,159
4967,110,2316,2022-11-10,3,138.19,Online,16
4968,137,2316,2022-09-20,2,90.95,In-Store,90
4969,155,2316,2025-02-23,1,71.21,Email,282
4970,121,2316,2023-10-04,5,126.42,Online,33
4971,161,2316,2024-10-31,2,233.25,In-Store,128
4972,108,2317,2025-06-01,5,127.37,Email,286
4973,133,2317,2024-03-30,2,129.42,In-Store,118
4974,170,2317,2025-01-05,5,124.94,In-Store,131
4975,161,2317,2023-09-09,2,233.25,Online,32
4976,116,2317,2025-04-05,2,161.44,Online,61
4977,174,2317,2025-12-05,4,89.89,Online,75
4978,172,2317,2024-04-16,4,75.03,In-Store,118
4979,181,2317,2023-08-29,3,231.25,In-Store,107
4980,151,2317,2024-08-01,3,170.44,In-Store,123
4981,192,2317,2024-06-23,1,22.56,Online,47
4982,108,2317,2024-05-25,1,127.37,Social,195
4983,177,2317,2025-04-23,5,296.45,In-Store,137
4984,139,2317,2025-07-21,2,162.16,Online,68
4985,198,2317,2025-11-12,1,167.93,Online,73
4986,158,2317,2025-08-29,3,132.56,Online,68
4987,181,2317,2024-04-17,3,231.25,Online,44
4988,113,2317,2023-09-28,3,122.3,Online,33
4989,161,2317,2024-10-12,2,233.25,Online,53
4990,170,2317,2025-03-10,5,124.94,Social,210
4991,106,2318,2023-09-08,2,41.44,Online,32
4992,104,2318,2023-09-14,1,50.25,Online,33
4993,114,2318,2024-01-22,1,120.5,Online,39
4994,196,2319,2025-12-26,5,162.21,Social,222
4995,196,2319,2024-03-14,4,162.21,In-Store,117
4996,136,2319,2025-05-04,2,134.23,Online,64
4997,122,2319,2022-08-05,2,224.2,Online,11
4998,170,2319,2023-05-02,2,124.94,Online,25
4999,177,2319,2025-06-01,1,296.45,Online,65
5000,149,2319,2025-02-02,3,64.92,Online,59
5001,133,2319,2024-05-25,4,129.42,In-Store,120
5002,151,2319,2024-05-18,3,170.44,Online,45
5003,163,2319,2025-10-27,4,115.65,Online,72
5004,152,2319,2025-05-04,4,72.34,Online,63
5005,161,2319,2024-02-06,4,233.25,Online,39
5006,116,2319,2023-09-27,2,161.44,In-Store,107
5007,175,2319,2024-06-09,3,285.32,Online,46
5008,162,2319,2023-10-16,3,23.29,In-Store,108
5009,174,2319,2023-04-29,2,89.89,Online,24
5010,124,2319,2022-08-28,2,174.26,In-Store,89
5011,117,2319,2024-09-28,5,214.01,In-Store,126
5012,120,2319,2025-01-09,4,186.86,Online,58
5013,111,2319,2023-06-04,2,78.12,Online,26
5014,113,2319,2023-01-12,5,122.3,Email,240
5015,187,2319,2023-07-15,3,95.73,In-Store,105
5016,161,2319,2025-11-08,4,233.25,Online,72
5017,199,2320,2024-10-20,1,105.38,Online,53
5018,105,2320,2024-04-21,2,45.85,Social,194
5019,164,2320,2024-10-03,1,91.03,TV,344
5020,171,2320,2024-06-20,1,117.28,Social,196
5021,186,2320,2024-10-31,2,29.78,Online,53
5022,156,2320,2024-07-08,3,13.54,Online,48
5023,144,2320,2024-07-28,3,22.73,Online,48
5024,183,2320,2024-06-25,2,127.82,Online,47
5025,156,2320,2024-05-21,1,13.54,In-Store,120
5026,196,2321,2025-06-16,2,162.21,Online,66
5027,139,2321,2025-09-11,5,162.16,Online,70
5028,140,2321,2025-08-11,1,139.7,In-Store,143
5029,158,2321,2023-04-04,3,132.56,Online,24
5030,168,2321,2024-05-03,3,151.07,Online,44
5031,135,2321,2023-10-20,1,62.14,Online,34
5032,195,2321,2024-04-16,5,109.44,Online,44
5033,168,2321,2024-09-29,5,151.07,Social,202
5034,124,2321,2023-01-10,3,174.26,In-Store,96
5035,123,2321,2024-02-26,2,28.54,Online,40
5036,191,2321,2023-07-16,4,196.98,In-Store,105
5037,148,2321,2024-11-07,5,47.75,In-Store,128
5038,197,2322,2025-06-09,3,270.16,Social,213
5039,151,2322,2025-07-14,1,170.44,In-Store,141
5040,167,2322,2025-12-21,5,75.91,In-Store,149
5041,188,2322,2025-01-21,4,12.93,TV,349
5042,136,2322,2025-07-06,4,134.23,Online,67
5043,127,2322,2025-05-24,4,184.65,In-Store,139
5044,160,2322,2025-12-22,2,74.86,Online,76
5045,136,2322,2025-09-19,1,134.23,Social,218
5046,140,2322,2025-10-26,5,139.7,Online,72
5047,161,2322,2025-11-03,5,233.25,Online,73
5048,120,2322,2025-02-04,1,186.86,Online,59
5049,143,2322,2025-10-15,4,18.47,Online,71
5050,143,2322,2025-10-17,4,18.47,Online,71
5051,185,2322,2025-04-03,2,143.79,In-Store,137
5052,175,2322,2025-01-31,5,285.32,Online,58
5053,114,2322,2025-02-07,5,120.5,In-Store,134
5054,159,2322,2025-10-26,4,21.52,Online,72
5055,142,2322,2025-08-10,3,298.93,Social,215
5056,198,2322,2025-10-05,1,167.93,Online,70
5057,126,2323,2024-06-21,3,62.9,In-Store,122
5058,124,2323,2024-06-22,5,174.26,In-Store,121
5059,198,2323,2025-09-27,2,167.93,In-Store,144
5060,185,2323,2023-12-28,3,143.79,Online,37
5061,121,2323,2025-06-19,5,126.42,Social,214
5062,108,2323,2024-11-07,2,127.37,TV,346
5063,109,2323,2025-11-26,3,69.39,Online,74
5064,164,2323,2025-08-19,4,91.03,Online,68
5065,200,2323,2025-05-20,3,213.63,Social,212
5066,110,2323,2025-04-03,1,138.19,Online,61
5067,164,2323,2024-07-22,1,91.03,Social,198
5068,133,2323,2024-10-10,4,129.42,Online,53
5069,188,2323,2024-04-20,2,12.93,Social,194
5070,200,2323,2024-10-26,2,213.63,Online,53
5071,181,2323,2024-07-27,3,231.25,Online,49
5072,156,2323,2024-06-25,3,13.54,In-Store,121
5073,144,2323,2024-08-31,4,22.73,In-Store,124
5074,198,2323,2024-12-08,4,167.93,Online,55
5075,147,2324,2024-05-01,5,193.11,Online,45
5076,128,2324,2024-11-30,1,69.61,Online,55
5077,191,2324,2025-08-21,1,196.98,TV,359
5078,198,2324,2025-07-04,5,167.93,Online,66
5079,104,2324,2024-12-16,3,50.25,Social,205
5080,162,2324,2024-04-14,1,23.29,Social,193
5081,111,2324,2024-03-28,4,78.12,In-Store,118
5082,117,2324,2024-05-21,2,214.01,In-Store,120
5083,151,2324,2025-11-08,4,170.44,In-Store,147
5084,147,2324,2024-06-27,3,193.11,Social,196
5085,175,2324,2024-02-02,1,285.32,Online,40
5086,112,2324,2025-09-22,1,58.11,Online,70
5087,170,2324,2024-06-07,4,124.94,Online,47
5088,142,2324,2025-10-26,1,298.93,Online,72
5089,109,2324,2024-11-07,5,69.39,Online,54
5090,143,2324,2024-04-08,5,18.47,Online,43
5091,142,2324,2025-09-21,1,298.93,Online,70
5092,107,2324,2025-09-15,2,110.76,Online,70
5093,163,2324,2025-02-25,2,115.65,In-Store,135
5094,175,2324,2024-06-04,2,285.32,In-Store,121
5095,122,2324,2025-06-23,3,224.2,Online,66
5096,147,2324,2025-11-23,4,193.11,Online,75
5097,160,2324,2025-12-06,4,74.86,Online,74
5098,139,2325,2025-07-24,5,162.16,Online,68
5099,116,2325,2023-09-10,2,161.44,Social,184
5100,161,2325,2025-12-29,1,233.25,Social,222
5101,125,2325,2025-09-12,3,25.35,Online,70
5102,117,2325,2024-06-06,3,214.01,In-Store,121
5103,117,2325,2025-03-15,2,214.01,Online,60
5104,137,2325,2024-12-11,4,90.95,Online,56
5105,200,2325,2025-11-22,5,213.63,In-Store,147
5106,102,2325,2025-01-28,1,175.2,In-Store,133
5107,147,2325,2024-09-30,3,193.11,In-Store,126
5108,139,2325,2024-05-22,3,162.16,Social,195
5109,127,2325,2025-05-11,5,184.65,TV,355
5110,183,2325,2024-11-08,1,127.82,Online,54
5111,124,2325,2024-03-16,5,174.26,Online,41
5112,134,2325,2023-12-10,2,113.57,Online,36
5113,157,2325,2025-12-28,1,140.43,Online,77
5114,122,2325,2024-08-10,1,224.2,Online,49
5115,135,2325,2025-11-19,1,62.14,Online,74
5116,118,2325,2023-10-25,5,128.58,In-Store,108
5117,184,2326,2023-11-18,3,120.25,In-Store,110
5118,108,2326,2023-06-22,2,127.37,Online,28
5119,160,2326,2023-01-18,1,74.86,Online,19
5120,144,2326,2023-08-26,1,22.73,Online,32
5121,130,2326,2022-11-16,1,117.61,Online,17
5122,159,2326,2023-03-03,2,21.52,Social,173
5123,122,2327,2023-05-07,2,224.2,Online,25
5124,140,2327,2025-10-26,5,139.7,In-Store,147
5125,190,2327,2024-10-28,3,121.42,Online,53
5126,168,2327,2022-06-06,5,151.07,In-Store,86
5127,179,2327,2022-09-23,5,69.62,Email,236
5128,158,2327,2024-04-15,1,132.56,Online,44
5129,107,2327,2024-09-04,1,110.76,Online,51
5130,151,2327,2025-07-23,4,170.44,In-Store,142
5131,170,2327,2025-10-31,5,124.94,Online,72
5132,168,2327,2025-04-13,2,151.07,Online,61
5133,191,2327,2022-09-22,1,196.98,Online,13
5134,153,2327,2024-05-01,5,44.91,TV,336
5135,108,2327,2022-10-13,5,127.37,Online,15
5136,172,2327,2024-04-23,5,75.03,In-Store,119
5137,136,2327,2025-01-26,2,134.23,Online,58
5138,190,2327,2022-07-08,1,121.42,In-Store,87
5139,171,2328,2024-02-26,5,117.28,Online,40
5140,110,2328,2023-05-09,5,138.19,Online,25
5141,111,2328,2024-03-28,4,78.12,In-Store,118
5142,150,2328,2025-05-07,3,66.48,TV,354
5143,139,2328,2023-09-04,5,162.16,In-Store,107
5144,185,2328,2025-02-21,2,143.79,Online,59
5145,161,2328,2025-12-26,4,233.25,Email,296
5146,198,2328,2024-12-28,1,167.93,Online,56
5147,153,2328,2024-02-21,3,44.91,Email,261
5148,158,2328,2024-09-08,5,132.56,Social,201
5149,101,2328,2022-04-24,2,116.4,Online,5
5150,158,2328,2025-03-06,2,132.56,Email,283
5151,118,2328,2024-11-17,4,128.58,Online,55
5152,143,2328,2025-06-06,2,18.47,Online,65
5153,104,2328,2022-09-05,1,50.25,Online,12
5154,137,2328,2022-12-29,3,90.95,Email,239
5155,121,2328,2024-09-05,2,126.42,Online,50
5156,106,2328,2025-05-04,2,41.44,Email,285
5157,162,2328,2022-05-01,5,23.29,Email,229
5158,178,2328,2022-12-28,1,58.92,In-Store,95
5159,178,2328,2023-07-18,2,58.92,TV,322
5160,123,2329,2024-09-03,1,28.54,Online,51
5161,174,2329,2025-06-28,2,89.89,Online,67
5162,198,2329,2025-04-20,5,167.93,Email,284
5163,142,2329,2023-12-01,5,298.93,Online,36
5164,135,2329,2024-08-07,2,62.14,Online,49
5165,147,2329,2025-09-05,3,193.11,Online,70
5166,116,2329,2024-03-09,4,161.44,Online,42
5167,121,2329,2025-04-05,3,126.42,In-Store,137
5168,141,2329,2024-09-18,4,75.02,TV,343
5169,183,2329,2023-08-16,4,127.82,Email,252
5170,109,2329,2025-04-05,4,69.39,Online,61
5171,170,2329,2024-05-19,4,124.94,Online,46
5172,183,2329,2024-06-23,4,127.82,Online,47
5173,116,2329,2023-06-22,4,161.44,Online,29
5174,198,2329,2024-01-07,3,167.93,Online,39
5175,146,2329,2025-01-30,2,28.76,Online,59
5176,159,2329,2025-09-01,2,21.52,TV,360
5177,132,2329,2024-06-03,3,146.35,Online,47
5178,170,2329,2024-08-23,2,124.94,Online,50
5179,142,2329,2023-08-10,3,298.93,Online,32
5180,121,2329,2025-02-08,4,126.42,Online,59
5181,185,2330,2024-10-14,4,143.79,Online,52
5182,157,2330,2022-09-29,5,140.43,Online,14
5183,140,2330,2023-12-13,1,139.7,Online,37
5184,166,2330,2024-04-30,2,151.16,Online,43
5185,122,2330,2022-04-11,2,224.2,Online,5
5186,173,2330,2025-03-31,2,100.75,In-Store,137
5187,167,2330,2024-09-24,5,75.91,Online,51
5188,117,2330,2025-03-23,2,214.01,Online,60
5189,156,2330,2023-09-22,2,13.54,Online,33
5190,106,2330,2022-08-09,1,41.44,Online,10
5191,141,2330,2024-05-13,1,75.02,Social,195
5192,129,2330,2024-04-05,5,269.37,Email,263
5193,188,2330,2025-08-28,3,12.93,In-Store,143
5194,105,2330,2023-06-14,1,45.85,Social,179
5195,174,2330,2022-08-14,4,89.89,In-Store,88
5196,107,2330,2025-10-16,3,110.76,Online,72
5197,102,2330,2025-01-04,4,175.2,Online,58
5198,165,2330,2023-08-02,5,213.33,Email,250
5199,141,2330,2024-11-24,3,75.02,Online,55
5200,140,2331,2023-12-08,4,139.7,In-Store,111
5201,127,2331,2023-08-17,4,184.65,In-Store,106
5202,191,2331,2024-12-07,1,196.98,In-Store,131
5203,175,2331,2025-01-14,2,285.32,Online,58
5204,190,2331,2023-10-14,2,121.42,In-Store,108
5205,132,2331,2024-04-02,3,146.35,Social,193
5206,113,2331,2024-05-11,2,122.3,Social,194
5207,184,2331,2023-08-24,1,120.25,In-Store,106
5208,106,2331,2023-06-09,5,41.44,In-Store,103
5209,112,2331,2023-07-07,5,58.11,Online,29
5210,175,2331,2023-03-01,3,285.32,Social,174
5211,191,2331,2023-05-24,2,196.98,Online,26
5212,108,2331,2024-09-14,5,127.37,Social,202
5213,177,2331,2024-02-25,1,296.45,In-Store,115
5214,183,2331,2024-06-07,3,127.82,In-Store,121
5215,184,2331,2025-08-18,1,120.25,Online,68
5216,161,2331,2025-06-26,5,233.25,Email,288
5217,188,2331,2023-04-13,1,12.93,Online,24
5218,197,2331,2023-11-29,4,270.16,Online,36
5219,161,2331,2025-02-05,5,233.25,Online,59
5220,114,2331,2025-09-18,3,120.5,In-Store,144
5221,169,2331,2023-03-01,2,105.46,Online,22
5222,190,2331,2023-08-21,3,121.42,In-Store,106
5223,193,2332,2023-05-18,2,28.68,Online,25
5224,149,2332,2023-08-21,4,64.92,Online,32
5225,135,2332,2022-11-22,2,62.14,In-Store,94
5226,182,2332,2023-01-13,3,73.37,TV,314
5227,182,2332,2022-12-18,1,73.37,In-Store,95
5228,170,2332,2023-02-02,1,124.94,In-Store,97
5229,188,2332,2022-12-02,2,12.93,In-Store,94
5230,190,2332,2022-09-07,2,121.42,Online,13
5231,163,2332,2022-11-14,4,115.65,In-Store,93
5232,101,2332,2023-02-27,3,116.4,In-Store,98
5233,174,2332,2023-06-01,1,89.89,Online,26
5234,149,2333,2023-12-31,2,64.92,In-Store,111
5235,145,2333,2024-02-22,1,87.44,Online,40
5236,143,2333,2024-05-11,2,18.47,Online,46
5237,145,2333,2024-02-11,1,87.44,In-Store,114
5238,167,2334,2024-03-08,2,75.91,Online,42
5239,167,2334,2025-12-02,3,75.91,Online,74
5240,153,2334,2025-03-12,2,44.91,Online,60
5241,165,2334,2025-03-22,2,213.33,Online,61
5242,184,2334,2025-05-24,5,120.25,Social,213
5243,147,2334,2025-11-09,2,193.11,Online,72
5244,197,2334,2025-03-13,4,270.16,TV,352
5245,121,2334,2024-10-16,5,126.42,Email,275
5246,135,2334,2025-12-26,1,62.14,Online,76
5247,190,2334,2024-04-29,5,121.42,Online,43
5248,166,2334,2023-09-24,5,151.16,Online,33
5249,166,2334,2025-07-30,3,151.16,TV,357
5250,124,2334,2025-10-01,1,174.26,Online,70
5251,106,2334,2024-01-09,3,41.44,TV,331
5252,142,2334,2025-12-14,1,298.93,Email,295
5253,165,2334,2024-08-07,4,213.33,Online,49
5254,170,2334,2025-02-21,5,124.94,In-Store,134
5255,162,2334,2023-05-13,2,23.29,In-Store,101
5256,106,2334,2024-12-11,3,41.44,Social,205
5257,197,2334,2025-12-19,1,270.16,In-Store,149
5258,117,2334,2024-09-12,1,214.01,Online,51
5259,138,2335,2025-02-15,1,115.15,Online,59
5260,186,2335,2024-10-30,2,29.78,Online,53
5261,155,2335,2024-09-03,2,71.21,Online,50
5262,135,2335,2025-04-14,4,62.14,In-Store,137
5263,149,2335,2024-04-08,4,64.92,Online,43
5264,135,2335,2024-08-01,4,62.14,TV,341
5265,107,2335,2024-07-18,2,110.76,In-Store,123
5266,192,2335,2024-02-14,2,22.56,In-Store,115
5267,154,2335,2024-03-30,1,39.53,Online,42
5268,148,2335,2024-07-30,2,47.75,Online,49
5269,148,2335,2024-08-03,1,47.75,Online,49
5270,154,2335,2024-03-20,4,39.53,Social,192
5271,190,2335,2024-03-17,1,121.42,Online,42
5272,109,2335,2024-11-28,2,69.39,In-Store,130
5273,192,2335,2024-12-31,1,22.56,Online,56
5274,108,2335,2024-04-07,3,127.37,Online,43
5275,193,2335,2024-11-19,2,28.68,Online,55
5276,156,2336,2025-04-14,1,13.54,In-Store,137
5277,180,2336,2024-09-26,1,97.9,Online,51
5278,149,2336,2025-05-31,1,64.92,Email,286
5279,133,2336,2025-11-07,2,129.42,Email,294
5280,102,2336,2025-08-17,2,175.2,Online,69
5281,149,2336,2025-11-04,3,64.92,Online,73
5282,117,2336,2025-10-28,3,214.01,TV,362
5283,157,2336,2025-09-10,4,140.43,Social,218
5284,122,2336,2025-09-06,3,224.2,Online,69
5285,184,2336,2025-08-23,3,120.25,Email,291
5286,144,2336,2025-08-31,4,22.73,Online,70
5287,164,2336,2025-09-21,4,91.03,In-Store,144
5288,162,2336,2025-03-22,3,23.29,Email,283
5289,175,2336,2025-01-08,1,285.32,Online,58
5290,125,2336,2025-08-19,5,25.35,TV,358
5291,109,2336,2025-08-23,3,69.39,Email,290
5292,165,2336,2025-06-08,3,213.33,Online,65
5293,198,2336,2025-10-25,2,167.93,In-Store,147
5294,162,2336,2025-03-17,4,23.29,In-Store,136
5295,200,2336,2025-11-29,4,213.63,Online,74
5296,140,2336,2025-04-06,5,139.7,Online,61
5297,170,2336,2024-12-05,4,124.94,Online,55
5298,140,2336,2025-06-13,5,139.7,Email,286
5299,111,2337,2024-02-13,4,78.12,In-Store,115
5300,123,2337,2025-05-20,3,28.54,Online,64
5301,157,2337,2025-09-19,5,140.43,In-Store,144
5302,181,2337,2025-03-05,1,231.25,In-Store,135
5303,158,2337,2025-11-21,1,132.56,Online,74
5304,108,2337,2025-09-11,2,127.37,Online,70
5305,183,2337,2024-10-18,1,127.82,Online,52
5306,116,2337,2024-03-23,5,161.44,In-Store,118
5307,127,2337,2025-04-06,4,184.65,Online,62
5308,179,2337,2025-09-29,2,69.62,Social,218
5309,110,2337,2025-04-30,3,138.19,In-Store,138
5310,119,2337,2025-08-06,5,193.28,Email,290
5311,123,2337,2023-11-07,3,28.54,In-Store,110
5312,117,2337,2024-08-28,1,214.01,In-Store,125
5313,184,2337,2025-08-09,1,120.25,Online,69
5314,191,2337,2024-08-20,2,196.98,TV,342
5315,190,2337,2023-12-09,3,121.42,Online,37
5316,197,2337,2023-11-09,4,270.16,In-Store,110
5317,130,2337,2025-11-02,2,117.61,Social,220
5318,114,2337,2025-10-11,3,120.5,Online,70
5319,137,2338,2024-03-28,1,90.95,Online,43
5320,118,2338,2023-08-08,2,128.58,In-Store,105
5321,130,2338,2023-11-06,1,117.61,Online,35
5322,105,2338,2023-08-03,2,45.85,Online,30
5323,159,2338,2023-07-10,2,21.52,Social,180
5324,190,2338,2023-11-07,3,121.42,Online,34
5325,133,2338,2023-06-10,4,129.42,Social,179
5326,142,2339,2024-06-20,3,298.93,Online,47
5327,117,2339,2024-02-06,4,214.01,Online,39
5328,172,2339,2024-06-30,3,75.03,Online,47
5329,154,2339,2024-11-30,3,39.53,In-Store,130
5330,110,2339,2025-03-01,5,138.19,Social,209
5331,157,2339,2025-09-16,2,140.43,Online,70
5332,178,2339,2024-03-05,3,58.92,Online,42
5333,120,2339,2024-12-16,2,186.86,In-Store,131
5334,119,2339,2025-11-30,4,193.28,Online,75
5335,157,2339,2024-06-23,1,140.43,Online,47
5336,196,2339,2024-07-07,3,162.21,Online,47
5337,114,2339,2024-05-07,3,120.5,Social,194
5338,189,2339,2025-01-02,2,47.31,In-Store,131
5339,133,2340,2023-04-02,4,129.42,Online,24
5340,174,2340,2024-02-16,5,89.89,TV,333
5341,104,2340,2025-02-28,1,50.25,In-Store,136
5342,141,2340,2023-01-06,2,75.02,Online,19
5343,197,2340,2025-02-06,2,270.16,Email,282
5344,142,2340,2024-07-26,4,298.93,In-Store,123
5345,122,2340,2023-01-06,1,224.2,In-Store,96
5346,142,2340,2025-12-28,2,298.93,Email,296
5347,113,2340,2025-01-11,1,122.3,Email,280
5348,127,2340,2023-11-21,2,184.65,Social,187
5349,161,2340,2025-08-29,5,233.25,TV,360
5350,186,2340,2024-05-30,1,29.78,In-Store,121
5351,121,2340,2023-07-15,3,126.42,In-Store,105
5352,163,2340,2024-01-16,3,115.65,Online,39
5353,130,2341,2024-08-16,3,117.61,Online,49
5354,121,2341,2024-06-15,3,126.42,Online,47
5355,105,2341,2024-02-29,1,45.85,Online,41
5356,172,2341,2024-07-06,2,75.03,Online,48
5357,143,2341,2024-05-09,2,18.47,Online,45
5358,175,2342,2025-08-20,1,285.32,In-Store,143
5359,104,2342,2023-11-17,3,50.25,In-Store,110
5360,186,2342,2023-04-29,5,29.78,Social,177
5361,138,2342,2023-05-17,2,115.15,Online,25
5362,116,2342,2025-09-07,1,161.44,Social,217
5363,152,2342,2025-11-24,5,72.34,Online,75
5364,193,2342,2022-11-26,1,28.68,Online,17
5365,166,2342,2024-07-10,5,151.16,Online,48
5366,129,2342,2024-11-09,4,269.37,Email,277
5367,170,2342,2024-02-21,4,124.94,Online,40
5368,141,2342,2023-02-22,4,75.02,Online,20
5369,196,2342,2025-09-06,1,162.21,In-Store,143
5370,136,2342,2024-12-23,5,134.23,Online,56
5371,178,2343,2024-10-18,2,58.92,Online,52
5372,109,2343,2024-10-29,1,69.39,In-Store,128
5373,154,2343,2024-10-09,4,39.53,Online,52
5374,136,2343,2024-08-21,4,134.23,Online,49
5375,156,2343,2024-11-24,4,13.54,Online,55
5376,172,2343,2025-02-21,1,75.03,Online,60
5377,123,2343,2025-03-11,4,28.54,Online,60
5378,190,2343,2024-09-29,4,121.42,In-Store,126
5379,178,2344,2023-09-06,3,58.92,In-Store,106
5380,178,2344,2024-03-11,3,58.92,Online,41
5381,136,2344,2023-09-08,1,134.23,Online,32
5382,158,2344,2023-04-11,2,132.56,Online,24
5383,190,2344,2023-06-28,1,121.42,Social,180
5384,173,2344,2023-09-23,1,100.75,Online,33
5385,149,2344,2023-09-13,3,64.92,Online,32
5386,101,2345,2023-07-28,2,116.4,In-Store,105
5387,141,2345,2023-12-28,1,75.02,Social,188
5388,154,2345,2022-11-19,3,39.53,In-Store,93
5389,101,2345,2023-10-08,1,116.4,Online,33
5390,184,2345,2024-02-01,3,120.25,Online,39
5391,121,2345,2023-06-26,4,126.42,In-Store,104
5392,163,2345,2022-11-23,1,115.65,Online,17
5393,121,2345,2023-04-13,1,126.42,Online,24
5394,148,2345,2024-08-17,2,47.75,Online,49
5395,193,2345,2023-06-24,4,28.68,In-Store,103
5396,109,2345,2023-06-01,3,69.39,In-Store,103
5397,148,2345,2023-10-24,2,47.75,Online,34
5398,138,2345,2024-02-24,4,115.15,Online,41
5399,101,2345,2023-07-12,1,116.4,Online,29
5400,154,2345,2022-10-13,2,39.53,Social,165
5401,184,2345,2023-06-18,2,120.25,Online,28
5402,163,2345,2023-07-12,1,115.65,Online,29
5403,170,2346,2022-11-25,1,124.94,Online,17
5404,101,2346,2022-07-28,3,116.4,Online,10
5405,113,2346,2024-06-25,1,122.3,Online,47
5406,190,2346,2024-01-03,2,121.42,Online,37
5407,135,2346,2024-02-08,1,62.14,Online,40
5408,138,2346,2023-02-04,2,115.15,Online,20
5409,159,2346,2024-02-06,2,21.52,Online,40
5410,189,2346,2024-07-15,2,47.31,In-Store,123
5411,148,2346,2023-12-05,1,47.75,Social,188
5412,108,2346,2023-07-21,4,127.37,Online,30
5413,146,2346,2024-02-09,4,28.76,Online,40
5414,162,2346,2023-03-21,1,23.29,Online,22
5415,113,2346,2022-09-14,1,122.3,In-Store,90
5416,103,2346,2024-04-30,4,74.85,TV,336
5417,190,2346,2023-08-28,4,121.42,In-Store,106
5418,104,2346,2024-01-12,4,50.25,In-Store,112
5419,141,2347,2024-02-29,4,75.02,Online,40
5420,177,2347,2023-06-08,3,296.45,Online,27
5421,190,2347,2024-01-10,1,121.42,In-Store,112
5422,193,2347,2024-08-19,4,28.68,Online,49
5423,166,2347,2023-12-25,3,151.16,Social,188
5424,130,2347,2023-05-20,5,117.61,Social,178
5425,121,2347,2024-03-15,2,126.42,Online,42
5426,119,2347,2024-10-14,1,193.28,Social,202
5427,132,2347,2024-12-10,5,146.35,Online,56
5428,121,2347,2025-02-08,3,126.42,Email,281
5429,161,2347,2024-06-25,2,233.25,In-Store,122
5430,170,2347,2024-04-08,1,124.94,In-Store,118
5431,113,2347,2024-07-29,1,122.3,Online,49
5432,132,2347,2024-07-21,1,146.35,In-Store,123
5433,140,2347,2025-03-13,4,139.7,In-Store,136
5434,169,2347,2025-09-04,5,105.46,Online,70
5435,124,2347,2023-08-09,4,174.26,In-Store,106
5436,120,2347,2024-05-16,4,186.86,Online,46
5437,183,2347,2025-12-09,3,127.82,Online,75
5438,161,2347,2024-08-03,5,233.25,Social,199
5439,106,2347,2024-10-10,3,41.44,Social,202
5440,142,2348,2025-09-02,3,298.93,In-Store,144
5441,183,2348,2025-12-30,3,127.82,In-Store,149
5442,177,2348,2025-11-21,4,296.45,Online,74
5443,102,2348,2025-09-01,3,175.2,TV,360
5444,118,2348,2024-10-20,4,128.58,Online,53
5445,151,2348,2024-10-13,2,170.44,In-Store,126
5446,147,2348,2024-10-16,3,193.11,Online,52
5447,133,2348,2024-10-21,5,129.42,In-Store,127
5448,109,2348,2024-12-09,4,69.39,Online,55
5449,131,2348,2024-09-07,4,76.52,Online,50
5450,199,2348,2025-05-27,4,105.38,In-Store,139
5451,186,2348,2025-11-30,1,29.78,Online,75
5452,110,2348,2025-06-03,2,138.19,Online,66
5453,121,2348,2025-01-14,4,126.42,In-Store,132
5454,173,2348,2025-12-09,4,100.75,In-Store,149
5455,172,2348,2025-08-13,3,75.03,In-Store,143
5456,109,2348,2024-11-25,2,69.39,In-Store,129
5457,149,2348,2025-08-21,5,64.92,Online,68
5458,113,2348,2025-07-20,1,122.3,Online,67
5459,116,2348,2025-06-27,1,161.44,Online,66
5460,139,2349,2024-12-31,2,162.16,In-Store,132
5461,131,2349,2023-05-06,2,76.52,Online,25
5462,200,2349,2023-10-07,1,213.63,Online,33
5463,177,2349,2022-12-31,1,296.45,Online,19
5464,113,2349,2025-02-17,4,122.3,Online,59
5465,161,2349,2025-05-25,5,233.25,In-Store,139
5466,140,2349,2025-07-24,5,139.7,In-Store,142
5467,121,2349,2023-03-16,2,126.42,Online,22
5468,185,2349,2023-08-01,5,143.79,Social,181
5469,182,2349,2024-10-07,3,73.37,Online,52
5470,175,2349,2023-06-02,5,285.32,In-Store,103
5471,171,2349,2022-12-09,4,117.28,Online,18
5472,154,2350,2024-02-21,3,39.53,Online,40
5473,189,2350,2023-11-03,2,47.31,Online,34
5474,111,2350,2024-03-03,4,78.12,Online,42
5475,184,2350,2024-04-26,1,120.25,Online,43
5476,125,2350,2023-07-14,4,25.35,TV,322
5477,134,2350,2023-08-21,3,113.57,Social,182
5478,183,2350,2023-06-20,4,127.82,Social,179
5479,150,2350,2024-04-14,4,66.48,Online,43
5480,146,2350,2023-12-13,3,28.76,In-Store,111
5481,143,2350,2024-04-23,2,18.47,Online,44
5482,180,2350,2023-04-21,1,97.9,Online,24
5483,112,2350,2024-01-14,2,58.11,Online,39
5484,150,2351,2022-11-20,3,66.48,In-Store,93
5485,105,2351,2023-02-24,3,45.85,Online,20
5486,189,2351,2022-10-05,3,47.31,TV,311
5487,125,2351,2022-11-24,1,25.35,In-Store,94
5488,187,2351,2022-07-08,1,95.73,In-Store,87
5489,159,2351,2023-02-06,3,21.52,Social,173
5490,149,2351,2023-03-04,2,64.92,Online,21
5491,130,2351,2023-01-10,2,117.61,Online,19
5492,107,2351,2024-06-30,3,110.76,In-Store,122
5493,172,2352,2023-05-17,1,75.03,Social,177
5494,133,2352,2022-07-18,3,129.42,Online,9
5495,115,2352,2023-03-02,1,114.62,Social,173
5496,106,2353,2023-01-08,2,41.44,In-Store,96
5497,114,2353,2023-03-05,3,120.5,Online,21
5498,106,2354,2024-01-07,1,41.44,Online,37
5499,138,2354,2024-02-27,3,115.15,Social,191
5500,146,2354,2024-04-12,1,28.76,Online,43
5501,118,2354,2024-05-17,1,128.58,In-Store,120
5502,133,2354,2023-11-11,3,129.42,Online,35
5503,182,2355,2024-03-28,2,73.37,Online,42
5504,114,2355,2022-10-17,2,120.5,In-Store,92
5505,190,2355,2023-11-30,1,121.42,In-Store,110
5506,183,2355,2023-07-30,3,127.82,Online,31
5507,126,2355,2023-03-18,1,62.9,Online,22
5508,178,2355,2023-02-22,2,58.92,TV,316
5509,123,2355,2023-07-11,1,28.54,In-Store,104
5510,156,2355,2023-12-07,1,13.54,Online,36
5511,132,2356,2025-06-02,3,146.35,Online,66
5512,136,2356,2025-10-12,2,134.23,Online,71
5513,141,2356,2025-01-12,3,75.02,Social,206
5514,187,2356,2025-07-12,1,95.73,Social,214
5515,194,2356,2025-03-12,4,70.1,Social,210
5516,173,2356,2025-02-09,4,100.75,Online,59
5517,147,2356,2025-10-11,3,193.11,Online,70
5518,138,2356,2025-03-25,5,115.15,Online,60
5519,196,2356,2025-04-07,4,162.21,Online,62
5520,165,2356,2025-01-04,1,213.33,Social,206
5521,165,2356,2025-08-06,5,213.33,In-Store,142
5522,146,2356,2025-05-30,5,28.76,Online,65
5523,103,2356,2025-10-05,3,74.85,Online,71
5524,139,2356,2025-10-01,2,162.16,In-Store,145
5525,119,2356,2025-12-17,5,193.28,In-Store,149
5526,162,2356,2025-03-09,4,23.29,Online,60
5527,160,2357,2023-07-11,1,74.86,Online,29
5528,160,2357,2024-02-17,1,74.86,Online,40
5529,108,2357,2023-03-27,3,127.37,Online,24
5530,159,2357,2023-05-08,1,21.52,Online,25
5531,184,2357,2023-07-30,3,120.25,Online,30
5532,189,2358,2024-10-17,4,47.31,Online,53
5533,148,2358,2024-12-27,2,47.75,Online,56
5534,156,2358,2024-12-24,2,13.54,In-Store,131
5535,148,2358,2024-10-01,1,47.75,In-Store,126
5536,159,2358,2024-10-16,2,21.52,Online,52
5537,130,2358,2024-10-13,2,117.61,In-Store,127
5538,194,2358,2025-02-10,3,70.1,Online,59
5539,138,2358,2025-03-08,2,115.15,Social,209
5540,149,2358,2025-02-26,1,64.92,Online,60
5541,189,2358,2025-04-18,2,47.31,Online,63
5542,103,2358,2024-10-30,2,74.85,Online,53
5543,159,2358,2024-09-30,3,21.52,Email,274
5544,172,2358,2024-08-23,1,75.03,Social,200
5545,106,2358,2024-12-10,1,41.44,In-Store,130
5546,167,2359,2024-03-10,3,75.91,Online,41
5547,106,2359,2024-05-30,3,41.44,Online,46
5548,183,2359,2024-06-30,1,127.82,Online,48
5549,167,2359,2024-09-17,3,75.91,Online,51
5550,144,2359,2024-09-14,3,22.73,Online,51
5551,143,2359,2024-08-19,3,18.47,Online,50
5552,186,2359,2024-07-12,3,29.78,In-Store,123
5553,148,2359,2024-03-29,1,47.75,Online,43
5554,172,2360,2024-06-25,2,75.03,In-Store,122
5555,170,2360,2024-06-07,2,124.94,Online,46
5556,131,2360,2024-07-30,2,76.52,Online,49
5557,186,2360,2024-06-12,3,29.78,Online,46
5558,192,2361,2024-09-07,3,22.56,Online,51
5559,104,2361,2024-05-30,1,50.25,Social,195
5560,184,2361,2024-10-27,4,120.25,Online,53
5561,112,2361,2025-03-06,3,58.11,Social,209
5562,152,2361,2025-03-13,2,72.34,Online,60
5563,134,2361,2025-01-03,3,113.57,TV,348
5564,130,2361,2024-08-23,1,117.61,Online,49
5565,143,2361,2024-08-16,2,18.47,Online,49
5566,128,2361,2024-08-26,1,69.61,In-Store,124
5567,171,2362,2024-06-13,1,117.28,Online,46
5568,128,2362,2024-06-15,1,69.61,Online,47
5569,187,2362,2024-02-18,2,95.73,In-Store,114
5570,103,2362,2024-07-05,1,74.85,In-Store,123
5571,131,2362,2024-02-19,3,76.52,TV,334
5572,158,2362,2024-02-15,1,132.56,In-Store,115
5573,173,2362,2024-02-17,1,100.75,Online,40
5574,135,2362,2023-12-10,2,62.14,In-Store,111
5575,144,2363,2025-03-07,4,22.73,In-Store,135
5576,168,2363,2025-06-29,3,151.07,Online,67
5577,120,2363,2024-10-29,5,186.86,Online,53
5578,120,2363,2025-08-29,5,186.86,In-Store,144
5579,187,2363,2023-11-10,1,95.73,Social,186
5580,120,2363,2025-07-18,3,186.86,Online,68
5581,195,2363,2025-02-25,2,109.44,Online,59
5582,116,2363,2024-05-19,2,161.44,Online,46
5583,147,2363,2023-11-06,2,193.11,Online,35
5584,125,2363,2024-02-29,5,25.35,In-Store,116
5585,191,2363,2025-12-28,2,196.98,Online,77
5586,165,2363,2023-08-10,5,213.33,Online,32
5587,154,2363,2025-11-07,1,39.53,Online,73
5588,140,2363,2025-06-30,3,139.7,Online,67
5589,146,2363,2024-01-08,2,28.76,Online,38
5590,102,2363,2025-01-22,5,175.2,Online,58
5591,190,2364,2023-07-28,1,121.42,In-Store,105
5592,161,2364,2024-01-05,5,233.25,In-Store,111
5593,124,2364,2024-12-30,3,174.26,In-Store,131
5594,102,2364,2024-10-02,1,175.2,Online,51
5595,167,2364,2024-06-16,5,75.91,Social,197
5596,116,2364,2024-06-06,2,161.44,Online,46
5597,141,2364,2022-08-08,4,75.02,Online,11
5598,151,2364,2022-04-25,1,170.44,Social,157
5599,140,2364,2024-12-30,1,139.7,In-Store,132
5600,191,2364,2025-05-13,2,196.98,In-Store,139
5601,197,2364,2024-08-13,3,270.16,TV,341
5602,186,2365,2024-12-01,5,29.78,TV,347
5603,182,2365,2025-01-27,5,73.37,In-Store,134
5604,179,2365,2024-02-10,4,69.62,In-Store,114
5605,109,2365,2025-03-25,1,69.39,Social,210
5606,185,2365,2025-02-03,1,143.79,Social,207
5607,126,2365,2025-02-17,1,62.9,Online,59
5608,140,2365,2023-11-14,3,139.7,In-Store,110
5609,120,2365,2025-03-05,4,186.86,Online,60
5610,115,2365,2024-09-03,3,114.62,Online,50
5611,118,2365,2024-07-24,5,128.58,Online,49
5612,145,2365,2022-10-10,4,87.44,Online,14
5613,113,2365,2024-04-21,2,122.3,Online,43
5614,186,2365,2023-10-29,3,29.78,In-Store,108
5615,173,2365,2025-02-06,3,100.75,Online,59
5616,127,2365,2024-03-22,1,184.65,In-Store,117
5617,143,2365,2024-12-15,5,18.47,In-Store,131
5618,195,2365,2023-12-13,3,109.44,Online,37
5619,133,2365,2024-02-23,5,129.42,Online,40
5620,188,2366,2024-11-30,3,12.93,Online,56
5621,183,2366,2024-11-13,1,127.82,Social,204
5622,189,2366,2025-01-23,2,47.31,Online,58
5623,135,2366,2024-11-10,1,62.14,Social,204
5624,113,2366,2024-12-30,2,122.3,Online,56
5625,186,2366,2025-01-10,3,29.78,Social,206
5626,184,2366,2024-12-31,3,120.25,Online,56
5627,111,2367,2023-04-22,4,78.12,Online,25
5628,183,2367,2023-04-26,2,127.82,In-Store,100
5629,130,2367,2023-02-08,3,117.61,Online,21
5630,106,2367,2023-08-31,1,41.44,In-Store,107
5631,133,2367,2023-02-04,2,129.42,Online,21
5632,130,2367,2023-07-12,3,117.61,In-Store,104
5633,141,2367,2024-01-15,4,75.02,Social,190
5634,159,2367,2023-06-16,1,21.52,In-Store,103
5635,115,2367,2023-01-27,2,114.62,Online,20
5636,178,2368,2023-04-17,1,58.92,Online,24
5637,189,2368,2023-06-18,2,47.31,Online,28
5638,150,2368,2024-11-09,3,66.48,Online,55
5639,168,2368,2025-07-01,2,151.07,Online,66
5640,179,2368,2024-01-24,5,69.62,Social,190
5641,149,2368,2023-08-26,4,64.92,Online,32
5642,149,2368,2024-09-15,4,64.92,Online,51
5643,185,2368,2023-11-05,4,143.79,Online,34
5644,132,2368,2025-11-21,4,146.35,Online,75
5645,195,2368,2024-02-03,2,109.44,In-Store,114
5646,165,2368,2023-12-18,5,213.33,Online,36
5647,162,2368,2025-04-23,2,23.29,Online,63
5648,118,2368,2023-06-10,2,128.58,Online,28
5649,126,2368,2024-04-11,4,62.9,Online,43
5650,111,2368,2025-03-29,1,78.12,Online,60
5651,154,2368,2023-11-09,4,39.53,Online,35
5652,120,2368,2025-09-01,4,186.86,Social,216
5653,115,2368,2023-09-22,2,114.62,Online,33
5654,159,2368,2025-11-18,5,21.52,Online,74
5655,160,2368,2023-05-10,5,74.86,Email,247
5656,185,2368,2024-12-07,4,143.79,Online,56
5657,157,2368,2024-08-17,3,140.43,In-Store,124
5658,200,2368,2025-02-26,2,213.63,Email,282
5659,154,2368,2025-08-04,3,39.53,Online,68
5660,174,2369,2024-11-28,2,89.89,Online,56
5661,163,2369,2024-10-08,4,115.65,In-Store,127
5662,101,2369,2025-01-27,1,116.4,TV,349
5663,188,2369,2024-10-14,2,12.93,Online,53
5664,186,2369,2024-10-30,4,29.78,Online,53
5665,149,2369,2025-01-08,4,64.92,Online,58
5666,107,2369,2024-09-22,3,110.76,Social,202
5667,163,2369,2024-09-10,1,115.65,TV,343
5668,159,2369,2024-11-13,4,21.52,Online,55
5669,138,2370,2025-03-19,3,115.15,In-Store,136
5670,108,2370,2024-11-05,3,127.37,Online,53
5671,144,2370,2024-12-05,1,22.73,Online,56
5672,125,2370,2024-10-01,4,25.35,In-Store,126
5673,108,2371,2023-08-16,5,127.37,Online,32
5674,164,2371,2022-08-22,1,91.03,In-Store,89
5675,142,2371,2024-01-06,4,298.93,Online,38
5676,156,2371,2024-06-17,2,13.54,Online,47
5677,106,2371,2024-02-01,3,41.44,Online,39
5678,125,2371,2024-04-30,4,25.35,Online,44
5679,170,2371,2024-05-17,2,124.94,Social,195
5680,110,2371,2023-03-10,4,138.19,TV,318
5681,111,2371,2025-12-30,1,78.12,Social,222
5682,102,2371,2022-08-31,1,175.2,Social,163
5683,160,2371,2025-08-28,1,74.86,Online,68
5684,111,2371,2023-11-01,5,78.12,TV,328
5685,181,2371,2024-06-26,1,231.25,Online,47
5686,141,2371,2025-10-23,5,75.02,In-Store,146
5687,146,2371,2024-03-21,1,28.76,Online,42
5688,122,2371,2024-03-29,4,224.2,In-Store,118
5689,164,2371,2024-01-04,1,91.03,Online,37
5690,164,2371,2024-03-05,4,91.03,Email,262
5691,161,2371,2025-04-27,4,233.25,Online,63
5692,129,2371,2022-06-17,4,269.37,In-Store,86
5693,146,2371,2024-10-06,4,28.76,Online,52
5694,124,2371,2023-04-14,1,174.26,In-Store,100
5695,143,2371,2023-03-16,3,18.47,TV,317
5696,160,2371,2025-09-29,5,74.86,In-Store,145
5697,127,2371,2022-11-02,2,184.65,In-Store,93
5698,142,2372,2022-08-25,5,298.93,In-Store,89
5699,126,2372,2025-05-30,3,62.9,Social,212
5700,170,2372,2024-05-25,4,124.94,In-Store,120
5701,172,2372,2025-08-17,2,75.03,Online,68
5702,149,2372,2022-12-08,2,64.92,Social,169
5703,124,2372,2025-08-11,1,174.26,Online,69
5704,125,2372,2024-05-08,2,25.35,Online,45
5705,103,2372,2025-12-09,3,74.85,Online,76
5706,161,2372,2025-06-07,3,233.25,Online,66
5707,135,2372,2024-04-28,1,62.14,Online,43
5708,124,2372,2024-02-06,1,174.26,Email,260
5709,114,2372,2023-07-24,2,120.5,In-Store,104
5710,141,2372,2025-04-28,3,75.02,TV,354
5711,177,2372,2025-08-22,4,296.45,Online,69
5712,109,2372,2025-05-31,1,69.39,Online,65
5713,177,2372,2023-10-08,1,296.45,Online,33
5714,136,2372,2023-09-06,3,134.23,Online,32
5715,142,2372,2023-09-22,4,298.93,In-Store,107
5716,151,2372,2025-08-16,3,170.44,Online,69
5717,175,2373,2025-10-17,3,285.32,In-Store,146
5718,129,2373,2023-07-04,5,269.37,Online,29
5719,157,2373,2023-03-01,5,140.43,Online,21
5720,160,2373,2023-04-07,5,74.86,TV,319
5721,148,2373,2024-09-09,5,47.75,Social,201
5722,109,2373,2023-06-17,3,69.39,In-Store,103
5723,200,2373,2023-11-02,2,213.63,Email,255
5724,114,2373,2023-05-20,3,120.5,Online,25
5725,110,2373,2023-05-09,1,138.19,In-Store,101
5726,186,2373,2023-12-09,1,29.78,Social,187
5727,108,2373,2024-12-30,2,127.37,In-Store,132
5728,110,2373,2023-10-23,2,138.19,Online,34
5729,104,2373,2024-11-29,2,50.25,TV,346
5730,189,2373,2023-02-17,1,47.31,Online,20
5731,161,2373,2025-09-22,4,233.25,Email,291
5732,134,2374,2024-02-01,1,113.57,Online,40
5733,186,2374,2024-02-14,4,29.78,Online,40
5734,169,2374,2024-08-10,2,105.46,Online,49
5735,130,2374,2023-03-25,3,117.61,Online,23
5736,183,2374,2024-02-29,1,127.82,TV,334
5737,108,2374,2023-03-19,3,127.37,Online,23
5738,192,2374,2024-09-19,2,22.56,Online,51
5739,107,2374,2024-03-14,3,110.76,Online,42
5740,106,2374,2024-01-22,4,41.44,Online,39
5741,115,2374,2024-01-11,1,114.62,In-Store,113
5742,137,2374,2023-11-28,1,90.95,Social,186
5743,153,2374,2024-02-22,4,44.91,Online,40
5744,193,2375,2024-10-12,3,28.68,In-Store,126
5745,149,2375,2024-10-16,2,64.92,Online,52
5746,188,2375,2024-08-16,3,12.93,Social,200
5747,199,2375,2024-09-19,2,105.38,Online,51
5748,118,2376,2025-03-29,3,128.58,Online,60
5749,144,2376,2025-11-22,2,22.73,In-Store,147
5750,108,2376,2024-08-08,5,127.37,Social,200
5751,113,2376,2025-01-28,1,122.3,Online,58
5752,190,2376,2024-07-23,1,121.42,Online,48
5753,141,2376,2024-08-15,4,75.02,TV,341
5754,158,2376,2025-05-24,1,132.56,Online,65
5755,189,2376,2025-10-21,2,47.31,In-Store,146
5756,183,2376,2024-09-14,1,127.82,Online,51
5757,143,2376,2024-09-21,5,18.47,Email,273
5758,106,2376,2024-10-02,4,41.44,Online,51
5759,200,2376,2025-06-15,4,213.63,Social,213
5760,127,2376,2025-12-03,2,184.65,Online,74
5761,149,2376,2024-11-14,4,64.92,In-Store,129
5762,126,2376,2024-07-27,1,62.9,Online,48
5763,161,2376,2024-12-21,3,233.25,Online,56
5764,188,2376,2024-09-12,4,12.93,Online,51
5765,127,2376,2024-11-22,1,184.65,Online,55
5766,154,2376,2025-08-17,3,39.53,In-Store,143
5767,167,2376,2025-09-17,3,75.91,Social,218
5768,182,2376,2025-11-20,1,73.37,Online,74
5769,117,2376,2025-04-23,3,214.01,Online,62
5770,118,2376,2024-06-14,5,128.58,Social,197
5771,176,2377,2024-03-20,1,98.45,In-Store,118
5772,162,2377,2023-12-03,2,23.29,Email,256
5773,131,2377,2024-07-27,4,76.52,Online,48
5774,186,2377,2025-01-02,4,29.78,Online,58
5775,111,2377,2024-08-09,1,78.12,Online,49
5776,194,2377,2024-06-06,2,70.1,Online,46
5777,155,2377,2024-07-06,4,71.21,In-Store,121
5778,149,2377,2024-05-03,3,64.92,Social,194
5779,170,2377,2024-02-13,3,124.94,Online,40
5780,195,2377,2024-05-17,4,109.44,In-Store,120
5781,140,2378,2024-03-06,5,139.7,Online,41
5782,161,2378,2025-08-30,5,233.25,TV,360
5783,186,2378,2024-11-10,4,29.78,Online,54
5784,147,2378,2025-02-24,1,193.11,Online,60
5785,170,2378,2024-04-24,3,124.94,Online,43
5786,170,2378,2023-08-07,5,124.94,Online,32
5787,139,2378,2024-08-24,4,162.16,In-Store,124
5788,142,2378,2024-04-16,5,298.93,In-Store,118
5789,175,2378,2023-11-21,4,285.32,In-Store,110
5790,101,2378,2023-05-15,2,116.4,Social,177
5791,190,2378,2023-08-11,1,121.42,Social,182
5792,132,2378,2023-07-01,2,146.35,In-Store,103
5793,105,2378,2023-04-01,4,45.85,Social,175
5794,120,2378,2023-12-31,4,186.86,Email,259
5795,132,2378,2023-06-12,5,146.35,Online,28
5796,121,2378,2024-08-25,3,126.42,Online,50
5797,188,2378,2025-03-30,5,12.93,In-Store,137
5798,145,2378,2025-12-31,2,87.44,In-Store,150
5799,171,2378,2025-11-20,3,117.28,Online,74
5800,183,2378,2024-11-15,1,127.82,Online,54
5801,101,2378,2025-06-28,1,116.4,TV,356
5802,157,2379,2024-10-29,2,140.43,In-Store,128
5803,133,2379,2022-11-17,4,129.42,Online,17
5804,183,2379,2025-12-10,5,127.82,Online,76
5805,136,2379,2023-08-06,4,134.23,Online,30
5806,196,2379,2025-06-23,5,162.21,In-Store,141
5807,132,2379,2024-08-15,5,146.35,In-Store,124
5808,200,2379,2024-09-04,3,213.63,Online,50
5809,172,2379,2023-03-12,2,75.03,Online,22
5810,119,2379,2025-05-10,2,193.28,Online,64
5811,119,2379,2023-04-13,1,193.28,In-Store,100
5812,187,2379,2022-12-23,2,95.73,Online,19
5813,198,2379,2023-07-14,5,167.93,Online,30
5814,119,2379,2024-10-01,3,193.28,In-Store,126
5815,191,2379,2024-09-22,4,196.98,In-Store,126
5816,102,2379,2025-03-04,4,175.2,Online,60
5817,151,2379,2025-06-13,3,170.44,In-Store,141
5818,186,2380,2025-05-26,2,29.78,Online,65
5819,189,2380,2024-03-06,1,47.31,Email,261
5820,106,2380,2023-12-26,3,41.44,In-Store,111
5821,104,2380,2023-01-24,5,50.25,Online,20
5822,126,2380,2025-03-10,3,62.9,Online,60
5823,195,2380,2022-07-15,3,109.44,TV,306
5824,174,2380,2024-05-04,2,89.89,Online,44
5825,166,2380,2023-12-27,1,151.16,In-Store,111
5826,178,2380,2025-08-24,3,58.92,Online,69
5827,157,2380,2023-09-06,3,140.43,In-Store,107
5828,188,2380,2022-07-31,4,12.93,Online,11
5829,162,2380,2022-10-20,4,23.29,Online,15
5830,165,2380,2024-07-27,1,213.33,Email,269
5831,182,2380,2022-06-16,2,73.37,Online,8
5832,184,2380,2025-01-01,1,120.25,Social,206
5833,194,2380,2024-05-25,1,70.1,Online,46
5834,187,2380,2024-01-05,2,95.73,Online,38
5835,196,2380,2023-10-02,5,162.21,Online,33
5836,157,2380,2025-03-18,2,140.43,Online,60
5837,196,2380,2025-11-22,4,162.21,Online,75
5838,151,2380,2025-04-12,5,170.44,In-Store,137
5839,114,2380,2024-08-14,1,120.5,TV,341
5840,119,2380,2025-09-23,1,193.28,Online,70
5841,200,2380,2023-04-27,3,213.63,In-Store,101
5842,181,2381,2025-04-16,4,231.25,In-Store,137
5843,197,2381,2025-05-28,5,270.16,Online,65
5844,139,2381,2025-09-19,3,162.16,Online,70
5845,147,2381,2025-02-13,1,193.11,Online,59
5846,124,2381,2025-12-30,4,174.26,Online,77
5847,139,2381,2025-07-31,3,162.16,Email,290
5848,152,2381,2025-06-26,2,72.34,Online,67
5849,126,2381,2024-06-28,2,62.9,Online,47
5850,125,2381,2025-03-12,1,25.35,Online,60
5851,102,2381,2024-10-13,3,175.2,Online,53
5852,144,2381,2024-10-14,3,22.73,In-Store,127
5853,197,2381,2024-10-31,3,270.16,TV,345
5854,143,2381,2024-12-18,1,18.47,In-Store,131
5855,161,2381,2025-08-17,3,233.25,Online,69
5856,188,2382,2024-07-20,4,12.93,Online,48
5857,121,2382,2025-10-22,4,126.42,In-Store,146
5858,133,2382,2024-11-08,4,129.42,Online,54
5859,117,2382,2025-09-05,1,214.01,Social,217
5860,110,2382,2025-01-25,5,138.19,In-Store,134
5861,146,2382,2024-05-21,1,28.76,Online,46
5862,192,2382,2025-02-26,2,22.56,In-Store,135
5863,139,2382,2024-11-18,3,162.16,In-Store,128
5864,102,2382,2024-07-27,1,175.2,Online,49
5865,147,2382,2024-11-17,2,193.11,Online,54
5866,164,2382,2025-12-29,5,91.03,In-Store,149
5867,124,2382,2025-01-18,4,174.26,Online,58
5868,156,2382,2025-05-09,4,13.54,In-Store,138
5869,129,2382,2025-09-27,4,269.37,Online,70
5870,140,2382,2025-01-07,5,139.7,Online,58
5871,160,2382,2024-09-11,3,74.86,Online,51
5872,122,2382,2025-04-26,4,224.2,Online,63
5873,187,2382,2025-04-04,2,95.73,TV,353
5874,175,2382,2024-02-11,3,285.32,In-Store,114
5875,183,2383,2024-02-07,2,127.82,Online,40
5876,181,2383,2024-04-07,3,231.25,In-Store,118
5877,166,2383,2025-04-04,1,151.16,In-Store,136
5878,147,2383,2024-04-04,3,193.11,In-Store,118
5879,142,2383,2025-03-31,2,298.93,In-Store,136
5880,122,2383,2025-09-03,2,224.2,In-Store,143
5881,118,2383,2025-10-19,5,128.58,Online,71
5882,147,2383,2024-06-08,3,193.11,Online,46
5883,158,2383,2025-05-09,3,132.56,Online,64
5884,129,2383,2024-11-28,4,269.37,Online,55
5885,130,2383,2025-01-19,3,117.61,Online,58
5886,142,2383,2025-09-08,2,298.93,Online,70
5887,112,2383,2024-05-10,3,58.11,Online,45
5888,169,2383,2024-01-01,5,105.46,In-Store,111
5889,136,2383,2024-11-30,5,134.23,Online,55
5890,104,2383,2025-04-26,5,50.25,Online,63
5891,188,2383,2025-02-04,2,12.93,In-Store,134
5892,181,2383,2025-06-09,3,231.25,In-Store,139
5893,141,2383,2024-04-12,4,75.02,Online,43
5894,154,2383,2024-07-19,3,39.53,Online,48
5895,121,2383,2024-10-16,1,126.42,Online,53
5896,124,2383,2025-08-12,4,174.26,In-Store,143
5897,139,2383,2024-03-21,4,162.16,In-Store,118
5898,174,2383,2025-04-27,2,89.89,TV,353
5899,174,2383,2024-04-19,3,89.89,In-Store,119
5900,181,2383,2024-01-25,2,231.25,Online,39
5901,152,2383,2024-09-29,4,72.34,Online,51
5902,121,2383,2025-03-30,5,126.42,Social,211
5903,183,2383,2024-03-26,4,127.82,Online,42
5904,181,2383,2025-11-07,1,231.25,In-Store,147
5905,147,2383,2025-03-06,4,193.11,Online,60
5906,147,2383,2025-10-05,1,193.11,Online,71
5907,101,2384,2023-07-06,2,116.4,Email,250
5908,152,2384,2023-06-30,3,72.34,Online,29
5909,190,2384,2024-10-08,1,121.42,Online,52
5910,111,2384,2023-11-17,2,78.12,Online,36
5911,146,2384,2023-06-21,3,28.76,In-Store,103
5912,105,2384,2023-11-03,2,45.85,In-Store,110
5913,108,2384,2023-04-24,4,127.37,Online,24
5914,152,2384,2023-11-14,2,72.34,Online,36
5915,187,2385,2024-11-15,2,95.73,Online,54
5916,160,2385,2025-07-24,5,74.86,In-Store,142
5917,114,2385,2023-10-20,4,120.5,Online,34
5918,113,2385,2025-03-03,3,122.3,In-Store,135
5919,120,2385,2024-04-09,3,186.86,Social,193
5920,191,2385,2025-10-14,1,196.98,Online,70
5921,127,2385,2024-03-16,4,184.65,Email,262
5922,127,2385,2024-07-17,3,184.65,TV,340
5923,157,2385,2024-04-23,2,140.43,Online,43
5924,142,2385,2025-09-02,5,298.93,Online,69
5925,148,2385,2025-10-30,1,47.75,TV,363
5926,135,2385,2024-06-04,1,62.14,Online,47
5927,129,2385,2025-10-29,1,269.37,In-Store,147
5928,141,2385,2024-12-14,2,75.02,Social,205
5929,154,2385,2025-11-04,3,39.53,In-Store,147
5930,177,2385,2024-02-08,1,296.45,Online,40
5931,183,2386,2024-05-15,2,127.82,Online,46
5932,176,2386,2024-05-24,3,98.45,Online,46
5933,121,2386,2024-09-11,3,126.42,Online,51
5934,194,2386,2024-05-20,3,70.1,Email,265
5935,112,2386,2024-03-10,3,58.11,In-Store,117
5936,148,2386,2024-10-02,1,47.75,Online,51
5937,184,2386,2024-06-28,3,120.25,Social,196
5938,188,2386,2024-07-07,3,12.93,Online,48
5939,173,2386,2024-04-03,3,100.75,Online,43
5940,160,2387,2023-08-04,2,74.86,Online,30
5941,177,2387,2023-10-20,2,296.45,Social,185
5942,123,2387,2023-05-02,5,28.54,Online,25
5943,131,2387,2025-12-07,2,76.52,Social,221
5944,130,2387,2024-08-01,3,117.61,Online,49
5945,143,2387,2024-05-07,3,18.47,Online,45
5946,178,2387,2024-12-15,2,58.92,Online,56
5947,121,2387,2024-08-24,1,126.42,Online,49
5948,164,2387,2023-06-01,5,91.03,In-Store,102
5949,129,2387,2024-10-15,4,269.37,Email,276
5950,131,2387,2023-12-03,1,76.52,In-Store,111
5951,127,2387,2023-09-05,5,184.65,Social,183
5952,113,2387,2025-11-23,5,122.3,Online,75
5953,182,2387,2025-04-10,1,73.37,Online,62
5954,135,2387,2024-06-08,1,62.14,Online,47
5955,161,2387,2023-08-16,1,233.25,Online,32
5956,190,2387,2025-10-18,2,121.42,Online,72
5957,122,2387,2023-03-16,1,224.2,Online,22
5958,181,2387,2023-10-26,4,231.25,Online,34
5959,130,2387,2022-11-17,4,117.61,Email,238
5960,138,2387,2025-06-30,1,115.15,In-Store,141
5961,173,2388,2024-05-27,4,100.75,In-Store,120
5962,118,2388,2024-10-24,4,128.58,Online,53
5963,188,2388,2025-01-07,2,12.93,In-Store,132
5964,159,2388,2024-09-30,4,21.52,Online,52
5965,107,2388,2024-06-21,3,110.76,Online,47
5966,131,2388,2024-12-23,4,76.52,In-Store,131
5967,105,2388,2024-11-14,1,45.85,In-Store,128
5968,160,2388,2024-11-05,2,74.86,TV,346
5969,107,2388,2024-07-11,4,110.76,Online,48
5970,159,2389,2025-04-24,4,21.52,In-Store,137
5971,181,2389,2024-01-21,4,231.25,Social,190
5972,119,2389,2023-08-16,2,193.28,Online,32
5973,159,2389,2024-01-17,4,21.52,Online,38
5974,166,2389,2024-10-13,1,151.16,In-Store,127
5975,137,2389,2022-11-04,3,90.95,In-Store,92
5976,109,2389,2023-09-02,1,69.39,Online,32
5977,115,2389,2023-10-12,5,114.62,Online,34
5978,179,2389,2025-07-17,4,69.62,In-Store,141
5979,197,2389,2023-08-30,3,270.16,Social,183
5980,128,2389,2023-01-07,5,69.61,Online,19
5981,117,2389,2022-09-03,1,214.01,In-Store,89
5982,189,2389,2024-06-21,1,47.31,Online,47
5983,124,2389,2025-06-06,4,174.26,Online,65
5984,158,2389,2022-06-09,2,132.56,Online,8
5985,123,2389,2024-03-28,1,28.54,In-Store,118
5986,136,2389,2025-12-13,2,134.23,In-Store,149
5987,167,2390,2023-03-27,1,75.91,Online,24
5988,195,2390,2022-11-27,1,109.44,In-Store,94
5989,195,2390,2025-02-17,3,109.44,Online,59
5990,178,2390,2023-01-24,5,58.92,Online,19
5991,167,2390,2024-05-02,5,75.91,Social,194
5992,126,2390,2023-05-08,5,62.9,In-Store,101
5993,123,2390,2022-04-18,4,28.54,Online,5
5994,186,2390,2024-02-07,4,29.78,Online,39
5995,137,2390,2023-09-11,2,90.95,In-Store,107
5996,117,2390,2024-03-16,2,214.01,In-Store,117
5997,119,2390,2023-12-24,1,193.28,Online,37
5998,190,2390,2025-04-26,1,121.42,In-Store,138
5999,127,2390,2024-05-01,5,184.65,In-Store,119
6000,163,2390,2025-06-12,2,115.65,Online,65
6001,112,2390,2025-08-26,4,58.11,Email,291
6002,169,2390,2022-09-23,1,105.46,Online,13
6003,150,2390,2024-03-17,4,66.48,Email,263
6004,127,2390,2025-06-26,2,184.65,Online,67
6005,117,2390,2024-05-31,1,214.01,TV,338
6006,169,2390,2023-09-10,2,105.46,In-Store,107
6007,108,2391,2024-12-19,2,127.37,Online,57
6008,121,2391,2024-11-17,5,126.42,Online,54
6009,188,2391,2025-08-24,4,12.93,Social,216
6010,161,2391,2024-07-14,1,233.25,Online,48
6011,161,2391,2023-12-10,5,233.25,In-Store,111
6012,129,2391,2024-08-02,2,269.37,Social,200
6013,142,2391,2025-02-07,2,298.93,Online,59
6014,121,2391,2023-12-12,5,126.42,In-Store,111
6015,107,2391,2025-05-30,4,110.76,Online,65
6016,142,2391,2025-06-06,3,298.93,TV,355
6017,110,2391,2024-04-07,1,138.19,Online,43
6018,151,2391,2024-02-06,1,170.44,In-Store,114
6019,125,2391,2025-04-11,4,25.35,In-Store,138
6020,151,2391,2023-12-03,5,170.44,Online,36
6021,170,2391,2024-04-11,3,124.94,Social,192
6022,155,2391,2023-10-08,4,71.21,In-Store,107
6023,144,2391,2025-09-10,3,22.73,Social,218
6024,152,2391,2025-04-29,4,72.34,Online,63
6025,129,2391,2023-08-23,1,269.37,Online,32
6026,105,2391,2024-12-04,3,45.85,Social,205
6027,102,2391,2024-04-29,3,175.2,Online,43
6028,108,2391,2024-08-09,5,127.37,In-Store,124
6029,113,2391,2023-09-27,5,122.3,Online,33
6030,165,2391,2024-09-25,1,213.33,In-Store,125
6031,155,2392,2025-02-09,3,71.21,Online,59
6032,186,2392,2024-11-29,3,29.78,Online,56
6033,114,2392,2024-11-04,2,120.5,In-Store,128
6034,188,2392,2024-12-23,1,12.93,Social,205
6035,160,2392,2024-11-25,2,74.86,In-Store,130
6036,136,2392,2024-11-26,3,134.23,In-Store,129
6037,146,2392,2024-12-01,3,28.76,In-Store,130
6038,167,2393,2024-05-29,4,75.91,In-Store,120
6039,157,2393,2025-02-17,4,140.43,Social,208
6040,156,2393,2025-01-28,3,13.54,Online,58
6041,190,2393,2025-12-02,5,121.42,In-Store,149
6042,120,2393,2024-12-08,2,186.86,Online,56
6043,113,2393,2025-06-13,4,122.3,Online,66
6044,177,2393,2025-12-31,4,296.45,In-Store,149
6045,122,2393,2024-10-19,5,224.2,In-Store,127
6046,158,2393,2024-04-12,1,132.56,Online,43
6047,126,2393,2025-08-17,3,62.9,Online,69
6048,185,2393,2024-06-12,2,143.79,Online,46
6049,147,2393,2024-03-13,5,193.11,Email,263
6050,127,2393,2024-07-03,1,184.65,In-Store,122
6051,156,2393,2025-10-13,4,13.54,In-Store,145
6052,152,2393,2024-07-09,1,72.34,Online,48
6053,114,2393,2024-10-05,2,120.5,Online,52
6054,145,2393,2025-04-21,3,87.44,In-Store,137
6055,151,2393,2025-06-23,2,170.44,Online,66
6056,194,2393,2024-06-23,1,70.1,Online,47
6057,134,2393,2024-11-13,3,113.57,Online,54
6058,140,2393,2025-05-10,5,139.7,Online,63
6059,113,2393,2024-10-01,1,122.3,TV,344
6060,127,2393,2025-07-26,5,184.65,In-Store,142
6061,116,2393,2024-07-07,3,161.44,TV,338
6062,165,2393,2024-03-13,1,213.33,Online,42
6063,189,2393,2025-01-15,3,47.31,TV,349
6064,110,2394,2025-12-05,5,138.19,Social,221
6065,104,2394,2024-11-15,4,50.25,Online,54
6066,198,2394,2023-10-06,1,167.93,Online,33
6067,114,2394,2025-05-04,2,120.5,Online,63
6068,147,2394,2023-11-23,1,193.11,Email,255
6069,151,2394,2023-12-12,3,170.44,In-Store,111
6070,199,2394,2024-11-05,5,105.38,In-Store,128
6071,157,2394,2025-07-16,4,140.43,In-Store,141
6072,114,2394,2025-11-11,5,120.5,Online,74
6073,151,2394,2025-12-02,3,170.44,Social,221
6074,157,2394,2025-12-10,3,140.43,In-Store,149
6075,151,2394,2024-03-03,1,170.44,Online,41
6076,151,2394,2025-07-21,3,170.44,Online,68
6077,129,2394,2024-11-18,2,269.37,In-Store,129
6078,153,2394,2025-03-15,1,44.91,Online,60
6079,133,2394,2023-09-27,1,129.42,Online,33
6080,110,2394,2025-01-19,1,138.19,Online,58
6081,165,2394,2023-09-29,2,213.33,In-Store,108
6082,175,2394,2025-07-10,1,285.32,In-Store,142
6083,133,2394,2025-01-20,3,129.42,Email,280
6084,117,2394,2023-11-15,5,214.01,Online,35
6085,122,2394,2024-01-26,1,224.2,Online,39
6086,114,2394,2024-06-09,2,120.5,Social,196
6087,122,2394,2024-07-31,1,224.2,In-Store,123
6088,118,2394,2024-09-06,5,128.58,Online,50
6089,142,2394,2024-06-16,1,298.93,Online,47
6090,111,2395,2024-07-19,3,78.12,Online,48
6091,179,2395,2025-11-30,2,69.62,Online,74
6092,184,2395,2025-12-31,5,120.25,TV,365
6093,191,2395,2024-10-16,5,196.98,Online,52
6094,173,2395,2025-11-22,1,100.75,Online,75
6095,159,2395,2024-08-22,3,21.52,Online,50
6096,136,2395,2024-10-28,4,134.23,Online,53
6097,141,2395,2025-02-22,5,75.02,Online,60
6098,167,2395,2024-09-03,4,75.91,Online,51
6099,119,2395,2025-06-01,1,193.28,In-Store,139
6100,191,2395,2025-10-14,4,196.98,In-Store,146
6101,189,2395,2024-06-21,3,47.31,Online,47
6102,102,2395,2024-10-04,5,175.2,Online,52
6103,168,2395,2025-05-20,2,151.07,In-Store,138
6104,186,2395,2025-12-23,1,29.78,Social,222
6105,190,2395,2024-12-12,5,121.42,Online,56
6106,173,2395,2024-11-05,1,100.75,Online,53
6107,167,2395,2025-06-08,1,75.91,Online,65
6108,138,2395,2024-12-26,4,115.15,Online,56
6109,137,2395,2024-11-08,4,90.95,Online,55
6110,116,2395,2025-09-06,1,161.44,TV,361
6111,131,2395,2025-04-06,3,76.52,In-Store,137
6112,150,2395,2025-09-14,5,66.48,Online,70
6113,190,2395,2025-06-22,5,121.42,Online,66
6114,102,2395,2025-12-03,1,175.2,Online,74
6115,118,2395,2025-09-17,2,128.58,In-Store,144
6116,165,2395,2025-08-11,4,213.33,Online,69
6117,119,2395,2025-02-12,3,193.28,Online,59
6118,145,2396,2024-10-05,3,87.44,In-Store,127
6119,169,2396,2024-09-15,4,105.46,Online,51
6120,190,2396,2024-07-21,2,121.42,In-Store,123
6121,143,2396,2024-09-17,4,18.47,Online,51
6122,189,2396,2024-05-17,1,47.31,Online,46
6123,123,2396,2024-08-12,4,28.54,In-Store,124
6124,133,2396,2024-03-04,3,129.42,Online,42
6125,101,2396,2024-09-26,1,116.4,Social,202
6126,169,2396,2024-10-11,1,105.46,In-Store,126
6127,131,2396,2024-07-12,2,76.52,Online,48
6128,186,2396,2024-03-15,1,29.78,In-Store,117
6129,180,2396,2024-06-20,2,97.9,Online,47
6130,103,2396,2024-09-22,4,74.85,TV,343
6131,182,2396,2024-07-14,1,73.37,In-Store,123
6132,143,2396,2024-04-21,3,18.47,Online,43
6133,180,2397,2024-10-27,4,97.9,Online,53
6134,104,2397,2024-06-13,4,50.25,Online,47
6135,121,2397,2023-08-12,3,126.42,In-Store,105
6136,151,2397,2023-01-08,5,170.44,Online,19
6137,137,2397,2023-04-24,3,90.95,Email,245
6138,165,2397,2023-03-02,3,213.33,Online,22
6139,140,2397,2024-03-11,1,139.7,In-Store,116
6140,180,2397,2023-11-14,4,97.9,Online,35
6141,132,2397,2023-03-16,3,146.35,Online,22
6142,156,2397,2022-11-28,1,13.54,Online,18
6143,182,2397,2023-07-17,2,73.37,Online,30
6144,186,2397,2024-09-07,3,29.78,Online,51
6145,157,2397,2024-07-21,5,140.43,Online,48
6146,115,2397,2024-03-12,3,114.62,In-Store,116
6147,125,2397,2025-03-01,4,25.35,In-Store,136
6148,134,2397,2023-04-19,2,113.57,Social,177
6149,107,2397,2022-12-12,2,110.76,Online,17
6150,143,2397,2023-10-02,4,18.47,In-Store,108
6151,115,2397,2024-02-28,1,114.62,Online,40
6152,151,2397,2023-12-22,5,170.44,Online,37
6153,134,2397,2023-01-18,1,113.57,Online,20
6154,163,2397,2025-05-18,3,115.65,Online,65
6155,174,2397,2025-05-14,2,89.89,Social,212
6156,168,2398,2024-02-26,1,151.07,In-Store,114
6157,110,2398,2024-01-22,2,138.19,Online,39
6158,116,2398,2024-12-31,2,161.44,In-Store,131
6159,161,2398,2025-05-13,4,233.25,Online,63
6160,153,2398,2024-04-13,3,44.91,Email,263
6161,146,2398,2023-11-23,3,28.76,TV,329
6162,190,2398,2025-03-07,5,121.42,Online,60
6163,117,2398,2024-02-28,5,214.01,Social,191
6164,123,2398,2025-06-25,3,28.54,Online,66
6165,113,2398,2024-07-30,2,122.3,Online,49
6166,140,2398,2023-10-26,5,139.7,Online,34
6167,161,2398,2023-11-19,4,233.25,Online,36
6168,142,2398,2024-03-20,2,298.93,Online,42
6169,121,2398,2023-11-28,1,126.42,Social,186
6170,118,2398,2023-09-10,4,128.58,Email,253
6171,139,2399,2025-07-09,2,162.16,In-Store,142
6172,196,2399,2024-11-23,2,162.21,Online,55
6173,200,2399,2022-07-29,1,213.63,Online,10
6174,133,2399,2023-01-11,2,129.42,Online,19
6175,135,2399,2022-06-26,1,62.14,Online,9
6176,175,2399,2024-04-28,4,285.32,Online,45
6177,165,2399,2025-08-14,3,213.33,In-Store,143
6178,190,2399,2022-08-14,2,121.42,Social,162
6179,193,2399,2024-01-01,4,28.68,Online,37
6180,134,2399,2022-10-07,2,113.57,Online,13
6181,161,2399,2024-05-30,2,233.25,Online,46
6182,110,2399,2025-03-09,1,138.19,Email,282
6183,200,2399,2025-03-22,1,213.63,Social,209
6184,149,2399,2024-04-05,3,64.92,In-Store,118
6185,126,2399,2023-07-30,3,62.9,In-Store,105
6186,159,2399,2023-10-01,1,21.52,In-Store,107
6187,191,2399,2024-12-17,4,196.98,Social,205
6188,133,2399,2024-02-01,1,129.42,Social,190
6189,149,2399,2024-07-10,2,64.92,Online,48
6190,181,2399,2025-03-18,2,231.25,TV,352
6191,158,2399,2024-08-14,4,132.56,Online,49
6192,155,2400,2025-09-24,5,71.21,In-Store,144
6193,149,2400,2025-11-11,4,64.92,Online,73
6194,110,2400,2023-09-24,1,138.19,Online,33
6195,200,2400,2025-12-30,1,213.63,Online,77
6196,200,2400,2023-07-08,5,213.63,In-Store,104
6197,194,2400,2024-10-06,4,70.1,In-Store,127
6198,121,2400,2024-08-26,3,126.42,Online,49
6199,111,2400,2023-12-19,4,78.12,Online,36
6200,186,2400,2025-12-23,5,29.78,Online,76
6201,108,2400,2023-06-27,3,127.37,In-Store,103
6202,180,2400,2024-07-13,1,97.9,In-Store,122
6203,157,2400,2025-01-16,5,140.43,Online,58
6204,124,2400,2024-12-03,5,174.26,Online,55
6205,155,2400,2024-02-24,4,71.21,In-Store,114
6206,196,2400,2024-06-11,5,162.21,Online,47
6207,153,2400,2024-07-03,4,44.91,In-Store,121
6208,157,2401,2024-04-29,3,140.43,Email,264
6209,124,2401,2025-10-01,3,174.26,In-Store,144
6210,189,2401,2025-12-06,3,47.31,TV,364
6211,190,2401,2025-08-22,2,121.42,Online,68
6212,131,2401,2024-07-28,1,76.52,Online,48
6213,128,2401,2024-07-07,2,69.61,Social,198
6214,194,2401,2025-11-13,1,70.1,In-Store,148
6215,188,2401,2024-11-22,2,12.93,Online,55
6216,141,2401,2025-01-24,1,75.02,Online,58
6217,197,2401,2024-09-14,1,270.16,TV,344
6218,175,2401,2024-09-13,4,285.32,In-Store,125
6219,112,2401,2025-07-15,5,58.11,In-Store,142
6220,141,2401,2025-09-04,3,75.02,Online,69
6221,110,2401,2024-11-15,2,138.19,Online,54
6222,158,2401,2024-04-20,4,132.56,Online,44
6223,104,2401,2024-03-06,4,50.25,Online,41
6224,153,2401,2025-04-01,1,44.91,Social,211
6225,173,2401,2025-01-09,1,100.75,Online,58
6226,101,2401,2024-12-06,1,116.4,Online,56
6227,189,2401,2025-10-13,4,47.31,Online,72
6228,108,2401,2024-12-05,1,127.37,Online,55
6229,194,2401,2025-10-31,2,70.1,In-Store,147
6230,196,2401,2024-06-28,1,162.21,Online,47
6231,135,2401,2025-07-24,3,62.14,Online,68
6232,139,2402,2024-02-08,4,162.16,In-Store,114
6233,186,2402,2024-11-08,1,29.78,In-Store,128
6234,104,2402,2023-10-13,5,50.25,Online,34
6235,160,2402,2025-03-01,4,74.86,Online,60
6236,151,2402,2024-04-18,2,170.44,Online,44
6237,191,2402,2023-10-17,1,196.98,Online,33
6238,117,2402,2024-07-21,3,214.01,Online,48
6239,116,2402,2023-07-28,3,161.44,Online,31
6240,113,2402,2023-08-05,1,122.3,In-Store,105
6241,128,2402,2025-02-23,2,69.61,In-Store,135
6242,164,2402,2024-11-22,4,91.03,Online,55
6243,122,2402,2024-12-07,3,224.2,Online,56
6244,113,2402,2024-08-08,2,122.3,In-Store,123
6245,165,2402,2025-09-01,5,213.33,Online,70
6246,102,2402,2025-05-21,1,175.2,In-Store,138
6247,136,2402,2024-04-27,2,134.23,In-Store,119
6248,111,2402,2025-03-28,1,78.12,Online,60
6249,158,2402,2025-07-04,4,132.56,TV,356
6250,155,2402,2025-02-02,4,71.21,Online,59
6251,149,2402,2024-04-06,4,64.92,Online,43
6252,111,2403,2023-02-02,3,78.12,Online,20
6253,121,2403,2023-09-19,1,126.42,Online,33
6254,146,2403,2023-06-22,2,28.76,Online,29
6255,138,2403,2024-04-08,2,115.15,Online,43
6256,173,2403,2023-07-13,2,100.75,In-Store,104
6257,113,2403,2023-08-01,1,122.3,Online,31
6258,109,2404,2023-05-01,1,69.39,Online,24
6259,182,2404,2023-06-20,2,73.37,Online,28
6260,172,2405,2023-11-24,2,75.03,Online,36
6261,155,2405,2023-07-02,1,71.21,Online,29
6262,174,2405,2023-07-29,1,89.89,In-Store,105
6263,190,2405,2023-06-02,3,121.42,In-Store,103
6264,101,2405,2023-08-06,1,116.4,Social,182
6265,199,2405,2024-02-14,1,105.38,Email,260
6266,160,2406,2024-11-07,1,74.86,In-Store,128
6267,172,2406,2024-10-23,3,75.03,Social,203
6268,173,2406,2024-11-03,1,100.75,Online,53
6269,138,2406,2024-10-31,2,115.15,Online,53
6270,108,2406,2024-10-17,1,127.37,In-Store,127
6271,170,2406,2025-01-19,1,124.94,Social,206
6272,135,2406,2024-10-18,1,62.14,In-Store,128
6273,194,2406,2024-11-17,2,70.1,Online,54
6274,107,2406,2024-11-02,2,110.76,In-Store,128
6275,110,2407,2025-01-23,5,138.19,Online,59
6276,178,2407,2023-11-20,3,58.92,Online,35
6277,123,2407,2024-06-09,5,28.54,Social,196
6278,198,2407,2025-09-28,3,167.93,Online,71
6279,140,2407,2023-05-21,3,139.7,In-Store,101
6280,191,2407,2023-10-05,5,196.98,Social,184
6281,161,2407,2023-11-17,2,233.25,Social,186
6282,110,2407,2024-01-01,3,138.19,Online,38
6283,153,2407,2023-12-23,1,44.91,Email,258
6284,153,2407,2023-06-07,4,44.91,In-Store,103
6285,114,2407,2025-02-10,1,120.5,Email,281
6286,147,2407,2025-07-20,2,193.11,In-Store,142
6287,166,2407,2024-06-27,1,151.16,Online,47
6288,174,2407,2024-08-13,1,89.89,Social,200
6289,152,2407,2024-12-07,1,72.34,Social,205
6290,162,2407,2025-08-17,5,23.29,Online,69
6291,167,2407,2024-03-23,4,75.91,TV,335
6292,103,2407,2025-03-28,3,74.85,In-Store,137
6293,131,2407,2024-06-28,2,76.52,Online,47
6294,113,2407,2023-06-21,1,122.3,Online,28
6295,111,2407,2023-11-24,5,78.12,Online,36
6296,143,2407,2025-12-27,5,18.47,In-Store,150
6297,130,2408,2025-12-10,1,117.61,In-Store,149
6298,198,2408,2024-12-08,1,167.93,Online,56
6299,158,2408,2025-06-08,3,132.56,Online,66
6300,149,2408,2024-08-31,4,64.92,Online,49
6301,132,2408,2025-08-28,1,146.35,Social,216
6302,124,2408,2025-11-17,1,174.26,Online,73
6303,199,2408,2025-10-04,5,105.38,Online,70
6304,200,2408,2024-08-23,3,213.63,Social,200
6305,145,2408,2025-02-09,4,87.44,Online,59
6306,200,2408,2025-04-11,2,213.63,Online,61
6307,165,2408,2025-07-16,5,213.33,Online,67
6308,146,2408,2024-09-08,3,28.76,Online,51
6309,127,2408,2024-11-29,4,184.65,Online,55
6310,122,2408,2025-06-24,5,224.2,Email,287
6311,190,2408,2025-05-07,5,121.42,Email,286
6312,127,2408,2024-12-16,2,184.65,Online,57
6313,139,2408,2025-12-21,3,162.16,Online,76
6314,183,2409,2025-02-24,1,127.82,Online,60
6315,198,2409,2025-02-04,2,167.93,Online,59
6316,154,2409,2025-04-12,1,39.53,In-Store,138
6317,136,2409,2025-07-29,4,134.23,Email,290
6318,110,2409,2025-02-16,1,138.19,Online,59
6319,189,2409,2025-07-06,3,47.31,Online,67
6320,177,2409,2024-04-12,2,296.45,Online,43
6321,150,2409,2025-02-07,1,66.48,Online,59
6322,161,2409,2025-04-02,5,233.25,Online,61
6323,158,2409,2025-09-11,5,132.56,Online,70
6324,122,2409,2025-10-18,5,224.2,In-Store,146
6325,132,2409,2025-06-10,1,146.35,Online,66
6326,120,2409,2025-11-02,1,186.86,Online,72
6327,175,2409,2024-03-01,4,285.32,In-Store,116
6328,182,2409,2024-01-11,4,73.37,Online,39
6329,157,2409,2024-08-21,3,140.43,In-Store,124
6330,111,2409,2024-11-19,2,78.12,Social,204
6331,154,2409,2024-02-13,1,39.53,Online,40
6332,195,2409,2024-03-22,5,109.44,In-Store,118
6333,155,2409,2025-03-15,1,71.21,Online,61
6334,122,2409,2024-01-31,1,224.2,Online,40
6335,120,2409,2024-11-02,3,186.86,Online,54
6336,128,2409,2025-09-04,3,69.61,Online,69
6337,108,2409,2024-09-01,5,127.37,Online,50
6338,116,2409,2025-08-07,3,161.44,Online,68
6339,158,2409,2024-06-20,1,132.56,Online,47
6340,161,2409,2025-12-03,2,233.25,In-Store,149
6341,181,2409,2025-01-09,1,231.25,Social,206
6342,161,2409,2024-03-03,5,233.25,In-Store,115
6343,104,2409,2025-02-03,3,50.25,Online,59
6344,118,2410,2024-11-30,1,128.58,TV,346
6345,199,2410,2024-10-22,4,105.38,In-Store,127
6346,158,2410,2025-01-18,4,132.56,Online,58
6347,152,2410,2024-12-24,4,72.34,Online,56
6348,182,2410,2024-10-02,3,73.37,In-Store,126
6349,192,2410,2024-11-10,2,22.56,Online,55
6350,137,2410,2024-11-29,4,90.95,In-Store,130
6351,113,2410,2025-07-16,2,122.3,Email,289
6352,188,2410,2024-10-13,2,12.93,In-Store,126
6353,164,2410,2024-09-05,3,91.03,Social,201
6354,175,2411,2024-09-04,2,285.32,Social,201
6355,143,2411,2024-03-08,4,18.47,In-Store,117
6356,102,2411,2025-08-12,1,175.2,TV,358
6357,110,2411,2024-06-06,2,138.19,In-Store,120
6358,152,2411,2025-11-24,5,72.34,Online,74
6359,170,2411,2023-11-06,3,124.94,Online,35
6360,166,2411,2025-07-20,2,151.16,Social,215
6361,199,2411,2025-01-18,1,105.38,Social,207
6362,106,2411,2024-02-04,3,41.44,Online,40
6363,169,2411,2025-09-16,5,105.46,In-Store,144
6364,184,2411,2024-10-16,4,120.25,Online,52
6365,163,2411,2024-05-03,5,115.65,In-Store,119
6366,119,2411,2025-01-03,3,193.28,In-Store,131
6367,123,2412,2024-08-27,1,28.54,Social,200
6368,178,2412,2024-02-10,2,58.92,Online,40
6369,164,2412,2023-07-23,1,91.03,In-Store,104
6370,133,2412,2025-01-12,5,129.42,TV,349
6371,190,2412,2024-11-05,5,121.42,Social,204
6372,113,2412,2023-02-15,5,122.3,Email,242
6373,182,2412,2024-12-31,1,73.37,Online,56
6374,160,2412,2023-04-08,1,74.86,In-Store,100
6375,136,2412,2023-02-16,3,134.23,Online,20
6376,170,2412,2025-02-22,5,124.94,Online,59
6377,140,2412,2025-12-19,3,139.7,TV,366
6378,185,2412,2025-09-13,1,143.79,Social,217
6379,117,2412,2022-10-28,5,214.01,Online,15
6380,163,2412,2023-11-25,3,115.65,In-Store,110
6381,198,2412,2024-12-02,5,167.93,Online,56
6382,108,2412,2025-12-17,4,127.37,Online,76
6383,177,2412,2024-01-15,3,296.45,In-Store,112
6384,124,2412,2025-10-13,4,174.26,Email,292
6385,148,2413,2025-03-03,3,47.75,TV,351
6386,110,2413,2025-03-16,2,138.19,Online,61
6387,190,2413,2023-04-05,5,121.42,Online,23
6388,110,2413,2023-08-22,2,138.19,In-Store,106
6389,163,2413,2025-10-21,4,115.65,Social,218
6390,200,2413,2023-07-15,1,213.63,In-Store,105
6391,134,2413,2024-02-09,2,113.57,Online,40
6392,141,2413,2024-04-28,4,75.02,In-Store,119
6393,183,2413,2025-03-25,3,127.82,Email,283
6394,200,2413,2023-03-24,4,213.63,Online,22
6395,109,2413,2022-12-09,2,69.39,Online,17
6396,145,2413,2023-03-27,2,87.44,In-Store,100
6397,200,2413,2024-10-12,5,213.63,Online,52
6398,144,2413,2025-02-09,1,22.73,Online,59
6399,192,2413,2024-03-15,3,22.56,In-Store,116
6400,196,2413,2024-08-27,2,162.21,Email,273
6401,170,2413,2024-08-11,5,124.94,Online,49
6402,128,2414,2024-03-22,3,69.61,In-Store,117
6403,103,2414,2024-01-28,4,74.85,In-Store,113
6404,106,2414,2025-06-04,5,41.44,Online,66
6405,181,2414,2025-11-09,3,231.25,In-Store,147
6406,108,2414,2024-01-01,4,127.37,Online,37
6407,155,2414,2025-01-27,1,71.21,Online,59
6408,192,2414,2024-10-11,3,22.56,Online,53
6409,155,2414,2024-05-09,1,71.21,In-Store,120
6410,144,2414,2025-12-05,2,22.73,In-Store,149
6411,143,2414,2024-11-12,5,18.47,Online,54
6412,172,2414,2025-12-18,1,75.03,In-Store,149
6413,156,2414,2023-06-04,3,13.54,TV,321
6414,162,2414,2024-01-15,1,23.29,Online,39
6415,130,2414,2025-11-11,4,117.61,Online,74
6416,140,2414,2023-06-11,2,139.7,Online,28
6417,129,2414,2024-03-18,1,269.37,Online,42
6418,190,2414,2024-04-10,5,121.42,In-Store,119
6419,188,2414,2024-10-01,2,12.93,In-Store,126
6420,109,2414,2025-12-12,2,69.39,In-Store,149
6421,193,2415,2024-10-21,2,28.68,Social,203
6422,106,2415,2024-11-04,2,41.44,In-Store,128
6423,199,2415,2024-12-23,1,105.38,In-Store,131
6424,156,2415,2024-11-09,3,13.54,Social,203
6425,199,2415,2024-12-03,2,105.38,In-Store,130
6426,101,2415,2024-11-02,2,116.4,In-Store,128
6427,164,2416,2023-12-26,4,91.03,In-Store,111
6428,174,2416,2023-12-23,4,89.89,TV,331
6429,183,2416,2023-06-03,4,127.82,Online,26
6430,180,2416,2023-07-13,4,97.9,Online,29
6431,174,2416,2024-03-16,3,89.89,Online,42
6432,156,2417,2025-12-12,1,13.54,Online,76
6433,110,2417,2025-07-08,2,138.19,Online,67
6434,152,2417,2024-10-12,5,72.34,Online,52
6435,181,2417,2025-04-18,1,231.25,In-Store,138
6436,162,2417,2025-06-14,5,23.29,TV,356
6437,170,2417,2025-08-14,5,124.94,Online,69
6438,110,2417,2025-05-23,2,138.19,In-Store,139
6439,174,2417,2024-10-17,5,89.89,Online,52
6440,190,2417,2024-11-08,4,121.42,Online,55
6441,103,2417,2025-05-03,3,74.85,Online,63
6442,170,2417,2024-12-12,4,124.94,Online,56
6443,136,2417,2024-10-29,1,134.23,In-Store,128
6444,143,2417,2024-12-06,3,18.47,Social,205
6445,110,2417,2024-11-01,2,138.19,Online,53
6446,189,2417,2025-09-19,2,47.31,In-Store,144
6447,108,2417,2025-03-13,5,127.37,In-Store,136
6448,112,2417,2025-03-13,1,58.11,In-Store,136
6449,147,2417,2024-10-06,3,193.11,Social,202
6450,146,2417,2024-10-13,5,28.76,Online,52
6451,101,2417,2025-06-29,2,116.4,Online,67
6452,118,2417,2025-12-20,1,128.58,Online,77
6453,170,2417,2025-04-29,4,124.94,Online,63
6454,169,2418,2022-05-28,1,105.46,Online,7
6455,184,2418,2023-02-28,3,120.25,Online,21
6456,125,2418,2023-01-25,1,25.35,In-Store,97
6457,189,2419,2025-01-27,3,47.31,Online,59
6458,102,2419,2025-08-04,2,175.2,In-Store,142
6459,159,2419,2025-07-13,2,21.52,Social,214
6460,119,2419,2025-11-18,5,193.28,Online,74
6461,113,2419,2025-06-23,2,122.3,Online,66
6462,149,2419,2025-07-04,5,64.92,Online,66
6463,124,2419,2025-03-02,2,174.26,Social,209
6464,189,2419,2025-01-09,3,47.31,Online,58
6465,181,2419,2024-05-13,4,231.25,Online,46
6466,106,2419,2025-12-09,1,41.44,In-Store,149
6467,198,2419,2025-02-12,3,167.93,In-Store,135
6468,157,2419,2024-08-04,1,140.43,Online,49
6469,200,2419,2025-02-24,4,213.63,Social,208
6470,106,2419,2024-10-15,5,41.44,Online,53
6471,119,2419,2024-07-31,1,193.28,Online,49
6472,109,2419,2024-05-12,4,69.39,In-Store,119
6473,142,2419,2025-06-23,2,298.93,Online,66
6474,121,2419,2024-10-07,3,126.42,Online,52
6475,157,2419,2024-12-30,2,140.43,In-Store,132
6476,162,2419,2025-11-10,3,23.29,Online,73
6477,122,2419,2025-11-06,4,224.2,In-Store,147
6478,117,2420,2024-03-01,3,214.01,In-Store,116
6479,198,2420,2024-07-24,4,167.93,Online,48
6480,138,2420,2024-10-02,2,115.15,In-Store,126
6481,138,2420,2023-02-09,1,115.15,Online,21
6482,113,2420,2024-09-11,3,122.3,Online,51
6483,144,2420,2025-04-15,4,22.73,Online,61
6484,121,2420,2025-11-22,2,126.42,Online,75
6485,129,2420,2024-02-01,4,269.37,Online,40
6486,135,2420,2022-12-14,1,62.14,Online,18
6487,122,2420,2024-11-09,5,224.2,Social,203
6488,136,2420,2025-09-10,5,134.23,Online,70
6489,160,2420,2025-11-23,3,74.86,Social,220
6490,142,2420,2023-08-01,2,298.93,Online,30
6491,131,2420,2024-09-08,3,76.52,In-Store,125
6492,143,2420,2024-11-21,2,18.47,Online,55
6493,128,2420,2024-10-28,4,69.61,Online,53
6494,175,2420,2025-08-17,1,285.32,Online,69
6495,182,2420,2023-11-26,5,73.37,In-Store,110
6496,121,2420,2024-02-06,3,126.42,In-Store,114
6497,177,2420,2025-06-20,2,296.45,Online,66
6498,140,2420,2024-04-01,1,139.7,Online,43
6499,133,2421,2024-09-02,3,129.42,TV,342
6500,184,2421,2023-07-28,4,120.25,Email,251
6501,160,2421,2023-09-17,1,74.86,In-Store,107
6502,159,2421,2023-01-15,1,21.52,Social,171
6503,141,2421,2023-07-05,2,75.02,Online,29
6504,155,2421,2022-08-05,2,71.21,Online,10
6505,187,2421,2023-06-23,4,95.73,Online,28
6506,152,2421,2023-07-14,2,72.34,Online,30
6507,178,2421,2023-01-19,4,58.92,In-Store,97
6508,146,2422,2025-09-04,5,28.76,Social,216
6509,163,2422,2025-07-23,2,115.65,Online,68
6510,183,2422,2025-06-06,1,127.82,In-Store,140
6511,120,2422,2025-10-13,5,186.86,In-Store,145
6512,113,2422,2025-08-19,5,122.3,Online,69
6513,129,2422,2024-11-18,3,269.37,In-Store,128
6514,135,2422,2024-10-20,2,62.14,Online,53
6515,160,2422,2025-09-07,5,74.86,Social,217
6516,161,2422,2025-09-07,2,233.25,Online,69
6517,169,2423,2025-03-28,5,105.46,Online,60
6518,118,2423,2025-10-01,3,128.58,In-Store,145
6519,116,2423,2025-04-27,2,161.44,Online,63
6520,140,2423,2025-04-13,1,139.7,Online,63
6521,137,2423,2024-11-16,5,90.95,In-Store,128
6522,181,2423,2025-07-10,3,231.25,In-Store,142
6523,200,2423,2023-11-06,3,213.63,Social,186
6524,140,2423,2023-10-31,1,139.7,Online,34
6525,199,2423,2025-05-09,2,105.38,In-Store,138
6526,182,2423,2022-11-08,3,73.37,Online,16
6527,158,2423,2023-05-25,4,132.56,Social,178
6528,118,2423,2025-04-12,4,128.58,Online,61
6529,120,2423,2023-07-19,5,186.86,In-Store,105
6530,151,2423,2024-12-25,5,170.44,Online,56
6531,140,2423,2025-08-10,5,139.7,In-Store,143
6532,190,2423,2024-09-07,5,121.42,TV,342
6533,155,2423,2024-02-19,3,71.21,Online,40
6534,194,2423,2023-05-06,4,70.1,Online,25
6535,175,2423,2025-10-29,5,285.32,Online,73
6536,155,2424,2025-01-20,2,71.21,TV,350
6537,106,2424,2024-11-18,1,41.44,TV,346
6538,153,2424,2024-11-18,3,44.91,Online,55
6539,130,2425,2023-04-14,3,117.61,Online,24
6540,136,2425,2023-09-18,2,134.23,In-Store,107
6541,169,2425,2022-12-18,1,105.46,Social,169
6542,155,2425,2023-09-21,2,71.21,Online,33
6543,188,2425,2024-01-29,2,12.93,Online,39
6544,189,2425,2023-05-04,3,47.31,In-Store,101
6545,138,2425,2022-12-13,1,115.15,Online,17
6546,164,2425,2022-11-16,1,91.03,In-Store,93
6547,153,2425,2023-01-22,1,44.91,Online,19
6548,178,2425,2023-02-04,3,58.92,Online,21
6549,170,2426,2023-07-15,2,124.94,Online,30
6550,107,2426,2023-10-11,3,110.76,Online,33
6551,152,2426,2024-09-04,2,72.34,Email,272
6552,113,2426,2024-10-03,4,122.3,In-Store,126
6553,111,2426,2024-01-03,3,78.12,Online,37
6554,180,2426,2023-09-08,3,97.9,In-Store,106
6555,152,2426,2023-06-22,1,72.34,In-Store,103
6556,192,2426,2024-01-23,2,22.56,Online,39
6557,173,2426,2024-04-07,2,100.75,Email,263
6558,176,2426,2023-06-22,4,98.45,Online,29
6559,190,2426,2024-09-22,2,121.42,Online,51
6560,194,2426,2023-10-08,3,70.1,In-Store,107
6561,120,2427,2024-07-22,4,186.86,Online,48
6562,185,2427,2025-11-21,2,143.79,Online,75
6563,133,2427,2024-08-01,4,129.42,Online,49
6564,139,2427,2025-01-16,5,162.16,Online,58
6565,184,2427,2024-04-26,3,120.25,Online,43
6566,159,2427,2025-03-10,1,21.52,Email,282
6567,161,2427,2024-08-22,4,233.25,Online,49
6568,133,2427,2024-12-05,4,129.42,TV,346
6569,182,2427,2024-12-19,3,73.37,In-Store,130
6570,191,2427,2025-07-17,1,196.98,In-Store,142
6571,119,2427,2024-07-11,2,193.28,Email,269
6572,165,2427,2025-11-24,2,213.33,Online,74
6573,103,2427,2024-04-06,3,74.85,Online,43
6574,158,2427,2025-05-11,2,132.56,Online,64
6575,107,2427,2024-08-23,5,110.76,In-Store,125
6576,197,2427,2025-12-30,4,270.16,Online,77
6577,198,2427,2025-05-26,3,167.93,Online,65
6578,134,2427,2024-03-27,3,113.57,Online,42
6579,115,2427,2025-03-06,1,114.62,Online,60
6580,185,2427,2025-05-14,3,143.79,Online,65
6581,160,2427,2025-08-16,5,74.86,In-Store,143
6582,160,2427,2025-02-05,2,74.86,Online,59
6583,156,2427,2024-08-10,2,13.54,In-Store,124
6584,123,2428,2024-01-31,2,28.54,In-Store,113
6585,153,2428,2023-10-08,2,44.91,Online,33
6586,190,2428,2024-02-23,3,121.42,Online,41
6587,125,2428,2023-09-26,3,25.35,Social,184
6588,170,2428,2023-08-29,2,124.94,In-Store,106
6589,154,2429,2023-05-13,2,39.53,Email,246
6590,108,2429,2023-07-07,4,127.37,Social,179
6591,184,2429,2022-10-30,1,120.25,Online,16
6592,186,2429,2022-10-31,2,29.78,Online,15
6593,159,2429,2024-02-25,4,21.52,Online,40
6594,194,2429,2025-01-03,3,70.1,In-Store,132
6595,170,2429,2022-11-29,4,124.94,Online,17
6596,104,2429,2023-05-01,1,50.25,Online,24
6597,163,2429,2022-08-28,4,115.65,Online,12
6598,108,2429,2023-08-02,1,127.37,TV,323
6599,169,2429,2023-08-02,1,105.46,Online,30
6600,112,2429,2023-01-09,1,58.11,Online,19
6601,126,2429,2023-11-26,2,62.9,Online,36
6602,149,2430,2025-07-22,4,64.92,Social,214
6603,128,2430,2024-08-05,1,69.61,In-Store,123
6604,106,2430,2024-10-25,2,41.44,In-Store,128
6605,157,2430,2024-06-23,2,140.43,In-Store,121
6606,122,2430,2025-05-01,5,224.2,Online,63
6607,183,2430,2024-04-12,2,127.82,Online,43
6608,120,2430,2024-07-06,4,186.86,Online,47
6609,148,2430,2024-06-05,2,47.75,Social,195
6610,140,2430,2025-09-15,4,139.7,Online,70
6611,183,2430,2025-01-21,1,127.82,Online,58
6612,161,2430,2025-11-04,5,233.25,Online,73
6613,110,2430,2025-07-09,5,138.19,Email,288
6614,107,2430,2024-06-12,2,110.76,Online,46
6615,107,2430,2025-09-22,1,110.76,TV,361
6616,178,2430,2024-09-28,5,58.92,In-Store,125
6617,110,2430,2025-02-02,4,138.19,Online,59
6618,139,2430,2025-11-24,3,162.16,Online,74
6619,138,2430,2024-04-23,4,115.15,Social,194
6620,174,2430,2024-04-29,3,89.89,Online,43
6621,194,2430,2024-12-29,3,70.1,Online,56
6622,110,2430,2025-07-26,5,138.19,Online,68
6623,147,2430,2024-12-22,5,193.11,Email,279
6624,168,2430,2025-01-02,1,151.07,Social,206
6625,124,2430,2025-12-21,3,174.26,Online,76
6626,171,2431,2024-01-02,1,117.28,TV,331
6627,133,2431,2022-10-14,1,129.42,Online,14
6628,173,2431,2022-06-14,4,100.75,TV,305
6629,135,2431,2023-07-15,2,62.14,Online,29
6630,143,2431,2023-03-08,2,18.47,Online,22
6631,137,2431,2024-01-20,1,90.95,In-Store,114
6632,153,2432,2024-04-08,1,44.91,In-Store,118
6633,173,2432,2025-12-23,1,100.75,Online,77
6634,110,2432,2023-11-11,4,138.19,Online,35
6635,186,2432,2025-04-21,1,29.78,Online,63
6636,165,2432,2025-11-25,5,213.33,Online,74
6637,133,2432,2024-06-03,4,129.42,Online,46
6638,137,2432,2025-03-07,5,90.95,Social,209
6639,113,2432,2025-08-22,4,122.3,In-Store,143
6640,101,2432,2024-05-23,2,116.4,In-Store,120
6641,113,2432,2024-08-04,3,122.3,Online,49
6642,130,2432,2024-11-26,3,117.61,Online,55
6643,148,2432,2024-12-22,1,47.75,In-Store,131
6644,141,2433,2023-06-08,3,75.02,In-Store,102
6645,153,2433,2023-10-04,2,44.91,In-Store,107
6646,169,2433,2023-07-22,3,105.46,Online,30
6647,153,2433,2023-10-12,3,44.91,Online,34
6648,164,2433,2023-08-20,1,91.03,In-Store,106
6649,113,2433,2023-04-12,3,122.3,In-Store,100
6650,183,2433,2023-10-06,2,127.82,Social,184
6651,149,2434,2023-03-09,1,64.92,Online,22
6652,152,2435,2022-10-06,1,72.34,Online,13
6653,117,2435,2023-10-14,2,214.01,Online,33
6654,144,2435,2025-04-04,4,22.73,In-Store,137
6655,139,2435,2024-09-21,3,162.16,Online,51
6656,165,2435,2025-12-09,1,213.33,Online,76
6657,191,2435,2025-05-20,1,196.98,In-Store,139
6658,196,2435,2022-06-21,4,162.21,In-Store,87
6659,175,2435,2024-03-19,2,285.32,Online,42
6660,183,2435,2022-06-15,3,127.82,In-Store,86
6661,175,2435,2023-02-06,2,285.32,In-Store,97
6662,175,2435,2025-08-25,1,285.32,Online,69
6663,117,2435,2025-12-19,4,214.01,Online,77
6664,106,2435,2025-09-07,4,41.44,Online,70
6665,180,2435,2024-10-07,3,97.9,In-Store,126
6666,161,2435,2025-07-18,5,233.25,Social,215
6667,170,2435,2024-09-18,3,124.94,Social,201
6668,161,2435,2023-02-14,4,233.25,In-Store,98
6669,115,2435,2025-12-31,3,114.62,In-Store,149
6670,128,2436,2023-09-14,3,69.61,Online,32
6671,153,2436,2024-11-17,3,44.91,Online,55
6672,174,2436,2024-06-01,2,89.89,Online,46
6673,113,2436,2022-12-03,1,122.3,Email,239
6674,160,2436,2023-06-13,3,74.86,Online,27
6675,160,2436,2024-01-09,2,74.86,Online,38
6676,192,2436,2024-10-13,2,22.56,Social,202
6677,112,2436,2024-04-26,4,58.11,In-Store,119
6678,155,2436,2024-02-28,4,71.21,In-Store,114
6679,170,2436,2023-05-15,4,124.94,Online,25
6680,114,2436,2024-09-30,1,120.5,In-Store,126
6681,111,2436,2023-11-28,4,78.12,In-Store,110
6682,160,2436,2023-07-09,1,74.86,Social,180
6683,136,2437,2025-01-25,4,134.23,Online,59
6684,119,2437,2025-07-09,3,193.28,Online,67
6685,151,2437,2025-05-27,5,170.44,Online,65
6686,197,2437,2024-06-12,5,270.16,Online,47
6687,181,2437,2023-11-03,3,231.25,Online,35
6688,116,2437,2024-02-27,1,161.44,In-Store,114
6689,124,2437,2024-12-02,3,174.26,Online,55
6690,123,2437,2025-05-29,4,28.54,Online,65
6691,169,2437,2024-05-26,2,105.46,Online,46
6692,131,2437,2024-11-29,1,76.52,Online,56
6693,175,2437,2024-01-02,1,285.32,Email,258
6694,118,2437,2025-02-16,1,128.58,TV,350
6695,139,2437,2024-05-18,4,162.16,Social,195
6696,180,2437,2025-05-21,3,97.9,In-Store,138
6697,185,2437,2025-12-21,2,143.79,Online,77
6698,165,2437,2025-04-17,5,213.33,In-Store,138
6699,198,2437,2023-10-28,4,167.93,In-Store,108
6700,193,2437,2024-03-26,5,28.68,Online,43
6701,170,2437,2025-10-21,2,124.94,Online,72
6702,165,2438,2024-08-08,5,213.33,TV,340
6703,159,2438,2025-04-01,2,21.52,Online,61
6704,185,2438,2024-10-15,2,143.79,Social,203
6705,113,2438,2025-04-23,4,122.3,Email,285
6706,116,2438,2025-05-25,5,161.44,Online,65
6707,184,2438,2024-01-15,3,120.25,Online,38
6708,198,2438,2025-10-10,5,167.93,Online,70
6709,151,2438,2024-09-18,3,170.44,Online,51
6710,109,2438,2024-07-21,1,69.39,Online,48
6711,198,2438,2025-05-24,4,167.93,TV,355
6712,142,2438,2024-05-13,4,298.93,Online,46
6713,136,2438,2024-05-16,5,134.23,Online,45
6714,166,2438,2024-08-14,2,151.16,In-Store,124
6715,189,2438,2024-05-14,4,47.31,In-Store,120
6716,141,2438,2025-04-09,5,75.02,Online,61
6717,181,2438,2025-05-18,4,231.25,Online,64
6718,191,2438,2024-08-22,3,196.98,Social,200
6719,117,2438,2025-12-26,1,214.01,Online,76
6720,108,2438,2023-11-15,5,127.37,Email,256
6721,123,2438,2024-03-29,5,28.54,TV,335
6722,135,2438,2024-06-16,1,62.14,In-Store,121
6723,101,2438,2025-07-19,4,116.4,Online,67
6724,165,2439,2025-09-12,4,213.33,Social,218
6725,183,2439,2025-05-01,1,127.82,Online,63
6726,154,2439,2024-01-01,5,39.53,Online,37
6727,183,2439,2024-02-03,2,127.82,Online,40
6728,174,2439,2024-05-25,1,89.89,TV,337
6729,153,2439,2024-09-25,4,44.91,Online,51
6730,151,2439,2023-03-07,2,170.44,Social,173
6731,182,2439,2022-10-15,4,73.37,Online,14
6732,183,2439,2024-10-14,3,127.82,Online,53
6733,103,2439,2024-03-18,1,74.85,Online,42
6734,174,2439,2023-03-05,4,89.89,In-Store,98
6735,165,2439,2024-02-13,1,213.33,Online,40
6736,191,2439,2024-11-27,2,196.98,Social,204
6737,175,2439,2025-03-13,4,285.32,In-Store,136
6738,177,2439,2023-05-07,4,296.45,Social,177
6739,145,2439,2024-05-31,1,87.44,In-Store,120
6740,147,2439,2023-01-11,1,193.11,Online,19
6741,139,2439,2022-07-09,2,162.16,In-Store,87
6742,156,2439,2025-03-05,1,13.54,Email,283
6743,151,2439,2024-10-09,3,170.44,Online,52
6744,110,2439,2025-04-20,4,138.19,Online,62
6745,168,2439,2024-06-03,3,151.07,Online,46
6746,191,2439,2022-08-07,5,196.98,In-Store,88
6747,122,2439,2023-06-05,1,224.2,Email,247
6748,153,2439,2025-05-16,4,44.91,Online,64
6749,178,2439,2022-09-02,3,58.92,Social,164
6750,118,2439,2025-11-17,5,128.58,Email,293
6751,114,2439,2025-11-01,3,120.5,Online,72
6752,136,2440,2024-11-21,5,134.23,TV,346
6753,104,2440,2025-09-16,3,50.25,Online,70
6754,139,2440,2025-02-17,2,162.16,Social,208
6755,146,2440,2024-12-02,5,28.76,In-Store,130
6756,127,2440,2025-09-28,2,184.65,Online,71
6757,112,2440,2024-11-24,2,58.11,Social,205
6758,152,2440,2025-07-09,3,72.34,Online,67
6759,176,2440,2025-09-10,4,98.45,Online,70
6760,107,2440,2024-10-31,5,110.76,In-Store,128
6761,142,2440,2025-05-26,2,298.93,Online,65
6762,128,2440,2025-07-06,2,69.61,Online,67
6763,148,2440,2025-11-13,4,47.75,Online,74
6764,133,2440,2025-01-31,4,129.42,TV,350
6765,183,2440,2024-06-21,5,127.82,Online,47
6766,196,2440,2025-01-27,3,162.21,Social,207
6767,179,2440,2025-06-26,3,69.62,Social,213
6768,200,2440,2024-12-08,2,213.63,Social,205
6769,157,2440,2025-09-20,1,140.43,Online,70
6770,183,2440,2025-05-18,5,127.82,Online,64
6771,198,2440,2025-10-08,2,167.93,In-Store,145
6772,180,2440,2025-01-25,2,97.9,Online,58
6773,139,2440,2025-06-01,4,162.16,Email,286
6774,161,2440,2024-07-07,2,233.25,In-Store,121
6775,102,2440,2024-07-26,2,175.2,Online,48
6776,183,2440,2025-05-25,4,127.82,Online,65
6777,119,2440,2025-01-28,4,193.28,Social,207
6778,137,2440,2025-09-26,3,90.95,Online,70
6779,111,2440,2025-08-13,5,78.12,Online,68
6780,127,2440,2024-08-23,5,184.65,Online,49
6781,192,2440,2025-04-02,4,22.56,Online,61
6782,190,2441,2024-06-12,2,121.42,Online,47
6783,144,2441,2024-07-11,1,22.73,Online,48
6784,194,2441,2024-09-30,2,70.1,Online,52
6785,111,2441,2024-06-18,2,78.12,In-Store,121
6786,137,2441,2024-09-01,2,90.95,Online,51
6787,192,2441,2024-07-06,1,22.56,Online,47
6788,182,2441,2024-07-02,3,73.37,Online,48
6789,180,2441,2024-05-10,1,97.9,TV,336
6790,134,2442,2023-11-23,3,113.57,Online,36
6791,148,2442,2024-06-06,4,47.75,Email,267
6792,192,2442,2024-02-27,4,22.56,Online,41
6793,103,2442,2024-01-25,4,74.85,Social,190
6794,184,2442,2024-01-19,2,120.25,In-Store,113
6795,108,2443,2024-11-14,5,127.37,In-Store,128
6796,141,2443,2024-10-10,4,75.02,Online,53
6797,169,2443,2025-05-12,5,105.46,In-Store,139
6798,196,2443,2024-07-28,2,162.21,Email,270
6799,158,2443,2024-02-16,2,132.56,In-Store,115
6800,105,2443,2024-01-28,2,45.85,In-Store,114
6801,163,2443,2025-05-29,4,115.65,Online,65
6802,175,2443,2024-08-15,4,285.32,Online,49
6803,118,2443,2024-02-22,5,128.58,In-Store,115
6804,129,2443,2024-03-16,1,269.37,Email,262
6805,141,2443,2025-01-07,2,75.02,Online,58
6806,158,2443,2024-07-19,4,132.56,Online,48
6807,186,2443,2025-10-11,4,29.78,Online,71
6808,136,2443,2025-04-14,3,134.23,Email,284
6809,118,2443,2025-01-07,5,128.58,Online,57
6810,104,2443,2025-12-12,3,50.25,Online,76
6811,140,2443,2025-05-19,3,139.7,In-Store,139
6812,152,2443,2025-01-12,1,72.34,Social,206
6813,159,2443,2024-11-25,2,21.52,In-Store,130
6814,165,2443,2025-01-29,1,213.33,Online,58
6815,119,2443,2024-11-01,3,193.28,Social,203
6816,177,2443,2025-07-24,3,296.45,Email,289
6817,118,2443,2025-12-05,3,128.58,Online,75
6818,171,2443,2024-03-02,5,117.28,In-Store,115
6819,164,2444,2024-05-04,3,91.03,Online,45
6820,148,2444,2024-04-26,2,47.75,Online,44
6821,186,2444,2025-03-07,3,29.78,Online,60
6822,161,2444,2024-04-19,1,233.25,In-Store,119
6823,133,2444,2025-12-29,4,129.42,In-Store,150
6824,159,2444,2024-11-12,1,21.52,Online,55
6825,120,2444,2025-08-31,1,186.86,Online,69
6826,144,2444,2025-02-23,2,22.73,Online,60
6827,142,2444,2024-05-21,3,298.93,Social,195
6828,175,2444,2024-12-06,2,285.32,In-Store,131
6829,129,2444,2025-05-09,1,269.37,In-Store,138
6830,183,2444,2024-05-20,1,127.82,Social,195
6831,103,2444,2024-03-28,2,74.85,Online,43
6832,133,2444,2025-09-25,5,129.42,Online,70
6833,102,2444,2024-03-16,4,175.2,In-Store,117
6834,165,2444,2024-11-02,2,213.33,Email,277
6835,117,2444,2025-01-15,1,214.01,Online,58
6836,118,2444,2025-10-18,1,128.58,Online,71
6837,130,2444,2024-12-23,2,117.61,Online,56
6838,103,2444,2025-07-16,4,74.85,Online,67
6839,128,2444,2024-09-24,5,69.61,Online,51
6840,112,2444,2024-08-16,4,58.11,Online,49
6841,183,2445,2025-03-06,2,127.82,Online,60
6842,151,2445,2023-01-24,2,170.44,In-Store,96
6843,172,2445,2023-07-22,2,75.03,Online,30
6844,166,2445,2024-01-14,3,151.16,In-Store,113
6845,163,2445,2023-04-29,5,115.65,Online,25
6846,120,2445,2025-06-20,1,186.86,In-Store,141
6847,136,2445,2024-09-21,3,134.23,Online,51
6848,128,2445,2023-01-25,1,69.61,In-Store,97
6849,132,2445,2025-09-20,2,146.35,Online,70
6850,113,2445,2023-08-18,4,122.3,TV,324
6851,157,2445,2023-07-28,2,140.43,Online,31
6852,112,2445,2024-10-29,4,58.11,Online,54
6853,159,2445,2024-02-05,1,21.52,Email,260
6854,132,2445,2022-11-21,2,146.35,In-Store,93
6855,147,2445,2025-07-27,1,193.11,Social,214
6856,185,2445,2025-02-05,3,143.79,Social,208
6857,188,2446,2024-01-16,2,12.93,In-Store,113
6858,104,2446,2022-12-20,2,50.25,Online,19
6859,137,2446,2023-06-11,2,90.95,Online,28
6860,144,2446,2023-09-07,3,22.73,In-Store,107
6861,186,2446,2024-03-26,4,29.78,Online,42
6862,148,2446,2024-05-10,4,47.75,Online,45
6863,105,2446,2023-10-30,4,45.85,In-Store,108
6864,184,2447,2025-04-17,2,120.25,Online,63
6865,140,2447,2025-02-01,1,139.7,Social,207
6866,108,2447,2023-09-07,1,127.37,Social,184
6867,185,2447,2025-04-20,5,143.79,In-Store,137
6868,182,2447,2023-01-13,1,73.37,Online,19
6869,191,2447,2024-12-23,1,196.98,TV,347
6870,125,2447,2025-09-23,2,25.35,Online,70
6871,171,2447,2024-10-01,1,117.28,Online,51
6872,153,2447,2025-11-04,4,44.91,Email,293
6873,190,2447,2024-09-26,5,121.42,Online,52
6874,155,2447,2023-04-13,2,71.21,Online,24
6875,161,2447,2025-02-05,4,233.25,Online,59
6876,127,2447,2024-04-18,1,184.65,In-Store,118
6877,131,2447,2025-10-06,1,76.52,Online,71
6878,181,2447,2022-10-14,2,231.25,Online,14
6879,142,2447,2023-09-22,1,298.93,In-Store,107
6880,119,2447,2024-10-15,5,193.28,In-Store,127
6881,198,2447,2024-02-27,5,167.93,In-Store,114
6882,118,2447,2025-08-10,2,128.58,Online,68
6883,131,2447,2024-05-23,1,76.52,Social,195
6884,129,2447,2025-04-11,5,269.37,Social,211
6885,161,2447,2024-05-02,2,233.25,In-Store,119
6886,125,2448,2024-06-16,3,25.35,Online,47
6887,157,2448,2025-12-14,5,140.43,In-Store,149
6888,112,2448,2025-02-15,1,58.11,TV,350
6889,195,2448,2024-05-20,2,109.44,In-Store,120
6890,138,2448,2024-03-03,5,115.15,In-Store,115
6891,149,2448,2024-02-03,4,64.92,Online,40
6892,105,2448,2025-12-22,2,45.85,Online,76
6893,106,2448,2024-03-09,1,41.44,Online,41
6894,135,2448,2024-03-04,4,62.14,Online,42
6895,149,2448,2024-05-20,3,64.92,Online,46
6896,105,2448,2025-07-31,3,45.85,Online,68
6897,168,2448,2024-02-28,1,151.07,Online,41
6898,166,2448,2024-08-19,4,151.16,Online,50
6899,194,2448,2023-12-26,4,70.1,Online,37
6900,108,2448,2023-11-08,5,127.37,Online,35
6901,161,2448,2024-12-13,3,233.25,Online,56
6902,166,2448,2023-09-26,2,151.16,Online,33
6903,181,2448,2025-06-29,2,231.25,In-Store,141
6904,139,2448,2023-09-15,5,162.16,Online,33
6905,120,2448,2023-10-19,1,186.86,Social,185
6906,157,2448,2025-12-21,1,140.43,Online,77
6907,118,2448,2023-12-24,1,128.58,In-Store,112
6908,177,2448,2024-06-20,3,296.45,Online,47
6909,180,2448,2024-06-30,2,97.9,In-Store,122
6910,110,2449,2025-03-17,3,138.19,Email,283
6911,148,2449,2025-03-02,1,47.75,TV,351
6912,190,2449,2024-08-04,3,121.42,In-Store,123
6913,161,2449,2025-05-26,3,233.25,Social,212
6914,105,2449,2025-07-05,4,45.85,Online,66
6915,125,2449,2025-03-01,1,25.35,Online,59
6916,162,2449,2025-09-04,2,23.29,Online,69
6917,103,2449,2024-12-08,5,74.85,Online,55
6918,107,2449,2025-11-02,2,110.76,In-Store,147
6919,109,2449,2025-10-06,2,69.39,Online,70
6920,149,2449,2025-03-02,1,64.92,Email,282
6921,163,2449,2025-06-05,4,115.65,Online,66
6922,185,2449,2025-01-22,5,143.79,In-Store,133
6923,122,2449,2025-08-28,3,224.2,Online,68
6924,196,2449,2024-11-01,4,162.21,Social,203
6925,192,2449,2025-03-30,1,22.56,Online,61
6926,159,2449,2025-12-30,5,21.52,Online,77
6927,177,2449,2025-11-05,1,296.45,Online,72
6928,139,2449,2025-09-11,4,162.16,Email,291
6929,141,2449,2025-06-11,5,75.02,Online,66
6930,136,2449,2024-11-12,2,134.23,In-Store,129
6931,168,2449,2025-07-06,5,151.07,In-Store,141
6932,158,2450,2023-12-29,1,132.56,TV,331
6933,114,2450,2024-10-24,3,120.5,Social,203
6934,163,2450,2022-11-17,2,115.65,Online,17
6935,124,2450,2022-03-19,1,174.26,In-Store,81
6936,136,2450,2024-08-26,3,134.23,Online,50
6937,138,2450,2025-11-10,3,115.15,In-Store,147
6938,140,2450,2023-06-17,1,139.7,Social,179
6939,184,2450,2023-05-04,2,120.25,Online,25
6940,148,2450,2025-01-11,1,47.75,In-Store,133
6941,138,2450,2025-12-23,1,115.15,Online,77
6942,194,2450,2022-03-21,1,70.1,Online,4
6943,183,2450,2025-08-21,3,127.82,Online,69
6944,157,2450,2022-07-26,2,140.43,Online,9
6945,112,2450,2023-08-31,5,58.11,Online,32
6946,140,2450,2023-09-23,3,139.7,Online,33
6947,181,2450,2025-09-19,2,231.25,Online,70
6948,141,2450,2024-02-11,5,75.02,Online,40
6949,187,2450,2023-05-05,5,95.73,Social,177
6950,126,2450,2024-02-28,4,62.9,In-Store,116
6951,196,2450,2025-04-04,2,162.21,Online,61
6952,160,2450,2022-12-03,3,74.86,Online,18
6953,155,2450,2025-09-20,4,71.21,Online,70
6954,151,2450,2022-08-11,5,170.44,Online,11
6955,126,2450,2022-07-05,4,62.9,TV,305
6956,133,2450,2025-12-06,5,129.42,Online,76
6957,188,2450,2022-02-27,5,12.93,Online,3
6958,191,2450,2024-06-25,3,196.98,Email,268
6959,185,2450,2023-08-04,1,143.79,TV,323
6960,160,2451,2024-05-31,3,74.86,Online,46
6961,115,2451,2024-04-26,3,114.62,Online,44
6962,173,2451,2024-02-21,2,100.75,Online,41
6963,144,2451,2024-06-24,2,22.73,Social,197
6964,143,2451,2024-01-21,2,18.47,Online,39
6965,180,2451,2024-03-11,3,97.9,Social,191
6966,135,2452,2025-02-17,3,62.14,TV,351
6967,162,2452,2024-12-28,2,23.29,Online,58
6968,146,2452,2024-09-03,4,28.76,TV,343
6969,182,2452,2025-02-10,4,73.37,Online,59
6970,162,2452,2024-07-07,1,23.29,Online,48
6971,126,2452,2024-09-17,1,62.9,In-Store,126
6972,153,2452,2024-10-28,3,44.91,Online,53
6973,148,2452,2024-09-19,3,47.75,Email,273
6974,156,2453,2025-12-22,5,13.54,Social,222
6975,178,2453,2025-09-10,2,58.92,Online,70
6976,113,2453,2025-09-21,1,122.3,In-Store,145
6977,178,2453,2025-11-08,1,58.92,Online,73
6978,168,2453,2025-07-11,2,151.07,Online,67
6979,129,2453,2025-03-23,3,269.37,Online,61
6980,133,2453,2025-06-30,5,129.42,Online,67
6981,101,2453,2025-01-27,1,116.4,Social,207
6982,113,2453,2025-03-09,4,122.3,Online,60
6983,104,2453,2025-12-25,1,50.25,Online,77
6984,199,2453,2025-04-07,1,105.38,Online,62
6985,186,2453,2025-08-22,4,29.78,Email,291
6986,139,2453,2025-11-28,5,162.16,Online,74
6987,165,2453,2024-12-21,1,213.33,In-Store,130
6988,127,2453,2025-08-23,5,184.65,Online,69
6989,144,2453,2025-02-20,4,22.73,Online,60
6990,110,2453,2025-05-07,4,138.19,Email,285
6991,103,2453,2025-03-03,3,74.85,Online,60
6992,181,2453,2025-08-03,3,231.25,Social,215
6993,166,2453,2025-06-23,2,151.16,Online,66
6994,113,2453,2025-06-23,3,122.3,Online,66
6995,166,2453,2025-10-05,5,151.16,Online,70
6996,165,2453,2025-09-29,4,213.33,In-Store,144
6997,129,2453,2024-12-04,1,269.37,Online,56
6998,151,2454,2023-11-17,1,170.44,Online,35
6999,183,2454,2024-01-04,2,127.82,Online,38
7000,130,2454,2023-11-10,4,117.61,In-Store,110
7001,151,2454,2024-03-22,3,170.44,TV,335
7002,120,2454,2024-02-18,5,186.86,Email,261
7003,142,2454,2025-08-20,4,298.93,In-Store,143
7004,200,2454,2025-10-21,1,213.63,In-Store,146
7005,140,2454,2024-02-22,4,139.7,Online,41
7006,200,2454,2023-12-02,3,213.63,Online,37
7007,149,2454,2025-08-05,1,64.92,Online,68
7008,105,2454,2025-06-29,4,45.85,In-Store,141
7009,164,2454,2025-02-12,1,91.03,Online,59
7010,141,2454,2025-09-29,2,75.02,Online,70
7011,159,2454,2025-08-28,2,21.52,Online,69
7012,115,2454,2024-11-20,2,114.62,TV,346
7013,116,2454,2023-11-14,3,161.44,In-Store,110
7014,151,2454,2023-12-15,5,170.44,Online,36
7015,168,2454,2023-11-25,2,151.07,Online,36
7016,191,2454,2024-01-01,5,196.98,Online,38
7017,167,2455,2024-03-22,1,75.91,Online,43
7018,122,2455,2024-09-08,2,224.2,Online,51
7019,120,2455,2023-02-16,4,186.86,Online,20
7020,139,2455,2024-01-17,2,162.16,In-Store,113
7021,150,2455,2025-12-13,5,66.48,Online,76
7022,177,2455,2024-07-06,1,296.45,Online,48
7023,138,2455,2025-09-01,1,115.15,Online,69
7024,192,2455,2024-03-01,5,22.56,Online,40
7025,177,2455,2025-01-08,1,296.45,Online,57
7026,192,2455,2025-04-19,4,22.56,Online,62
7027,129,2455,2025-02-06,3,269.37,Online,59
7028,108,2455,2023-09-30,4,127.37,In-Store,108
7029,195,2455,2025-12-17,4,109.44,In-Store,149
7030,103,2455,2023-10-27,1,74.85,Online,35
7031,111,2455,2023-10-02,4,78.12,Online,33
7032,150,2456,2025-10-22,5,66.48,Online,71
7033,116,2456,2023-07-30,2,161.44,Online,30
7034,127,2456,2025-07-19,5,184.65,Online,68
7035,194,2456,2025-10-24,5,70.1,Online,72
7036,186,2456,2025-05-02,2,29.78,Online,64
7037,198,2456,2024-07-08,2,167.93,Online,48
7038,154,2456,2025-04-16,5,39.53,Social,211
7039,106,2456,2024-10-15,3,41.44,In-Store,128
7040,177,2456,2022-08-07,1,296.45,Online,10
7041,141,2456,2024-11-12,5,75.02,Online,54
7042,158,2456,2022-08-21,4,132.56,Online,12
7043,196,2456,2024-02-06,4,162.21,Online,39
7044,174,2456,2024-02-06,5,89.89,In-Store,114
7045,124,2456,2024-10-31,5,174.26,In-Store,128
7046,198,2456,2025-11-18,1,167.93,Online,74
7047,127,2456,2024-04-22,2,184.65,Social,194
7048,120,2456,2024-07-26,1,186.86,Online,49
7049,127,2456,2025-08-09,2,184.65,Email,290
7050,120,2456,2024-11-27,5,186.86,In-Store,130
7051,191,2456,2024-10-03,5,196.98,Online,52
7052,106,2456,2024-04-26,3,41.44,Online,43
7053,156,2456,2025-07-20,3,13.54,In-Store,142
7054,200,2456,2024-01-13,4,213.63,In-Store,113
7055,102,2456,2024-06-29,4,175.2,Online,47
7056,119,2456,2025-03-07,1,193.28,Online,60
7057,183,2456,2022-12-10,2,127.82,In-Store,95
7058,197,2456,2025-01-19,4,270.16,In-Store,133
7059,178,2456,2023-09-03,2,58.92,Online,32
7060,182,2456,2024-08-14,4,73.37,Online,49
7061,181,2456,2023-06-22,2,231.25,Online,29
7062,190,2456,2025-04-06,5,121.42,Online,61
7063,195,2457,2025-06-26,1,109.44,In-Store,141
7064,113,2457,2023-10-16,1,122.3,Online,34
7065,119,2457,2025-07-06,1,193.28,In-Store,141
7066,183,2457,2024-04-05,2,127.82,Online,43
7067,145,2457,2024-10-20,4,87.44,In-Store,128
7068,166,2457,2024-03-15,5,151.16,Online,42
7069,123,2457,2025-02-17,3,28.54,Online,59
7070,132,2457,2025-07-06,5,146.35,In-Store,141
7071,132,2457,2024-03-16,4,146.35,Online,42
7072,118,2457,2025-02-23,5,128.58,Online,60
7073,114,2457,2024-09-11,4,120.5,Social,201
7074,137,2457,2024-08-14,5,90.95,Social,200
7075,114,2457,2024-07-11,2,120.5,In-Store,123
7076,196,2457,2024-05-28,5,162.21,Social,196
7077,166,2457,2024-12-02,5,151.16,Online,55
7078,172,2457,2024-12-15,3,75.03,Email,279
7079,127,2457,2023-08-03,4,184.65,Online,30
7080,185,2457,2024-10-17,4,143.79,Online,53
7081,139,2457,2025-11-30,4,162.16,Online,74
7082,183,2457,2024-07-29,5,127.82,Social,199
7083,166,2457,2025-12-11,2,151.16,Online,76
7084,197,2457,2025-04-24,3,270.16,Online,63
7085,121,2457,2024-06-09,5,126.42,In-Store,121
7086,113,2457,2025-04-13,5,122.3,TV,353
7087,118,2458,2024-11-03,2,128.58,Online,54
7088,198,2458,2025-09-13,3,167.93,Online,70
7089,185,2458,2024-07-13,1,143.79,In-Store,123
7090,185,2458,2025-04-23,2,143.79,Online,63
7091,168,2458,2024-05-25,5,151.07,Online,46
7092,130,2458,2025-02-22,4,117.61,In-Store,134
7093,121,2458,2025-04-15,3,126.42,In-Store,138
7094,177,2458,2024-05-20,4,296.45,Online,46
7095,122,2458,2024-12-28,5,224.2,Online,58
7096,108,2458,2024-06-12,2,127.37,Online,47
7097,127,2458,2025-03-02,2,184.65,In-Store,136
7098,149,2458,2025-05-09,3,64.92,In-Store,138
7099,154,2458,2025-05-13,1,39.53,In-Store,138
7100,119,2458,2024-05-05,3,193.28,Online,45
7101,194,2458,2025-09-05,2,70.1,Online,70
7102,170,2458,2024-08-02,4,124.94,In-Store,123
7103,129,2458,2025-05-05,2,269.37,Online,63
7104,110,2458,2025-02-07,1,138.19,Online,59
7105,149,2458,2025-03-02,4,64.92,Online,60
7106,161,2458,2025-09-03,1,233.25,Online,70
7107,153,2459,2025-06-17,1,44.91,TV,355
7108,174,2459,2024-09-22,5,89.89,Online,51
7109,157,2459,2024-09-20,5,140.43,In-Store,125
7110,129,2459,2024-10-16,4,269.37,In-Store,127
7111,190,2459,2025-07-07,3,121.42,Online,67
7112,198,2459,2024-09-25,5,167.93,Online,51
7113,136,2459,2025-08-15,1,134.23,Online,69
7114,158,2459,2025-11-06,1,132.56,Online,72
7115,199,2459,2025-05-04,2,105.38,In-Store,138
7116,143,2459,2025-01-14,5,18.47,Email,280
7117,110,2459,2025-06-29,1,138.19,In-Store,141
7118,124,2459,2024-09-13,5,174.26,Online,51
7119,175,2459,2024-11-10,2,285.32,Online,54
7120,110,2459,2025-06-16,2,138.19,Online,66
7121,177,2459,2025-03-18,1,296.45,Email,283
7122,174,2459,2025-01-24,1,89.89,Email,281
7123,189,2459,2025-10-15,5,47.31,In-Store,146
7124,110,2459,2025-07-19,4,138.19,Online,68
7125,178,2459,2024-06-27,1,58.92,Online,47
7126,132,2459,2024-12-22,2,146.35,In-Store,131
7127,103,2459,2025-02-10,4,74.85,In-Store,134
7128,162,2459,2025-07-04,4,23.29,Online,67
7129,113,2459,2024-09-23,1,122.3,In-Store,126
7130,184,2459,2024-08-08,1,120.25,Online,49
7131,121,2459,2024-10-22,2,126.42,Social,202
7132,186,2459,2025-02-10,5,29.78,Social,207
7133,130,2460,2024-02-29,2,117.61,Online,41
7134,173,2460,2024-10-15,3,100.75,Online,52
7135,126,2460,2024-10-13,4,62.9,In-Store,127
7136,126,2460,2024-04-27,2,62.9,Online,45
7137,126,2460,2024-04-27,2,62.9,Online,43
7138,174,2460,2024-04-30,3,89.89,Social,194
7139,108,2460,2024-07-21,3,127.37,In-Store,123
7140,146,2460,2023-12-25,1,28.76,Social,188
7141,169,2460,2024-07-24,4,105.46,In-Store,123
7142,154,2460,2024-06-05,4,39.53,Social,196
7143,136,2460,2024-05-09,1,134.23,TV,337
7144,117,2461,2024-09-22,1,214.01,Online,51
7145,191,2461,2023-11-25,4,196.98,Online,36
7146,102,2461,2024-02-08,3,175.2,In-Store,114
7147,139,2461,2025-09-10,1,162.16,Online,70
7148,133,2461,2025-11-09,4,129.42,Social,220
7149,105,2461,2025-04-12,5,45.85,Online,62
7150,175,2461,2024-01-18,5,285.32,Social,190
7151,154,2461,2024-07-11,3,39.53,Online,48
7152,129,2461,2025-05-07,1,269.37,Social,212
7153,148,2461,2023-10-17,3,47.75,Social,184
7154,117,2461,2025-03-02,2,214.01,In-Store,135
7155,102,2461,2025-01-15,4,175.2,Online,58
7156,166,2461,2025-04-28,5,151.16,In-Store,137
7157,113,2461,2024-09-26,1,122.3,Online,52
7158,162,2461,2024-02-28,3,23.29,Online,41
7159,157,2461,2024-02-29,1,140.43,Online,41
7160,182,2461,2024-10-07,4,73.37,Email,275
7161,133,2461,2024-04-06,2,129.42,In-Store,118
7162,184,2461,2025-07-09,4,120.25,Online,67
7163,171,2461,2024-11-08,5,117.28,Social,204
7164,183,2461,2024-04-22,4,127.82,Email,264
7165,113,2461,2024-07-24,5,122.3,TV,339
7166,165,2461,2024-11-19,3,213.33,In-Store,129
7167,113,2461,2024-10-24,3,122.3,In-Store,128
7168,185,2461,2023-10-20,4,143.79,Online,34
7169,171,2461,2025-01-04,1,117.28,Online,58
7170,172,2462,2024-12-28,1,75.03,In-Store,132
7171,159,2462,2025-01-15,3,21.52,Online,58
7172,185,2463,2024-08-22,5,143.79,Online,50
7173,113,2463,2025-03-25,5,122.3,Email,283
7174,174,2463,2025-04-07,1,89.89,Online,62
7175,147,2463,2025-02-22,4,193.11,In-Store,135
7176,139,2463,2024-12-08,1,162.16,Social,205
7177,126,2463,2025-07-03,2,62.9,Online,66
7178,133,2463,2024-07-10,3,129.42,Online,48
7179,118,2463,2024-09-04,3,128.58,Social,201
7180,199,2463,2025-03-15,1,105.38,Online,60
7181,104,2463,2025-07-29,3,50.25,In-Store,143
7182,114,2463,2024-04-14,1,120.5,Online,44
7183,197,2463,2024-04-07,2,270.16,Online,43
7184,130,2463,2025-02-12,2,117.61,Online,59
7185,197,2463,2024-05-09,1,270.16,Online,45
7186,175,2463,2025-02-24,1,285.32,Online,59
7187,158,2463,2025-11-09,2,132.56,Online,73
7188,170,2463,2024-06-18,1,124.94,Online,47
7189,141,2463,2024-05-07,5,75.02,Online,45
7190,188,2463,2024-10-31,2,12.93,In-Store,128
7191,167,2463,2024-11-19,1,75.91,Online,55
7192,164,2463,2024-03-12,5,91.03,Email,262
7193,192,2463,2025-06-21,3,22.56,In-Store,140
7194,181,2463,2024-08-29,4,231.25,Social,200
7195,167,2464,2023-06-28,3,75.91,Online,29
7196,184,2464,2023-02-17,2,120.25,Online,21
7197,167,2464,2023-01-12,1,75.91,Online,19
7198,115,2464,2022-12-19,1,114.62,Online,19
7199,156,2465,2023-04-24,1,13.54,Online,25
7200,103,2465,2022-12-20,2,74.85,In-Store,96
7201,145,2465,2022-09-23,3,87.44,Social,164
7202,131,2465,2023-05-27,3,76.52,Online,27
7203,130,2465,2023-05-26,3,117.61,Online,26
7204,131,2465,2023-06-22,1,76.52,TV,321
7205,193,2466,2023-12-31,3,28.68,Online,37
7206,125,2466,2023-12-20,2,25.35,Online,37
7207,178,2466,2024-04-15,2,58.92,Online,44
7208,187,2466,2024-07-23,2,95.73,Online,48
7209,195,2466,2024-03-04,3,109.44,In-Store,116
7210,155,2466,2024-02-01,2,71.21,Social,190
7211,128,2466,2023-10-09,3,69.61,Online,33
7212,162,2466,2024-04-21,3,23.29,Online,43
7213,137,2466,2024-01-11,2,90.95,In-Store,113
7214,112,2466,2024-03-11,2,58.11,Social,192
7215,174,2466,2023-10-04,2,89.89,Online,33
7216,126,2466,2024-01-15,3,62.9,Online,39
7217,122,2467,2025-07-18,4,224.2,Social,214
7218,166,2467,2025-01-03,3,151.16,In-Store,131
7219,171,2467,2024-12-23,2,117.28,Online,57
7220,177,2467,2024-11-22,5,296.45,In-Store,130
7221,147,2467,2025-11-10,1,193.11,Online,74
7222,116,2467,2025-02-23,3,161.44,Online,59
7223,166,2467,2025-10-30,5,151.16,TV,363
7224,185,2467,2025-01-08,3,143.79,Online,58
7225,181,2467,2025-06-18,4,231.25,In-Store,140
7226,200,2467,2025-07-18,5,213.63,TV,357
7227,197,2467,2025-03-21,5,270.16,Online,60
7228,171,2467,2025-10-24,1,117.28,In-Store,146
7229,122,2467,2025-03-28,2,224.2,In-Store,137
7230,122,2467,2025-05-06,5,224.2,Online,64
7231,178,2467,2025-04-27,2,58.92,Online,63
7232,190,2467,2024-12-06,1,121.42,Online,56
7233,117,2467,2025-03-19,1,214.01,Online,61
7234,183,2467,2025-03-02,1,127.82,Online,60
7235,185,2467,2025-05-05,3,143.79,Online,64
7236,122,2467,2025-08-17,5,224.2,Online,68
7237,105,2467,2025-03-24,4,45.85,Online,60
7238,106,2468,2024-01-05,2,41.44,Online,37
7239,189,2468,2024-03-04,4,47.31,Online,42
7240,187,2468,2023-04-30,1,95.73,In-Store,101
7241,162,2468,2023-08-02,3,23.29,Online,30
7242,106,2468,2023-02-01,2,41.44,Social,172
7243,153,2468,2023-11-12,4,44.91,Online,35
7244,114,2468,2024-03-12,4,120.5,Social,191
7245,101,2468,2023-08-19,4,116.4,Online,32
7246,192,2468,2024-10-10,1,22.56,In-Store,126
7247,128,2468,2023-10-05,2,69.61,In-Store,108
7248,174,2468,2023-06-28,3,89.89,Online,28
7249,149,2469,2024-10-02,3,64.92,Online,52
7250,169,2469,2024-09-05,3,105.46,In-Store,124
7251,195,2469,2024-10-15,3,109.44,Online,52
7252,113,2470,2025-01-06,2,122.3,In-Store,131
7253,182,2470,2024-12-31,3,73.37,Online,58
7254,164,2470,2024-12-12,3,91.03,Online,56
7255,109,2470,2024-12-26,2,69.39,Online,56
7256,133,2470,2024-12-15,1,129.42,Email,279
7257,153,2470,2025-02-14,1,44.91,Online,59
7258,111,2470,2024-12-06,3,78.12,In-Store,131
7259,193,2470,2024-12-14,2,28.68,In-Store,130
7260,156,2470,2024-11-25,1,13.54,Online,55
7261,190,2470,2024-11-25,1,121.42,Online,55
7262,163,2471,2022-12-08,3,115.65,In-Store,95
7263,186,2471,2023-01-07,1,29.78,TV,314
7264,193,2471,2024-12-05,2,28.68,Online,55
7265,113,2471,2023-08-27,2,122.3,Online,32
7266,141,2471,2023-11-06,2,75.02,Social,185
7267,148,2471,2023-10-28,3,47.75,Online,34
7268,128,2471,2023-09-09,1,69.61,Email,253
7269,115,2471,2023-02-07,4,114.62,Online,21
7270,131,2471,2024-12-18,4,76.52,Online,57
7271,135,2471,2023-08-30,1,62.14,TV,323
7272,193,2472,2024-09-23,2,28.68,In-Store,126
7273,193,2472,2023-08-22,4,28.68,Online,32
7274,154,2472,2024-04-18,4,39.53,In-Store,119
7275,176,2472,2023-10-14,4,98.45,Online,33
7276,178,2472,2024-07-07,4,58.92,Online,48
7277,111,2472,2023-11-05,4,78.12,Online,34
7278,106,2472,2023-08-26,3,41.44,Online,32
7279,179,2472,2023-07-02,1,69.62,In-Store,104
7280,111,2472,2024-01-18,4,78.12,Online,39
7281,171,2472,2024-09-05,2,117.28,Online,50
7282,199,2472,2024-09-27,2,105.38,Online,51
7283,171,2472,2024-03-14,2,117.28,In-Store,117
7284,109,2472,2024-03-01,2,69.39,Online,41
7285,110,2473,2023-06-10,5,138.19,Online,28
7286,191,2473,2025-04-05,5,196.98,In-Store,137
7287,124,2473,2024-09-18,3,174.26,In-Store,126
7288,188,2473,2023-06-16,2,12.93,Social,179
7289,107,2473,2023-12-05,3,110.76,In-Store,111
7290,188,2473,2024-08-30,1,12.93,Email,272
7291,151,2473,2024-06-30,4,170.44,Online,48
7292,192,2473,2023-10-12,2,22.56,Online,33
7293,113,2473,2023-05-20,3,122.3,Online,25
7294,182,2473,2024-02-26,3,73.37,In-Store,116
7295,136,2473,2025-05-26,5,134.23,In-Store,139
7296,126,2473,2024-09-03,2,62.9,TV,342
7297,197,2473,2023-04-07,4,270.16,In-Store,100
7298,197,2473,2024-11-13,1,270.16,Online,55
7299,166,2473,2022-05-09,2,151.16,In-Store,84
7300,169,2473,2023-08-30,5,105.46,Online,32
7301,192,2473,2024-07-20,5,22.56,Online,48
7302,106,2473,2024-04-10,5,41.44,Social,192
7303,116,2473,2024-05-02,3,161.44,Online,44
7304,132,2473,2025-09-27,5,146.35,In-Store,145
7305,129,2473,2022-10-31,4,269.37,Online,16
7306,196,2473,2024-06-15,4,162.21,Online,47
7307,192,2473,2024-06-27,5,22.56,Online,47
7308,144,2473,2024-12-25,2,22.73,Online,57
7309,187,2473,2025-05-19,2,95.73,Social,212
7310,198,2474,2025-10-10,5,167.93,Online,70
7311,181,2474,2025-05-20,5,231.25,Online,65
7312,173,2474,2025-12-12,3,100.75,Online,76
7313,132,2474,2025-10-16,2,146.35,Online,72
7314,126,2474,2024-06-13,4,62.9,Social,197
7315,134,2474,2024-09-25,1,113.57,Online,52
7316,117,2474,2024-08-15,5,214.01,Online,49
7317,106,2474,2025-04-11,1,41.44,Online,62
7318,172,2474,2024-12-04,4,75.03,TV,347
7319,171,2474,2025-10-24,1,117.28,Online,72
7320,165,2474,2024-06-13,5,213.33,TV,338
7321,158,2474,2024-09-07,4,132.56,In-Store,125
7322,184,2474,2025-02-11,5,120.25,Online,59
7323,157,2474,2024-08-30,4,140.43,Online,49
7324,141,2474,2024-06-27,5,75.02,Email,268
7325,167,2474,2025-06-25,2,75.91,Online,66
7326,195,2474,2024-12-02,5,109.44,In-Store,130
7327,190,2475,2024-12-19,2,121.42,In-Store,130
7328,172,2475,2025-06-13,4,75.03,Online,65
7329,193,2475,2025-01-30,3,28.68,Online,59
7330,154,2475,2025-01-05,2,39.53,Online,57
7331,126,2475,2024-12-21,4,62.9,In-Store,131
7332,128,2475,2025-04-12,4,69.61,TV,353
7333,162,2475,2025-02-18,3,23.29,Email,282
7334,133,2475,2025-02-21,4,129.42,Online,60
7335,112,2475,2025-05-17,3,58.11,Online,64
7336,105,2475,2025-02-13,4,45.85,In-Store,135
7337,143,2476,2025-06-20,1,18.47,Online,66
7338,161,2476,2025-01-14,5,233.25,Online,58
7339,144,2476,2025-05-28,2,22.73,In-Store,139
7340,124,2476,2024-08-11,4,174.26,Online,49
7341,122,2476,2025-09-28,3,224.2,Online,70
7342,110,2476,2025-08-24,5,138.19,Online,68
7343,151,2476,2024-04-10,5,170.44,Online,43
7344,149,2476,2025-10-17,3,64.92,Online,71
7345,184,2476,2025-06-10,5,120.25,Online,66
7346,136,2476,2024-09-10,2,134.23,TV,343
7347,157,2476,2025-04-01,4,140.43,Online,61
7348,122,2476,2025-03-03,4,224.2,Online,60
7349,199,2476,2025-06-24,3,105.38,In-Store,141
7350,133,2476,2024-11-02,5,129.42,Online,53
7351,138,2476,2025-03-08,3,115.15,Social,209
7352,108,2476,2025-11-15,4,127.37,In-Store,147
7353,111,2476,2025-01-28,2,78.12,Online,58
7354,112,2476,2025-05-04,3,58.11,In-Store,138
7355,140,2476,2025-11-20,1,139.7,In-Store,147
7356,153,2476,2024-10-10,2,44.91,In-Store,126
7357,113,2476,2024-02-11,3,122.3,In-Store,115
7358,193,2477,2025-07-25,2,28.68,In-Store,142
7359,121,2477,2023-08-03,1,126.42,Online,31
7360,110,2477,2024-02-05,1,138.19,In-Store,114
7361,182,2477,2024-11-03,3,73.37,Online,54
7362,142,2477,2023-05-08,5,298.93,Online,25
7363,166,2477,2024-05-25,2,151.16,In-Store,120
7364,198,2477,2022-10-25,5,167.93,Online,14
7365,117,2477,2025-01-29,3,214.01,Social,207
7366,150,2477,2022-04-20,4,66.48,Online,5
7367,122,2477,2023-09-05,1,224.2,In-Store,107
7368,166,2477,2024-04-21,3,151.16,Social,194
7369,142,2477,2023-11-25,2,298.93,Online,36
7370,121,2477,2025-01-12,5,126.42,Online,58
7371,174,2477,2025-05-25,2,89.89,Social,213
7372,113,2477,2024-05-08,4,122.3,Online,45
7373,123,2477,2024-05-07,1,28.54,Online,45
7374,105,2477,2022-11-26,2,45.85,Social,167
7375,168,2477,2025-05-03,3,151.07,Online,64
7376,136,2477,2025-06-21,1,134.23,In-Store,140
7377,197,2477,2025-05-13,1,270.16,Online,63
7378,113,2477,2022-08-20,4,122.3,Online,12
7379,143,2477,2024-11-05,1,18.47,In-Store,128
7380,161,2477,2025-06-25,4,233.25,Online,66
7381,108,2477,2025-01-15,4,127.37,Online,58
7382,155,2478,2023-06-30,1,71.21,Online,29
7383,114,2478,2023-05-10,1,120.5,Social,177
7384,153,2478,2023-11-17,1,44.91,Online,35
7385,172,2478,2023-10-24,2,75.03,Online,34
7386,141,2479,2024-12-31,3,75.02,Online,56
7387,187,2479,2025-01-27,2,95.73,Social,206
7388,124,2479,2023-10-24,3,174.26,In-Store,108
7389,178,2479,2025-11-25,2,58.92,Online,74
7390,108,2479,2024-04-08,1,127.37,In-Store,118
7391,136,2479,2025-03-24,4,134.23,In-Store,136
7392,175,2479,2023-12-01,5,285.32,In-Store,111
7393,136,2479,2024-01-31,5,134.23,Online,39
7394,129,2479,2025-10-06,1,269.37,Social,218
7395,127,2479,2025-05-06,2,184.65,Online,63
7396,164,2479,2024-06-16,5,91.03,Online,47
7397,149,2479,2024-07-31,1,64.92,In-Store,124
7398,126,2479,2024-04-30,2,62.9,Online,43
7399,130,2479,2025-02-24,3,117.61,Email,282
7400,170,2479,2025-03-01,1,124.94,Online,59
7401,122,2479,2023-12-07,4,224.2,Social,188
7402,113,2479,2024-10-07,1,122.3,Social,202
7403,117,2479,2024-06-30,1,214.01,TV,338
7404,132,2479,2025-03-24,5,146.35,In-Store,136
7405,187,2480,2025-06-14,5,95.73,TV,356
7406,158,2480,2025-11-02,3,132.56,Online,73
7407,132,2480,2025-10-14,2,146.35,Online,70
7408,157,2480,2025-12-03,3,140.43,In-Store,149
7409,188,2480,2024-09-19,3,12.93,In-Store,126
7410,165,2480,2025-05-19,1,213.33,In-Store,139
7411,166,2480,2024-12-21,4,151.16,In-Store,131
7412,146,2480,2025-11-09,4,28.76,Social,220
7413,108,2480,2025-01-25,1,127.37,Online,58
7414,125,2480,2025-10-02,5,25.35,Online,70
7415,162,2480,2025-01-30,3,23.29,Social,207
7416,200,2480,2025-06-25,5,213.63,Email,287
7417,186,2480,2025-10-01,1,29.78,Online,70
7418,111,2480,2024-12-20,1,78.12,Online,57
7419,140,2481,2025-10-04,3,139.7,Online,71
7420,168,2481,2024-09-08,3,151.07,Online,51
7421,192,2481,2024-08-22,5,22.56,Email,272
7422,111,2481,2025-08-30,2,78.12,Online,69
7423,102,2481,2024-12-31,3,175.2,Social,206
7424,132,2481,2025-08-28,1,146.35,TV,360
7425,147,2481,2024-08-14,5,193.11,Online,49
7426,151,2481,2025-07-11,1,170.44,Social,214
7427,113,2481,2025-11-01,2,122.3,Online,73
7428,109,2481,2024-12-11,5,69.39,Online,56
7429,145,2481,2024-10-18,3,87.44,Online,53
7430,151,2481,2025-05-10,1,170.44,In-Store,139
7431,168,2481,2024-12-05,4,151.07,Email,279
7432,178,2481,2024-11-21,1,58.92,Online,55
7433,198,2481,2024-11-19,1,167.93,In-Store,130
7434,185,2481,2024-09-10,3,143.79,Online,51
7435,152,2481,2025-05-05,2,72.34,Email,285
7436,186,2481,2025-07-17,4,29.78,In-Store,142
7437,168,2481,2025-02-09,5,151.07,Email,282
7438,118,2481,2024-12-15,3,128.58,In-Store,130
7439,113,2481,2025-06-15,1,122.3,Online,66
7440,199,2481,2024-10-09,4,105.38,Online,52
7441,139,2481,2025-01-23,2,162.16,Online,58
7442,196,2481,2025-04-22,5,162.21,Online,62
7443,157,2481,2024-10-23,2,140.43,Social,203
7444,110,2481,2025-07-23,4,138.19,In-Store,142
7445,120,2481,2024-10-04,3,186.86,In-Store,127
7446,127,2481,2025-03-21,5,184.65,Online,60
7447,193,2481,2025-09-21,5,28.68,Online,70
7448,142,2481,2025-05-21,5,298.93,Online,64
7449,177,2482,2024-07-17,3,296.45,Online,48
7450,193,2482,2024-03-22,1,28.68,Social,192
7451,119,2482,2024-06-20,5,193.28,In-Store,121
7452,175,2482,2024-01-28,3,285.32,Online,39
7453,198,2482,2024-07-04,4,167.93,In-Store,123
7454,122,2482,2024-09-01,3,224.2,In-Store,125
7455,128,2482,2023-10-28,3,69.61,Online,35
7456,105,2482,2023-01-30,5,45.85,In-Store,97
7457,188,2482,2023-05-25,4,12.93,Online,26
7458,181,2482,2024-06-29,4,231.25,In-Store,122
7459,113,2482,2025-05-29,5,122.3,Social,213
7460,132,2482,2024-09-19,1,146.35,Online,51
7461,117,2482,2025-07-12,3,214.01,In-Store,142
7462,167,2482,2024-01-14,4,75.91,In-Store,113
7463,174,2482,2022-09-27,3,89.89,Social,165
7464,146,2482,2024-09-07,3,28.76,Online,51
7465,185,2482,2024-05-20,4,143.79,Online,46
7466,123,2482,2024-02-18,1,28.54,Online,40
7467,151,2482,2023-05-22,5,170.44,Online,26
7468,171,2482,2025-01-03,4,117.28,Online,58
7469,116,2482,2024-06-29,2,161.44,Online,47
7470,111,2483,2023-10-20,1,78.12,In-Store,108
7471,107,2483,2023-12-29,2,110.76,Online,38
7472,106,2484,2023-02-04,1,41.44,In-Store,97
7473,200,2484,2023-11-02,4,213.63,Online,35
7474,161,2484,2024-02-01,3,233.25,Social,190
7475,148,2484,2023-08-12,2,47.75,Online,31
7476,109,2484,2025-10-05,1,69.39,Online,71
7477,183,2484,2024-07-25,3,127.82,In-Store,123
7478,153,2484,2024-08-08,5,44.91,TV,341
7479,105,2484,2025-01-06,2,45.85,TV,348
7480,143,2484,2025-05-10,2,18.47,Online,64
7481,118,2484,2025-09-09,4,128.58,Online,70
7482,139,2484,2023-04-13,5,162.16,Online,24
7483,175,2484,2023-01-08,5,285.32,Online,19
7484,188,2484,2025-10-18,1,12.93,Online,71
7485,188,2484,2023-06-04,3,12.93,Email,248
7486,169,2484,2025-08-15,2,105.46,Online,68
7487,157,2484,2025-07-16,2,140.43,Online,67
7488,163,2484,2025-02-16,5,115.65,In-Store,135
7489,169,2484,2024-05-03,4,105.46,Online,45
7490,108,2484,2025-11-18,5,127.37,Online,74
7491,104,2484,2023-02-12,1,50.25,Online,21
7492,154,2484,2024-01-31,1,39.53,Online,40
7493,165,2484,2024-02-16,2,213.33,Online,40
7494,119,2484,2023-04-02,2,193.28,In-Store,99
7495,161,2484,2024-04-23,5,233.25,Online,44
7496,190,2484,2025-10-12,2,121.42,Email,292
7497,125,2484,2024-04-20,4,25.35,Online,43
7498,176,2484,2023-05-01,5,98.45,Online,24
7499,139,2484,2024-08-23,4,162.16,Online,50
7500,158,2484,2025-04-16,4,132.56,Online,62
7501,146,2484,2024-07-05,2,28.76,In-Store,122
7502,198,2484,2024-04-13,1,167.93,Online,43
7503,117,2484,2024-01-09,4,214.01,Online,38
7504,102,2484,2025-09-03,4,175.2,Online,70
7505,119,2484,2023-02-23,5,193.28,Online,20
7506,104,2484,2023-11-29,5,50.25,Social,186
7507,153,2485,2024-04-10,4,44.91,In-Store,118
7508,154,2485,2023-09-25,3,39.53,Online,33
7509,190,2485,2024-06-15,4,121.42,Online,47
7510,184,2485,2024-10-13,3,120.25,Online,53
7511,190,2485,2023-12-15,2,121.42,Online,37
7512,169,2485,2024-04-19,4,105.46,In-Store,119
7513,105,2485,2023-12-02,3,45.85,Email,256
7514,181,2486,2025-01-12,5,231.25,In-Store,133
7515,196,2486,2025-05-12,3,162.21,Online,63
7516,117,2486,2025-08-25,2,214.01,Online,68
7517,151,2486,2025-03-16,2,170.44,In-Store,136
7518,153,2486,2024-06-15,5,44.91,Social,196
7519,101,2486,2025-03-05,5,116.4,Online,60
7520,181,2486,2025-08-06,5,231.25,Online,68
7521,199,2486,2024-10-06,5,105.38,Online,52
7522,110,2486,2024-10-24,2,138.19,Online,53
7523,196,2486,2024-10-21,5,162.21,Online,53
7524,189,2486,2024-12-11,2,47.31,Online,56
7525,121,2486,2025-01-25,5,126.42,In-Store,134
7526,193,2486,2024-07-28,1,28.68,Online,48
7527,188,2486,2025-08-01,3,12.93,In-Store,143
7528,141,2486,2025-11-19,4,75.02,Online,74
7529,169,2486,2024-07-26,3,105.46,Online,48
7530,110,2486,2025-07-03,3,138.19,In-Store,141
7531,138,2486,2025-09-07,3,115.15,Social,216
7532,107,2486,2025-09-18,5,110.76,In-Store,144
7533,189,2486,2024-07-29,3,47.31,Online,49
7534,144,2486,2024-10-16,4,22.73,In-Store,128
7535,144,2486,2025-02-26,5,22.73,Online,59
7536,186,2486,2025-08-02,2,29.78,Online,68
7537,149,2486,2025-06-15,3,64.92,TV,355
7538,165,2486,2025-06-02,3,213.33,In-Store,140
7539,136,2487,2024-07-30,1,134.23,TV,340
7540,183,2487,2025-11-02,3,127.82,Online,73
7541,160,2487,2024-09-08,2,74.86,Online,51
7542,168,2487,2025-04-27,5,151.07,Online,63
7543,147,2487,2025-11-20,1,193.11,Social,220
7544,161,2487,2025-07-21,1,233.25,Online,67
7545,188,2487,2025-04-18,5,12.93,Online,63
7546,151,2487,2025-12-06,3,170.44,TV,364
7547,125,2487,2024-12-05,5,25.35,Online,56
7548,194,2487,2025-09-28,4,70.1,In-Store,144
7549,165,2487,2024-12-24,4,213.33,In-Store,131
7550,172,2487,2024-07-16,2,75.03,Online,48
7551,158,2487,2025-12-11,4,132.56,Online,76
7552,146,2487,2025-10-28,1,28.76,In-Store,146
7553,157,2487,2025-10-13,3,140.43,Online,71
7554,142,2487,2024-08-20,3,298.93,Online,49
7555,143,2488,2024-05-10,3,18.47,In-Store,120
7556,138,2488,2024-07-24,4,115.15,Online,49
7557,106,2488,2024-08-31,1,41.44,Online,51
7558,136,2488,2024-02-10,2,134.23,Online,40
7559,123,2488,2024-06-05,2,28.54,Online,46
7560,143,2488,2023-11-25,4,18.47,Online,36
7561,193,2488,2024-03-14,1,28.68,Social,192
7562,156,2488,2024-05-06,2,13.54,Online,45
7563,103,2488,2024-01-05,2,74.85,Online,37
7564,155,2488,2024-06-17,1,71.21,In-Store,121
7565,193,2488,2024-09-16,4,28.68,In-Store,125
7566,125,2489,2023-03-11,3,25.35,Online,22
7567,130,2489,2023-09-16,1,117.61,Online,33
7568,133,2489,2023-06-07,1,129.42,In-Store,102
7569,112,2489,2023-05-16,2,58.11,Social,177
7570,193,2489,2023-05-29,2,28.68,Online,26
7571,155,2489,2022-08-22,4,71.21,Online,11
7572,199,2489,2023-04-11,2,105.38,Social,176
7573,189,2489,2024-04-06,1,47.31,Online,43
7574,113,2489,2023-02-23,4,122.3,Online,20
7575,143,2489,2023-07-12,2,18.47,Online,29
7576,162,2489,2024-02-10,2,23.29,Online,40
7577,183,2490,2024-08-13,1,127.82,Online,49
7578,131,2490,2025-01-07,4,76.52,Social,206
7579,158,2490,2024-04-26,4,132.56,Online,44
7580,141,2490,2024-12-26,3,75.02,Online,57
7581,123,2490,2024-12-31,3,28.54,Online,57
7582,147,2490,2024-10-03,4,193.11,Online,52
7583,127,2490,2024-03-20,2,184.65,Online,42
7584,192,2490,2025-02-25,2,22.56,Online,59
7585,118,2490,2024-09-15,1,128.58,Social,202
7586,139,2490,2024-10-28,4,162.16,Online,53
7587,165,2490,2023-12-11,1,213.33,Online,36
7588,158,2490,2024-01-15,2,132.56,Online,38
7589,122,2490,2025-04-17,4,224.2,Online,61
7590,115,2490,2025-10-03,2,114.62,TV,361
7591,115,2490,2024-11-06,2,114.62,In-Store,128
7592,123,2490,2024-06-21,2,28.54,Online,47
7593,122,2490,2024-11-12,3,224.2,In-Store,129
7594,136,2490,2025-10-16,1,134.23,Social,219
7595,119,2490,2024-12-31,1,193.28,Social,206
7596,198,2491,2025-01-03,1,167.93,In-Store,131
7597,129,2491,2025-01-23,3,269.37,Online,59
7598,147,2491,2025-09-13,5,193.11,In-Store,144
7599,121,2491,2025-08-16,3,126.42,In-Store,143
7600,110,2491,2025-07-19,1,138.19,Online,68
7601,147,2491,2025-12-11,1,193.11,Online,75
7602,121,2491,2025-03-04,1,126.42,In-Store,136
7603,197,2491,2024-11-18,2,270.16,Online,55
7604,124,2491,2025-04-17,2,174.26,Online,61
7605,166,2491,2025-04-30,2,151.16,Online,63
7606,101,2491,2025-06-02,3,116.4,In-Store,139
7607,157,2491,2025-01-06,1,140.43,Online,57
7608,136,2491,2025-11-22,3,134.23,Online,75
7609,178,2491,2025-10-28,2,58.92,Online,72
7610,198,2491,2025-05-16,2,167.93,Online,65
7611,110,2491,2025-05-23,3,138.19,Online,65
7612,109,2491,2024-11-24,3,69.39,In-Store,130
7613,156,2491,2025-12-20,5,13.54,Social,222
7614,178,2491,2025-11-30,2,58.92,Email,294
7615,147,2491,2025-08-16,4,193.11,Online,69
7616,187,2492,2024-07-26,3,95.73,Online,49
7617,136,2492,2024-07-14,1,134.23,Online,48
7618,112,2492,2024-06-15,4,58.11,Online,47
7619,105,2492,2024-12-27,3,45.85,In-Store,131
7620,126,2492,2024-09-08,4,62.9,TV,342
7621,113,2492,2024-06-04,2,122.3,TV,338
7622,106,2492,2024-07-19,2,41.44,Online,48
7623,126,2492,2024-07-17,1,62.9,TV,339
7624,174,2493,2024-03-15,3,89.89,Online,41
7625,135,2493,2024-07-05,3,62.14,Online,47
7626,187,2493,2024-07-02,2,95.73,In-Store,121
7627,174,2493,2024-05-23,3,89.89,Online,46
7628,112,2494,2023-09-05,1,58.11,Online,33
7629,146,2494,2024-01-04,1,28.76,TV,331
7630,178,2494,2024-01-02,2,58.92,Online,38
7631,182,2494,2024-05-22,2,73.37,Online,46
7632,162,2494,2024-02-09,3,23.29,In-Store,114
7633,103,2494,2024-02-13,2,74.85,In-Store,115
7634,112,2494,2024-03-27,1,58.11,Online,43
7635,165,2495,2024-05-30,3,213.33,Social,196
7636,138,2495,2024-08-16,3,115.15,Online,49
7637,141,2495,2025-07-16,4,75.02,Social,215
7638,192,2495,2022-10-15,4,22.56,Online,14
7639,180,2495,2022-10-27,3,97.9,Online,15
7640,153,2495,2023-10-10,5,44.91,In-Store,107
7641,193,2495,2023-08-25,2,28.68,TV,324
7642,179,2495,2024-11-24,1,69.62,Online,55
7643,105,2495,2025-03-13,1,45.85,In-Store,136
7644,178,2495,2022-11-25,2,58.92,Online,17
7645,190,2495,2022-10-08,1,121.42,In-Store,91
7646,136,2495,2025-12-15,5,134.23,Online,76
7647,168,2495,2025-05-16,2,151.07,TV,354
7648,118,2495,2025-07-21,2,128.58,Online,68
7649,104,2495,2024-09-06,5,50.25,Online,51
7650,155,2495,2025-07-03,1,71.21,Online,67
7651,165,2495,2025-05-09,4,213.33,Online,64
7652,113,2495,2023-04-25,3,122.3,Online,25
7653,170,2495,2024-12-31,1,124.94,TV,348
7654,129,2495,2025-04-09,3,269.37,TV,353
7655,154,2495,2024-10-12,5,39.53,In-Store,126
7656,190,2495,2023-09-09,3,121.42,Social,184
7657,180,2495,2023-06-05,3,97.9,Online,28
7658,130,2495,2025-12-10,4,117.61,In-Store,149
7659,137,2495,2025-09-22,5,90.95,Online,70
7660,181,2495,2023-01-01,3,231.25,Online,19
7661,127,2495,2025-05-15,5,184.65,Online,64
7662,163,2496,2025-01-22,5,115.65,Online,59
7663,123,2496,2023-08-29,4,28.54,Online,32
7664,105,2496,2025-07-18,3,45.85,Online,68
7665,101,2496,2024-05-12,5,116.4,Email,264
7666,157,2496,2024-11-22,3,140.43,Online,55
7667,176,2496,2024-05-05,5,98.45,In-Store,120
7668,195,2496,2025-08-28,2,109.44,Online,69
7669,173,2496,2023-03-24,5,100.75,Online,22
7670,134,2496,2025-02-26,4,113.57,In-Store,135
7671,200,2496,2023-09-19,4,213.63,Online,33
7672,141,2496,2023-07-11,5,75.02,In-Store,104
7673,192,2496,2024-03-16,1,22.56,Online,42
7674,121,2496,2023-06-15,5,126.42,Online,27
7675,157,2496,2024-03-28,4,140.43,Online,43
7676,168,2496,2025-11-30,4,151.07,Online,75
7677,122,2496,2024-05-06,3,224.2,Online,45
7678,110,2496,2023-12-27,5,138.19,In-Store,111
7679,197,2496,2025-10-11,5,270.16,Online,71
7680,150,2496,2024-01-26,4,66.48,In-Store,114
7681,161,2496,2024-02-17,3,233.25,Online,40
7682,158,2496,2024-04-26,2,132.56,Social,194
7683,127,2496,2023-10-18,1,184.65,Online,34
7684,148,2496,2025-08-09,3,47.75,Email,290
7685,152,2497,2024-02-22,3,72.34,In-Store,115
7686,185,2497,2025-03-27,1,143.79,Online,61
7687,158,2497,2025-06-23,4,132.56,In-Store,141
7688,198,2497,2025-12-05,3,167.93,Online,74
7689,178,2497,2023-06-24,2,58.92,Online,29
7690,170,2497,2024-07-24,2,124.94,Online,49
7691,124,2497,2023-03-15,3,174.26,Online,22
7692,189,2497,2022-12-13,2,47.31,Social,170
7693,116,2497,2025-05-07,5,161.44,Online,64
7694,130,2497,2022-12-19,2,117.61,Online,18
7695,149,2497,2024-11-12,3,64.92,TV,345
7696,167,2497,2023-10-26,3,75.91,Online,34
7697,175,2497,2023-05-03,4,285.32,Social,177
7698,193,2497,2025-05-10,5,28.68,Online,63
7699,191,2497,2024-08-04,5,196.98,In-Store,124
7700,129,2497,2024-01-19,5,269.37,In-Store,113
7701,110,2497,2024-04-20,1,138.19,Online,43
7702,133,2498,2023-01-22,4,129.42,In-Store,97
7703,142,2498,2025-08-17,2,298.93,Online,68
7704,121,2498,2023-10-24,1,126.42,Online,34
7705,170,2498,2025-11-29,5,124.94,Online,75
7706,135,2498,2025-04-20,5,62.14,In-Store,138
7707,112,2498,2024-03-03,5,58.11,Online,42
7708,135,2498,2025-06-26,3,62.14,Online,67
7709,115,2498,2024-09-09,1,114.62,Online,51
7710,116,2498,2024-10-16,1,161.44,Social,202
7711,194,2498,2024-08-25,4,70.1,Online,49
7712,164,2498,2023-06-28,4,91.03,Online,28
7713,117,2498,2023-11-16,3,214.01,Social,185
7714,189,2498,2024-11-04,3,47.31,Online,54
7715,117,2498,2023-11-19,2,214.01,TV,328
7716,161,2498,2024-04-06,3,233.25,In-Store,118
7717,102,2498,2023-12-03,2,175.2,In-Store,111
7718,104,2498,2022-12-29,1,50.25,In-Store,95
7719,181,2498,2024-05-08,2,231.25,Online,45
7720,155,2498,2025-02-12,5,71.21,Email,281
7721,115,2498,2024-06-03,1,114.62,In-Store,121
7722,152,2499,2023-05-02,2,72.34,Email,246
7723,171,2499,2025-12-30,1,117.28,Online,77
7724,191,2499,2025-01-20,2,196.98,Online,58
7725,165,2499,2023-06-20,1,213.33,In-Store,103
7726,143,2499,2023-01-19,2,18.47,Online,20
7727,166,2499,2023-08-25,4,151.16,Online,32
7728,166,2499,2025-12-07,5,151.16,Online,75
7729,193,2499,2024-06-20,1,28.68,Online,47
7730,151,2499,2024-12-06,2,170.44,Online,55
7731,117,2499,2024-02-26,3,214.01,In-Store,114
7732,113,2499,2023-02-13,3,122.3,TV,316
7733,165,2499,2023-06-05,4,213.33,In-Store,103
7734,168,2500,2025-02-23,5,151.07,Online,59
7735,160,2500,2024-02-23,5,74.86,Online,41
7736,199,2500,2022-05-21,2,105.38,In-Store,85
7737,101,2500,2023-10-04,2,116.4,Online,33
7738,141,2500,2025-05-01,1,75.02,In-Store,138
7739,185,2500,2022-12-13,5,143.79,Online,18
7740,158,2500,2022-09-08,3,132.56,Online,13
7741,122,2500,2022-07-11,5,224.2,TV,306
7742,116,2500,2025-12-10,5,161.44,In-Store,149
7743,127,2500,2025-04-22,2,184.65,Online,62
7744,191,2500,2022-12-01,1,196.98,Social,167
7745,108,2500,2022-03-23,3,127.37,Social,156
7746,120,2500,2022-11-27,5,186.86,In-Store,94
7747,166,2500,2025-12-27,5,151.16,TV,365
7748,152,2500,2024-12-06,4,72.34,Online,55
7749,120,2500,2025-07-21,1,186.86,In-Store,142
7750,140,2500,2022-11-16,5,139.7,Online,17
7751,133,2500,2025-10-06,3,129.42,Email,292
7752,152,2500,2022-08-16,3,72.34,TV,308
7753,171,2500,2025-12-11,1,117.28,TV,364
7754,157,2500,2023-10-23,2,140.43,In-Store,109
7755,199,2500,2025-03-11,1,105.38,Online,60
7756,102,2500,2022-05-26,2,175.2,Online,7
7757,179,2500,2024-01-25,5,69.62,In-Store,113
7758,140,2500,2023-05-17,5,139.7,Online,25
7759,190,2500,2022-02-14,2,121.42,Social,154
7760,155,2501,2025-02-12,3,71.21,Online,59
7761,148,2501,2025-01-18,4,47.75,Online,58
7762,154,2501,2024-12-26,1,39.53,In-Store,131
7763,162,2501,2024-11-18,2,23.29,Online,54
7764,131,2501,2025-03-29,2,76.52,Online,60
7765,155,2501,2024-11-14,3,71.21,Online,54
7766,130,2501,2024-12-31,4,117.61,Online,56
7767,178,2501,2025-03-25,1,58.92,Social,210
7768,137,2501,2025-01-04,4,90.95,Online,58
7769,158,2501,2025-02-14,3,132.56,In-Store,135
7770,191,2502,2025-01-16,5,196.98,In-Store,133
7771,128,2502,2025-11-15,4,69.61,In-Store,147
7772,170,2502,2025-10-22,5,124.94,In-Store,147
7773,172,2502,2025-11-21,2,75.03,Online,74
7774,118,2502,2025-09-30,2,128.58,In-Store,145
7775,183,2502,2024-08-20,2,127.82,In-Store,124
7776,104,2502,2025-07-12,1,50.25,In-Store,142
7777,171,2502,2025-11-14,2,117.28,Online,74
7778,133,2502,2025-10-14,2,129.42,Online,71
7779,183,2502,2025-01-01,3,127.82,Social,206
7780,192,2502,2025-09-18,5,22.56,In-Store,144
7781,154,2502,2025-01-26,4,39.53,TV,349
7782,120,2502,2025-09-15,2,186.86,In-Store,144
7783,159,2502,2025-05-20,2,21.52,In-Store,139
7784,125,2502,2024-10-11,2,25.35,In-Store,126
7785,180,2502,2025-12-03,4,97.9,In-Store,149
7786,133,2502,2024-12-15,4,129.42,Online,57
7787,155,2502,2025-09-07,4,71.21,Social,217
7788,132,2502,2024-08-07,2,146.35,Online,49
7789,169,2502,2025-10-08,2,105.46,Online,71
7790,105,2502,2025-07-09,1,45.85,Social,214
7791,137,2502,2025-09-07,5,90.95,Online,69
7792,111,2502,2024-09-18,3,78.12,Online,51
7793,196,2502,2025-10-19,3,162.21,Online,72
7794,114,2502,2025-10-21,1,120.5,Online,71
7795,166,2502,2025-07-16,5,151.16,In-Store,141
7796,169,2502,2025-04-28,5,105.46,In-Store,138
7797,175,2502,2025-08-11,3,285.32,Online,69
7798,166,2502,2025-11-26,4,151.16,Online,75
7799,170,2502,2024-09-08,1,124.94,Social,201
7800,102,2502,2025-06-30,3,175.2,In-Store,141
7801,165,2502,2025-06-30,2,213.33,Online,67
7802,128,2502,2025-07-12,3,69.61,Online,67
7803,105,2502,2025-01-07,3,45.85,In-Store,132
7804,153,2503,2023-11-28,2,44.91,In-Store,111
7805,142,2503,2024-08-18,1,298.93,Online,50
7806,171,2503,2024-10-15,3,117.28,Online,52
7807,158,2503,2024-04-13,4,132.56,Online,43
7808,157,2503,2025-10-04,5,140.43,Online,70
7809,137,2503,2024-07-30,3,90.95,Online,49
7810,161,2503,2024-04-21,2,233.25,Online,43
7811,121,2503,2024-05-15,4,126.42,Social,194
7812,160,2503,2025-11-04,1,74.86,TV,364
7813,134,2503,2024-03-12,2,113.57,Online,42
7814,183,2503,2025-12-14,2,127.82,Online,76
7815,200,2503,2024-11-15,5,213.63,Social,204
7816,141,2503,2025-06-21,2,75.02,Online,66
7817,139,2503,2024-07-01,3,162.16,Social,197
7818,110,2503,2025-12-09,2,138.19,Online,75
7819,115,2503,2024-07-11,4,114.62,Online,48
7820,151,2503,2025-01-12,2,170.44,Online,58
7821,118,2504,2025-02-20,1,128.58,Social,209
7822,163,2504,2025-12-22,2,115.65,Online,76
7823,128,2504,2025-10-10,3,69.61,In-Store,145
7824,190,2504,2025-04-16,1,121.42,Online,61
7825,181,2504,2024-10-30,1,231.25,Online,54
7826,119,2504,2025-09-25,3,193.28,In-Store,145
7827,175,2504,2024-09-01,2,285.32,Online,50
7828,175,2504,2024-12-28,3,285.32,Online,58
7829,131,2504,2024-10-22,2,76.52,Online,53
7830,118,2504,2025-09-30,5,128.58,Online,71
7831,162,2504,2025-10-24,2,23.29,Online,72
7832,142,2504,2024-09-28,5,298.93,In-Store,125
7833,185,2504,2024-08-05,2,143.79,TV,340
7834,119,2504,2025-05-07,3,193.28,In-Store,138
7835,122,2504,2025-04-12,2,224.2,Online,62
7836,104,2505,2024-12-04,1,50.25,Social,205
7837,157,2505,2025-12-29,4,140.43,Online,77
7838,176,2505,2024-11-18,1,98.45,Online,55
7839,161,2505,2025-03-12,3,233.25,TV,352
7840,186,2505,2025-07-03,2,29.78,Online,67
7841,195,2505,2025-07-11,2,109.44,In-Store,142
7842,136,2505,2025-01-16,5,134.23,TV,349
7843,155,2505,2025-06-16,4,71.21,Online,66
7844,134,2505,2024-12-25,1,113.57,In-Store,131
7845,105,2505,2025-12-26,5,45.85,Email,295
7846,136,2505,2025-08-22,5,134.23,Email,290
7847,171,2505,2025-07-02,4,117.28,In-Store,141
7848,180,2505,2025-05-20,2,97.9,Online,64
7849,191,2505,2025-07-07,2,196.98,In-Store,141
7850,171,2505,2025-09-18,5,117.28,TV,361
7851,133,2505,2025-03-06,2,129.42,Online,60
7852,133,2505,2025-07-29,1,129.42,Online,67
7853,131,2505,2025-01-10,3,76.52,Online,58
7854,189,2505,2025-07-26,5,47.31,Social,214
7855,178,2505,2024-12-25,4,58.92,Social,205
7856,136,2505,2025-03-06,5,134.23,In-Store,135
7857,197,2505,2025-10-29,5,270.16,In-Store,146
7858,102,2506,2025-12-15,1,175.2,Online,76
7859,148,2506,2025-06-01,5,47.75,Online,65
7860,143,2506,2024-08-06,1,18.47,In-Store,123
7861,136,2506,2025-07-27,2,134.23,In-Store,142
7862,118,2506,2024-06-13,3,128.58,Social,197
7863,151,2506,2025-09-28,2,170.44,In-Store,145
7864,157,2506,2025-04-24,5,140.43,Online,62
7865,113,2506,2024-02-22,2,122.3,Online,41
7866,160,2506,2025-03-27,1,74.86,Online,61
7867,136,2506,2024-03-17,1,134.23,In-Store,117
7868,123,2506,2024-08-10,3,28.54,Online,49
7869,155,2506,2025-12-25,3,71.21,In-Store,149
7870,133,2506,2025-01-12,2,129.42,In-Store,132
7871,124,2506,2024-10-21,1,174.26,Online,53
7872,162,2506,2025-07-03,4,23.29,Online,67
7873,181,2506,2025-06-20,5,231.25,TV,356
7874,101,2506,2025-09-14,2,116.4,In-Store,144
7875,121,2506,2024-06-08,1,126.42,In-Store,121
7876,124,2506,2024-02-23,4,174.26,In-Store,116
7877,151,2506,2025-12-17,3,170.44,Online,76
7878,175,2506,2025-10-16,1,285.32,TV,362
7879,122,2506,2024-07-17,1,224.2,In-Store,123
7880,187,2506,2025-01-31,5,95.73,In-Store,134
7881,118,2506,2024-11-03,1,128.58,TV,345
7882,133,2506,2024-12-05,4,129.42,Online,56
7883,146,2507,2025-03-12,2,28.76,TV,352
7884,123,2507,2024-10-29,3,28.54,Social,203
7885,140,2507,2025-11-13,3,139.7,In-Store,148
7886,192,2507,2025-08-20,1,22.56,Social,216
7887,123,2507,2024-10-20,4,28.54,In-Store,128
7888,129,2507,2025-02-13,3,269.37,Online,59
7889,160,2507,2024-08-09,3,74.86,Online,49
7890,155,2507,2024-07-21,2,71.21,Online,48
7891,129,2507,2025-07-12,5,269.37,In-Store,142
7892,165,2507,2025-10-29,3,213.33,In-Store,147
7893,170,2507,2024-08-22,1,124.94,Online,50
7894,133,2507,2025-02-10,1,129.42,Social,208
7895,149,2507,2025-09-17,5,64.92,Email,291
7896,142,2507,2024-11-15,5,298.93,Online,54
7897,183,2507,2025-10-13,5,127.82,Online,72
7898,122,2507,2025-01-04,5,224.2,Online,57
7899,166,2507,2025-04-13,2,151.16,Online,63
7900,148,2507,2025-03-19,4,47.75,Social,209
7901,110,2507,2024-09-29,1,138.19,Online,52
7902,115,2507,2025-07-03,4,114.62,Online,67
7903,168,2507,2025-02-28,4,151.07,Online,59
7904,154,2507,2024-11-27,4,39.53,Social,204
7905,113,2507,2025-10-15,3,122.3,Online,71
7906,110,2507,2024-11-10,2,138.19,Online,54
7907,107,2507,2024-09-04,3,110.76,Online,50
7908,154,2508,2025-01-17,1,39.53,In-Store,133
7909,140,2508,2023-06-19,4,139.7,Online,28
7910,154,2508,2025-06-14,5,39.53,Online,66
7911,177,2508,2025-08-01,2,296.45,Online,68
7912,142,2508,2025-04-12,2,298.93,In-Store,138
7913,189,2508,2024-07-29,4,47.31,In-Store,123
7914,105,2508,2024-01-27,3,45.85,Social,190
7915,132,2508,2024-12-15,2,146.35,Online,57
7916,102,2508,2024-07-29,4,175.2,Online,49
7917,129,2508,2025-04-22,5,269.37,In-Store,138
7918,157,2508,2025-02-05,2,140.43,Online,59
7919,198,2508,2025-05-09,3,167.93,Social,212
7920,122,2508,2024-04-23,4,224.2,In-Store,119
7921,198,2508,2025-11-05,2,167.93,Online,73
7922,135,2508,2023-09-29,5,62.14,Online,33
7923,118,2508,2024-11-18,5,128.58,In-Store,129
7924,152,2508,2025-10-10,1,72.34,Online,70
7925,198,2508,2023-12-04,3,167.93,In-Store,111
7926,132,2508,2025-01-18,3,146.35,Online,58
7927,118,2508,2025-05-01,3,128.58,Social,212
7928,184,2508,2023-11-13,1,120.25,Online,36
7929,153,2508,2025-12-25,3,44.91,Online,77
7930,134,2509,2024-06-22,3,113.57,Online,47
7931,103,2509,2024-03-25,3,74.85,In-Store,118
7932,170,2510,2025-08-18,2,124.94,Online,68
7933,112,2510,2025-07-16,3,58.11,Email,289
7934,151,2510,2024-05-01,4,170.44,Online,45
7935,118,2510,2024-09-06,3,128.58,In-Store,124
7936,194,2510,2024-01-26,2,70.1,Online,39
7937,124,2510,2024-07-11,1,174.26,Online,48
7938,188,2510,2023-05-09,5,12.93,Social,177
7939,119,2510,2025-12-02,3,193.28,Online,75
7940,164,2510,2023-09-06,4,91.03,Online,32
7941,155,2510,2024-05-08,4,71.21,Online,45
7942,106,2510,2023-12-20,5,41.44,Online,37
7943,114,2510,2025-02-26,4,120.5,Online,60
7944,139,2510,2023-08-12,1,162.16,Social,182
7945,161,2510,2024-01-16,2,233.25,Social,190
7946,153,2510,2024-01-15,3,44.91,In-Store,112
7947,183,2510,2025-01-07,1,127.82,In-Store,132
7948,182,2510,2023-07-01,5,73.37,Social,179
7949,119,2510,2025-08-11,3,193.28,Online,69
7950,193,2510,2024-07-24,4,28.68,TV,340
7951,175,2510,2024-05-04,1,285.32,In-Store,119
7952,181,2510,2024-02-28,4,231.25,In-Store,115
7953,119,2511,2025-06-10,2,193.28,In-Store,140
7954,108,2511,2025-03-26,5,127.37,Online,61
7955,113,2511,2025-11-20,3,122.3,Email,294
7956,168,2511,2025-09-08,3,151.07,Online,69
7957,172,2511,2025-01-29,4,75.03,In-Store,133
7958,106,2511,2025-02-20,3,41.44,Online,59
7959,185,2511,2025-04-04,3,143.79,In-Store,136
7960,126,2511,2025-05-23,5,62.9,Social,213
7961,101,2511,2024-11-19,2,116.4,In-Store,129
7962,155,2511,2025-10-12,3,71.21,In-Store,145
7963,111,2511,2024-10-20,1,78.12,Online,53
7964,136,2511,2024-10-08,3,134.23,Email,274
7965,117,2511,2024-11-07,2,214.01,Online,53
7966,109,2511,2024-10-05,1,69.39,Online,52
7967,180,2511,2025-02-27,3,97.9,TV,351
7968,114,2511,2025-03-06,4,120.5,Online,60
7969,198,2511,2025-06-05,2,167.93,In-Store,140
7970,162,2511,2025-01-17,1,23.29,TV,349
7971,181,2511,2025-05-19,2,231.25,In-Store,139
7972,109,2512,2025-04-25,2,69.39,Online,63
7973,117,2512,2025-12-22,3,214.01,In-Store,149
7974,104,2512,2023-04-14,5,50.25,TV,319
7975,149,2512,2023-02-02,4,64.92,Online,20
7976,124,2512,2023-11-11,5,174.26,Online,36
7977,120,2512,2023-10-26,2,186.86,Social,185
7978,190,2512,2024-11-22,2,121.42,In-Store,129
7979,194,2512,2025-04-01,5,70.1,Online,61
7980,147,2512,2025-07-29,3,193.11,Online,68
7981,197,2512,2022-05-26,1,270.16,Online,7
7982,132,2512,2023-04-05,2,146.35,Social,176
7983,140,2512,2025-11-05,5,139.7,Online,72
7984,122,2512,2025-07-10,4,224.2,TV,356
7985,177,2512,2024-04-04,4,296.45,Online,43
7986,186,2512,2024-05-01,1,29.78,TV,337
7987,183,2512,2024-04-30,5,127.82,In-Store,119
7988,108,2512,2023-06-04,4,127.37,Online,28
7989,182,2512,2025-07-08,1,73.37,Online,67
7990,163,2512,2023-07-05,4,115.65,Online,29
7991,119,2512,2023-08-11,2,193.28,In-Store,106
7992,162,2512,2023-05-31,3,23.29,Email,247
7993,187,2512,2024-01-29,1,95.73,Social,190
7994,129,2512,2023-03-25,4,269.37,In-Store,99
7995,177,2512,2024-06-04,1,296.45,Online,47
7996,197,2512,2024-08-22,1,270.16,Online,49
7997,159,2512,2022-08-30,2,21.52,Online,12
7998,159,2512,2025-11-08,2,21.52,Email,293
7999,161,2512,2023-01-05,3,233.25,Online,19
8000,107,2512,2023-09-16,3,110.76,In-Store,107
8001,165,2512,2022-07-18,2,213.33,Online,9
8002,130,2512,2024-03-03,5,117.61,Online,41
8003,124,2512,2024-12-08,1,174.26,Online,56
8004,136,2512,2024-10-30,1,134.23,Online,53
8005,113,2512,2023-06-08,5,122.3,Online,27
8006,156,2512,2022-08-26,1,13.54,Social,163
8007,122,2512,2023-12-02,4,224.2,Online,36
8008,159,2512,2023-04-13,3,21.52,Online,24
8009,157,2513,2023-01-29,5,140.43,In-Store,97
8010,132,2513,2025-04-25,3,146.35,Online,63
8011,168,2513,2025-08-29,5,151.07,Online,69
8012,172,2513,2022-12-21,5,75.03,In-Store,95
8013,168,2513,2024-08-23,3,151.07,In-Store,125
8014,122,2513,2025-05-25,2,224.2,Online,65
8015,112,2513,2024-07-29,2,58.11,Online,49
8016,136,2513,2025-10-03,3,134.23,Online,71
8017,158,2513,2023-08-23,2,132.56,Online,32
8018,142,2513,2024-03-17,3,298.93,In-Store,118
8019,106,2513,2024-10-04,3,41.44,Email,275
8020,118,2513,2023-10-06,4,128.58,Online,33
8021,124,2513,2024-01-11,5,174.26,Social,188
8022,142,2513,2024-07-19,4,298.93,Online,48
8023,131,2513,2023-02-17,5,76.52,In-Store,97
8024,101,2514,2023-08-02,3,116.4,Online,31
8025,114,2514,2023-11-28,3,120.5,Social,187
8026,138,2514,2024-02-08,2,115.15,Online,40
8027,109,2514,2024-01-07,2,69.39,Online,39
8028,143,2514,2023-10-09,1,18.47,TV,326
8029,143,2514,2024-04-04,1,18.47,Online,43
8030,126,2514,2023-12-29,3,62.9,Social,189
8031,136,2514,2023-11-15,2,134.23,Online,36
8032,190,2514,2023-10-18,1,121.42,TV,326
8033,167,2515,2024-11-10,1,75.91,Online,55
8034,163,2515,2024-05-30,3,115.65,Online,46
8035,149,2515,2024-06-25,3,64.92,Online,47
8036,189,2515,2024-10-07,3,47.31,Social,202
8037,148,2515,2024-09-21,1,47.75,Online,51
8038,165,2516,2023-08-22,2,213.33,Social,182
8039,190,2516,2023-05-11,3,121.42,Online,25
8040,186,2516,2025-09-01,3,29.78,TV,360
8041,106,2516,2025-03-15,3,41.44,Online,61
8042,181,2516,2024-05-20,5,231.25,Online,46
8043,175,2516,2024-09-03,5,285.32,Social,201
8044,163,2516,2024-11-01,5,115.65,Online,54
8045,112,2516,2025-03-01,5,58.11,Online,59
8046,197,2516,2023-01-09,2,270.16,In-Store,96
8047,178,2516,2023-08-20,2,58.92,TV,323
8048,121,2516,2025-07-11,3,126.42,Online,67
8049,183,2516,2025-06-15,1,127.82,Online,66
8050,183,2516,2024-02-21,5,127.82,In-Store,114
8051,178,2516,2025-04-23,5,58.92,Online,63
8052,146,2516,2023-05-22,2,28.76,In-Store,101
8053,116,2516,2023-10-05,4,161.44,Online,33
8054,144,2516,2022-10-13,1,22.73,Social,165
8055,187,2517,2025-07-30,2,95.73,Online,67
8056,129,2517,2025-11-25,2,269.37,Online,74
8057,175,2517,2024-12-15,2,285.32,Social,205
8058,168,2517,2025-05-04,2,151.07,Online,63
8059,196,2517,2025-08-24,5,162.21,Online,69
8060,104,2517,2025-11-21,4,50.25,Social,220
8061,130,2517,2025-06-09,1,117.61,In-Store,140
8062,154,2517,2024-04-28,1,39.53,Online,43
8063,175,2517,2025-04-05,3,285.32,In-Store,137
8064,199,2517,2024-11-23,1,105.38,TV,346
8065,112,2517,2024-12-24,1,58.11,In-Store,131
8066,122,2517,2025-07-27,3,224.2,Online,67
8067,131,2517,2025-10-09,4,76.52,Online,70
8068,197,2517,2025-06-27,1,270.16,Email,287
8069,125,2517,2025-07-17,3,25.35,Social,214
8070,183,2517,2025-02-10,3,127.82,Social,207
8071,154,2517,2025-06-05,5,39.53,Online,65
8072,142,2517,2025-09-18,3,298.93,Online,70
8073,132,2517,2024-09-05,3,146.35,Social,201
8074,113,2517,2025-12-17,1,122.3,In-Store,149
8075,117,2517,2025-11-23,4,214.01,Online,74
8076,111,2517,2024-10-13,5,78.12,Online,53
8077,165,2517,2025-12-23,2,213.33,In-Store,149
8078,107,2517,2025-10-26,5,110.76,Social,220
8079,157,2517,2024-08-25,5,140.43,In-Store,124
8080,198,2517,2024-03-29,1,167.93,Online,42
8081,151,2518,2024-05-04,3,170.44,Email,265
8082,162,2518,2025-01-17,3,23.29,Online,58
8083,151,2518,2025-09-04,3,170.44,Online,69
8084,101,2518,2025-08-16,4,116.4,Online,69
8085,177,2518,2025-02-25,5,296.45,In-Store,135
8086,139,2518,2024-12-20,1,162.16,Online,57
8087,165,2518,2025-03-11,4,213.33,Online,60
8088,188,2518,2025-08-01,4,12.93,Email,290
8089,109,2518,2025-08-26,4,69.39,Online,69
8090,125,2518,2025-01-10,4,25.35,Online,58
8091,200,2518,2025-04-24,5,213.63,In-Store,137
8092,190,2518,2025-04-13,2,121.42,In-Store,138
8093,166,2518,2025-03-12,3,151.16,Email,283
8094,196,2518,2024-07-09,1,162.21,Online,48
8095,173,2518,2025-10-30,5,100.75,Online,73
8096,102,2518,2025-11-20,2,175.2,Online,74
8097,131,2518,2025-02-28,2,76.52,Online,59
8098,191,2518,2025-07-13,5,196.98,Online,67
8099,149,2518,2024-06-08,5,64.92,Online,46
8100,140,2518,2025-10-29,2,139.7,In-Store,147
8101,160,2518,2025-07-14,3,74.86,Online,67
8102,149,2518,2025-05-22,2,64.92,Online,64
8103,158,2518,2025-07-14,1,132.56,Online,67
8104,190,2518,2024-07-26,1,121.42,Online,48
8105,156,2518,2025-11-06,5,13.54,Social,220
8106,170,2518,2024-12-28,1,124.94,Social,205
8107,196,2518,2024-08-17,5,162.21,Online,49
8108,166,2518,2024-05-19,3,151.16,Online,46
8109,181,2518,2025-03-25,4,231.25,Online,61
8110,130,2519,2025-01-14,3,117.61,Online,58
8111,141,2519,2025-03-27,4,75.02,Online,61
8112,154,2520,2025-01-02,4,39.53,Email,280
8113,132,2520,2025-03-22,5,146.35,Online,60
8114,112,2520,2024-11-02,5,58.11,Social,204
8115,166,2520,2025-01-06,4,151.16,In-Store,131
8116,162,2520,2024-11-10,3,23.29,Online,55
8117,190,2520,2025-04-17,5,121.42,Online,61
8118,161,2520,2025-12-18,2,233.25,Social,222
8119,106,2520,2025-06-30,5,41.44,Online,66
8120,103,2520,2025-12-23,4,74.85,In-Store,149
8121,178,2520,2024-10-30,5,58.92,Email,277
8122,115,2520,2025-03-12,4,114.62,Email,283
8123,163,2521,2024-10-13,1,115.65,In-Store,127
8124,101,2521,2025-02-08,4,116.4,Online,59
8125,104,2521,2024-10-11,4,50.25,Email,274
8126,172,2521,2024-09-26,3,75.03,In-Store,125
8127,107,2521,2024-10-03,4,110.76,In-Store,126
8128,190,2521,2024-11-13,2,121.42,In-Store,129
8129,152,2521,2025-01-30,4,72.34,Social,207
8130,189,2521,2025-01-09,3,47.31,Online,57
8131,107,2521,2024-08-13,3,110.76,Social,200
8132,170,2521,2024-11-19,4,124.94,TV,346
8133,190,2521,2024-10-11,4,121.42,Online,52
8134,112,2521,2024-09-09,4,58.11,In-Store,124
8135,123,2521,2025-01-27,1,28.54,Online,59
8136,149,2521,2024-12-06,1,64.92,Online,56
8137,182,2521,2024-12-01,4,73.37,Social,205
8138,126,2521,2025-04-27,1,62.9,In-Store,138
8139,194,2521,2024-11-14,3,70.1,Social,204
8140,154,2521,2025-01-20,2,39.53,Social,207
8141,184,2522,2025-12-03,1,120.25,Email,294
8142,159,2522,2025-03-03,3,21.52,In-Store,136
8143,127,2522,2025-10-18,3,184.65,Social,218
8144,161,2522,2025-07-13,3,233.25,Social,214
8145,152,2522,2025-05-17,2,72.34,Online,64
8146,122,2522,2025-02-16,4,224.2,Online,59
8147,115,2522,2025-11-18,5,114.62,Online,74
8148,107,2522,2025-12-12,5,110.76,Online,76
8149,173,2522,2025-04-05,4,100.75,Online,62
8150,178,2522,2025-05-02,1,58.92,TV,353
8151,136,2522,2025-01-06,4,134.23,Online,58
8152,122,2522,2025-10-30,3,224.2,Online,73
8153,144,2522,2025-05-19,1,22.73,Online,64
8154,144,2522,2025-05-23,2,22.73,In-Store,139
8155,168,2523,2024-11-14,1,151.07,In-Store,128
8156,168,2523,2025-08-05,2,151.07,Email,290
8157,133,2523,2024-12-12,5,129.42,In-Store,131
8158,158,2523,2025-12-23,4,132.56,Online,76
8159,175,2523,2024-03-31,3,285.32,Email,263
8160,113,2523,2024-01-27,5,122.3,Online,40
8161,127,2523,2024-11-10,5,184.65,Online,54
8162,170,2523,2025-05-27,2,124.94,Email,286
8163,181,2523,2023-11-13,4,231.25,Online,35
8164,181,2523,2025-04-22,4,231.25,Online,63
8165,138,2523,2024-03-23,1,115.15,Online,42
8166,193,2523,2024-09-30,2,28.68,Online,51
8167,116,2523,2024-05-16,1,161.44,Online,46
8168,129,2523,2023-10-11,4,269.37,Online,33
8169,127,2523,2023-10-20,2,184.65,In-Store,109
8170,117,2523,2025-09-28,2,214.01,In-Store,145
8171,139,2523,2024-01-03,1,162.16,Social,189
8172,183,2524,2024-09-02,1,127.82,Online,50
8173,104,2524,2024-02-28,2,50.25,In-Store,115
8174,127,2524,2025-12-04,2,184.65,Online,74
8175,109,2524,2025-10-04,3,69.39,Online,70
8176,132,2524,2024-05-06,4,146.35,Online,45
8177,168,2524,2025-11-25,2,151.07,In-Store,148
8178,183,2524,2022-12-22,1,127.82,In-Store,95
8179,157,2524,2023-05-07,4,140.43,Online,25
8180,134,2524,2024-02-03,3,113.57,Online,39
8181,154,2524,2023-03-23,2,39.53,Online,22
8182,113,2524,2023-03-27,2,122.3,TV,318
8183,189,2524,2022-12-02,4,47.31,Social,169
8184,190,2524,2024-07-22,1,121.42,Online,49
8185,199,2524,2024-04-12,2,105.38,Online,43
8186,165,2524,2023-12-10,3,213.33,Online,37
8187,115,2524,2023-08-19,5,114.62,Social,182
8188,111,2524,2025-01-28,3,78.12,Online,58
8189,161,2524,2022-10-10,4,233.25,In-Store,91
8190,142,2524,2023-08-29,4,298.93,Online,32
8191,121,2524,2025-07-15,2,126.42,Online,67
8192,103,2524,2022-12-30,5,74.85,Email,239
8193,186,2524,2025-03-26,3,29.78,In-Store,136
8194,165,2524,2023-04-30,2,213.33,Online,25
8195,102,2524,2024-10-26,1,175.2,Online,53
8196,103,2524,2022-12-22,4,74.85,Online,19
8197,133,2524,2023-07-09,4,129.42,In-Store,104
8198,162,2524,2025-05-26,3,23.29,Online,65
8199,124,2525,2024-08-03,2,174.26,In-Store,123
8200,190,2525,2024-01-02,1,121.42,Online,37
8201,189,2525,2023-10-23,2,47.31,Online,34
8202,130,2525,2023-11-18,3,117.61,In-Store,110
8203,190,2525,2024-08-03,5,121.42,Online,49
8204,116,2525,2022-08-21,4,161.44,In-Store,89
8205,191,2525,2024-02-20,3,196.98,Online,40
8206,155,2525,2024-01-12,1,71.21,Social,190
8207,105,2525,2025-02-27,4,45.85,Online,60
8208,116,2525,2024-06-09,5,161.44,Online,46
8209,153,2525,2025-07-10,4,44.91,Online,67
8210,125,2525,2025-11-11,2,25.35,In-Store,148
8211,101,2525,2024-10-12,2,116.4,Online,52
8212,143,2525,2024-06-27,5,18.47,Online,47
8213,142,2525,2023-01-21,5,298.93,Online,19
8214,147,2525,2022-12-27,3,193.11,Online,19
8215,110,2525,2024-12-17,3,138.19,Social,205
8216,148,2525,2023-05-20,2,47.75,Online,26
8217,153,2525,2024-06-30,3,44.91,Online,47
8218,108,2525,2023-01-29,3,127.37,Online,20
8219,117,2525,2023-04-23,4,214.01,Online,24
8220,139,2525,2022-09-15,4,162.16,Online,13
8221,183,2525,2025-08-01,1,127.82,Online,68
8222,190,2525,2023-05-25,2,121.42,Online,26
8223,143,2526,2022-12-10,1,18.47,In-Store,94
8224,167,2526,2022-11-14,1,75.91,In-Store,93
8225,106,2526,2023-07-03,2,41.44,Online,29
8226,149,2526,2024-03-12,3,64.92,TV,335
8227,106,2526,2023-10-24,3,41.44,Email,255
8228,141,2526,2023-03-06,2,75.02,In-Store,99
8229,112,2526,2022-11-12,1,58.11,In-Store,92
8230,160,2526,2023-02-09,1,74.86,Online,21
8231,118,2526,2023-09-19,2,128.58,In-Store,107
8232,193,2526,2022-11-21,3,28.68,In-Store,93
8233,114,2526,2023-05-03,2,120.5,Online,24
8234,106,2526,2022-11-15,1,41.44,Email,238
8235,104,2527,2022-07-30,1,50.25,In-Store,88
8236,113,2527,2023-04-23,3,122.3,Online,25
8237,104,2527,2022-09-24,2,50.25,Online,13
8238,103,2527,2023-02-04,3,74.85,In-Store,97
8239,133,2527,2022-04-09,1,129.42,TV,302
8240,158,2528,2023-03-24,1,132.56,Online,22
8241,145,2528,2023-04-19,2,87.44,Online,24
8242,105,2528,2023-02-17,2,45.85,Online,20
8243,199,2528,2022-11-04,2,105.38,In-Store,93
8244,103,2528,2023-05-18,1,74.85,Online,25
8245,194,2528,2023-02-21,3,70.1,Social,173
8246,149,2529,2024-07-08,3,64.92,Online,48
8247,149,2529,2023-04-01,4,64.92,Online,23
8248,144,2529,2023-09-24,3,22.73,Email,253
8249,108,2529,2023-09-03,1,127.37,Online,32
8250,178,2529,2023-08-18,3,58.92,In-Store,106
8251,105,2529,2023-07-29,3,45.85,In-Store,104
8252,144,2529,2023-01-19,4,22.73,Online,19
8253,176,2529,2024-04-27,4,98.45,In-Store,119
8254,123,2529,2023-05-19,4,28.54,Online,25
8255,192,2529,2023-01-19,2,22.56,Online,19
8256,158,2530,2023-09-23,2,132.56,Online,33
8257,167,2530,2024-08-18,4,75.91,Email,271
8258,164,2530,2023-11-09,1,91.03,In-Store,110
8259,194,2530,2024-06-10,2,70.1,In-Store,120
8260,165,2530,2024-04-11,3,213.33,Social,192
8261,157,2530,2025-05-04,1,140.43,Online,63
8262,189,2530,2023-06-28,3,47.31,In-Store,103
8263,121,2530,2025-02-03,1,126.42,TV,350
8264,169,2530,2025-10-21,5,105.46,Social,218
8265,156,2530,2025-02-02,5,13.54,In-Store,134
8266,197,2530,2025-07-26,5,270.16,TV,357
8267,122,2530,2024-06-13,5,224.2,Social,197
8268,189,2530,2024-05-09,2,47.31,In-Store,120
8269,120,2530,2024-12-11,4,186.86,In-Store,130
8270,128,2530,2024-09-28,1,69.61,Online,52
8271,166,2530,2024-08-09,5,151.16,TV,341
8272,173,2530,2024-03-15,2,100.75,Social,192
8273,158,2530,2025-12-24,1,132.56,Online,77
8274,151,2530,2023-12-30,4,170.44,In-Store,112
8275,104,2531,2025-02-13,2,50.25,Online,59
8276,200,2531,2024-09-11,2,213.63,In-Store,125
8277,157,2531,2025-01-08,1,140.43,Online,57
8278,166,2531,2025-03-14,2,151.16,Email,283
8279,108,2531,2023-05-23,2,127.37,Online,25
8280,179,2531,2025-06-15,1,69.62,Online,66
8281,197,2531,2023-09-28,1,270.16,Online,33
8282,147,2531,2023-12-02,2,193.11,Online,37
8283,127,2531,2025-08-17,2,184.65,In-Store,143
8284,195,2531,2024-02-17,5,109.44,In-Store,114
8285,129,2531,2023-07-15,1,269.37,Online,29
8286,176,2531,2023-08-28,4,98.45,Online,32
8287,186,2531,2023-05-30,2,29.78,In-Store,101
8288,140,2531,2025-01-02,2,139.7,Online,57
8289,123,2531,2025-06-24,3,28.54,Online,66
8290,114,2531,2024-12-04,1,120.5,Online,55
8291,165,2531,2023-04-30,5,213.33,In-Store,100
8292,111,2531,2025-06-02,4,78.12,Online,66
8293,183,2531,2024-04-09,2,127.82,Social,192
8294,132,2531,2023-10-20,3,146.35,Online,34
8295,133,2531,2024-01-13,5,129.42,Email,258
8296,116,2531,2024-08-29,1,161.44,Online,50
8297,200,2531,2025-04-30,4,213.63,In-Store,138
8298,185,2531,2023-08-19,1,143.79,Social,182
8299,126,2531,2025-03-31,1,62.9,Online,61
8300,141,2531,2023-09-16,2,75.02,Email,252
8301,158,2531,2025-09-05,1,132.56,In-Store,144
8302,162,2531,2025-02-25,5,23.29,Online,59
8303,156,2531,2025-10-01,2,13.54,Online,71
8304,191,2531,2025-04-24,1,196.98,Online,63
8305,129,2531,2023-11-20,4,269.37,In-Store,110
8306,197,2531,2023-05-07,5,270.16,Social,177
8307,129,2531,2023-11-30,1,269.37,Online,36
8308,151,2532,2025-02-28,4,170.44,Online,59
8309,183,2532,2025-03-22,1,127.82,Social,209
8310,158,2532,2023-09-10,1,132.56,Online,32
8311,104,2532,2025-02-20,2,50.25,Online,59
8312,119,2532,2024-05-27,4,193.28,Online,46
8313,190,2532,2023-05-07,1,121.42,Online,25
8314,170,2532,2023-10-26,4,124.94,TV,326
8315,166,2532,2025-10-28,5,151.16,Online,72
8316,101,2532,2023-12-16,1,116.4,Online,37
8317,183,2532,2023-09-26,5,127.82,Online,33
8318,186,2532,2024-08-20,4,29.78,Online,50
8319,139,2532,2023-04-15,1,162.16,In-Store,100
8320,161,2533,2025-11-06,3,233.25,Online,72
8321,198,2533,2024-07-23,1,167.93,Online,48
8322,181,2533,2025-01-18,5,231.25,Online,58
8323,118,2533,2024-09-14,3,128.58,Online,51
8324,164,2533,2025-05-26,1,91.03,Online,65
8325,168,2533,2025-11-25,5,151.07,Online,75
8326,130,2533,2025-11-13,2,117.61,In-Store,148
8327,165,2533,2025-11-28,4,213.33,In-Store,149
8328,175,2533,2024-08-19,5,285.32,In-Store,124
8329,141,2533,2025-02-17,4,75.02,Online,59
8330,107,2533,2025-04-27,3,110.76,Email,285
8331,197,2533,2025-02-22,1,270.16,Online,59
8332,151,2533,2024-12-14,4,170.44,In-Store,130
8333,136,2533,2025-09-26,2,134.23,Online,70
8334,118,2533,2024-07-26,5,128.58,Email,270
8335,140,2533,2024-11-10,1,139.7,Online,55
8336,161,2533,2024-12-08,2,233.25,Online,55
8337,164,2533,2025-09-10,4,91.03,Online,70
8338,137,2534,2024-10-24,1,90.95,Online,53
8339,146,2534,2024-11-20,2,28.76,Online,55
8340,123,2534,2024-08-01,4,28.54,Online,49
8341,136,2535,2025-06-18,3,134.23,Social,213
8342,172,2535,2025-06-24,1,75.03,Online,66
8343,166,2535,2025-04-01,3,151.16,Email,283
8344,189,2535,2025-05-19,5,47.31,In-Store,139
8345,108,2535,2024-09-10,1,127.37,Online,51
8346,133,2535,2024-11-10,4,129.42,In-Store,129
8347,166,2535,2025-11-03,3,151.16,Online,73
8348,144,2535,2024-05-16,5,22.73,TV,337
8349,147,2535,2025-08-10,1,193.11,Email,290
8350,160,2535,2024-06-05,3,74.86,Social,195
8351,110,2535,2025-02-01,4,138.19,In-Store,134
8352,122,2535,2025-04-10,4,224.2,Email,284
8353,166,2536,2024-09-14,5,151.16,Online,51
8354,120,2536,2023-11-02,1,186.86,In-Store,109
8355,119,2536,2025-12-21,4,193.28,Online,76
8356,123,2536,2023-12-19,4,28.54,Social,188
8357,194,2536,2025-01-23,1,70.1,Online,59
8358,172,2536,2024-03-08,5,75.03,Online,41
8359,110,2536,2025-09-23,2,138.19,Online,70
8360,186,2536,2025-03-03,4,29.78,Online,60
8361,140,2536,2024-02-20,2,139.7,In-Store,115
8362,187,2536,2023-12-03,3,95.73,In-Store,110
8363,170,2536,2025-07-24,5,124.94,Online,67
8364,107,2536,2025-05-03,2,110.76,Online,63
8365,117,2536,2025-03-01,4,214.01,TV,351
8366,146,2536,2025-06-29,2,28.76,Online,66
8367,158,2536,2025-10-15,4,132.56,Social,218
8368,147,2536,2025-07-07,3,193.11,Online,67
8369,120,2536,2025-06-22,5,186.86,Online,66
8370,116,2536,2024-12-10,5,161.44,In-Store,131
8371,183,2536,2024-08-14,3,127.82,Online,49
8372,157,2536,2024-07-02,4,140.43,Online,48
8373,101,2537,2023-11-01,3,116.4,In-Store,110
8374,144,2537,2024-04-30,4,22.73,In-Store,119
8375,113,2537,2023-07-24,3,122.3,Online,30
8376,125,2537,2023-08-09,2,25.35,In-Store,105
8377,199,2537,2023-08-08,4,105.38,In-Store,105
8378,190,2537,2024-05-30,4,121.42,Online,46
8379,154,2537,2023-04-10,2,39.53,Online,24
8380,186,2538,2025-04-16,3,29.78,Social,211
8381,146,2538,2025-07-09,1,28.76,Social,214
8382,152,2538,2025-07-20,2,72.34,Online,67
8383,168,2538,2025-01-21,2,151.07,Online,58
8384,167,2538,2025-07-13,3,75.91,Social,215
8385,147,2538,2025-06-15,4,193.11,Online,65
8386,188,2538,2025-03-19,5,12.93,In-Store,136
8387,175,2538,2025-03-25,2,285.32,Online,60
8388,117,2538,2025-01-07,3,214.01,Online,57
8389,136,2538,2025-12-23,3,134.23,Online,77
8390,110,2538,2025-05-19,1,138.19,Online,64
8391,124,2538,2025-08-18,5,174.26,Online,68
8392,117,2538,2025-10-08,3,214.01,Online,71
8393,110,2538,2025-02-01,5,138.19,In-Store,134
8394,156,2538,2025-03-23,3,13.54,Online,60
8395,108,2538,2025-09-06,3,127.37,Online,70
8396,127,2538,2025-11-06,4,184.65,Online,72
8397,173,2538,2025-08-30,2,100.75,Email,290
8398,161,2538,2025-11-25,2,233.25,In-Store,147
8399,152,2538,2025-09-04,2,72.34,Online,69
8400,110,2538,2025-12-29,2,138.19,In-Store,149
8401,188,2539,2024-04-02,4,12.93,Online,43
8402,182,2539,2024-06-10,1,73.37,Online,46
8403,101,2539,2025-04-15,1,116.4,Online,61
8404,135,2539,2024-05-31,3,62.14,Social,195
8405,182,2539,2024-10-13,3,73.37,Online,53
8406,149,2539,2024-02-25,1,64.92,In-Store,116
8407,187,2539,2024-05-03,2,95.73,Social,194
8408,169,2539,2024-09-04,4,105.46,Social,201
8409,105,2539,2024-07-22,2,45.85,Email,269
8410,125,2539,2024-04-25,2,25.35,Online,43
8411,179,2540,2024-08-02,3,69.62,Online,49
8412,169,2540,2024-08-28,2,105.46,In-Store,125
8413,118,2540,2024-09-25,1,128.58,Online,51
8414,187,2540,2024-10-12,3,95.73,Online,52
8415,153,2540,2024-10-05,2,44.91,Online,52
8416,186,2540,2024-08-17,2,29.78,Email,271
8417,133,2540,2024-10-27,1,129.42,In-Store,128
8418,164,2541,2024-11-04,3,91.03,Online,54
8419,180,2541,2022-12-16,1,97.9,Email,239
8420,110,2541,2025-01-08,4,138.19,In-Store,132
8421,151,2541,2024-11-15,1,170.44,Online,55
8422,116,2541,2025-01-03,4,161.44,Email,279
8423,115,2541,2023-04-07,2,114.62,In-Store,100
8424,195,2541,2023-01-18,4,109.44,In-Store,96
8425,129,2541,2022-11-24,1,269.37,Online,17
8426,176,2541,2024-03-08,3,98.45,In-Store,116
8427,132,2541,2023-04-07,2,146.35,Online,23
8428,126,2541,2023-06-21,2,62.9,Online,28
8429,157,2541,2022-12-09,3,140.43,In-Store,94
8430,145,2541,2023-09-28,4,87.44,Online,33
8431,179,2541,2025-09-22,5,69.62,TV,361
8432,133,2541,2023-06-10,2,129.42,Online,27
8433,139,2541,2024-11-18,3,162.16,In-Store,128
8434,116,2541,2025-10-06,3,161.44,Online,71
8435,188,2541,2025-04-13,4,12.93,In-Store,138
8436,183,2542,2024-02-03,4,127.82,Online,40
8437,148,2542,2023-10-20,3,47.75,Online,34
8438,133,2542,2024-03-28,1,129.42,In-Store,118
8439,131,2542,2024-12-12,3,76.52,Online,56
8440,106,2542,2024-03-17,3,41.44,Online,42
8441,150,2542,2024-05-05,4,66.48,Online,45
8442,136,2542,2024-01-07,4,134.23,Online,37
8443,188,2542,2024-10-13,4,12.93,Online,52
8444,107,2542,2024-02-23,4,110.76,Online,41
8445,138,2542,2024-07-30,3,115.15,In-Store,123
8446,143,2542,2024-10-21,2,18.47,Online,53
8447,143,2542,2024-05-13,3,18.47,In-Store,119
8448,133,2542,2024-09-05,3,129.42,Online,51
8449,131,2542,2024-02-14,3,76.52,In-Store,115
8450,107,2542,2024-05-28,4,110.76,Online,46
8451,188,2542,2025-01-09,4,12.93,In-Store,132
8452,176,2542,2024-02-19,2,98.45,In-Store,115
8453,194,2542,2024-10-23,1,70.1,Online,53
8454,131,2542,2024-01-02,4,76.52,Online,38
8455,162,2542,2023-11-18,4,23.29,In-Store,110
8456,112,2543,2025-06-20,2,58.11,Online,66
8457,139,2543,2024-11-27,3,162.16,In-Store,130
8458,102,2543,2023-01-12,5,175.2,Online,19
8459,160,2543,2024-01-01,5,74.86,Online,37
8460,106,2543,2022-07-01,2,41.44,In-Store,87
8461,190,2543,2023-10-19,4,121.42,In-Store,108
8462,181,2543,2023-03-22,5,231.25,In-Store,99
8463,143,2543,2025-12-10,4,18.47,Online,76
8464,173,2543,2022-07-22,4,100.75,Online,9
8465,156,2543,2024-03-12,4,13.54,Online,42
8466,196,2543,2025-03-13,1,162.21,In-Store,136
8467,168,2543,2022-12-17,5,151.07,Online,18
8468,166,2543,2024-08-27,2,151.16,Online,50
8469,149,2543,2024-01-28,5,64.92,Online,39
8470,110,2543,2023-03-16,3,138.19,In-Store,99
8471,117,2543,2022-10-24,5,214.01,In-Store,91
8472,112,2543,2024-04-10,2,58.11,Online,43
8473,132,2543,2024-01-09,4,146.35,In-Store,113
8474,187,2544,2023-05-17,3,95.73,Online,25
8475,133,2544,2022-09-05,2,129.42,In-Store,90
8476,178,2544,2023-03-28,2,58.92,Email,244
8477,141,2544,2023-02-16,2,75.02,In-Store,97
8478,131,2544,2023-04-14,2,76.52,Online,24
8479,141,2544,2022-10-18,1,75.02,Online,15
8480,174,2544,2023-07-29,2,89.89,In-Store,104
8481,108,2544,2022-03-31,3,127.37,In-Store,82
8482,173,2544,2022-05-07,2,100.75,In-Store,85
8483,138,2544,2022-05-18,3,115.15,Online,6
8484,167,2544,2022-12-17,1,75.91,Online,18
8485,170,2544,2022-04-19,2,124.94,Email,228
8486,182,2544,2022-12-16,3,73.37,In-Store,95
8487,118,2545,2025-03-04,4,128.58,In-Store,136
8488,170,2545,2025-01-07,1,124.94,Online,57
8489,136,2545,2024-12-12,4,134.23,Social,205
8490,105,2545,2025-01-05,2,45.85,Social,206
8491,115,2545,2025-06-15,4,114.62,In-Store,140
8492,188,2545,2025-01-10,2,12.93,In-Store,132
8493,126,2545,2025-01-24,4,62.9,Online,58
8494,135,2546,2023-12-03,4,62.14,Online,37
8495,106,2546,2023-12-23,1,41.44,Online,37
8496,130,2546,2023-03-04,2,117.61,In-Store,99
8497,192,2546,2022-05-07,3,22.56,Online,5
8498,129,2547,2024-04-30,1,269.37,Online,44
8499,115,2547,2024-05-24,3,114.62,Online,46
8500,165,2547,2025-09-29,4,213.33,Social,218
8501,158,2547,2024-10-13,5,132.56,Online,52
8502,154,2547,2024-09-23,5,39.53,Social,202
8503,134,2547,2025-03-20,3,113.57,Online,61
8504,148,2547,2024-12-17,3,47.75,Online,57
8505,144,2547,2025-05-19,1,22.73,Online,64
8506,123,2547,2025-08-06,1,28.54,Online,68
8507,151,2547,2024-11-07,4,170.44,Online,54
8508,103,2547,2025-08-22,5,74.85,Online,69
8509,198,2547,2025-06-03,2,167.93,In-Store,140
8510,106,2547,2025-02-21,2,41.44,In-Store,135
8511,198,2547,2025-08-02,1,167.93,In-Store,143
8512,124,2547,2025-11-18,1,174.26,Social,221
8513,119,2547,2025-03-29,2,193.28,Online,61
8514,200,2547,2024-10-23,3,213.63,Online,53
8515,112,2547,2024-05-28,3,58.11,Online,46
8516,184,2547,2025-12-29,4,120.25,Online,77
8517,172,2547,2024-09-02,5,75.03,Email,273
8518,168,2547,2024-05-29,5,151.07,Online,46
8519,125,2547,2024-08-10,1,25.35,Online,49
8520,175,2547,2024-11-02,4,285.32,In-Store,128
8521,163,2547,2025-04-28,4,115.65,In-Store,138
8522,139,2547,2025-06-09,4,162.16,Online,66
8523,164,2547,2025-06-11,3,91.03,Online,66
8524,135,2548,2022-11-28,1,62.14,Online,17
8525,130,2548,2023-04-25,3,117.61,Online,25
8526,191,2549,2025-01-22,1,196.98,Online,58
8527,181,2549,2024-07-01,5,231.25,Online,48
8528,144,2549,2025-03-29,2,22.73,Social,210
8529,124,2549,2025-11-12,2,174.26,Online,73
8530,198,2549,2025-01-21,1,167.93,Online,59
8531,185,2549,2024-07-21,5,143.79,Online,48
8532,172,2549,2024-06-09,2,75.03,Online,46
8533,103,2549,2024-05-28,4,74.85,Online,46
8534,133,2549,2025-08-04,1,129.42,Online,68
8535,125,2549,2024-09-14,3,25.35,Online,51
8536,162,2549,2025-10-12,2,23.29,Online,70
8537,172,2549,2025-07-15,5,75.03,TV,357
8538,112,2549,2025-01-27,4,58.11,In-Store,134
8539,138,2549,2025-12-24,1,115.15,Online,77
8540,139,2549,2025-02-23,5,162.16,Online,59
8541,191,2550,2023-05-10,1,196.98,Online,25
8542,105,2550,2024-06-07,2,45.85,Online,47
8543,129,2550,2023-01-13,5,269.37,Online,19
8544,130,2550,2023-11-22,5,117.61,In-Store,111
8545,128,2550,2022-11-19,5,69.61,TV,312
8546,154,2550,2024-02-03,3,39.53,TV,333
8547,167,2550,2024-07-24,3,75.91,In-Store,123
8548,157,2550,2022-10-14,5,140.43,Online,14
8549,192,2550,2024-08-13,3,22.56,TV,340
8550,151,2550,2024-10-31,3,170.44,Online,54
8551,158,2550,2025-09-07,3,132.56,Online,70
8552,110,2550,2024-06-26,2,138.19,TV,338
8553,148,2550,2025-05-11,5,47.75,Online,64
8554,180,2550,2023-11-04,1,97.9,In-Store,110
8555,114,2550,2025-03-23,4,120.5,In-Store,136
8556,163,2550,2024-05-08,1,115.65,Social,195
8557,190,2550,2024-02-05,1,121.42,In-Store,114
8558,105,2550,2025-11-11,2,45.85,Online,74
8559,178,2550,2023-03-19,3,58.92,Email,243
8560,155,2551,2025-10-02,1,71.21,Online,70
8561,168,2551,2025-02-22,1,151.07,Online,59
8562,165,2551,2025-09-24,4,213.33,Online,70
8563,114,2551,2025-03-04,1,120.5,In-Store,136
8564,120,2551,2023-07-04,2,186.86,In-Store,104
8565,172,2551,2023-03-30,5,75.03,In-Store,100
8566,154,2551,2025-06-16,1,39.53,Online,66
8567,196,2551,2023-12-17,3,162.21,Social,188
8568,113,2551,2024-07-29,2,122.3,In-Store,124
8569,118,2551,2025-03-15,2,128.58,Social,210
8570,160,2551,2025-05-04,4,74.86,Online,64
8571,157,2551,2025-09-23,1,140.43,TV,361
8572,119,2551,2025-02-11,4,193.28,Online,59
8573,142,2551,2024-08-19,3,298.93,In-Store,124
8574,200,2551,2023-07-08,3,213.63,Social,180
8575,130,2551,2025-02-08,4,117.61,Online,59
8576,114,2551,2025-12-21,3,120.5,TV,365
8577,142,2551,2024-10-17,2,298.93,Online,52
8578,109,2551,2024-05-08,3,69.39,In-Store,120
8579,191,2551,2024-03-31,4,196.98,Online,43
8580,108,2551,2025-10-01,2,127.37,In-Store,144
8581,115,2551,2024-05-16,2,114.62,Online,46
8582,152,2551,2025-10-01,1,72.34,Online,70
8583,185,2551,2024-04-03,4,143.79,Online,43
8584,185,2551,2023-07-27,2,143.79,In-Store,104
8585,184,2551,2024-05-30,4,120.25,Social,195
8586,197,2551,2025-09-16,4,270.16,In-Store,144
8587,104,2552,2024-11-29,4,50.25,In-Store,130
8588,174,2552,2023-11-23,4,89.89,In-Store,110
8589,128,2552,2024-04-11,1,69.61,In-Store,118
8590,106,2552,2024-06-12,2,41.44,Online,47
8591,187,2552,2024-05-12,2,95.73,Online,46
8592,133,2552,2023-12-29,1,129.42,Online,38
8593,182,2552,2023-11-01,2,73.37,Online,35
8594,125,2552,2023-12-26,2,25.35,Online,37
8595,104,2552,2023-10-04,3,50.25,Social,184
8596,114,2552,2024-06-17,1,120.5,Online,47
8597,113,2552,2024-03-08,2,122.3,Online,41
8598,121,2553,2024-08-18,4,126.42,In-Store,124
8599,200,2553,2024-04-13,4,213.63,Online,43
8600,183,2553,2024-07-22,1,127.82,In-Store,123
8601,106,2553,2025-08-30,2,41.44,Online,68
8602,164,2553,2024-04-20,3,91.03,In-Store,119
8603,181,2553,2024-11-20,1,231.25,Online,54
8604,139,2553,2024-09-03,1,162.16,Online,50
8605,128,2553,2025-03-25,2,69.61,In-Store,136
8606,143,2553,2025-03-30,3,18.47,Online,61
8607,181,2553,2025-01-24,5,231.25,Online,58
8608,124,2553,2024-06-08,3,174.26,Social,195
8609,181,2553,2024-05-09,2,231.25,Online,45
8610,175,2553,2024-04-21,2,285.32,Online,44
8611,158,2553,2025-09-21,4,132.56,Online,70
8612,191,2553,2025-04-28,3,196.98,Online,63
8613,187,2553,2024-11-23,4,95.73,Online,55
8614,114,2553,2025-10-25,2,120.5,Online,72
8615,198,2553,2024-12-07,5,167.93,Online,56
8616,178,2553,2025-06-16,5,58.92,Online,66
8617,151,2553,2025-05-30,1,170.44,In-Store,139
8618,154,2553,2024-10-24,1,39.53,In-Store,128
8619,151,2553,2024-07-08,2,170.44,Online,48
8620,192,2553,2024-06-22,5,22.56,Online,47
8621,157,2553,2024-11-03,4,140.43,Online,53
8622,154,2553,2024-11-23,5,39.53,Online,55
8623,189,2553,2024-09-29,2,47.31,Online,51
8624,111,2553,2025-03-03,3,78.12,Online,60
8625,161,2554,2025-03-23,2,233.25,In-Store,136
8626,185,2554,2025-11-03,1,143.79,Social,220
8627,142,2554,2025-03-21,3,298.93,In-Store,136
8628,161,2554,2023-07-31,1,233.25,In-Store,104
8629,132,2554,2023-05-05,3,146.35,Online,25
8630,135,2554,2024-12-24,3,62.14,Online,57
8631,181,2554,2023-01-07,3,231.25,Online,19
8632,151,2554,2023-11-14,4,170.44,Online,35
8633,185,2554,2025-08-01,1,143.79,Online,68
8634,161,2554,2024-09-13,3,233.25,Social,201
8635,165,2554,2025-12-17,5,213.33,In-Store,149
8636,193,2554,2025-04-11,5,28.68,TV,352
8637,188,2554,2023-10-21,2,12.93,Email,255
8638,119,2554,2022-11-19,3,193.28,In-Store,94
8639,105,2554,2024-12-11,3,45.85,In-Store,130
8640,107,2554,2023-11-06,1,110.76,Online,35
8641,189,2554,2024-06-10,3,47.31,Online,46
8642,129,2554,2023-05-28,4,269.37,Online,26
8643,133,2554,2025-08-26,3,129.42,In-Store,144
8644,156,2554,2025-08-18,1,13.54,Social,215
8645,127,2555,2025-05-30,3,184.65,In-Store,139
8646,102,2555,2024-08-30,3,175.2,In-Store,125
8647,110,2555,2024-09-23,4,138.19,Social,202
8648,109,2555,2024-01-18,2,69.39,Email,259
8649,109,2555,2025-05-02,3,69.39,In-Store,138
8650,101,2555,2023-11-17,1,116.4,In-Store,110
8651,147,2555,2025-06-19,3,193.11,In-Store,141
8652,113,2555,2025-11-07,4,122.3,Online,73
8653,110,2555,2024-03-25,5,138.19,In-Store,117
8654,151,2555,2025-11-29,3,170.44,TV,364
8655,108,2555,2025-12-14,2,127.37,Online,76
8656,187,2555,2023-11-16,5,95.73,In-Store,110
8657,181,2555,2024-01-29,4,231.25,Online,40
8658,157,2555,2024-11-27,3,140.43,In-Store,130
8659,119,2555,2024-12-24,5,193.28,Online,56
8660,128,2555,2023-12-13,4,69.61,Online,36
8661,191,2555,2025-09-15,2,196.98,Email,291
8662,121,2555,2025-10-30,5,126.42,Online,73
8663,170,2555,2024-01-08,5,124.94,In-Store,113
8664,141,2555,2024-12-10,4,75.02,TV,346
8665,102,2555,2025-01-27,1,175.2,Online,58
8666,120,2555,2025-01-28,3,186.86,Online,59
8667,113,2555,2024-11-19,4,122.3,Online,55
8668,132,2555,2025-08-17,1,146.35,Online,69
8669,197,2555,2025-09-06,4,270.16,Social,216
8670,173,2555,2024-05-17,4,100.75,Online,46
8671,110,2555,2024-09-21,4,138.19,Online,51
8672,110,2555,2024-07-07,3,138.19,In-Store,122
8673,174,2556,2024-10-09,3,89.89,Online,52
8674,167,2556,2025-01-26,4,75.91,Social,206
8675,101,2556,2024-10-26,4,116.4,In-Store,128
8676,153,2556,2024-10-11,2,44.91,In-Store,126
8677,171,2556,2025-02-23,1,117.28,In-Store,134
8678,109,2556,2024-11-14,4,69.39,Online,54
8679,126,2556,2025-05-08,1,62.9,Social,212
8680,114,2556,2024-11-07,3,120.5,Online,53
8681,158,2556,2025-03-11,1,132.56,Online,60
8682,135,2557,2023-02-22,1,62.14,Online,20
8683,101,2557,2023-03-25,2,116.4,Online,23
8684,146,2557,2022-10-31,2,28.76,TV,311
8685,115,2557,2023-04-07,3,114.62,Social,176
8686,147,2558,2025-06-20,1,193.11,Online,66
8687,178,2558,2022-10-25,4,58.92,Online,14
8688,186,2558,2024-01-29,4,29.78,In-Store,114
8689,170,2558,2022-05-19,1,124.94,Email,229
8690,121,2558,2022-08-14,1,126.42,Online,11
8691,130,2558,2025-03-21,3,117.61,Online,60
8692,172,2558,2024-10-12,2,75.03,In-Store,127
8693,119,2558,2025-02-02,4,193.28,In-Store,134
8694,109,2558,2023-08-11,1,69.39,In-Store,105
8695,140,2558,2023-11-09,1,139.7,In-Store,110
8696,151,2558,2024-02-03,4,170.44,Online,40
8697,140,2558,2025-03-30,1,139.7,Online,61
8698,111,2558,2022-05-20,2,78.12,Email,229
8699,198,2558,2025-05-06,2,167.93,Online,64
8700,133,2558,2022-09-08,5,129.42,In-Store,90
8701,113,2558,2023-05-30,5,122.3,Online,27
8702,163,2558,2022-05-22,2,115.65,In-Store,85
8703,191,2558,2023-11-22,2,196.98,Online,35
8704,188,2558,2024-10-27,5,12.93,Online,53
8705,184,2558,2023-08-03,2,120.25,Online,31
8706,172,2558,2025-05-07,4,75.03,TV,354
8707,108,2558,2024-06-28,1,127.37,TV,339
8708,104,2559,2023-01-25,2,50.25,Social,172
8709,170,2559,2023-11-13,3,124.94,Social,185
8710,153,2559,2022-12-21,1,44.91,Social,169
8711,153,2559,2024-01-16,3,44.91,Online,39
8712,112,2559,2023-08-29,2,58.11,In-Store,106
8713,146,2559,2023-01-01,4,28.76,In-Store,96
8714,136,2559,2022-07-07,4,134.23,Online,9
8715,138,2560,2024-12-06,3,115.15,Online,56
8716,188,2560,2024-12-12,3,12.93,Online,56
8717,107,2560,2025-01-06,1,110.76,Online,58
8718,109,2560,2024-11-23,1,69.39,In-Store,129
8719,172,2561,2024-08-28,4,75.03,In-Store,125
8720,144,2561,2024-08-03,4,22.73,Online,49
8721,159,2561,2024-07-20,4,21.52,Online,48
8722,184,2561,2024-12-13,5,120.25,Online,56
8723,142,2561,2024-09-15,1,298.93,Online,51
8724,192,2561,2025-05-27,1,22.56,Online,65
8725,138,2561,2025-05-05,4,115.15,Online,63
8726,196,2561,2025-09-30,5,162.21,In-Store,145
8727,128,2561,2024-06-18,2,69.61,Online,47
8728,182,2561,2024-07-09,4,73.37,Online,48
8729,132,2561,2025-04-24,3,146.35,Online,63
8730,136,2561,2024-08-09,1,134.23,Online,49
8731,116,2561,2024-02-14,4,161.44,Online,40
8732,164,2561,2024-05-24,2,91.03,Online,46
8733,184,2561,2025-10-04,2,120.25,Online,71
8734,117,2561,2025-01-15,4,214.01,Online,58
8735,196,2561,2025-03-21,4,162.21,Online,61
8736,194,2561,2024-10-22,1,70.1,In-Store,128
8737,136,2561,2024-12-13,4,134.23,Online,56
8738,136,2561,2024-07-31,3,134.23,TV,340
8739,197,2561,2024-12-01,5,270.16,Online,55
8740,195,2562,2023-11-11,3,109.44,Online,36
8741,189,2562,2023-09-19,4,47.31,In-Store,107
8742,162,2562,2023-05-10,1,23.29,In-Store,101
8743,158,2562,2024-02-26,3,132.56,Email,261
8744,184,2562,2023-10-03,1,120.25,Social,184
8745,150,2562,2022-12-28,3,66.48,In-Store,95
8746,118,2562,2024-10-31,4,128.58,Social,203
8747,133,2562,2022-11-19,2,129.42,Online,17
8748,172,2562,2023-03-13,3,75.03,Online,22
8749,126,2562,2024-02-19,4,62.9,Online,40
8750,135,2562,2024-09-11,4,62.14,Online,51
8751,126,2562,2024-07-19,1,62.9,In-Store,123
8752,150,2562,2023-07-18,1,66.48,In-Store,105
8753,176,2562,2023-02-26,1,98.45,TV,317
8754,140,2563,2024-12-09,1,139.7,Social,205
8755,139,2563,2024-02-25,3,162.16,In-Store,116
8756,164,2563,2024-01-09,3,91.03,Online,39
8757,124,2563,2024-09-22,3,174.26,In-Store,125
8758,109,2563,2024-06-28,2,69.39,Social,196
8759,183,2563,2025-09-15,2,127.82,Online,70
8760,102,2563,2025-04-10,3,175.2,Online,61
8761,196,2563,2025-09-06,1,162.21,Online,70
8762,176,2563,2024-05-31,3,98.45,In-Store,121
8763,190,2563,2025-12-01,2,121.42,Online,74
8764,148,2563,2025-01-10,2,47.75,Social,206
8765,176,2563,2024-04-12,2,98.45,Online,43
8766,183,2563,2024-08-01,5,127.82,In-Store,123
8767,175,2563,2024-08-14,5,285.32,Email,272
8768,197,2563,2024-08-01,4,270.16,TV,341
8769,154,2564,2025-09-21,2,39.53,TV,361
8770,169,2564,2025-02-26,1,105.46,Online,59
8771,188,2564,2025-07-08,3,12.93,Online,67
8772,145,2564,2025-10-18,2,87.44,Online,71
8773,107,2564,2024-10-27,2,110.76,Email,276
8774,127,2564,2024-12-26,5,184.65,TV,348
8775,162,2564,2024-10-21,2,23.29,Email,274
8776,198,2564,2025-03-06,1,167.93,Social,209
8777,127,2564,2025-08-26,2,184.65,In-Store,143
8778,138,2564,2025-04-03,1,115.15,Email,284
8779,116,2564,2025-07-25,3,161.44,Online,67
8780,177,2564,2025-01-05,5,296.45,Social,206
8781,170,2564,2025-03-22,1,124.94,Online,60
8782,110,2564,2025-03-15,2,138.19,Online,60
8783,123,2564,2024-12-30,4,28.54,Online,56
8784,127,2564,2025-06-20,5,184.65,Online,66
8785,156,2565,2025-12-31,3,13.54,Online,77
8786,126,2565,2025-04-29,5,62.9,In-Store,138
8787,136,2565,2025-05-20,1,134.23,Online,65
8788,132,2565,2024-12-27,4,146.35,Online,56
8789,164,2565,2025-12-17,5,91.03,Online,76
8790,175,2565,2024-07-28,2,285.32,Online,49
8791,133,2565,2025-02-06,5,129.42,Social,208
8792,118,2565,2025-12-14,1,128.58,In-Store,149
8793,193,2565,2024-12-17,2,28.68,Online,57
8794,120,2565,2024-07-22,2,186.86,Online,49
8795,168,2565,2023-05-16,2,151.07,Online,25
8796,136,2565,2024-07-31,1,134.23,Online,49
8797,131,2565,2025-02-22,2,76.52,Online,60
8798,191,2565,2023-01-06,2,196.98,In-Store,96
8799,196,2565,2025-03-16,1,162.21,Online,61
8800,196,2565,2024-07-11,4,162.21,Online,48
8801,110,2565,2023-05-22,4,138.19,Social,178
8802,177,2565,2024-04-11,2,296.45,Social,192
8803,122,2565,2023-02-16,1,224.2,Online,20
8804,144,2565,2023-06-26,2,22.73,In-Store,104
8805,183,2565,2025-05-09,2,127.82,Online,64
8806,168,2565,2024-12-20,3,151.07,Online,56
8807,200,2565,2022-12-13,3,213.63,Online,17
8808,168,2565,2025-01-20,5,151.07,Online,58
8809,121,2565,2023-07-09,5,126.42,Online,29
8810,177,2565,2025-04-30,4,296.45,In-Store,138
8811,107,2565,2025-04-05,1,110.76,Online,61
8812,177,2565,2025-02-12,3,296.45,Online,59
8813,126,2565,2023-01-13,4,62.9,Online,19
8814,117,2565,2024-10-25,5,214.01,Online,53
8815,136,2565,2025-01-23,2,134.23,Email,281
8816,122,2565,2024-06-28,1,224.2,Online,47
8817,148,2565,2025-09-09,3,47.75,Online,69
8818,164,2565,2025-07-28,2,91.03,Social,214
8819,134,2565,2023-10-06,4,113.57,Online,33
8820,190,2566,2024-03-07,2,121.42,In-Store,116
8821,166,2566,2025-11-08,3,151.16,In-Store,147
8822,188,2566,2022-09-22,1,12.93,In-Store,91
8823,126,2566,2022-09-25,2,62.9,In-Store,90
8824,177,2566,2024-09-30,2,296.45,In-Store,126
8825,182,2566,2022-10-16,1,73.37,Social,166
8826,111,2566,2025-01-29,3,78.12,Online,58
8827,192,2566,2023-12-17,2,22.56,In-Store,112
8828,132,2566,2025-06-13,3,146.35,Online,66
8829,199,2566,2024-06-03,1,105.38,Online,47
8830,116,2566,2025-09-29,3,161.44,In-Store,144
8831,191,2566,2025-11-22,1,196.98,Social,221
8832,103,2566,2023-08-28,5,74.85,Online,32
8833,165,2566,2023-08-30,5,213.33,Social,182
8834,118,2566,2024-08-19,4,128.58,Social,200
8835,133,2566,2025-09-19,2,129.42,Online,70
8836,118,2566,2025-01-21,1,128.58,Social,207
8837,146,2566,2022-12-19,2,28.76,TV,313
8838,158,2566,2023-05-30,5,132.56,Online,26
8839,139,2566,2024-04-20,2,162.16,Social,194
8840,101,2566,2023-08-05,2,116.4,Online,31
8841,143,2566,2024-11-15,2,18.47,In-Store,128
8842,114,2566,2025-06-25,3,120.5,Online,66
8843,149,2566,2023-12-13,4,64.92,Online,37
8844,157,2566,2023-10-30,5,140.43,Online,34
8845,117,2566,2025-10-19,5,214.01,Online,71
8846,148,2566,2023-11-28,5,47.75,Online,36
8847,160,2566,2024-01-28,3,74.86,In-Store,114
8848,114,2566,2024-01-10,5,120.5,In-Store,112
8849,129,2566,2025-07-15,1,269.37,Online,67
8850,106,2566,2022-12-20,3,41.44,Email,240
8851,163,2566,2025-07-06,1,115.65,Online,67
8852,146,2566,2022-10-20,1,28.76,In-Store,91
8853,133,2566,2023-10-31,2,129.42,Online,34
8854,161,2566,2022-12-09,3,233.25,Online,17
8855,177,2566,2025-11-09,5,296.45,Online,74
8856,130,2567,2022-10-08,3,117.61,Social,166
8857,132,2567,2022-02-15,3,146.35,Online,2
8858,137,2567,2025-01-11,5,90.95,In-Store,132
8859,158,2567,2025-01-15,4,132.56,In-Store,133
8860,116,2567,2024-10-02,3,161.44,In-Store,126
8861,120,2567,2024-05-04,1,186.86,Online,45
8862,182,2567,2023-04-19,1,73.37,In-Store,100
8863,121,2567,2024-09-14,2,126.42,Online,51
8864,172,2567,2022-08-30,2,75.03,Online,12
8865,136,2567,2025-05-26,2,134.23,Online,65
8866,154,2567,2022-10-24,5,39.53,In-Store,92
8867,197,2567,2022-02-04,5,270.16,Online,1
8868,118,2567,2024-02-12,1,128.58,Online,40
8869,116,2567,2025-06-23,3,161.44,Online,66
8870,153,2568,2023-08-02,4,44.91,Online,31
8871,152,2568,2024-06-19,1,72.34,Online,47
8872,200,2568,2023-05-25,4,213.63,Online,25
8873,193,2568,2023-03-26,2,28.68,Online,23
8874,139,2568,2025-12-11,3,162.16,Online,75
8875,173,2568,2025-01-01,2,100.75,In-Store,131
8876,124,2568,2025-09-24,5,174.26,Online,70
8877,152,2568,2024-01-06,3,72.34,Online,38
8878,102,2568,2024-11-23,4,175.2,Online,55
8879,126,2568,2025-11-08,2,62.9,Online,73
8880,128,2568,2025-12-22,2,69.61,Online,77
8881,108,2568,2023-01-04,3,127.37,In-Store,96
8882,123,2568,2025-08-01,3,28.54,Online,68
8883,196,2568,2024-09-07,4,162.21,Online,51
8884,106,2568,2025-05-12,1,41.44,Online,64
8885,144,2568,2023-01-24,4,22.73,Online,20
8886,150,2568,2023-03-22,3,66.48,Social,175
8887,185,2568,2025-01-09,3,143.79,In-Store,132
8888,168,2568,2025-05-15,4,151.07,Online,63
8889,170,2569,2025-08-31,3,124.94,Online,70
8890,140,2569,2025-02-14,4,139.7,Online,59
8891,169,2569,2025-11-06,1,105.46,Online,72
8892,108,2569,2025-11-23,1,127.37,In-Store,147
8893,113,2569,2025-03-13,3,122.3,Online,60
8894,122,2569,2025-08-06,2,224.2,Online,68
8895,192,2569,2025-10-21,1,22.56,Social,220
8896,108,2569,2025-03-19,5,127.37,Online,60
8897,183,2569,2025-01-28,4,127.82,TV,350
8898,169,2569,2025-06-03,4,105.46,Online,66
8899,181,2569,2025-02-06,4,231.25,Online,59
8900,197,2569,2025-12-11,1,270.16,Online,75
8901,175,2569,2024-09-25,5,285.32,Email,274
8902,177,2569,2024-12-24,1,296.45,Email,280
8903,132,2569,2024-11-19,4,146.35,In-Store,129
8904,126,2569,2025-05-06,5,62.9,TV,354
8905,133,2569,2025-12-18,1,129.42,Online,77
8906,146,2569,2025-03-07,5,28.76,In-Store,136
8907,141,2569,2025-04-20,2,75.02,Online,62
8908,192,2569,2025-09-10,5,22.56,Social,217
8909,117,2569,2023-11-17,3,214.01,Online,35
8910,117,2569,2025-10-03,5,214.01,In-Store,144
8911,120,2569,2024-11-01,2,186.86,Online,54
8912,170,2569,2024-08-01,4,124.94,Online,49
8913,142,2569,2025-04-16,5,298.93,Online,61
8914,196,2569,2025-03-10,1,162.21,Online,60
8915,155,2569,2025-07-20,3,71.21,Online,68
8916,147,2569,2024-01-27,3,193.11,Online,40
8917,155,2569,2023-12-21,3,71.21,Online,37
8918,112,2569,2025-01-19,1,58.11,Online,58
8919,110,2570,2023-02-15,4,138.19,Online,21
8920,134,2570,2022-08-30,5,113.57,Online,12
8921,105,2570,2025-09-17,2,45.85,Online,70
8922,128,2570,2025-08-02,3,69.61,In-Store,142
8923,181,2570,2024-02-24,2,231.25,In-Store,115
8924,200,2570,2023-11-20,4,213.63,In-Store,110
8925,196,2570,2025-10-18,3,162.21,Online,72
8926,159,2570,2025-10-12,2,21.52,Social,219
8927,148,2570,2024-09-21,3,47.75,TV,343
8928,195,2570,2024-12-07,3,109.44,Online,55
8929,180,2570,2025-01-09,2,97.9,TV,349
8930,139,2570,2025-02-24,1,162.16,Social,209
8931,183,2570,2024-03-30,5,127.82,In-Store,118
8932,128,2570,2023-03-28,5,69.61,Online,22
8933,172,2570,2024-11-05,4,75.03,Online,53
8934,117,2570,2025-07-26,4,214.01,Online,67
8935,136,2570,2025-12-30,3,134.23,Email,296
8936,197,2570,2022-07-20,2,270.16,Online,9
8937,166,2570,2022-10-07,1,151.16,Online,14
8938,136,2570,2022-12-29,4,134.23,Social,170
8939,141,2570,2025-01-16,4,75.02,In-Store,132
8940,111,2570,2022-06-10,2,78.12,Social,160
8941,155,2570,2025-08-30,4,71.21,Online,68
8942,120,2570,2024-11-05,3,186.86,Online,53
8943,120,2570,2024-02-04,4,186.86,Online,39
8944,137,2570,2025-11-04,3,90.95,Online,72
8945,189,2570,2025-07-04,4,47.31,Email,288
8946,166,2570,2024-09-19,2,151.16,Email,274
8947,137,2571,2024-04-22,2,90.95,Online,43
8948,114,2571,2023-08-02,3,120.5,Online,31
8949,187,2571,2023-07-12,1,95.73,TV,322
8950,131,2571,2023-10-23,2,76.52,In-Store,108
8951,150,2571,2023-07-28,1,66.48,In-Store,105
8952,118,2571,2024-02-06,2,128.58,Online,40
8953,194,2572,2024-09-16,2,70.1,Social,201
8954,186,2572,2024-11-11,1,29.78,Online,55
8955,135,2572,2024-10-15,1,62.14,Social,202
8956,160,2572,2024-11-21,2,74.86,Social,205
8957,141,2572,2024-11-30,3,75.02,Online,56
8958,107,2572,2024-11-09,3,110.76,Online,55
8959,111,2572,2024-09-30,1,78.12,Online,51
8960,138,2572,2024-11-26,1,115.15,Online,55
8961,172,2573,2024-04-11,3,75.03,Online,43
8962,191,2573,2023-07-09,1,196.98,Online,29
8963,174,2573,2022-08-25,4,89.89,Online,12
8964,157,2573,2023-03-29,1,140.43,Social,175
8965,128,2573,2024-11-26,4,69.61,Online,55
8966,170,2573,2024-04-17,1,124.94,Online,43
8967,151,2573,2023-06-27,1,170.44,In-Store,104
8968,154,2573,2024-10-16,3,39.53,Online,52
8969,176,2573,2023-09-27,5,98.45,In-Store,108
8970,182,2573,2022-11-23,1,73.37,Online,17
8971,168,2573,2022-11-11,5,151.07,Online,17
8972,187,2573,2024-05-07,2,95.73,Online,45
8973,101,2573,2024-08-08,4,116.4,Social,200
8974,176,2573,2025-08-16,3,98.45,Online,68
8975,157,2573,2024-07-27,1,140.43,Online,49
8976,192,2573,2022-08-26,3,22.56,In-Store,89
8977,129,2573,2025-04-10,2,269.37,In-Store,138
8978,133,2573,2024-07-29,4,129.42,Online,49
8979,122,2573,2023-12-24,2,224.2,In-Store,111
8980,133,2573,2024-05-29,5,129.42,In-Store,120
8981,192,2573,2025-07-18,2,22.56,Email,289
8982,189,2573,2024-04-07,5,47.31,Online,43
8983,127,2573,2024-09-20,4,184.65,Online,51
8984,150,2573,2024-08-18,3,66.48,In-Store,124
8985,118,2573,2022-11-01,4,128.58,Social,166
8986,184,2573,2025-10-10,4,120.25,In-Store,145
8987,157,2573,2024-07-08,5,140.43,Online,47
8988,110,2573,2025-05-27,3,138.19,Online,65
8989,119,2574,2024-02-13,2,193.28,Online,40
8990,142,2574,2024-05-04,3,298.93,Online,45
8991,153,2574,2023-09-10,5,44.91,TV,324
8992,192,2574,2024-10-27,1,22.56,Online,53
8993,193,2574,2024-05-22,1,28.68,Online,46
8994,191,2574,2025-07-20,3,196.98,Online,67
8995,170,2574,2025-08-06,4,124.94,In-Store,143
8996,127,2574,2024-05-01,2,184.65,Online,43
8997,160,2574,2025-07-12,4,74.86,Online,67
8998,135,2574,2025-07-13,1,62.14,Online,67
8999,195,2574,2025-02-11,2,109.44,In-Store,134
9000,139,2574,2024-11-16,5,162.16,Online,55
9001,135,2574,2023-10-04,5,62.14,In-Store,108
9002,198,2574,2025-06-25,4,167.93,In-Store,141
9003,181,2574,2024-06-25,1,231.25,Social,197
9004,178,2574,2024-10-05,4,58.92,In-Store,126
9005,191,2574,2025-04-27,1,196.98,Online,63
9006,136,2574,2023-09-08,5,134.23,Social,184
9007,192,2574,2025-05-04,3,22.56,Social,212
9008,191,2574,2025-01-22,1,196.98,Online,58
9009,200,2574,2024-03-05,1,213.63,Online,42
9010,190,2574,2023-09-24,1,121.42,In-Store,107
9011,136,2575,2025-01-06,2,134.23,Online,58
9012,184,2575,2025-11-11,4,120.25,Social,220
9013,145,2575,2025-09-21,2,87.44,TV,361
9014,166,2575,2024-09-22,1,151.16,Online,51
9015,104,2575,2025-03-24,4,50.25,Online,61
9016,135,2575,2024-06-13,1,62.14,Online,46
9017,183,2575,2024-11-17,4,127.82,Social,204
9018,136,2575,2024-10-15,1,134.23,Online,52
9019,162,2575,2025-12-26,3,23.29,In-Store,149
9020,157,2575,2024-08-06,2,140.43,Online,49
9021,181,2575,2024-10-24,5,231.25,In-Store,128
9022,187,2575,2024-10-20,3,95.73,In-Store,128
9023,183,2575,2024-07-19,5,127.82,Online,48
9024,157,2575,2024-10-01,3,140.43,In-Store,126
9025,173,2575,2025-02-06,3,100.75,Online,59
9026,185,2575,2024-05-26,4,143.79,Online,46
9027,167,2575,2025-07-02,2,75.91,Online,66
9028,167,2575,2025-09-04,1,75.91,Online,70
9029,132,2575,2025-06-21,4,146.35,Online,66
9030,168,2575,2024-05-06,3,151.07,Online,45
9031,161,2575,2025-02-22,5,233.25,Social,208
9032,186,2575,2024-08-06,2,29.78,In-Store,123
9033,132,2576,2023-06-10,2,146.35,TV,321
9034,151,2576,2025-11-17,5,170.44,Email,293
9035,108,2576,2024-06-15,2,127.37,Online,47
9036,140,2576,2025-11-17,5,139.7,Online,73
9037,152,2576,2025-09-23,3,72.34,Online,70
9038,139,2576,2024-04-10,1,162.16,Online,43
9039,171,2576,2023-05-31,5,117.28,Online,27
9040,122,2576,2024-01-24,1,224.2,Online,39
9041,161,2576,2024-05-29,3,233.25,Social,196
9042,124,2576,2025-04-08,5,174.26,Online,62
9043,154,2576,2024-12-16,5,39.53,Online,56
9044,122,2576,2023-11-10,5,224.2,Online,35
9045,165,2576,2024-06-11,2,213.33,Online,46
9046,199,2576,2025-12-10,2,105.38,TV,365
9047,155,2576,2024-08-06,2,71.21,Online,49
9048,147,2576,2024-11-19,2,193.11,Online,54
9049,170,2576,2024-01-09,1,124.94,Online,38
9050,174,2576,2025-02-03,3,89.89,TV,350
9051,166,2576,2025-02-26,5,151.16,Social,209
9052,194,2576,2025-07-23,2,70.1,Email,290
9053,144,2576,2025-07-28,2,22.73,Social,214
9054,165,2576,2023-06-05,4,213.33,Online,28
9055,130,2576,2025-04-11,4,117.61,Online,62
9056,135,2576,2024-03-16,1,62.14,Online,42
9057,180,2576,2024-06-16,5,97.9,Online,47
9058,170,2576,2024-08-25,3,124.94,In-Store,124
9059,116,2576,2024-02-26,3,161.44,In-Store,115
9060,163,2577,2023-12-19,1,115.65,In-Store,111
9061,108,2577,2024-08-25,2,127.37,Email,272
9062,154,2577,2024-10-02,1,39.53,Social,202
9063,190,2577,2024-06-16,4,121.42,Social,196
9064,126,2577,2024-11-09,4,62.9,TV,345
9065,138,2577,2024-07-03,1,115.15,Social,198
9066,131,2577,2025-01-23,4,76.52,In-Store,133
9067,163,2577,2024-09-30,3,115.65,Online,52
9068,163,2577,2024-08-20,2,115.65,In-Store,124
9069,144,2577,2024-06-27,1,22.73,Online,47
9070,126,2577,2024-01-15,1,62.9,Online,38
9071,173,2578,2022-10-10,3,100.75,Online,14
9072,103,2578,2022-10-23,4,74.85,Social,167
9073,169,2578,2024-12-12,2,105.46,Online,56
9074,101,2578,2024-06-01,1,116.4,In-Store,120
9075,113,2578,2022-12-24,4,122.3,Online,19
9076,189,2578,2023-04-03,4,47.31,In-Store,100
9077,150,2578,2023-06-13,3,66.48,In-Store,103
9078,172,2578,2022-05-15,2,75.03,Social,158
9079,103,2578,2022-10-19,3,74.85,Online,15
9080,113,2578,2022-03-30,3,122.3,Online,4
9081,180,2578,2022-07-05,2,97.9,Email,231
9082,156,2578,2023-01-08,2,13.54,Online,19
9083,178,2579,2025-11-29,2,58.92,Online,74
9084,187,2579,2024-07-25,3,95.73,Online,49
9085,176,2579,2023-10-01,5,98.45,Online,33
9086,151,2579,2025-01-30,1,170.44,Email,281
9087,106,2579,2024-09-24,4,41.44,TV,344
9088,179,2579,2024-06-04,2,69.62,Online,46
9089,185,2579,2025-05-16,5,143.79,Online,65
9090,184,2579,2025-12-26,2,120.25,Social,222
9091,171,2579,2023-03-29,3,117.28,Online,24
9092,192,2579,2024-07-14,5,22.56,In-Store,123
9093,137,2579,2024-11-23,4,90.95,Online,55
9094,130,2579,2025-04-20,2,117.61,In-Store,138
9095,188,2579,2024-02-23,2,12.93,Online,41
9096,116,2579,2023-06-16,3,161.44,Online,28
9097,133,2580,2022-09-21,2,129.42,In-Store,91
9098,150,2580,2023-08-27,3,66.48,In-Store,106
9099,179,2580,2023-08-16,3,69.62,TV,324
9100,193,2581,2022-08-05,2,28.68,In-Store,88
9101,173,2581,2022-07-22,3,100.75,In-Store,88
9102,184,2581,2023-07-10,1,120.25,Online,29
9103,142,2582,2025-07-15,2,298.93,In-Store,142
9104,155,2582,2024-04-22,5,71.21,Online,43
9105,116,2582,2024-11-25,3,161.44,TV,346
9106,170,2582,2025-09-23,1,124.94,Online,70
9107,121,2582,2025-08-28,4,126.42,Online,68
9108,132,2582,2025-11-10,1,146.35,Online,73
9109,153,2582,2024-11-15,4,44.91,Online,55
9110,129,2582,2025-04-09,2,269.37,Online,62
9111,104,2582,2025-09-21,3,50.25,Online,70
9112,164,2582,2025-08-31,4,91.03,In-Store,143
9113,190,2582,2025-09-07,4,121.42,In-Store,143
9114,165,2582,2025-11-09,2,213.33,Online,72
9115,146,2582,2025-08-18,1,28.76,Online,68
9116,197,2582,2024-03-03,3,270.16,Online,42
9117,167,2582,2025-03-25,5,75.91,Online,61
9118,120,2582,2024-08-06,3,186.86,Online,49
9119,177,2582,2025-09-24,3,296.45,Social,218
9120,123,2582,2024-03-16,4,28.54,Online,41
9121,164,2582,2025-11-10,1,91.03,In-Store,147
9122,196,2582,2024-02-10,3,162.21,In-Store,115
9123,114,2582,2025-01-28,4,120.5,Email,281
9124,127,2582,2024-11-07,2,184.65,Online,54
9125,141,2582,2025-12-22,3,75.02,Social,222
9126,147,2582,2025-09-27,4,193.11,Online,70
9127,175,2582,2025-12-08,3,285.32,Social,221
9128,144,2582,2024-08-23,3,22.73,Online,50
9129,157,2582,2024-06-08,2,140.43,In-Store,120
9130,170,2583,2023-10-02,3,124.94,Online,33
9131,118,2583,2023-11-08,4,128.58,Online,35
9132,124,2583,2025-01-16,4,174.26,Online,58
9133,121,2583,2023-12-10,2,126.42,Online,37
9134,138,2583,2024-05-30,4,115.15,Online,46
9135,151,2583,2023-09-11,1,170.44,Online,33
9136,109,2583,2025-11-04,1,69.39,Online,72
9137,123,2583,2025-03-04,1,28.54,In-Store,136
9138,107,2583,2023-07-23,1,110.76,TV,323
9139,181,2583,2024-11-06,5,231.25,In-Store,128
9140,123,2583,2025-03-26,4,28.54,Online,60
9141,123,2583,2024-11-05,4,28.54,Social,204
9142,183,2584,2023-03-14,1,127.82,Online,22
9143,110,2584,2023-04-21,2,138.19,Online,24
9144,160,2584,2024-09-20,2,74.86,In-Store,125
9145,151,2584,2022-08-19,3,170.44,In-Store,88
9146,155,2584,2024-07-08,5,71.21,Online,48
9147,144,2584,2023-02-27,3,22.73,Online,21
9148,132,2584,2024-06-23,3,146.35,In-Store,121
9149,157,2584,2025-01-03,1,140.43,In-Store,131
9150,177,2584,2025-02-23,2,296.45,In-Store,134
9151,140,2584,2024-01-07,4,139.7,Online,37
9152,133,2584,2024-09-04,1,129.42,Online,50
9153,157,2584,2024-06-21,5,140.43,In-Store,122
9154,175,2584,2025-10-03,4,285.32,In-Store,144
9155,181,2584,2023-09-04,5,231.25,Online,33
9156,188,2585,2023-10-01,2,12.93,Online,33
9157,126,2585,2024-03-13,3,62.9,Online,41
9158,170,2585,2023-08-22,1,124.94,In-Store,106
9159,128,2585,2024-01-13,1,69.61,In-Store,112
9160,189,2585,2023-07-22,1,47.31,In-Store,105
9161,186,2585,2024-02-24,2,29.78,Online,41
9162,172,2585,2024-02-27,2,75.03,Online,41
9163,155,2585,2023-12-02,1,71.21,Online,36
9164,168,2586,2024-12-03,1,151.07,In-Store,130
9165,135,2586,2023-12-25,1,62.14,Online,37
9166,114,2586,2023-12-27,4,120.5,Social,189
9167,162,2586,2025-10-29,1,23.29,Social,220
9168,151,2586,2025-03-27,2,170.44,In-Store,136
9169,158,2586,2024-11-06,2,132.56,Social,203
9170,101,2586,2025-10-04,2,116.4,In-Store,145
9171,148,2586,2024-11-07,4,47.75,Email,277
9172,137,2586,2024-04-15,5,90.95,Online,43
9173,199,2586,2025-12-06,4,105.38,Online,75
9174,196,2586,2025-10-13,3,162.21,Online,71
9175,131,2586,2025-06-28,1,76.52,Online,66
9176,153,2586,2024-05-04,5,44.91,Online,44
9177,136,2586,2025-12-22,1,134.23,Online,76
9178,164,2587,2024-02-29,4,91.03,Online,41
9179,136,2587,2023-11-07,2,134.23,In-Store,110
9180,147,2587,2023-09-22,2,193.11,Online,33
9181,151,2587,2024-03-25,3,170.44,Online,43
9182,124,2587,2024-01-06,4,174.26,In-Store,111
9183,127,2587,2024-09-30,4,184.65,Online,51
9184,198,2587,2023-11-24,1,167.93,Online,36
9185,169,2587,2024-02-08,3,105.46,Online,40
9186,142,2587,2025-02-12,1,298.93,Online,59
9187,139,2587,2025-03-07,5,162.16,Online,60
9188,101,2587,2024-05-15,3,116.4,Social,194
9189,169,2587,2024-12-12,1,105.46,Social,205
9190,183,2587,2025-08-03,2,127.82,In-Store,143
9191,159,2587,2024-02-18,2,21.52,In-Store,114
9192,133,2587,2025-02-19,5,129.42,Social,208
9193,117,2587,2025-12-05,2,214.01,Online,75
9194,198,2587,2025-06-08,2,167.93,Online,65
9195,126,2587,2024-11-15,4,62.9,Online,54
9196,190,2587,2024-09-09,3,121.42,Online,51
9197,108,2587,2023-12-26,2,127.37,Online,37
9198,124,2587,2023-03-12,1,174.26,TV,318
9199,152,2587,2025-02-12,1,72.34,Online,59
9200,172,2587,2023-05-31,4,75.03,Online,26
9201,163,2587,2024-11-16,3,115.65,In-Store,129
9202,189,2587,2025-01-13,1,47.31,Online,58
9203,175,2587,2023-03-13,5,285.32,Email,243
9204,187,2587,2025-06-30,4,95.73,Social,214
9205,119,2587,2024-08-05,4,193.28,Online,49
9206,124,2587,2024-04-29,5,174.26,TV,337
9207,171,2588,2024-09-29,3,117.28,Online,51
9208,157,2588,2024-06-11,2,140.43,Online,47
9209,102,2588,2025-01-30,5,175.2,Online,59
9210,124,2588,2023-11-16,4,174.26,In-Store,110
9211,127,2588,2023-06-03,4,184.65,Email,248
9212,176,2588,2023-07-19,5,98.45,Email,250
9213,124,2588,2024-07-11,2,174.26,Online,48
9214,180,2588,2023-10-02,4,97.9,Online,33
9215,129,2588,2024-05-07,2,269.37,Online,45
9216,102,2588,2024-03-20,1,175.2,Online,42
9217,123,2588,2023-04-29,1,28.54,In-Store,101
9218,104,2588,2025-10-02,5,50.25,Online,70
9219,175,2588,2024-08-01,4,285.32,Online,49
9220,122,2588,2024-11-21,5,224.2,Online,55
9221,192,2588,2024-05-15,5,22.56,In-Store,120
9222,195,2588,2025-01-20,4,109.44,TV,349
9223,176,2588,2023-11-22,3,98.45,Online,35
9224,104,2588,2025-01-24,5,50.25,Online,59
9225,194,2589,2024-05-10,5,70.1,In-Store,120
9226,181,2589,2024-08-14,3,231.25,Online,49
9227,200,2589,2024-01-19,5,213.63,Online,39
9228,136,2589,2024-02-24,5,134.23,Email,261
9229,178,2589,2023-01-15,2,58.92,Social,172
9230,161,2589,2024-06-21,4,233.25,Online,47
9231,194,2589,2025-05-08,2,70.1,Online,63
9232,142,2589,2023-07-25,2,298.93,Online,30
9233,177,2589,2025-07-26,3,296.45,Online,67
9234,159,2589,2023-01-31,5,21.52,Online,20
9235,111,2589,2025-10-01,5,78.12,Online,70
9236,138,2589,2024-10-08,5,115.15,Social,202
9237,151,2589,2023-12-01,2,170.44,Social,187
9238,138,2589,2022-11-26,1,115.15,Email,238
9239,154,2589,2024-06-28,3,39.53,Online,47
9240,147,2589,2023-04-25,4,193.11,Online,24
9241,110,2589,2024-09-20,3,138.19,In-Store,125
9242,175,2589,2023-01-20,3,285.32,Online,19
9243,136,2589,2023-09-18,2,134.23,Social,183
9244,175,2589,2025-04-23,2,285.32,Online,63
9245,117,2589,2023-12-28,1,214.01,In-Store,112
9246,124,2589,2024-12-15,2,174.26,Online,57
9247,101,2589,2023-10-08,3,116.4,In-Store,108
9248,161,2589,2025-04-29,5,233.25,In-Store,137
9249,153,2589,2022-10-16,2,44.91,Online,15
9250,123,2589,2023-05-08,1,28.54,Online,25
9251,112,2589,2025-10-26,3,58.11,In-Store,146
9252,141,2589,2025-07-03,5,75.02,Online,66
9253,197,2589,2025-05-07,4,270.16,Social,212
9254,197,2589,2025-01-22,5,270.16,Email,281
9255,120,2589,2025-03-26,5,186.86,In-Store,136
9256,131,2589,2025-02-16,4,76.52,Online,59
9257,160,2590,2025-04-29,5,74.86,Social,212
9258,187,2590,2024-09-01,1,95.73,In-Store,125
9259,197,2590,2024-07-19,3,270.16,In-Store,123
9260,106,2590,2024-12-21,5,41.44,Online,57
9261,156,2590,2025-06-09,1,13.54,In-Store,139
9262,148,2590,2023-10-11,5,47.75,Online,33
9263,165,2590,2024-03-28,2,213.33,Online,42
9264,159,2590,2024-02-22,2,21.52,Online,41
9265,108,2590,2024-10-23,3,127.37,In-Store,127
9266,140,2590,2025-08-10,3,139.7,Online,69
9267,127,2590,2024-01-25,4,184.65,Online,39
9268,192,2590,2025-05-14,4,22.56,Online,64
9269,200,2590,2025-12-22,5,213.63,Online,77
9270,156,2590,2025-05-20,5,13.54,Online,64
9271,149,2590,2023-10-29,5,64.92,Online,35
9272,113,2590,2025-02-11,3,122.3,In-Store,135
9273,102,2590,2025-08-31,1,175.2,Online,70
9274,184,2590,2025-10-22,5,120.25,In-Store,147
9275,114,2590,2024-02-16,2,120.5,Social,190
9276,139,2590,2024-10-07,4,162.16,In-Store,126
9277,142,2590,2023-10-18,2,298.93,Social,184
9278,143,2591,2023-12-02,2,18.47,Online,37
9279,163,2591,2023-10-22,1,115.65,In-Store,109
9280,163,2591,2024-03-17,3,115.65,Online,42
9281,197,2592,2024-07-08,1,270.16,Social,198
9282,131,2592,2024-05-08,5,76.52,Email,264
9283,160,2592,2024-06-19,5,74.86,In-Store,121
9284,161,2592,2024-02-25,5,233.25,Online,41
9285,196,2592,2024-01-28,1,162.21,Online,40
9286,105,2592,2023-11-05,4,45.85,In-Store,110
9287,147,2592,2025-06-04,5,193.11,Online,66
9288,198,2592,2024-06-10,5,167.93,Online,47
9289,118,2592,2025-03-30,4,128.58,In-Store,137
9290,192,2592,2025-12-23,1,22.56,Online,77
9291,200,2592,2024-04-16,4,213.63,Online,44
9292,192,2592,2025-09-15,4,22.56,Online,70
9293,157,2592,2024-11-17,3,140.43,In-Store,128
9294,135,2592,2025-02-04,3,62.14,Online,59
9295,124,2592,2023-11-06,4,174.26,Online,35
9296,102,2592,2025-09-07,1,175.2,Online,70
9297,117,2592,2024-05-04,5,214.01,In-Store,119
9298,157,2593,2025-10-04,5,140.43,Email,292
9299,167,2593,2025-02-18,2,75.91,Online,59
9300,105,2593,2025-07-31,3,45.85,In-Store,143
9301,170,2593,2025-12-26,5,124.94,Online,77
9302,156,2593,2025-01-11,1,13.54,In-Store,132
9303,198,2593,2024-06-17,4,167.93,In-Store,121
9304,157,2593,2025-01-26,1,140.43,Online,59
9305,141,2593,2024-04-05,1,75.02,Online,43
9306,121,2593,2024-07-17,3,126.42,In-Store,123
9307,122,2593,2025-06-12,3,224.2,Online,66
9308,177,2593,2024-12-29,3,296.45,Online,56
9309,182,2593,2024-05-03,3,73.37,Online,45
9310,127,2593,2025-01-24,5,184.65,In-Store,133
9311,188,2593,2024-08-02,1,12.93,Online,49
9312,157,2593,2025-10-27,1,140.43,Email,293
9313,161,2593,2025-04-19,3,233.25,In-Store,138
9314,155,2593,2025-02-25,3,71.21,In-Store,135
9315,143,2593,2025-08-22,2,18.47,In-Store,143
9316,181,2593,2025-04-29,2,231.25,Online,63
9317,165,2593,2025-08-02,2,213.33,Online,68
9318,143,2593,2025-02-18,1,18.47,Online,60
9319,129,2593,2025-09-09,2,269.37,Online,70
9320,181,2593,2025-01-19,2,231.25,Online,58
9321,164,2593,2025-12-09,4,91.03,Online,75
9322,164,2593,2024-11-30,1,91.03,In-Store,130
9323,113,2593,2024-04-26,2,122.3,In-Store,119
9324,200,2593,2025-10-04,5,213.63,Social,218
9325,197,2594,2025-04-25,2,270.16,Social,211
9326,121,2594,2023-07-24,5,126.42,Online,30
9327,185,2594,2025-06-06,5,143.79,Online,66
9328,120,2594,2025-06-27,4,186.86,Social,213
9329,157,2594,2025-10-14,4,140.43,TV,362
9330,102,2594,2025-12-19,1,175.2,Online,77
9331,140,2594,2023-01-28,5,139.7,Online,20
9332,118,2594,2023-08-02,5,128.58,Online,31
9333,118,2594,2023-04-13,3,128.58,Online,24
9334,123,2594,2025-04-08,2,28.54,Online,61
9335,118,2594,2024-04-10,3,128.58,Online,43
9336,158,2594,2023-08-01,4,132.56,In-Store,105
9337,170,2594,2025-07-06,2,124.94,In-Store,141
9338,112,2594,2024-12-18,5,58.11,Email,279
9339,120,2594,2025-09-18,1,186.86,In-Store,144
9340,110,2594,2025-10-23,4,138.19,Online,72
9341,130,2594,2024-04-10,1,117.61,In-Store,119
9342,165,2594,2025-10-03,4,213.33,Online,71
9343,129,2594,2024-07-13,1,269.37,Online,48
9344,134,2594,2024-05-23,4,113.57,Online,46
9345,127,2594,2024-06-17,1,184.65,Online,47
9346,166,2594,2025-05-21,3,151.16,In-Store,139
9347,104,2594,2025-10-12,2,50.25,In-Store,146
9348,170,2594,2025-04-19,3,124.94,In-Store,138
9349,117,2594,2025-01-16,5,214.01,In-Store,132
9350,195,2594,2023-08-14,4,109.44,In-Store,106
9351,108,2594,2024-05-26,4,127.37,Social,195
9352,124,2594,2023-09-25,2,174.26,Social,184
9353,101,2594,2024-01-20,5,116.4,Online,39
9354,111,2594,2024-10-19,3,78.12,Social,203
9355,103,2595,2025-04-12,4,74.85,Online,61
9356,200,2595,2025-04-18,4,213.63,Online,61
9357,105,2595,2025-07-16,1,45.85,In-Store,141
9358,185,2595,2024-08-14,2,143.79,Online,49
9359,118,2595,2024-03-11,3,128.58,Online,41
9360,178,2595,2023-08-23,2,58.92,Social,182
9361,138,2595,2024-08-09,1,115.15,Online,49
9362,115,2595,2024-02-12,3,114.62,Online,40
9363,151,2595,2025-10-05,3,170.44,Online,70
9364,152,2595,2023-10-09,3,72.34,In-Store,107
9365,162,2595,2025-10-30,1,23.29,Online,73
9366,179,2595,2025-12-06,1,69.62,Online,76
9367,118,2595,2024-03-02,5,128.58,Email,261
9368,191,2595,2025-05-09,2,196.98,Online,64
9369,158,2595,2023-10-28,2,132.56,Online,35
9370,172,2595,2025-05-04,5,75.03,Online,63
9371,189,2595,2024-11-19,2,47.31,Online,55
9372,122,2595,2024-09-19,2,224.2,Online,51
9373,184,2595,2025-11-11,4,120.25,Online,74
9374,184,2595,2025-06-03,3,120.25,Online,66
9375,142,2595,2025-02-14,5,298.93,In-Store,135
9376,102,2595,2025-10-23,3,175.2,In-Store,147
9377,155,2595,2024-11-27,4,71.21,In-Store,129
9378,127,2595,2025-01-13,5,184.65,Online,58
9379,120,2595,2025-02-06,1,186.86,Online,59
9380,136,2595,2024-10-08,4,134.23,Online,52
9381,154,2595,2025-10-30,4,39.53,Online,73
9382,157,2595,2024-02-17,5,140.43,TV,334
9383,180,2595,2023-05-31,3,97.9,Online,27
9384,189,2596,2024-07-12,2,47.31,In-Store,122
9385,157,2596,2022-03-31,4,140.43,Online,5
9386,163,2596,2023-03-23,4,115.65,Online,22
9387,170,2596,2022-02-24,3,124.94,Online,3
9388,116,2596,2023-03-25,5,161.44,Online,23
9389,121,2596,2023-03-09,3,126.42,In-Store,99
9390,112,2596,2025-10-17,1,58.11,Online,72
9391,178,2596,2022-08-28,3,58.92,Online,12
9392,133,2596,2022-02-17,4,129.42,Online,2
9393,167,2596,2022-05-24,5,75.91,Online,6
9394,188,2596,2025-01-11,5,12.93,In-Store,132
9395,152,2596,2024-02-12,1,72.34,Online,40
9396,189,2596,2023-08-13,2,47.31,In-Store,106
9397,143,2596,2025-02-12,3,18.47,Online,59
9398,175,2596,2023-07-11,3,285.32,In-Store,104
9399,110,2596,2022-07-16,4,138.19,In-Store,87
9400,167,2596,2022-02-19,2,75.91,Online,2
9401,132,2596,2024-03-13,3,146.35,Online,42
9402,143,2596,2022-11-10,2,18.47,Social,167
9403,170,2597,2023-07-25,2,124.94,In-Store,105
9404,180,2597,2023-07-28,3,97.9,Online,30
9405,188,2598,2024-06-02,2,12.93,Online,47
9406,174,2598,2023-08-31,3,89.89,TV,324
9407,186,2598,2023-10-02,1,29.78,Social,184
9408,188,2598,2023-07-31,2,12.93,TV,323
9409,156,2598,2023-10-15,1,13.54,Email,254
9410,128,2598,2024-01-08,1,69.61,Online,39
9411,190,2598,2024-02-27,2,121.42,Online,41
9412,159,2598,2023-09-08,1,21.52,Online,33
9413,128,2598,2023-08-26,1,69.61,Online,32
9414,137,2599,2023-06-22,3,90.95,Social,179
9415,149,2599,2023-09-14,2,64.92,Email,253
9416,193,2599,2024-02-19,1,28.68,Online,40
9417,183,2599,2023-09-22,3,127.82,In-Store,107
9418,128,2599,2023-07-10,3,69.61,Online,29
9419,109,2599,2023-07-21,3,69.39,TV,323
9420,102,2600,2024-11-07,4,175.2,Online,54
9421,119,2600,2025-01-12,1,193.28,TV,349
9422,195,2600,2024-06-17,1,109.44,In-Store,121
9423,108,2600,2025-06-03,2,127.37,Online,65
9424,190,2600,2023-12-23,2,121.42,Online,37
9425,116,2600,2024-05-29,4,161.44,Online,46
9426,122,2600,2024-08-24,5,224.2,Online,50
9427,165,2600,2025-08-05,2,213.33,Online,68
9428,139,2600,2024-01-03,4,162.16,Online,37
9429,146,2600,2023-12-21,2,28.76,TV,331
9430,160,2600,2024-08-28,5,74.86,Social,200
9431,111,2600,2025-09-09,5,78.12,In-Store,143
9432,104,2600,2025-05-06,1,50.25,Online,64
9433,124,2600,2025-02-25,1,174.26,Social,209
9434,158,2600,2024-05-07,2,132.56,Online,45
9435,157,2600,2025-06-21,2,140.43,TV,356
9436,110,2600,2024-10-11,1,138.19,Online,52
9437,138,2600,2025-09-27,2,115.15,In-Store,145
9438,127,2600,2024-09-08,3,184.65,Online,51
9439,166,2600,2025-08-28,5,151.16,Online,68
9440,187,2600,2024-09-24,3,95.73,Online,52
9441,156,2601,2024-08-07,2,13.54,Social,199
9442,187,2602,2025-01-19,2,95.73,In-Store,133
9443,143,2602,2024-11-04,3,18.47,In-Store,128
9444,159,2602,2024-12-13,2,21.52,Online,56
9445,133,2602,2024-08-23,2,129.42,Online,49
9446,189,2602,2024-07-10,3,47.31,Online,48
9447,112,2602,2024-08-21,3,58.11,In-Store,124
9448,141,2602,2024-12-09,3,75.02,Social,205
9449,138,2602,2024-07-16,3,115.15,Online,48
9450,183,2602,2024-06-22,4,127.82,Online,47
9451,133,2602,2024-12-02,1,129.42,Social,205
9452,109,2602,2024-06-24,4,69.39,In-Store,122
9453,103,2602,2025-04-24,1,74.85,In-Store,138
9454,159,2602,2024-11-02,1,21.52,In-Store,128
9455,195,2602,2024-09-21,1,109.44,Online,51
9456,125,2602,2024-03-21,2,25.35,Online,42
9457,104,2602,2024-04-01,1,50.25,In-Store,118
9458,181,2603,2025-11-08,2,231.25,Online,73
9459,123,2603,2023-09-01,3,28.54,In-Store,106
9460,177,2603,2025-05-29,1,296.45,Online,65
9461,186,2603,2024-10-19,1,29.78,Social,203
9462,136,2603,2024-03-03,2,134.23,Online,41
9463,120,2603,2023-02-02,4,186.86,Online,20
9464,150,2603,2024-01-10,4,66.48,Online,38
9465,127,2603,2024-03-18,4,184.65,In-Store,117
9466,132,2603,2023-10-13,4,146.35,Social,185
9467,200,2603,2024-04-27,4,213.63,Online,45
9468,134,2603,2023-05-06,2,113.57,Online,25
9469,110,2603,2023-02-03,1,138.19,In-Store,97
9470,187,2603,2023-09-23,5,95.73,Online,33
9471,119,2603,2025-08-28,3,193.28,Online,68
9472,173,2603,2023-09-01,5,100.75,Online,32
9473,146,2603,2023-06-18,1,28.76,Online,28
9474,125,2603,2024-11-30,4,25.35,In-Store,130
9475,148,2603,2024-05-09,2,47.75,Social,195
9476,174,2603,2024-04-25,3,89.89,Online,43
9477,158,2603,2025-06-22,2,132.56,Online,66
9478,106,2603,2024-05-24,1,41.44,Online,46
9479,194,2603,2024-02-03,5,70.1,In-Store,113
9480,156,2603,2025-02-27,1,13.54,Online,60
9481,198,2603,2025-05-16,4,167.93,Online,64
9482,138,2603,2024-09-13,2,115.15,Online,51
9483,141,2603,2025-07-19,3,75.02,Online,68
9484,156,2603,2024-09-26,3,13.54,Online,51
9485,166,2603,2025-11-04,2,151.16,Online,72
9486,173,2603,2025-10-30,5,100.75,Email,293
9487,190,2604,2023-12-07,4,121.42,In-Store,111
9488,149,2604,2023-11-09,3,64.92,Online,35
9489,136,2604,2025-01-27,1,134.23,Online,59
9490,183,2604,2025-01-25,4,127.82,Email,281
9491,160,2604,2023-12-19,1,74.86,Online,36
9492,111,2604,2024-02-16,2,78.12,Online,40
9493,103,2604,2023-08-20,1,74.85,Online,32
9494,174,2604,2023-12-24,1,89.89,Online,37
9495,141,2604,2023-09-08,3,75.02,Online,33
9496,146,2604,2023-08-01,3,28.76,Online,31
9497,188,2604,2024-03-13,3,12.93,In-Store,116
9498,174,2604,2024-02-07,3,89.89,TV,333
9499,189,2604,2023-10-30,3,47.31,TV,327
9500,199,2604,2023-11-05,4,105.38,Online,34
9501,145,2604,2024-01-02,2,87.44,Online,37
9502,174,2604,2023-08-05,4,89.89,Social,182
9503,110,2605,2025-01-21,1,138.19,In-Store,134
9504,123,2605,2025-04-01,3,28.54,Email,283
9505,159,2605,2025-02-17,5,21.52,Online,59
9506,142,2605,2025-09-22,2,298.93,Online,70
9507,175,2605,2025-12-09,1,285.32,Email,295
9508,133,2605,2025-04-02,1,129.42,Online,61
9509,191,2605,2025-03-25,1,196.98,Online,61
9510,119,2605,2025-08-18,2,193.28,Online,69
9511,121,2605,2025-11-20,5,126.42,In-Store,147
9512,190,2605,2025-08-06,2,121.42,Online,68
9513,162,2605,2025-01-11,4,23.29,In-Store,133
9514,185,2605,2025-03-10,4,143.79,Online,60
9515,118,2605,2024-09-23,1,128.58,In-Store,126
9516,155,2605,2025-11-18,3,71.21,Online,74
9517,127,2605,2024-11-13,1,184.65,In-Store,128
9518,173,2605,2025-11-29,2,100.75,Social,220
9519,200,2605,2024-10-16,3,213.63,Online,53
9520,118,2605,2025-10-03,3,128.58,TV,361
9521,172,2605,2025-09-05,1,75.03,Social,216
9522,162,2605,2025-01-15,4,23.29,Online,58
9523,198,2605,2025-02-04,4,167.93,Online,59
9524,118,2605,2025-12-17,2,128.58,Online,76
9525,161,2606,2024-07-10,3,233.25,Online,48
9526,184,2606,2024-07-22,4,120.25,Email,270
9527,113,2606,2025-01-30,2,122.3,Online,58
9528,166,2606,2025-04-29,3,151.16,In-Store,138
9529,157,2606,2025-01-06,4,140.43,Online,57
9530,133,2606,2024-10-05,4,129.42,Online,52
9531,196,2606,2025-01-26,2,162.21,Online,58
9532,103,2606,2025-07-25,3,74.85,In-Store,142
9533,124,2606,2025-03-26,1,174.26,In-Store,136
9534,129,2606,2025-02-26,2,269.37,Online,60
9535,152,2606,2024-08-22,3,72.34,In-Store,124
9536,159,2606,2025-01-10,1,21.52,Email,280
9537,108,2606,2025-11-15,1,127.37,In-Store,148
9538,160,2606,2025-11-07,3,74.86,Online,72
9539,120,2606,2025-05-27,5,186.86,Social,213
9540,129,2606,2025-10-29,1,269.37,Online,73
9541,186,2606,2025-04-03,3,29.78,In-Store,137
9542,110,2606,2025-09-20,4,138.19,Online,70
9543,155,2606,2025-02-05,3,71.21,TV,350
9544,140,2606,2025-08-31,5,139.7,Online,70
9545,130,2606,2024-08-12,5,117.61,In-Store,124
9546,170,2606,2024-10-14,3,124.94,Social,202
9547,197,2606,2024-07-25,4,270.16,In-Store,123
9548,124,2606,2025-03-31,1,174.26,In-Store,136
9549,193,2606,2024-12-13,1,28.68,Email,279
9550,183,2606,2024-09-03,5,127.82,Online,50
9551,141,2606,2025-12-15,3,75.02,In-Store,149
9552,126,2607,2022-12-19,2,62.9,Online,19
9553,153,2607,2022-10-01,1,44.91,Online,13
9554,109,2607,2022-04-12,3,69.39,Email,227
9555,163,2607,2022-07-15,1,115.65,In-Store,87
9556,187,2607,2022-08-28,2,95.73,Email,235
9557,167,2607,2022-08-21,1,75.91,Online,11
9558,155,2607,2022-11-30,3,71.21,Online,18
9559,199,2608,2025-04-06,1,105.38,Online,61
9560,194,2608,2025-01-02,5,70.1,In-Store,131
9561,191,2608,2025-12-19,1,196.98,Online,76
9562,170,2608,2025-08-10,5,124.94,Online,69
9563,166,2608,2025-02-03,4,151.16,Online,59
9564,142,2608,2025-05-26,5,298.93,Online,65
9565,159,2608,2025-06-18,1,21.52,Online,66
9566,161,2608,2025-11-02,1,233.25,Online,72
9567,175,2608,2025-08-26,4,285.32,Email,290
9568,167,2608,2025-03-08,5,75.91,Online,60
9569,144,2608,2025-11-15,2,22.73,Online,73
9570,177,2608,2024-10-30,4,296.45,Online,54
9571,147,2608,2024-11-28,2,193.11,Online,55
9572,184,2608,2025-03-14,4,120.25,Online,60
9573,101,2608,2024-12-17,1,116.4,TV,348
9574,165,2608,2025-01-30,3,213.33,In-Store,134
9575,133,2608,2025-05-31,4,129.42,Online,65
9576,191,2608,2024-12-31,4,196.98,Online,58
9577,109,2608,2025-05-27,2,69.39,Email,286
9578,177,2608,2024-11-09,3,296.45,In-Store,129
9579,165,2609,2024-03-22,4,213.33,In-Store,118
9580,133,2609,2024-11-11,3,129.42,In-Store,129
9581,120,2609,2024-10-16,5,186.86,Online,52
9582,124,2609,2024-06-22,3,174.26,TV,338
9583,135,2609,2023-11-24,3,62.14,Online,36
9584,120,2609,2025-12-14,1,186.86,Social,222
9585,122,2609,2025-02-15,5,224.2,Online,59
9586,115,2609,2025-03-21,5,114.62,Online,60
9587,192,2609,2024-05-05,2,22.56,Online,45
9588,180,2609,2024-10-21,4,97.9,Online,53
9589,174,2609,2024-12-22,1,89.89,Online,56
9590,176,2609,2025-06-04,1,98.45,Online,65
9591,139,2609,2023-12-07,3,162.16,Online,37
9592,170,2609,2025-05-13,1,124.94,Online,65
9593,117,2609,2024-02-05,1,214.01,Online,40
9594,172,2609,2024-01-16,1,75.03,Online,38
9595,157,2609,2024-03-30,5,140.43,Online,43
9596,122,2609,2024-12-26,3,224.2,In-Store,132
9597,151,2609,2025-12-21,2,170.44,Online,76
9598,198,2609,2025-07-23,2,167.93,Social,215
9599,137,2609,2023-08-11,2,90.95,Online,31
9600,172,2609,2024-06-01,4,75.03,Online,46
9601,110,2609,2025-09-01,5,138.19,Online,69
9602,109,2609,2025-02-25,1,69.39,Online,60
9603,121,2609,2023-07-20,3,126.42,In-Store,105
9604,139,2610,2025-01-11,5,162.16,Online,58
9605,192,2610,2024-03-16,1,22.56,Online,42
9606,189,2610,2025-08-26,2,47.31,Online,68
9607,196,2610,2023-09-23,5,162.21,TV,325
9608,132,2610,2025-03-31,1,146.35,Online,61
9609,191,2610,2025-04-29,4,196.98,Social,211
9610,136,2610,2024-06-02,5,134.23,Online,47
9611,130,2610,2025-10-12,2,117.61,Online,71
9612,116,2610,2024-02-17,3,161.44,TV,333
9613,114,2610,2024-10-20,2,120.5,Online,53
9614,181,2610,2023-11-05,2,231.25,Online,34
9615,161,2610,2025-06-16,3,233.25,Online,66
9616,164,2610,2024-06-07,3,91.03,Online,46
9617,112,2610,2024-10-22,1,58.11,Online,53
9618,119,2610,2024-03-24,3,193.28,In-Store,117
9619,165,2610,2024-12-30,2,213.33,Email,279
9620,171,2610,2025-02-14,1,117.28,In-Store,135
9621,115,2610,2023-08-27,2,114.62,In-Store,106
9622,175,2610,2025-08-31,3,285.32,Online,70
9623,153,2611,2024-02-05,3,44.91,Email,260
9624,180,2611,2023-09-22,2,97.9,Online,33
9625,153,2611,2023-07-16,3,44.91,TV,322
9626,135,2611,2024-08-04,1,62.14,TV,341
9627,162,2611,2023-09-10,3,23.29,Online,32
9628,185,2612,2024-08-26,3,143.79,Online,50
9629,170,2612,2024-03-05,2,124.94,Online,41
9630,193,2612,2023-06-12,1,28.68,Online,27
9631,189,2612,2024-07-08,4,47.31,Online,47
9632,103,2612,2025-11-05,4,74.85,Online,72
9633,142,2612,2025-11-21,1,298.93,In-Store,148
9634,154,2612,2023-07-18,1,39.53,TV,322
9635,196,2612,2025-01-02,2,162.21,Online,57
9636,169,2612,2024-01-14,1,105.46,Social,190
9637,126,2612,2024-01-25,2,62.9,Online,40
9638,117,2612,2025-02-04,4,214.01,Online,59
9639,112,2612,2023-12-15,2,58.11,Online,36
9640,175,2612,2023-08-16,5,285.32,Online,32
9641,126,2612,2023-06-30,3,62.9,TV,322
9642,121,2612,2024-05-22,1,126.42,Online,46
9643,102,2612,2025-08-11,2,175.2,Social,215
9644,169,2612,2024-08-10,3,105.46,Online,49
9645,137,2613,2024-12-07,2,90.95,Online,56
9646,133,2613,2025-01-28,4,129.42,Email,281
9647,133,2613,2024-07-21,5,129.42,Online,48
9648,139,2613,2024-10-16,4,162.16,In-Store,127
9649,121,2613,2024-07-06,4,126.42,TV,338
9650,194,2613,2024-04-10,4,70.1,Online,43
9651,110,2613,2025-11-15,2,138.19,Online,73
9652,191,2613,2025-01-28,5,196.98,Online,58
9653,173,2613,2025-11-14,4,100.75,Online,73
9654,190,2613,2024-11-30,4,121.42,Online,56
9655,126,2613,2025-06-06,5,62.9,In-Store,139
9656,121,2613,2025-06-06,2,126.42,Online,66
9657,122,2613,2025-01-22,3,224.2,Email,281
9658,196,2613,2025-03-19,3,162.21,Online,60
9659,117,2613,2024-12-18,2,214.01,Online,56
9660,191,2613,2025-04-13,3,196.98,In-Store,137
9661,143,2613,2025-11-07,1,18.47,Email,293
9662,181,2613,2024-03-30,3,231.25,Social,192
9663,158,2613,2024-05-25,1,132.56,Online,46
9664,133,2613,2025-12-10,4,129.42,In-Store,149
9665,132,2613,2024-03-25,3,146.35,In-Store,117
9666,152,2613,2024-12-09,3,72.34,Online,55
9667,196,2613,2024-11-24,1,162.21,Online,55
9668,121,2613,2024-12-31,3,126.42,In-Store,132
9669,111,2613,2024-11-21,3,78.12,In-Store,128
9670,195,2613,2025-04-04,2,109.44,Online,61
9671,165,2613,2025-09-05,3,213.33,Online,69
9672,102,2613,2025-04-26,5,175.2,In-Store,137
9673,171,2613,2024-07-29,4,117.28,Online,49
9674,107,2613,2025-01-23,1,110.76,Online,59
9675,101,2614,2023-12-10,1,116.4,In-Store,111
9676,126,2614,2024-05-23,3,62.9,Online,46
9677,133,2615,2022-09-09,1,129.42,Online,12
9678,112,2615,2023-02-04,1,58.11,In-Store,97
9679,134,2615,2023-03-25,4,113.57,Online,23
9680,171,2615,2022-09-07,3,117.28,Online,12
9681,178,2615,2023-12-13,1,58.92,Online,37
9682,152,2615,2022-08-29,3,72.34,In-Store,89
9683,155,2615,2023-06-22,3,71.21,Online,28
9684,167,2616,2023-10-28,1,75.91,Online,35
9685,125,2616,2023-05-21,1,25.35,In-Store,102
9686,149,2616,2023-10-13,2,64.92,Online,34
9687,156,2617,2024-07-02,4,13.54,Social,197
9688,101,2617,2025-10-03,2,116.4,Social,218
9689,154,2617,2024-01-06,2,39.53,In-Store,112
9690,190,2617,2024-03-03,1,121.42,In-Store,116
9691,134,2617,2024-11-09,2,113.57,Online,54
9692,158,2617,2024-10-13,5,132.56,Online,52
9693,116,2617,2024-07-20,5,161.44,Online,48
9694,159,2617,2024-10-03,5,21.52,In-Store,126
9695,177,2617,2025-11-10,3,296.45,Online,73
9696,167,2617,2025-08-05,2,75.91,Online,68
9697,185,2617,2025-11-24,1,143.79,Social,221
9698,108,2617,2025-12-17,4,127.37,In-Store,149
9699,123,2617,2024-06-29,3,28.54,In-Store,122
9700,109,2617,2025-09-23,2,69.39,In-Store,145
9701,171,2617,2025-01-05,3,117.28,TV,349
9702,178,2617,2023-12-28,3,58.92,Email,258
9703,141,2617,2024-07-27,5,75.02,TV,341
9704,105,2617,2023-10-15,5,45.85,In-Store,108
9705,191,2617,2024-10-22,5,196.98,Online,53
9706,110,2617,2024-11-12,5,138.19,Online,55
9707,190,2617,2025-10-30,5,121.42,Online,73
9708,145,2617,2023-10-13,4,87.44,In-Store,108
9709,103,2618,2024-01-03,4,74.85,Online,38
9710,146,2618,2024-07-06,3,28.76,Social,198
9711,153,2618,2025-01-09,4,44.91,Email,280
9712,160,2618,2023-08-27,4,74.86,Online,32
9713,118,2618,2024-08-25,3,128.58,Online,49
9714,184,2618,2024-02-17,2,120.25,Online,40
9715,109,2618,2024-01-22,1,69.39,Social,190
9716,131,2618,2023-09-18,4,76.52,Online,33
9717,162,2619,2023-12-16,3,23.29,In-Store,111
9718,106,2619,2024-03-19,2,41.44,Online,42
9719,103,2619,2023-12-14,2,74.85,Online,37
9720,180,2619,2024-03-03,3,97.9,TV,334
9721,131,2620,2023-03-30,3,76.52,In-Store,100
9722,148,2620,2023-06-03,3,47.75,Online,26
9723,194,2620,2024-05-24,1,70.1,Social,195
9724,118,2620,2023-05-08,1,128.58,Online,25
9725,105,2620,2024-07-09,2,45.85,Online,48
9726,133,2621,2024-01-04,4,129.42,Social,188
9727,155,2621,2025-08-11,1,71.21,Online,69
9728,133,2621,2024-10-26,4,129.42,Online,53
9729,129,2621,2023-06-26,3,269.37,Social,179
9730,156,2621,2025-04-10,2,13.54,In-Store,138
9731,185,2621,2025-02-27,3,143.79,Social,209
9732,118,2621,2025-04-29,4,128.58,Email,285
9733,170,2621,2023-06-14,3,124.94,Social,179
9734,130,2621,2025-06-14,1,117.61,Online,65
9735,132,2621,2024-11-15,1,146.35,In-Store,128
9736,165,2621,2024-11-05,3,213.33,Online,54
9737,136,2621,2024-05-29,5,134.23,In-Store,120
9738,165,2621,2025-11-05,3,213.33,Online,72
9739,105,2621,2025-01-04,2,45.85,Online,57
9740,101,2621,2024-04-29,5,116.4,Online,45
9741,155,2621,2024-09-18,4,71.21,Online,51
9742,133,2621,2025-02-15,3,129.42,In-Store,135
9743,102,2621,2023-11-10,3,175.2,Online,35
9744,152,2621,2025-12-30,2,72.34,In-Store,150
9745,124,2621,2025-05-07,4,174.26,Online,64
9746,172,2621,2023-08-18,5,75.03,Online,32
9747,194,2621,2025-09-03,4,70.1,Online,69
9748,144,2622,2024-07-21,3,22.73,TV,339
9749,172,2622,2024-07-17,1,75.03,In-Store,123
9750,134,2622,2024-04-30,3,113.57,TV,336
9751,190,2623,2022-09-10,4,121.42,Social,163
9752,170,2623,2025-08-05,2,124.94,In-Store,143
9753,122,2623,2025-01-02,3,224.2,Online,57
9754,168,2623,2023-07-14,5,151.07,TV,322
9755,113,2623,2024-03-01,3,122.3,Online,41
9756,123,2623,2025-04-08,4,28.54,Social,211
9757,121,2623,2024-12-27,4,126.42,Online,57
9758,129,2623,2025-03-08,3,269.37,Online,60
9759,190,2623,2025-04-26,3,121.42,In-Store,137
9760,150,2623,2022-12-05,4,66.48,Online,17
9761,133,2623,2024-12-19,1,129.42,Social,205
9762,111,2623,2025-03-16,3,78.12,In-Store,136
9763,168,2623,2024-06-30,4,151.07,In-Store,122
9764,189,2623,2024-07-09,4,47.31,Online,48
9765,162,2623,2025-04-04,2,23.29,Online,62
9766,122,2623,2025-03-31,1,224.2,Online,61
9767,157,2623,2023-09-01,3,140.43,Social,183
9768,166,2623,2025-10-24,2,151.16,Email,292
9769,121,2623,2025-04-04,2,126.42,Social,211
9770,168,2623,2024-12-27,2,151.07,In-Store,131
9771,156,2623,2024-02-16,1,13.54,In-Store,115
9772,106,2623,2023-01-26,5,41.44,In-Store,96
9773,175,2623,2025-12-27,1,285.32,In-Store,149
9774,175,2623,2023-07-18,3,285.32,Online,30
9775,166,2623,2024-01-15,1,151.16,TV,331
9776,102,2623,2025-08-09,4,175.2,TV,357
9777,127,2623,2023-02-04,3,184.65,In-Store,97
9778,171,2624,2024-09-18,1,117.28,In-Store,125
9779,184,2624,2025-06-04,1,120.25,Social,213
9780,158,2624,2024-12-11,2,132.56,In-Store,130
9781,123,2624,2024-12-08,1,28.54,TV,347
9782,158,2624,2025-01-19,4,132.56,TV,350
9783,145,2624,2024-10-23,4,87.44,In-Store,127
9784,108,2624,2024-07-06,3,127.37,Online,47
9785,149,2625,2024-10-24,5,64.92,In-Store,128
9786,161,2625,2025-05-08,3,233.25,Social,212
9787,129,2625,2025-06-26,4,269.37,Online,67
9788,190,2625,2025-05-05,5,121.42,In-Store,138
9789,196,2625,2024-11-28,2,162.21,Online,55
9790,160,2625,2024-07-02,4,74.86,In-Store,122
9791,187,2625,2025-12-01,4,95.73,In-Store,149
9792,110,2625,2024-03-17,3,138.19,Online,42
9793,184,2625,2024-12-03,2,120.25,Online,56
9794,194,2625,2025-09-24,3,70.1,Social,218
9795,184,2625,2025-11-01,5,120.25,Online,73
9796,116,2625,2025-04-22,5,161.44,In-Store,138
9797,144,2625,2025-12-25,2,22.73,In-Store,149
9798,111,2625,2025-11-12,3,78.12,Social,220
9799,114,2625,2024-03-22,5,120.5,TV,335
9800,190,2625,2025-03-29,4,121.42,Online,60
9801,177,2625,2025-05-24,4,296.45,Email,285
9802,197,2625,2024-03-26,1,270.16,Online,42
9803,160,2626,2024-04-18,2,74.86,In-Store,118
9804,144,2626,2024-12-10,4,22.73,Online,56
9805,188,2626,2024-04-08,3,12.93,Online,43
9806,199,2626,2024-05-10,3,105.38,Online,45
9807,162,2626,2024-08-29,1,23.29,In-Store,124
9808,118,2626,2024-01-26,1,128.58,Online,39
9809,199,2627,2022-06-13,2,105.38,Online,7
9810,125,2627,2022-06-04,1,25.35,Online,7
9811,156,2627,2023-09-11,1,13.54,In-Store,106
9812,146,2627,2022-03-05,1,28.76,In-Store,81
9813,149,2627,2023-02-08,2,64.92,Online,20
9814,151,2628,2024-09-27,2,170.44,Online,52
9815,124,2628,2024-08-20,1,174.26,Online,50
9816,191,2628,2024-05-26,3,196.98,Online,46
9817,135,2628,2022-08-16,3,62.14,Online,12
9818,123,2628,2022-07-15,1,28.54,Social,161
9819,173,2628,2023-12-30,3,100.75,Online,37
9820,171,2628,2023-06-12,1,117.28,Social,179
9821,133,2628,2024-11-09,1,129.42,In-Store,128
9822,126,2628,2022-07-20,4,62.9,Online,10
9823,197,2628,2023-04-02,4,270.16,Online,24
9824,154,2628,2022-05-03,2,39.53,Online,5
9825,200,2628,2022-10-06,4,213.63,Online,13
9826,175,2628,2023-05-18,5,285.32,Online,25
9827,116,2628,2025-09-25,1,161.44,Social,218
9828,108,2628,2022-03-19,3,127.37,In-Store,82
9829,113,2628,2024-07-02,5,122.3,In-Store,121
9830,138,2628,2023-01-25,2,115.15,Email,241
9831,141,2628,2025-12-24,1,75.02,TV,365
9832,161,2628,2024-07-06,5,233.25,Online,47
9833,163,2628,2023-09-11,5,115.65,Online,33
9834,198,2628,2024-06-10,3,167.93,Social,196
9835,142,2628,2023-09-13,5,298.93,In-Store,107
9836,163,2628,2023-09-25,1,115.65,Online,33
9837,158,2628,2025-04-21,1,132.56,TV,353
9838,178,2628,2022-05-13,3,58.92,Online,6
9839,163,2628,2023-12-14,1,115.65,In-Store,111
9840,196,2628,2025-05-22,5,162.21,TV,355
9841,103,2628,2025-09-12,2,74.85,Online,70
9842,146,2629,2024-06-28,1,28.76,In-Store,122
9843,173,2629,2023-04-03,3,100.75,Social,175
9844,104,2629,2023-05-20,2,50.25,TV,320
9845,106,2629,2023-09-11,3,41.44,Online,32
9846,127,2630,2024-04-09,5,184.65,Social,194
9847,111,2630,2024-04-19,3,78.12,Online,43
9848,112,2630,2022-06-25,2,58.11,Online,9
9849,137,2630,2024-09-06,1,90.95,Online,50
9850,132,2630,2023-11-30,5,146.35,Online,36
9851,151,2630,2023-01-19,4,170.44,Online,19
9852,168,2630,2023-11-19,5,151.07,Online,35
9853,113,2630,2025-03-26,1,122.3,Online,61
9854,156,2630,2025-07-25,1,13.54,Online,68
9855,142,2630,2024-07-03,1,298.93,Email,268
9856,105,2631,2023-09-13,3,45.85,In-Store,107
9857,187,2631,2022-12-30,2,95.73,Online,19
9858,105,2631,2022-10-03,2,45.85,Online,13
9859,109,2631,2022-10-23,1,69.39,Online,15
9860,141,2631,2022-11-06,3,75.02,Online,15
9861,108,2631,2023-01-29,2,127.37,Social,172
9862,133,2632,2023-09-09,3,129.42,Email,253
9863,152,2632,2023-08-18,5,72.34,TV,324
9864,136,2632,2023-07-11,4,134.23,Online,29
9865,116,2632,2025-08-04,5,161.44,Online,68
9866,194,2632,2024-01-03,1,70.1,Online,37
9867,108,2632,2022-10-04,5,127.37,In-Store,91
9868,101,2632,2023-01-21,3,116.4,Social,172
9869,191,2632,2024-07-21,2,196.98,Online,48
9870,124,2632,2024-05-14,5,174.26,Online,45
9871,180,2632,2022-11-26,1,97.9,Online,18
9872,143,2632,2024-03-16,1,18.47,Online,42
9873,108,2632,2022-02-14,5,127.37,Online,3
9874,133,2632,2023-07-20,3,129.42,In-Store,104
9875,196,2632,2022-12-05,2,162.21,In-Store,95
9876,107,2632,2025-09-17,4,110.76,Online,70
9877,122,2632,2022-08-26,3,224.2,Online,12
9878,135,2632,2024-08-21,3,62.14,Online,50
9879,169,2632,2024-11-01,1,105.46,In-Store,128
9880,113,2633,2024-02-16,3,122.3,In-Store,115
9881,148,2633,2023-11-08,1,47.75,In-Store,110
9882,114,2633,2024-09-20,1,120.5,Online,51
9883,133,2633,2023-07-08,4,129.42,Email,250
9884,138,2633,2023-10-26,3,115.15,Online,34
9885,101,2633,2024-08-15,3,116.4,TV,341
9886,169,2633,2024-02-03,3,105.46,Online,40
9887,196,2634,2025-12-01,4,162.21,Online,74
9888,138,2634,2024-04-16,4,115.15,Online,43
9889,157,2634,2024-06-03,2,140.43,In-Store,120
9890,176,2634,2024-08-29,2,98.45,Online,50
9891,113,2634,2024-06-29,1,122.3,TV,338
9892,166,2634,2025-10-28,1,151.16,Online,72
9893,199,2634,2025-06-07,3,105.38,In-Store,139
9894,121,2634,2025-08-30,4,126.42,TV,359
9895,173,2634,2025-06-18,3,100.75,In-Store,141
9896,155,2635,2024-10-30,3,71.21,In-Store,128
9897,178,2635,2024-11-25,1,58.92,Online,55
9898,167,2636,2025-03-10,3,75.91,In-Store,136
9899,184,2636,2025-04-06,3,120.25,Social,211
9900,131,2636,2025-01-22,4,76.52,In-Store,133
9901,143,2636,2024-11-23,4,18.47,In-Store,130
9902,164,2636,2024-12-27,1,91.03,Online,56
9903,190,2636,2024-11-11,2,121.42,Online,55
9904,138,2636,2025-02-28,4,115.15,In-Store,135
9905,130,2636,2025-05-11,1,117.61,Online,64
9906,141,2636,2025-01-13,4,75.02,Online,58
9907,162,2636,2025-05-30,1,23.29,Social,212
9908,143,2636,2024-11-25,1,18.47,Online,55
9909,170,2636,2025-06-05,4,124.94,Social,213
9910,126,2636,2024-12-20,1,62.9,In-Store,130
9911,169,2636,2025-04-11,4,105.46,Social,211
9912,138,2636,2024-11-08,2,115.15,In-Store,129
9913,136,2636,2024-10-30,4,134.23,In-Store,128
9914,105,2636,2025-05-16,4,45.85,Online,65
9915,109,2637,2025-06-23,5,69.39,Online,66
9916,158,2637,2024-11-16,4,132.56,In-Store,129
9917,192,2637,2025-10-02,2,22.56,TV,362
9918,195,2637,2025-09-01,3,109.44,Online,69
9919,152,2637,2025-08-23,2,72.34,Online,69
9920,102,2637,2024-09-06,3,175.2,Online,50
9921,171,2637,2025-08-01,2,117.28,Email,289
9922,104,2637,2024-09-13,2,50.25,Online,51
9923,159,2637,2025-04-21,5,21.52,TV,353
9924,157,2637,2024-08-02,3,140.43,Online,49
9925,123,2637,2025-10-05,4,28.54,Social,218
9926,131,2637,2025-12-04,5,76.52,Email,295
9927,146,2637,2025-05-03,1,28.76,TV,354
9928,101,2637,2024-07-17,3,116.4,Online,48
9929,190,2637,2025-12-22,2,121.42,Social,222
9930,179,2637,2025-03-06,1,69.62,Online,60
9931,142,2637,2024-09-14,3,298.93,Social,201
9932,122,2637,2025-09-10,5,224.2,In-Store,144
9933,119,2637,2025-12-03,4,193.28,Online,74
9934,106,2637,2025-03-20,5,41.44,In-Store,136
9935,175,2637,2025-04-30,5,285.32,TV,353
9936,173,2638,2024-09-01,2,100.75,Online,50
9937,197,2638,2025-02-07,4,270.16,In-Store,134
9938,113,2638,2025-05-27,4,122.3,Online,65
9939,165,2638,2024-10-26,2,213.33,Online,53
9940,177,2638,2025-12-09,1,296.45,Social,221
9941,140,2638,2024-02-13,5,139.7,Email,260
9942,118,2638,2024-09-14,3,128.58,Online,51
9943,200,2638,2024-05-16,5,213.63,In-Store,120
9944,200,2638,2025-04-21,4,213.63,Online,62
9945,151,2638,2024-11-09,2,170.44,Online,55
9946,166,2638,2025-12-25,2,151.16,Online,76
9947,165,2638,2024-05-31,3,213.33,In-Store,120
9948,156,2638,2025-04-16,3,13.54,Social,211
9949,161,2638,2023-12-11,3,233.25,Online,36
9950,151,2638,2025-02-05,4,170.44,In-Store,134
9951,144,2638,2025-02-11,3,22.73,Online,59
9952,124,2638,2024-10-19,5,174.26,In-Store,127
9953,189,2638,2024-02-15,3,47.31,Online,40
9954,187,2638,2023-11-09,1,95.73,Social,186
9955,139,2638,2024-01-27,1,162.16,Online,39
9956,196,2638,2025-07-23,3,162.21,In-Store,142
9957,102,2638,2024-10-31,4,175.2,In-Store,128
9958,184,2639,2023-11-10,1,120.25,Online,35
9959,159,2639,2023-09-16,1,21.52,Online,33
9960,107,2639,2024-01-19,3,110.76,In-Store,113
9961,154,2639,2023-03-05,2,39.53,In-Store,99
9962,114,2639,2024-01-13,3,120.5,Online,39
9963,101,2639,2023-12-27,1,116.4,Online,38
9964,178,2639,2023-02-19,3,58.92,Online,21
9965,111,2639,2023-05-13,3,78.12,Email,247
9966,182,2640,2023-07-09,5,73.37,Online,29
9967,159,2640,2022-10-22,2,21.52,Online,15
9968,172,2640,2022-10-10,2,75.03,Online,14
9969,157,2640,2023-03-19,2,140.43,In-Store,100
9970,155,2640,2024-03-09,2,71.21,In-Store,117
9971,159,2640,2025-07-10,1,21.52,In-Store,141
9972,174,2640,2024-12-07,3,89.89,Social,205
9973,196,2640,2024-12-08,4,162.21,Online,56
9974,124,2640,2023-08-13,3,174.26,Email,251
9975,178,2640,2024-04-15,5,58.92,TV,335
9976,177,2640,2024-02-03,4,296.45,In-Store,114
9977,184,2640,2023-03-07,5,120.25,In-Store,99
9978,121,2640,2023-02-17,4,126.42,In-Store,97
9979,193,2640,2023-02-15,5,28.68,In-Store,97
9980,130,2640,2025-03-16,2,117.61,Online,61
9981,121,2640,2022-10-12,1,126.42,Online,14
9982,185,2640,2023-09-13,2,143.79,In-Store,107
9983,152,2640,2025-06-19,2,72.34,Online,66
9984,107,2640,2025-09-19,2,110.76,Online,70
9985,113,2640,2025-12-11,2,122.3,Online,75
9986,165,2640,2023-12-21,3,213.33,Online,37
9987,128,2640,2025-08-01,4,69.61,Online,68
9988,189,2640,2024-03-21,4,47.31,In-Store,117
9989,147,2640,2024-09-13,2,193.11,Online,51
9990,117,2641,2025-01-04,4,214.01,Online,58
9991,132,2641,2024-12-30,2,146.35,TV,349
9992,140,2641,2024-11-23,1,139.7,Social,205
9993,157,2641,2025-02-13,2,140.43,Online,59
9994,132,2641,2022-06-01,1,146.35,Online,7
9995,189,2641,2025-06-06,3,47.31,Online,66
9996,178,2641,2022-06-16,4,58.92,Online,8
9997,144,2641,2025-02-09,4,22.73,Online,59
9998,117,2641,2022-03-11,4,214.01,Social,155
9999,197,2641,2024-06-08,2,270.16,Online,46
10000,166,2641,2025-10-26,4,151.16,Online,72
10001,173,2641,2025-05-23,1,100.75,Online,65
10002,157,2641,2024-05-30,5,140.43,In-Store,120
10003,102,2641,2025-02-09,2,175.2,Online,59
10004,198,2641,2022-06-09,2,167.93,Online,7
10005,104,2641,2025-03-23,4,50.25,Online,60
10006,157,2641,2022-04-21,1,140.43,In-Store,84
10007,198,2641,2025-07-09,3,167.93,Online,67
10008,156,2641,2025-08-07,4,13.54,TV,357
10009,191,2641,2024-08-27,1,196.98,Online,50
10010,162,2641,2022-07-10,3,23.29,In-Store,87
10011,193,2642,2025-12-19,3,28.68,Social,222
10012,161,2642,2025-02-27,5,233.25,TV,351
10013,173,2642,2025-12-24,3,100.75,Social,222
10014,127,2642,2025-12-06,3,184.65,Online,76
10015,187,2642,2025-04-29,4,95.73,Email,285
10016,136,2642,2024-10-24,2,134.23,Online,53
10017,105,2642,2024-08-18,5,45.85,In-Store,124
10018,169,2642,2025-08-14,4,105.46,Online,68
10019,184,2642,2025-05-01,5,120.25,Social,212
10020,157,2642,2025-10-08,3,140.43,Online,70
10021,188,2642,2024-07-02,5,12.93,Online,48
10022,159,2642,2025-01-10,2,21.52,Email,280
10023,168,2642,2025-05-16,2,151.07,Online,65
10024,167,2642,2024-10-15,5,75.91,Online,52
10025,198,2642,2024-07-01,1,167.93,Online,48
10026,178,2643,2025-10-17,1,58.92,Online,71
10027,120,2643,2025-07-13,1,186.86,Online,67
10028,104,2643,2024-01-02,1,50.25,Social,189
10029,194,2643,2024-12-17,2,70.1,Online,56
10030,116,2643,2024-08-11,3,161.44,Online,49
10031,121,2643,2023-09-09,5,126.42,Online,33
10032,163,2643,2024-05-01,1,115.65,Online,43
10033,190,2643,2025-09-29,2,121.42,Online,71
10034,159,2643,2024-10-18,4,21.52,Online,52
10035,190,2643,2025-04-25,1,121.42,In-Store,137
10036,163,2643,2024-12-05,3,115.65,Online,55
10037,102,2643,2025-03-25,5,175.2,In-Store,136
10038,190,2643,2025-10-15,3,121.42,Social,218
10039,128,2643,2024-12-27,3,69.61,Email,280
10040,165,2643,2024-10-01,3,213.33,In-Store,126
10041,174,2643,2025-06-07,2,89.89,In-Store,140
10042,194,2643,2023-05-17,2,70.1,Online,25
10043,105,2643,2025-06-03,3,45.85,Online,65
10044,102,2643,2023-03-14,3,175.2,Online,22
10045,158,2643,2025-12-18,2,132.56,In-Store,149
10046,175,2643,2024-04-16,5,285.32,Online,43
10047,160,2643,2024-03-15,5,74.86,Online,41
10048,110,2643,2023-11-03,3,138.19,Online,34
10049,120,2644,2024-10-04,4,186.86,Social,202
10050,127,2644,2023-10-27,3,184.65,Online,35
10051,136,2644,2024-12-21,5,134.23,Online,57
10052,158,2644,2024-06-14,1,132.56,In-Store,121
10053,190,2644,2025-11-29,2,121.42,Online,74
10054,120,2644,2024-12-04,3,186.86,Online,55
10055,120,2644,2024-09-11,1,186.86,Online,51
10056,174,2644,2024-10-11,3,89.89,Social,202
10057,111,2644,2025-05-12,5,78.12,In-Store,138
10058,129,2644,2023-10-16,1,269.37,In-Store,109
10059,108,2644,2025-12-24,1,127.37,In-Store,149
10060,135,2644,2024-10-13,5,62.14,Social,202
10061,116,2644,2024-06-11,3,161.44,Email,267
10062,185,2645,2024-10-29,5,143.79,Social,203
10063,108,2645,2025-12-13,4,127.37,In-Store,149
10064,130,2645,2025-12-17,2,117.61,Social,222
10065,178,2645,2024-10-04,3,58.92,Online,52
10066,108,2645,2025-10-02,5,127.37,In-Store,144
10067,176,2645,2025-05-24,2,98.45,Online,65
10068,105,2645,2025-11-02,2,45.85,Online,72
10069,194,2645,2025-04-23,4,70.1,In-Store,137
10070,175,2645,2024-11-25,4,285.32,Online,55
10071,170,2645,2025-07-01,4,124.94,In-Store,141
10072,163,2645,2024-11-04,4,115.65,Online,54
10073,167,2645,2025-09-09,1,75.91,In-Store,144
10074,170,2645,2025-04-03,1,124.94,Online,61
10075,151,2645,2024-12-31,4,170.44,TV,349
10076,175,2645,2025-11-09,3,285.32,Social,220
10077,102,2645,2025-08-28,4,175.2,Online,68
10078,175,2645,2025-05-10,3,285.32,Online,65
10079,175,2645,2025-03-14,3,285.32,Online,60
10080,168,2645,2025-06-10,3,151.07,Online,65
10081,142,2645,2025-04-30,5,298.93,Online,63
10082,109,2645,2025-07-22,2,69.39,In-Store,142
10083,149,2645,2025-07-10,4,64.92,Online,67
10084,103,2646,2025-08-20,3,74.85,In-Store,143
10085,170,2646,2023-07-17,1,124.94,In-Store,105
10086,166,2646,2024-04-20,5,151.16,In-Store,119
10087,111,2646,2023-06-01,1,78.12,Social,178
10088,123,2646,2023-01-17,3,28.54,In-Store,97
10089,128,2646,2022-08-09,2,69.61,In-Store,89
10090,124,2646,2023-03-30,4,174.26,Online,22
10091,121,2646,2024-01-21,3,126.42,Online,39
10092,143,2646,2023-04-22,3,18.47,Online,25
10093,122,2646,2025-01-19,4,224.2,In-Store,133
10094,162,2646,2024-01-28,1,23.29,Online,40
10095,177,2646,2025-02-20,2,296.45,Online,59
10096,124,2646,2024-09-11,5,174.26,Online,51
10097,168,2646,2025-05-08,3,151.07,Online,64
10098,141,2646,2022-07-19,1,75.02,Online,10
10099,126,2646,2025-11-01,5,62.9,Online,73
10100,184,2646,2023-06-19,2,120.25,In-Store,103
10101,132,2646,2023-11-18,3,146.35,Online,36
10102,144,2646,2023-03-19,4,22.73,Online,22
10103,101,2646,2024-06-12,4,116.4,TV,338
10104,161,2647,2023-07-21,5,233.25,Online,30
10105,137,2647,2024-06-18,4,90.95,In-Store,121
10106,127,2647,2025-09-23,5,184.65,In-Store,144
10107,170,2647,2023-10-29,3,124.94,Social,185
10108,131,2647,2024-07-04,2,76.52,TV,338
10109,198,2647,2023-10-17,3,167.93,Online,33
10110,155,2647,2025-03-01,5,71.21,In-Store,135
10111,182,2647,2024-11-12,2,73.37,Online,55
10112,195,2647,2023-11-20,5,109.44,In-Store,110
10113,165,2647,2023-11-18,4,213.33,Online,36
10114,114,2647,2024-01-20,5,120.5,Online,39
10115,189,2648,2024-10-04,3,47.31,In-Store,127
10116,172,2648,2024-10-27,1,75.03,Online,53
10117,171,2648,2024-11-14,1,117.28,Online,54
10118,167,2648,2024-11-08,1,75.91,In-Store,128
10119,101,2648,2024-10-04,1,116.4,Online,52
10120,137,2648,2024-11-29,3,90.95,Online,56
10121,174,2649,2024-12-25,3,89.89,Online,56
10122,109,2649,2024-11-05,2,69.39,Online,53
10123,128,2649,2024-12-15,2,69.61,TV,347
10124,131,2649,2024-10-05,3,76.52,In-Store,126
10125,145,2649,2024-12-07,2,87.44,In-Store,131
10126,144,2649,2024-10-15,2,22.73,Online,52
10127,180,2649,2024-12-25,1,97.9,Online,56
10128,194,2649,2024-11-30,1,70.1,Online,56
10129,199,2649,2025-02-06,3,105.38,Online,59
10130,143,2649,2024-10-18,3,18.47,In-Store,127
10131,141,2649,2024-11-15,3,75.02,Online,55
10132,145,2649,2024-11-08,1,87.44,Online,55
10133,192,2649,2025-01-06,1,22.56,Online,58
10134,168,2650,2024-11-20,2,151.07,Online,55
10135,130,2650,2025-02-09,1,117.61,TV,350
10136,182,2650,2025-07-24,1,73.37,Online,67
10137,108,2650,2025-07-19,5,127.37,In-Store,142
10138,139,2650,2025-12-20,5,162.16,Email,295
10139,109,2650,2025-07-27,3,69.39,Online,67
10140,113,2650,2025-12-31,5,122.3,In-Store,149
10141,139,2650,2024-09-19,1,162.16,Social,201
10142,115,2650,2025-01-05,3,114.62,Online,57
10143,155,2650,2025-10-25,2,71.21,TV,363
10144,168,2650,2025-03-10,5,151.07,Online,60
10145,107,2650,2024-08-20,2,110.76,In-Store,124
10146,121,2650,2024-03-22,3,126.42,Online,43
10147,192,2650,2025-11-11,3,22.56,Online,73
10148,161,2650,2024-12-19,5,233.25,Social,205
10149,142,2650,2025-07-22,3,298.93,In-Store,142
10150,117,2650,2024-10-19,2,214.01,Online,53
10151,173,2650,2025-12-27,2,100.75,Online,76
10152,159,2650,2024-10-08,4,21.52,Online,52
10153,150,2650,2025-03-31,5,66.48,Social,211
10154,158,2650,2024-06-09,4,132.56,Online,47
10155,132,2650,2024-04-24,1,146.35,Social,194
10156,170,2650,2024-04-17,5,124.94,Online,44
10157,185,2650,2025-11-19,3,143.79,Social,220
10158,133,2650,2025-08-20,4,129.42,Online,69
10159,108,2650,2024-03-09,2,127.37,Email,262
10160,155,2650,2024-10-22,1,71.21,Social,203
10161,102,2651,2025-01-14,1,175.2,Online,58
10162,110,2651,2025-02-06,4,138.19,TV,350
10163,200,2651,2025-01-30,5,213.63,Online,58
10164,182,2651,2024-12-19,4,73.37,Online,57
10165,156,2651,2025-07-30,2,13.54,Online,67
10166,132,2651,2025-12-10,4,146.35,Online,75
10167,177,2651,2024-09-29,3,296.45,Online,52
10168,156,2651,2025-03-24,2,13.54,Online,60
10169,158,2651,2024-11-15,1,132.56,Online,55
10170,171,2651,2025-09-30,1,117.28,Online,71
10171,161,2651,2025-05-03,5,233.25,Online,64
10172,139,2651,2024-10-26,5,162.16,Online,53
10173,147,2651,2025-04-03,5,193.11,TV,353
10174,108,2651,2025-07-29,3,127.37,In-Store,143
10175,127,2651,2025-04-11,5,184.65,Email,283
10176,135,2651,2024-11-22,4,62.14,Email,277
10177,199,2651,2024-09-15,4,105.38,Social,201
10178,113,2651,2025-02-20,4,122.3,Online,59
10179,186,2651,2024-07-06,1,29.78,Online,48
10180,135,2651,2024-10-21,2,62.14,Online,53
10181,135,2651,2024-10-30,2,62.14,Online,54
10182,157,2651,2025-12-27,2,140.43,TV,365
10183,182,2651,2025-11-01,1,73.37,Online,72
10184,181,2651,2025-07-18,1,231.25,In-Store,141
10185,193,2651,2025-08-17,4,28.68,In-Store,143
10186,140,2651,2024-10-03,1,139.7,In-Store,126
10187,106,2652,2023-07-13,1,41.44,In-Store,104
10188,159,2652,2023-05-19,1,21.52,TV,320
10189,167,2652,2023-11-27,2,75.91,In-Store,111
10190,104,2652,2023-04-27,2,50.25,Online,24
10191,172,2652,2023-10-31,3,75.03,Online,35
10192,136,2653,2024-10-03,4,134.23,Social,202
10193,147,2653,2023-04-29,4,193.11,Online,25
10194,110,2653,2024-03-25,1,138.19,Online,43
10195,192,2653,2024-12-21,5,22.56,Online,56
10196,102,2653,2023-05-25,1,175.2,In-Store,102
10197,141,2653,2024-03-17,4,75.02,In-Store,118
10198,185,2653,2023-08-02,4,143.79,In-Store,105
10199,140,2653,2024-11-20,4,139.7,TV,346
10200,200,2653,2024-06-01,4,213.63,Online,47
10201,118,2653,2022-08-12,3,128.58,Online,12
10202,190,2653,2025-11-20,4,121.42,In-Store,147
10203,122,2653,2022-12-08,4,224.2,Online,17
10204,170,2653,2023-09-05,5,124.94,Social,183
10205,142,2653,2024-08-29,1,298.93,Online,50
10206,172,2653,2022-10-29,1,75.03,Online,15
10207,177,2653,2022-11-06,4,296.45,Online,16
10208,113,2653,2025-10-10,1,122.3,Online,70
10209,134,2653,2025-10-05,4,113.57,Online,70
10210,127,2653,2024-12-16,1,184.65,In-Store,131
10211,158,2653,2024-02-21,1,132.56,In-Store,116
10212,181,2653,2024-09-18,5,231.25,Online,51
10213,110,2653,2025-12-30,1,138.19,Social,222
10214,149,2653,2023-05-20,5,64.92,Online,25
10215,200,2653,2025-06-02,4,213.63,Online,65
10216,184,2653,2024-04-14,4,120.25,Social,193
10217,155,2654,2025-10-25,3,71.21,In-Store,147
10218,190,2654,2024-07-20,4,121.42,TV,340
10219,116,2654,2025-05-08,4,161.44,TV,354
10220,137,2654,2024-07-11,5,90.95,Online,48
10221,116,2654,2025-03-23,1,161.44,In-Store,136
10222,119,2654,2024-07-04,3,193.28,Online,48
10223,127,2654,2025-07-22,3,184.65,Online,67
10224,162,2654,2025-07-20,2,23.29,Online,67
10225,117,2654,2025-09-05,1,214.01,Online,70
10226,124,2654,2024-03-11,5,174.26,TV,335
10227,191,2654,2024-01-19,2,196.98,Email,259
10228,170,2654,2023-10-14,4,124.94,Online,33
10229,105,2654,2024-12-24,1,45.85,In-Store,131
10230,183,2654,2024-07-14,3,127.82,Online,48
10231,142,2654,2024-01-21,2,298.93,In-Store,113
10232,190,2654,2025-06-20,1,121.42,Online,66
10233,146,2654,2024-11-14,2,28.76,Online,54
10234,200,2654,2024-10-13,2,213.63,Online,52
10235,101,2654,2025-02-08,1,116.4,Online,59
10236,117,2654,2024-09-16,2,214.01,Online,51
10237,128,2654,2024-11-25,1,69.61,Online,55
10238,110,2654,2024-07-04,3,138.19,Online,48
10239,116,2654,2024-02-17,3,161.44,Online,40
10240,176,2654,2024-03-31,5,98.45,Online,42
10241,185,2655,2025-09-23,3,143.79,Email,291
10242,111,2655,2025-05-10,1,78.12,TV,354
10243,112,2655,2025-08-25,1,58.11,In-Store,143
10244,190,2655,2025-08-16,5,121.42,In-Store,143
10245,167,2655,2024-09-09,4,75.91,TV,343
10246,160,2655,2024-09-24,5,74.86,Online,52
10247,151,2655,2025-10-30,1,170.44,Online,72
10248,175,2655,2025-07-23,4,285.32,Online,68
10249,124,2655,2025-05-01,2,174.26,Social,212
10250,119,2655,2025-01-19,1,193.28,Online,58
10251,123,2655,2025-11-16,5,28.54,TV,364
10252,168,2655,2025-02-21,3,151.07,In-Store,135
10253,174,2655,2025-01-20,1,89.89,Online,58
10254,102,2655,2025-07-27,5,175.2,TV,357
10255,138,2655,2025-02-11,2,115.15,Online,59
10256,136,2655,2024-09-02,1,134.23,Online,51
10257,116,2655,2025-03-05,5,161.44,Social,209
10258,136,2655,2024-10-16,5,134.23,In-Store,127
10259,116,2655,2025-04-09,2,161.44,In-Store,137
10260,122,2655,2025-07-08,4,224.2,Online,67
10261,113,2655,2025-07-26,5,122.3,Online,68
10262,167,2656,2024-05-20,2,75.91,Online,46
10263,161,2656,2024-06-23,5,233.25,Online,47
10264,190,2656,2022-07-01,4,121.42,Online,8
10265,162,2656,2023-11-30,2,23.29,TV,330
10266,157,2656,2024-12-04,4,140.43,In-Store,130
10267,113,2656,2025-02-04,3,122.3,In-Store,134
10268,104,2656,2023-05-15,2,50.25,Online,26
10269,144,2656,2024-06-18,3,22.73,Online,47
10270,166,2656,2024-01-01,2,151.16,Online,37
10271,101,2656,2025-05-16,1,116.4,Online,65
10272,164,2656,2024-05-05,5,91.03,Online,45
10273,116,2656,2023-01-01,3,161.44,Social,171
10274,116,2656,2023-01-07,5,161.44,In-Store,96
10275,184,2656,2024-06-22,2,120.25,Online,47
10276,174,2656,2023-08-04,1,89.89,Online,30
10277,152,2656,2023-08-26,2,72.34,Online,32
10278,169,2656,2024-03-26,3,105.46,Online,42
10279,118,2656,2023-09-05,2,128.58,Online,32
10280,191,2656,2023-04-03,2,196.98,In-Store,100
10281,149,2656,2025-02-23,4,64.92,Online,59
10282,157,2656,2024-11-22,1,140.43,Online,55
10283,121,2656,2023-09-10,1,126.42,Online,32
10284,132,2656,2023-11-23,3,146.35,In-Store,111
10285,166,2656,2025-05-17,3,151.16,In-Store,139
10286,155,2656,2023-05-26,3,71.21,Online,27
10287,198,2656,2025-06-23,4,167.93,Online,66
10288,106,2656,2024-05-22,2,41.44,In-Store,120
10289,197,2656,2024-12-22,4,270.16,Social,206
10290,106,2657,2024-12-31,3,41.44,Online,58
10291,109,2657,2025-02-08,3,69.39,TV,350
10292,149,2657,2025-01-08,3,64.92,Online,58
10293,200,2658,2024-09-07,5,213.63,Online,50
10294,143,2658,2024-11-24,2,18.47,Email,278
10295,140,2658,2024-09-30,4,139.7,Online,52
10296,165,2658,2024-07-28,3,213.33,Online,49
10297,134,2658,2024-11-23,4,113.57,In-Store,129
10298,156,2658,2025-02-13,1,13.54,Social,207
10299,156,2658,2025-04-26,4,13.54,Online,63
10300,174,2658,2025-06-18,5,89.89,Online,66
10301,196,2658,2025-09-12,4,162.21,Online,70
10302,179,2658,2025-10-01,5,69.62,Online,71
10303,155,2658,2024-07-16,3,71.21,Online,48
10304,150,2658,2025-01-12,5,66.48,In-Store,133
10305,101,2658,2024-09-23,2,116.4,In-Store,126
10306,174,2658,2025-02-21,5,89.89,Online,60
10307,192,2658,2025-06-11,3,22.56,Social,213
10308,137,2658,2025-11-18,4,90.95,Online,74
10309,121,2658,2025-04-29,2,126.42,In-Store,137
10310,142,2658,2025-08-04,2,298.93,Online,68
10311,168,2658,2025-02-03,4,151.07,Social,207
10312,140,2658,2025-04-09,2,139.7,In-Store,137
10313,177,2658,2025-08-07,5,296.45,Online,68
10314,124,2659,2024-10-25,4,174.26,In-Store,128
10315,179,2659,2023-11-04,3,69.62,Online,35
10316,112,2659,2022-11-30,5,58.11,Online,17
10317,111,2659,2023-07-24,1,78.12,Online,31
10318,189,2659,2025-12-21,4,47.31,Online,77
10319,120,2659,2023-09-30,3,186.86,In-Store,108
10320,143,2659,2023-04-20,2,18.47,Online,24
10321,155,2659,2023-10-11,3,71.21,Online,33
10322,140,2659,2024-07-29,4,139.7,Email,269
10323,189,2659,2024-06-24,5,47.31,Online,47
10324,181,2659,2024-05-22,2,231.25,Online,46
10325,137,2659,2025-10-10,5,90.95,In-Store,145
10326,190,2659,2022-09-19,5,121.42,Social,165
10327,148,2659,2025-08-13,1,47.75,Online,68
10328,138,2659,2023-03-22,1,115.15,Online,23
10329,191,2659,2024-04-16,2,196.98,Email,263
10330,185,2659,2023-11-08,1,143.79,Online,35
10331,141,2659,2025-01-10,5,75.02,In-Store,133
10332,189,2660,2023-01-18,3,47.31,Online,19
10333,105,2660,2023-02-24,2,45.85,In-Store,98
10334,182,2660,2022-11-12,2,73.37,Online,16
10335,121,2660,2023-06-07,2,126.42,Online,28
10336,149,2660,2023-05-20,1,64.92,Social,177
10337,125,2660,2023-02-07,1,25.35,Online,20
10338,186,2660,2023-02-19,3,29.78,In-Store,98
10339,126,2660,2023-03-15,2,62.9,Social,175
10340,105,2660,2023-04-25,1,45.85,Social,177
10341,126,2660,2023-04-20,1,62.9,In-Store,101
10342,105,2660,2023-06-25,1,45.85,In-Store,103
10343,169,2660,2024-07-04,1,105.46,In-Store,121
10344,104,2660,2023-03-09,3,50.25,Online,22
10345,182,2661,2025-04-01,2,73.37,Online,61
10346,164,2661,2025-09-09,5,91.03,TV,361
10347,144,2661,2024-03-22,4,22.73,Online,43
10348,120,2661,2023-11-04,5,186.86,Online,34
10349,108,2661,2022-07-24,5,127.37,Social,162
10350,151,2661,2025-01-09,2,170.44,In-Store,132
10351,157,2661,2023-08-28,2,140.43,TV,324
10352,160,2661,2024-05-17,4,74.86,Online,45
10353,147,2661,2022-06-02,2,193.11,In-Store,86
10354,181,2661,2022-12-22,4,231.25,Online,18
10355,125,2661,2024-11-20,1,25.35,Online,54
10356,121,2661,2023-09-30,4,126.42,Social,184
10357,101,2661,2025-04-29,1,116.4,Social,211
10358,191,2661,2025-05-13,2,196.98,Online,63
10359,191,2661,2023-08-08,3,196.98,Online,32
10360,139,2661,2024-04-21,4,162.16,Online,44
10361,133,2661,2024-08-06,5,129.42,Online,49
10362,151,2661,2025-08-07,1,170.44,Email,290
10363,101,2661,2022-06-25,1,116.4,Online,8
10364,155,2661,2023-05-23,1,71.21,Online,26
10365,170,2661,2025-12-13,2,124.94,Online,76
10366,121,2662,2024-04-25,1,126.42,In-Store,119
10367,125,2662,2023-12-31,1,25.35,Online,37
10368,113,2662,2023-12-10,3,122.3,In-Store,111
10369,169,2663,2024-12-24,1,105.46,Social,205
10370,183,2663,2025-01-17,3,127.82,Online,58
10371,112,2663,2025-01-18,3,58.11,Online,58
10372,186,2663,2025-01-07,4,29.78,Online,57
10373,193,2663,2025-04-20,2,28.68,Social,212
10374,105,2663,2025-04-02,1,45.85,Email,284
10375,173,2663,2025-03-30,4,100.75,Online,61
10376,104,2663,2025-04-22,4,50.25,Online,62
10377,128,2663,2025-03-04,3,69.61,Online,60
10378,107,2663,2025-01-14,1,110.76,Online,58
10379,182,2664,2023-12-24,3,73.37,Online,37
10380,129,2664,2023-12-28,1,269.37,TV,331
10381,163,2664,2023-11-18,3,115.65,TV,329
10382,185,2664,2023-01-12,5,143.79,Online,19
10383,184,2664,2023-07-02,1,120.25,Social,180
10384,121,2664,2024-11-12,3,126.42,Online,55
10385,160,2664,2024-01-27,1,74.86,In-Store,113
10386,168,2664,2025-04-25,5,151.07,Social,212
10387,147,2664,2023-09-02,1,193.11,Online,32
10388,133,2664,2023-05-10,2,129.42,Online,25
10389,143,2664,2025-03-08,2,18.47,Online,60
10390,110,2664,2023-02-10,4,138.19,Online,20
10391,110,2664,2025-09-24,3,138.19,Online,70
10392,168,2664,2023-12-15,1,151.07,In-Store,111
10393,110,2664,2025-08-28,1,138.19,Online,68
10394,196,2664,2025-12-05,4,162.21,Online,74
10395,178,2664,2024-12-11,1,58.92,Online,56
10396,136,2664,2024-07-27,2,134.23,In-Store,123
10397,156,2664,2024-05-01,1,13.54,TV,336
10398,170,2664,2022-12-06,3,124.94,In-Store,94
10399,138,2664,2024-11-27,3,115.15,Online,55
10400,183,2664,2024-06-16,3,127.82,In-Store,121
10401,191,2664,2023-02-28,1,196.98,In-Store,99
10402,183,2664,2022-12-13,2,127.82,Online,17
10403,136,2665,2023-06-23,3,134.23,Online,28
10404,144,2665,2023-09-05,1,22.73,Online,32
10405,164,2665,2024-09-29,1,91.03,Social,202
10406,167,2665,2024-05-30,1,75.91,Social,195
10407,133,2665,2023-02-17,3,129.42,Online,21
10408,164,2665,2024-04-12,3,91.03,Online,43
10409,154,2665,2023-04-08,2,39.53,Online,24
10410,114,2665,2022-12-09,4,120.5,Online,18
10411,159,2665,2023-06-26,3,21.52,Social,179
10412,138,2665,2023-07-21,3,115.15,Online,30
10413,103,2665,2024-07-07,4,74.85,In-Store,121
10414,144,2665,2023-01-13,2,22.73,In-Store,97
10415,108,2666,2025-03-28,2,127.37,In-Store,136
10416,172,2666,2025-05-15,4,75.03,Online,65
10417,160,2666,2025-07-25,5,74.86,Social,214
10418,200,2666,2025-04-09,2,213.63,Online,62
10419,147,2666,2025-12-20,5,193.11,TV,365
10420,142,2666,2023-09-15,2,298.93,Online,33
10421,132,2666,2025-05-14,3,146.35,Online,63
10422,177,2666,2025-08-03,3,296.45,Online,68
10423,196,2666,2023-11-18,4,162.21,Online,35
10424,186,2666,2025-02-10,3,29.78,Online,59
10425,103,2666,2023-08-29,3,74.85,In-Store,107
10426,140,2666,2024-06-22,5,139.7,TV,339
10427,166,2666,2023-08-14,5,151.16,Social,182
10428,164,2666,2024-09-03,3,91.03,Online,50
10429,123,2666,2024-01-11,4,28.54,Email,259
10430,170,2666,2024-03-11,4,124.94,In-Store,117
10431,196,2666,2025-02-21,4,162.21,In-Store,134
10432,154,2666,2023-08-02,5,39.53,Online,31
10433,196,2666,2024-12-09,3,162.21,Online,56
10434,146,2666,2025-04-15,3,28.76,In-Store,137
10435,158,2666,2025-05-05,1,132.56,Online,64
10436,174,2666,2024-01-13,4,89.89,Online,38
10437,118,2666,2024-11-09,4,128.58,Online,54
10438,179,2666,2023-12-19,3,69.62,Online,36
10439,144,2666,2024-01-18,1,22.73,Online,39
10440,121,2666,2025-07-24,4,126.42,Online,67
10441,101,2666,2024-01-02,5,116.4,Online,38
10442,190,2666,2023-09-03,3,121.42,In-Store,107
10443,134,2667,2024-05-08,4,113.57,In-Store,119
10444,118,2667,2024-12-06,3,128.58,In-Store,130
10445,109,2667,2023-08-08,5,69.39,Online,32
10446,137,2667,2025-03-29,1,90.95,Online,61
10447,186,2667,2023-11-19,4,29.78,In-Store,110
10448,132,2667,2024-12-12,1,146.35,Online,56
10449,189,2667,2023-04-22,4,47.31,Online,24
10450,160,2667,2024-07-09,4,74.86,Online,48
10451,173,2667,2025-07-25,3,100.75,Online,68
10452,154,2667,2024-10-26,5,39.53,Online,53
10453,151,2667,2024-12-10,1,170.44,In-Store,130
10454,198,2667,2024-09-05,5,167.93,In-Store,124
10455,153,2667,2023-11-01,1,44.91,Social,186
10456,165,2667,2023-12-03,1,213.33,Online,36
10457,147,2667,2025-11-19,3,193.11,In-Store,147
10458,140,2667,2023-07-26,5,139.7,In-Store,105
10459,109,2668,2024-07-21,3,69.39,Online,48
10460,143,2668,2024-06-06,1,18.47,Online,47
10461,189,2669,2024-10-04,3,47.31,Social,202
10462,199,2669,2024-11-24,3,105.38,In-Store,130
10463,183,2669,2024-12-24,2,127.82,Social,206
10464,123,2669,2024-10-02,1,28.54,Online,52
10465,114,2669,2024-11-07,1,120.5,Social,203
10466,149,2669,2024-09-28,3,64.92,In-Store,125
10467,193,2669,2024-10-25,3,28.68,Online,53
10468,108,2669,2024-10-14,2,127.37,Online,52
10469,153,2670,2025-12-19,1,44.91,Social,222
10470,132,2670,2024-08-24,4,146.35,Online,49
10471,198,2670,2023-09-28,5,167.93,Online,33
10472,133,2670,2023-11-06,5,129.42,Online,35
10473,104,2670,2023-12-29,4,50.25,Online,38
10474,185,2670,2024-10-28,1,143.79,In-Store,128
10475,191,2670,2025-07-06,1,196.98,Online,67
10476,155,2670,2025-01-26,5,71.21,Online,59
10477,172,2670,2025-05-21,4,75.03,Online,65
10478,113,2670,2025-10-29,3,122.3,Online,73
10479,153,2670,2024-12-02,1,44.91,Social,205
10480,110,2670,2024-05-23,4,138.19,Online,46
10481,186,2670,2025-03-31,2,29.78,Online,61
10482,122,2670,2025-08-21,3,224.2,In-Store,143
10483,111,2670,2024-09-28,4,78.12,In-Store,126
10484,164,2670,2025-05-18,5,91.03,Online,65
10485,198,2670,2024-10-03,4,167.93,Online,52
10486,194,2670,2025-09-15,2,70.1,TV,361
10487,148,2670,2024-05-03,1,47.75,Online,44
10488,162,2670,2025-06-23,5,23.29,In-Store,140
10489,139,2670,2023-10-24,4,162.16,In-Store,108
10490,125,2670,2025-08-12,1,25.35,Email,290
10491,185,2671,2024-01-24,1,143.79,Social,190
10492,192,2671,2024-12-24,2,22.56,Online,57
10493,193,2671,2025-12-28,4,28.68,Online,77
10494,181,2671,2025-10-27,4,231.25,Online,72
10495,194,2671,2024-09-27,1,70.1,In-Store,125
10496,192,2671,2025-05-24,2,22.56,In-Store,139
10497,151,2671,2023-10-19,4,170.44,In-Store,108
10498,108,2671,2025-03-25,2,127.37,Online,61
10499,139,2671,2025-09-30,2,162.16,TV,361
10500,129,2671,2025-09-13,2,269.37,Online,70
10501,122,2671,2023-10-23,4,224.2,In-Store,109
10502,117,2671,2025-03-16,2,214.01,Online,61
10503,165,2671,2023-02-13,3,213.33,Online,20
10504,196,2671,2023-09-17,2,162.21,Online,33
10505,146,2671,2025-10-10,2,28.76,In-Store,145
10506,181,2671,2024-07-03,3,231.25,Email,268
10507,103,2671,2025-02-04,4,74.85,Email,281
10508,113,2671,2023-11-04,1,122.3,In-Store,110
10509,143,2671,2025-08-16,5,18.47,Online,69
10510,127,2671,2025-01-04,1,184.65,Online,58
10511,142,2671,2025-09-07,3,298.93,Online,69
10512,127,2671,2023-11-05,3,184.65,Online,35
10513,177,2671,2024-10-21,1,296.45,Online,53
10514,127,2671,2025-03-08,5,184.65,TV,351
10515,126,2671,2024-03-27,5,62.9,In-Store,118
10516,152,2671,2022-12-19,2,72.34,Online,19
10517,172,2671,2025-01-03,2,75.03,In-Store,131
10518,152,2671,2023-09-17,4,72.34,Online,33
10519,154,2672,2023-08-28,1,39.53,Email,251
10520,184,2672,2024-08-23,4,120.25,Online,49
10521,156,2672,2023-10-21,4,13.54,Social,184
10522,182,2672,2023-12-10,1,73.37,Online,36
10523,126,2672,2024-01-09,2,62.9,In-Store,112
10524,135,2672,2023-12-28,1,62.14,Online,37
10525,143,2672,2024-06-12,2,18.47,In-Store,121
10526,136,2672,2023-08-26,2,134.23,Online,32
10527,132,2673,2025-05-01,2,146.35,Online,63
10528,125,2673,2025-12-12,2,25.35,Online,76
10529,125,2673,2024-10-15,4,25.35,Online,53
10530,102,2673,2025-08-19,2,175.2,In-Store,143
10531,153,2673,2025-01-11,4,44.91,In-Store,132
10532,121,2673,2024-09-29,2,126.42,Email,274
10533,184,2673,2025-10-22,2,120.25,In-Store,147
10534,177,2673,2024-10-06,3,296.45,Online,52
10535,154,2673,2025-01-21,2,39.53,Online,59
10536,116,2673,2025-11-20,1,161.44,Email,294
10537,200,2673,2024-09-21,4,213.63,Online,51
10538,193,2673,2024-08-14,2,28.68,Online,49
10539,146,2673,2024-09-05,4,28.76,In-Store,124
10540,177,2673,2025-10-01,2,296.45,Online,71
10541,142,2673,2025-05-06,1,298.93,Online,64
10542,198,2673,2025-08-20,3,167.93,Online,69
10543,183,2673,2024-09-03,1,127.82,Online,50
10544,187,2673,2024-09-21,5,95.73,Online,51
10545,112,2673,2025-12-18,2,58.11,Online,77
10546,155,2673,2025-02-04,5,71.21,Online,59
10547,113,2673,2025-02-06,1,122.3,In-Store,134
10548,103,2673,2024-11-28,2,74.85,In-Store,130
10549,121,2673,2025-12-04,4,126.42,In-Store,149
10550,147,2673,2025-03-05,2,193.11,Social,209
10551,136,2674,2024-11-27,2,134.23,Online,55
10552,144,2674,2024-11-26,2,22.73,Online,55
10553,183,2674,2025-03-15,2,127.82,In-Store,136
10554,169,2674,2024-11-02,4,105.46,Online,54
10555,133,2674,2025-01-07,1,129.42,Online,57
10556,138,2674,2025-01-26,2,115.15,Online,58
10557,179,2674,2025-01-31,1,69.62,Social,207
10558,155,2674,2025-04-11,4,71.21,Online,62
10559,153,2674,2024-12-22,1,44.91,Online,57
10560,141,2675,2025-01-19,1,75.02,Online,58
10561,148,2675,2023-04-29,5,47.75,Social,177
10562,117,2675,2022-11-23,4,214.01,Online,17
10563,129,2675,2023-10-12,5,269.37,Online,34
10564,177,2675,2025-03-30,5,296.45,Online,61
10565,185,2675,2025-09-18,2,143.79,Online,70
10566,135,2675,2025-05-28,5,62.14,Online,65
10567,182,2675,2023-04-14,2,73.37,Social,177
10568,130,2675,2023-08-15,4,117.61,TV,323
10569,147,2675,2023-01-12,2,193.11,In-Store,96
10570,125,2675,2024-10-01,2,25.35,Online,52
10571,159,2675,2023-03-02,4,21.52,Online,22
10572,157,2675,2025-03-16,3,140.43,In-Store,136
10573,198,2675,2025-03-21,2,167.93,In-Store,136
10574,182,2675,2025-07-23,3,73.37,Online,67
10575,197,2675,2023-05-16,5,270.16,Online,26
10576,183,2675,2024-02-18,4,127.82,Online,40
10577,167,2675,2025-09-02,3,75.91,In-Store,144
10578,164,2675,2024-06-10,5,91.03,Online,47
10579,138,2676,2025-02-04,3,115.15,Email,281
10580,171,2676,2024-12-24,3,117.28,Email,280
10581,158,2676,2025-01-05,1,132.56,Online,57
10582,104,2677,2023-07-16,3,50.25,Email,249
10583,112,2677,2023-10-13,1,58.11,In-Store,108
10584,183,2677,2023-06-06,2,127.82,Online,27
10585,178,2678,2023-03-05,2,58.92,Online,22
10586,153,2678,2022-11-27,1,44.91,Online,18
10587,183,2678,2023-01-18,2,127.82,Online,20
10588,178,2679,2024-06-14,1,58.92,TV,338
10589,123,2680,2024-03-14,2,28.54,In-Store,117
10590,187,2680,2023-05-23,1,95.73,Email,247
10591,135,2680,2023-06-01,1,62.14,In-Store,103
10592,101,2680,2023-01-03,2,116.4,Online,19
10593,180,2680,2023-04-29,4,97.9,Online,25
10594,184,2680,2023-01-03,2,120.25,In-Store,96
10595,109,2680,2023-06-07,1,69.39,Online,28
10596,190,2680,2023-03-17,1,121.42,Online,22
10597,164,2680,2023-06-10,4,91.03,Online,28
10598,178,2680,2023-08-19,2,58.92,Online,32
10599,156,2680,2022-12-16,1,13.54,Online,19
10600,160,2680,2023-10-23,4,74.86,Online,34
10601,164,2680,2023-01-30,1,91.03,Online,20
10602,189,2680,2023-11-13,4,47.31,In-Store,110
10603,131,2680,2023-10-28,1,76.52,In-Store,108
10604,144,2680,2024-03-20,4,22.73,Email,262
10605,189,2680,2023-07-25,1,47.31,Social,181
10606,179,2680,2023-05-14,2,69.62,In-Store,101
10607,166,2681,2024-09-21,5,151.16,Online,51
10608,102,2681,2024-12-19,3,175.2,In-Store,130
10609,172,2681,2025-01-03,1,75.03,Online,57
10610,109,2681,2025-08-19,3,69.39,Online,69
10611,118,2681,2025-10-31,4,128.58,Online,72
10612,113,2681,2024-12-01,1,122.3,In-Store,130
10613,131,2681,2025-11-21,1,76.52,In-Store,148
10614,110,2681,2025-08-09,3,138.19,TV,357
10615,168,2681,2025-11-04,3,151.07,Online,72
10616,129,2681,2025-08-20,1,269.37,In-Store,143
10617,112,2681,2025-07-25,4,58.11,Social,215
10618,182,2681,2024-09-08,2,73.37,TV,342
10619,192,2681,2025-09-26,1,22.56,Social,218
10620,183,2681,2024-12-17,3,127.82,Online,57
10621,144,2681,2025-10-19,1,22.73,Online,71
10622,124,2681,2025-04-28,4,174.26,Social,212
10623,185,2681,2025-10-07,3,143.79,Social,219
10624,197,2681,2025-07-07,1,270.16,Online,67
10625,177,2681,2025-01-13,2,296.45,Online,58
10626,121,2682,2023-11-27,1,126.42,Social,187
10627,115,2682,2023-02-27,3,114.62,Online,22
10628,145,2682,2023-08-11,3,87.44,Online,32
10629,125,2682,2023-10-18,3,25.35,In-Store,109
10630,173,2682,2023-07-11,2,100.75,In-Store,104
10631,160,2682,2023-07-02,2,74.86,In-Store,103
10632,110,2683,2025-12-30,4,138.19,In-Store,150
10633,166,2683,2025-01-20,3,151.16,Online,58
10634,200,2683,2025-09-27,4,213.63,TV,361
10635,160,2683,2023-11-14,3,74.86,Online,35
10636,118,2683,2022-12-05,4,128.58,Online,17
10637,188,2683,2025-04-25,4,12.93,In-Store,138
10638,190,2683,2023-01-29,5,121.42,Online,20
10639,159,2683,2022-04-12,3,21.52,Online,5
10640,148,2683,2022-07-19,1,47.75,In-Store,88
10641,144,2683,2023-09-11,3,22.73,Online,32
10642,101,2683,2024-08-14,5,116.4,Online,49
10643,145,2683,2022-05-20,3,87.44,Online,6
10644,180,2683,2025-04-11,2,97.9,Online,61
10645,124,2683,2025-09-30,4,174.26,Online,70
10646,190,2683,2025-02-09,4,121.42,In-Store,134
10647,178,2683,2025-10-13,1,58.92,TV,362
10648,116,2683,2022-06-13,2,161.44,Online,7
10649,127,2683,2024-09-15,4,184.65,TV,343
10650,172,2683,2025-07-21,5,75.03,In-Store,142
10651,108,2683,2025-10-06,2,127.37,In-Store,146
10652,136,2683,2022-11-24,5,134.23,Online,17
10653,150,2684,2024-07-11,1,66.48,In-Store,123
10654,188,2684,2025-02-16,4,12.93,Online,59
10655,130,2684,2024-05-17,4,117.61,In-Store,120
10656,109,2684,2024-02-09,1,69.39,Social,191
10657,155,2684,2024-06-30,1,71.21,Social,198
10658,145,2684,2023-12-01,3,87.44,Online,36
10659,118,2684,2023-12-05,1,128.58,Email,256
10660,182,2684,2024-01-11,3,73.37,Email,258
10661,121,2685,2023-01-01,3,126.42,Online,19
10662,186,2685,2022-05-27,2,29.78,Social,159
10663,143,2685,2022-12-12,2,18.47,Online,18
10664,133,2686,2023-11-10,1,129.42,Online,36
10665,107,2686,2023-03-09,4,110.76,Online,22
10666,184,2686,2023-05-24,3,120.25,In-Store,102
10667,123,2686,2023-09-13,4,28.54,Social,183
10668,184,2686,2023-02-23,4,120.25,In-Store,97
10669,152,2686,2024-06-12,1,72.34,Online,46
10670,138,2686,2023-06-28,4,115.15,Online,29
10671,162,2687,2024-06-01,1,23.29,TV,337
10672,171,2687,2023-10-22,3,117.28,Online,34
10673,179,2687,2023-09-21,2,69.62,Online,33
10674,113,2687,2024-10-26,1,122.3,In-Store,128
10675,115,2687,2024-01-15,3,114.62,In-Store,113
10676,184,2687,2024-09-26,3,120.25,In-Store,125
10677,141,2687,2023-08-11,3,75.02,Online,32
10678,146,2688,2024-09-22,1,28.76,Online,51
10679,130,2688,2024-07-07,2,117.61,Online,48
10680,148,2688,2024-03-16,2,47.75,In-Store,118
10681,162,2688,2024-06-01,2,23.29,In-Store,120
10682,189,2688,2024-05-27,1,47.31,Online,46
10683,111,2689,2025-04-05,2,78.12,Online,61
10684,197,2689,2025-01-01,4,270.16,Online,58
10685,103,2689,2024-09-28,2,74.85,In-Store,125
10686,110,2689,2025-12-02,1,138.19,Online,75
10687,175,2689,2025-05-19,5,285.32,Email,285
10688,118,2689,2024-08-28,4,128.58,Online,49
10689,106,2689,2025-06-15,1,41.44,In-Store,139
10690,105,2689,2024-08-22,3,45.85,Online,50
10691,155,2689,2025-04-15,4,71.21,Online,62
10692,181,2689,2024-10-06,5,231.25,Online,52
10693,173,2689,2025-09-27,2,100.75,TV,361
10694,111,2689,2025-03-02,4,78.12,Social,209
10695,174,2689,2025-12-02,4,89.89,In-Store,149
10696,154,2689,2025-01-15,4,39.53,Social,206
10697,132,2689,2024-09-29,4,146.35,In-Store,126
10698,108,2689,2024-09-16,2,127.37,Online,51
10699,160,2689,2025-08-22,5,74.86,Online,68
10700,111,2689,2025-03-07,2,78.12,In-Store,136
10701,198,2689,2025-03-01,5,167.93,Online,60
10702,175,2689,2024-08-18,2,285.32,In-Store,124
10703,142,2689,2025-03-10,5,298.93,Online,60
10704,118,2689,2025-01-15,3,128.58,Online,58
10705,153,2689,2025-02-16,3,44.91,In-Store,134
10706,165,2690,2024-04-29,3,213.33,Online,45
10707,124,2690,2023-12-19,5,174.26,In-Store,112
10708,181,2690,2024-03-08,1,231.25,In-Store,117
10709,120,2690,2024-09-14,5,186.86,In-Store,125
10710,146,2690,2023-01-01,5,28.76,In-Store,96
10711,169,2690,2024-01-01,2,105.46,Online,38
10712,110,2690,2022-09-15,5,138.19,Online,13
10713,187,2690,2022-09-05,4,95.73,Online,13
10714,112,2690,2024-03-11,4,58.11,Online,41
10715,170,2690,2024-12-02,1,124.94,Email,278
10716,183,2690,2025-12-11,2,127.82,Online,76
10717,166,2690,2024-05-06,3,151.16,Online,45
10718,117,2690,2024-02-06,1,214.01,Email,259
10719,122,2690,2025-02-17,3,224.2,In-Store,135
10720,124,2690,2023-05-22,5,174.26,Online,26
10721,183,2690,2023-02-04,2,127.82,Online,21
10722,146,2690,2025-10-09,2,28.76,Social,219
10723,142,2690,2023-11-04,3,298.93,Online,34
10724,113,2690,2024-04-25,1,122.3,Online,43
10725,196,2690,2024-01-28,3,162.21,Online,39
10726,140,2690,2024-09-10,2,139.7,Social,201
10727,158,2690,2024-08-12,4,132.56,Online,49
10728,185,2690,2022-08-26,5,143.79,Online,12
10729,131,2690,2025-04-21,2,76.52,In-Store,137
10730,183,2690,2024-08-21,2,127.82,Online,50
10731,196,2691,2024-08-14,3,162.21,Online,49
10732,116,2691,2025-09-05,1,161.44,Online,70
10733,176,2691,2025-09-17,4,98.45,Online,70
10734,171,2691,2024-01-26,3,117.28,In-Store,113
10735,184,2691,2023-10-18,5,120.25,In-Store,108
10736,111,2691,2025-07-24,5,78.12,Online,67
10737,180,2691,2024-06-04,3,97.9,TV,337
10738,123,2691,2024-07-14,3,28.54,Social,198
10739,105,2691,2024-07-18,4,45.85,Online,48
10740,150,2691,2025-01-28,4,66.48,Social,207
10741,185,2691,2025-05-25,5,143.79,Online,65
10742,190,2691,2025-09-16,5,121.42,Online,70
10743,114,2691,2025-07-30,3,120.5,Social,215
10744,154,2691,2024-04-08,3,39.53,In-Store,118
10745,193,2691,2024-11-18,5,28.68,Online,55
10746,116,2691,2025-08-23,3,161.44,In-Store,143
10747,111,2691,2025-01-31,2,78.12,In-Store,134
10748,146,2691,2023-09-24,3,28.76,In-Store,107
10749,174,2691,2024-10-02,1,89.89,Online,51
10750,114,2691,2024-09-16,4,120.5,Online,51
10751,184,2691,2025-05-02,3,120.25,In-Store,138
10752,133,2691,2024-11-09,4,129.42,Online,55
10753,168,2691,2024-04-02,2,151.07,Online,43
10754,167,2692,2024-01-01,2,75.91,Online,37
10755,103,2692,2024-11-30,3,74.85,In-Store,130
10756,103,2692,2024-03-30,2,74.85,Social,193
10757,101,2692,2024-04-03,1,116.4,Online,43
10758,160,2692,2023-12-21,3,74.86,Online,37
10759,144,2692,2024-03-07,3,22.73,Online,41
10760,182,2692,2024-01-22,3,73.37,TV,331
10761,138,2693,2024-11-10,2,115.15,Online,54
10762,143,2693,2023-12-03,3,18.47,Email,256
10763,148,2693,2023-09-28,1,47.75,TV,326
10764,155,2693,2024-01-28,4,71.21,Online,40
10765,138,2693,2024-03-14,3,115.15,In-Store,116
10766,163,2693,2024-04-10,1,115.65,Social,194
10767,109,2693,2024-05-14,2,69.39,In-Store,120
10768,154,2693,2024-02-15,2,39.53,Email,260
10769,109,2693,2024-08-18,2,69.39,Social,200
10770,183,2693,2023-09-05,2,127.82,Online,32
10771,101,2693,2024-05-19,3,116.4,In-Store,120
10772,138,2693,2023-11-03,3,115.15,In-Store,108
10773,166,2694,2024-12-26,5,151.16,Online,57
10774,145,2694,2025-08-19,3,87.44,In-Store,143
10775,116,2694,2025-04-28,2,161.44,Social,212
10776,195,2694,2024-02-16,5,109.44,In-Store,114
10777,166,2694,2024-06-18,1,151.16,In-Store,121
10778,181,2694,2024-10-23,5,231.25,Online,53
10779,150,2694,2024-10-27,5,66.48,Online,53
10780,154,2694,2023-11-21,5,39.53,Email,255
10781,184,2694,2022-12-04,5,120.25,Online,18
10782,169,2694,2023-11-07,5,105.46,Online,35
10783,170,2694,2025-05-04,1,124.94,In-Store,138
10784,133,2694,2023-03-29,5,129.42,Online,24
10785,146,2694,2024-11-13,5,28.76,Social,204
10786,113,2694,2025-10-09,1,122.3,Social,218
10787,170,2694,2024-06-24,4,124.94,Online,47
10788,103,2694,2024-08-19,4,74.85,In-Store,124
10789,114,2694,2022-11-11,2,120.5,Online,16
10790,150,2694,2025-11-02,5,66.48,Online,73
10791,155,2694,2025-10-04,3,71.21,Online,70
10792,195,2694,2025-12-08,2,109.44,Online,75
10793,197,2694,2024-10-03,2,270.16,Online,52
10794,135,2694,2025-01-31,5,62.14,Email,281
10795,175,2694,2025-06-08,2,285.32,In-Store,139
10796,185,2694,2025-01-28,5,143.79,Online,58
10797,113,2694,2025-08-13,2,122.3,Online,68
10798,131,2694,2024-07-06,3,76.52,Social,198
10799,122,2694,2024-05-07,4,224.2,Online,45
10800,123,2695,2024-06-20,4,28.54,Online,47
10801,149,2695,2024-05-20,1,64.92,Online,46
10802,126,2695,2024-11-28,2,62.9,Online,56
10803,133,2695,2024-08-11,2,129.42,In-Store,123
10804,146,2695,2025-05-14,4,28.76,Email,286
10805,136,2695,2024-08-22,1,134.23,In-Store,125
10806,136,2695,2025-03-15,3,134.23,Email,283
10807,163,2695,2024-10-11,4,115.65,Online,52
10808,128,2695,2025-04-12,4,69.61,Online,62
10809,131,2695,2024-06-01,4,76.52,Online,46
10810,131,2696,2022-05-25,1,76.52,Online,7
10811,145,2696,2024-01-24,2,87.44,Online,39
10812,189,2696,2023-06-02,4,47.31,Online,26
10813,135,2696,2022-10-24,3,62.14,Online,15
10814,105,2696,2023-08-24,1,45.85,Online,32
10815,167,2696,2024-03-07,1,75.91,TV,334
10816,137,2696,2022-09-15,2,90.95,Online,13
10817,187,2696,2025-01-06,1,95.73,Online,57
10818,112,2696,2022-10-31,4,58.11,Online,15
10819,193,2696,2024-01-12,2,28.68,Online,38
10820,113,2696,2024-07-09,3,122.3,Online,48
10821,110,2697,2024-05-25,4,138.19,Online,46
10822,173,2697,2025-05-05,3,100.75,Online,64
10823,126,2697,2024-05-16,1,62.9,Social,194
10824,158,2697,2024-09-06,2,132.56,Online,50
10825,132,2697,2025-08-23,2,146.35,Social,215
10826,169,2697,2025-02-09,3,105.46,TV,350
10827,170,2697,2025-08-06,4,124.94,Online,68
10828,175,2697,2025-05-15,4,285.32,TV,355
10829,168,2697,2024-12-06,4,151.07,Online,55
10830,102,2697,2024-09-23,1,175.2,Online,51
10831,165,2697,2024-05-18,2,213.33,Social,195
10832,190,2697,2024-05-04,3,121.42,Online,44
10833,141,2697,2025-10-05,1,75.02,In-Store,145
10834,181,2697,2025-07-19,3,231.25,In-Store,142
10835,137,2697,2025-01-10,4,90.95,In-Store,132
10836,107,2698,2024-01-22,3,110.76,Online,39
10837,153,2698,2024-02-04,3,44.91,Online,40
10838,126,2698,2023-09-21,1,62.9,Social,184
10839,152,2698,2024-06-21,2,72.34,Online,47
10840,138,2698,2023-11-15,4,115.15,Social,186
10841,146,2698,2023-10-10,3,28.76,In-Store,108
10842,187,2698,2024-01-15,3,95.73,In-Store,113
10843,148,2698,2024-07-20,1,47.75,Social,198
10844,103,2698,2023-10-27,1,74.85,Social,185
10845,101,2698,2024-01-20,2,116.4,In-Store,114
10846,197,2699,2025-06-29,4,270.16,Online,66
10847,106,2699,2024-08-14,5,41.44,Online,49
10848,112,2699,2024-11-23,2,58.11,Online,55
10849,151,2699,2024-08-09,5,170.44,Social,199
10850,196,2699,2024-07-01,4,162.21,Social,197
10851,127,2699,2024-01-07,4,184.65,TV,331
10852,116,2699,2025-04-28,3,161.44,Online,63
10853,173,2699,2024-07-30,5,100.75,Online,49
10854,188,2699,2024-10-28,1,12.93,Email,277
10855,159,2699,2024-08-07,3,21.52,Online,49
10856,144,2699,2025-05-01,2,22.73,Social,212
10857,129,2699,2025-10-15,2,269.37,Social,219
10858,184,2699,2024-12-27,1,120.25,Online,56
10859,196,2699,2024-07-02,2,162.21,In-Store,121
10860,180,2699,2024-02-03,1,97.9,In-Store,114
10861,126,2699,2024-09-25,1,62.9,Online,51
10862,182,2699,2025-12-12,4,73.37,Social,221
10863,175,2699,2024-03-25,3,285.32,Online,42
10864,165,2699,2024-11-09,2,213.33,Online,54
10865,127,2699,2024-11-26,4,184.65,Email,278
10866,158,2699,2024-05-13,2,132.56,Online,46
10867,165,2700,2025-06-10,5,213.33,Online,66
10868,128,2700,2023-01-29,4,69.61,TV,315
10869,189,2700,2024-12-13,3,47.31,Online,56
10870,124,2700,2024-06-01,4,174.26,Online,47
10871,185,2700,2025-01-28,1,143.79,Online,59
10872,152,2700,2022-08-01,5,72.34,Online,10
10873,175,2700,2024-12-22,3,285.32,Online,56
10874,125,2700,2025-03-13,3,25.35,Social,209
10875,187,2700,2024-04-15,5,95.73,Online,44
10876,170,2700,2025-02-28,2,124.94,Online,59
10877,164,2700,2024-04-29,4,91.03,Online,44
10878,172,2700,2025-09-27,4,75.03,In-Store,144
10879,167,2700,2023-10-14,5,75.91,Online,33
10880,133,2700,2024-09-20,4,129.42,Online,51
10881,142,2700,2023-06-13,2,298.93,In-Store,103
10882,185,2700,2022-09-18,1,143.79,Social,165
10883,190,2700,2024-07-10,1,121.42,In-Store,123
10884,164,2700,2022-12-23,1,91.03,In-Store,96
10885,117,2700,2024-09-04,2,214.01,Online,51
10886,133,2700,2022-11-14,4,129.42,Email,238
10887,177,2700,2023-05-24,5,296.45,Online,26
10888,170,2700,2023-01-22,5,124.94,TV,315
10889,189,2701,2023-11-03,3,47.31,In-Store,108
10890,144,2701,2023-04-16,1,22.73,Online,24
10891,174,2701,2024-01-21,3,89.89,In-Store,113
10892,138,2701,2023-03-25,1,115.15,Online,22
10893,146,2701,2023-09-01,3,28.76,Social,183
10894,119,2702,2024-01-15,5,193.28,In-Store,112
10895,110,2702,2025-06-02,4,138.19,Online,65
10896,110,2702,2025-11-05,2,138.19,Online,72
10897,154,2702,2025-08-09,3,39.53,Email,290
10898,151,2702,2025-10-13,3,170.44,Email,293
10899,166,2702,2024-10-04,2,151.16,Online,52
10900,140,2702,2024-11-22,1,139.7,In-Store,129
10901,105,2702,2025-06-15,5,45.85,In-Store,141
10902,142,2702,2024-09-08,2,298.93,Online,51
10903,110,2702,2025-12-16,4,138.19,Online,76
10904,119,2702,2024-05-24,5,193.28,Online,46
10905,147,2702,2024-10-21,5,193.11,Online,53
10906,136,2702,2025-05-23,5,134.23,In-Store,139
10907,197,2702,2024-05-20,2,270.16,In-Store,120
10908,103,2702,2025-06-16,5,74.85,In-Store,141
10909,118,2702,2025-10-12,3,128.58,Online,70
10910,158,2702,2025-11-16,5,132.56,Online,74
10911,122,2702,2024-11-12,5,224.2,In-Store,128
10912,119,2702,2025-01-18,4,193.28,Email,280
10913,185,2702,2024-08-13,2,143.79,Online,49
10914,191,2702,2024-04-05,5,196.98,Email,263
10915,130,2702,2025-02-03,2,117.61,Online,59
10916,184,2702,2024-09-16,5,120.25,Online,51
10917,119,2702,2024-09-12,4,193.28,Online,51
10918,121,2702,2025-12-30,2,126.42,Online,77
10919,124,2702,2025-09-14,3,174.26,Email,291
10920,143,2702,2024-04-24,2,18.47,Online,43
10921,108,2702,2025-01-11,1,127.37,Online,58
10922,127,2702,2025-12-02,5,184.65,Online,74
10923,185,2702,2024-09-20,1,143.79,In-Store,125
10924,116,2702,2024-11-27,1,161.44,Online,55
10925,136,2702,2025-03-23,3,134.23,In-Store,136
10926,156,2702,2024-02-11,4,13.54,Online,40
10927,151,2703,2024-12-02,5,170.44,In-Store,130
10928,200,2703,2024-06-01,4,213.63,Online,47
10929,184,2703,2025-08-02,2,120.25,Online,68
10930,110,2703,2024-11-20,2,138.19,Email,278
10931,161,2703,2025-02-06,5,233.25,Online,59
10932,109,2703,2025-03-03,2,69.39,Social,209
10933,168,2703,2024-10-12,4,151.07,Online,53
10934,170,2703,2025-01-27,1,124.94,Social,206
10935,133,2703,2024-05-12,5,129.42,In-Store,120
10936,121,2703,2024-03-05,3,126.42,In-Store,117
10937,157,2703,2025-05-19,5,140.43,In-Store,139
10938,184,2703,2025-12-28,2,120.25,Social,222
10939,123,2703,2025-07-03,2,28.54,Email,288
10940,182,2703,2024-12-17,3,73.37,In-Store,131
10941,135,2703,2024-02-09,2,62.14,Online,40
10942,165,2703,2024-04-16,4,213.33,TV,336
10943,185,2704,2025-12-02,5,143.79,TV,365
10944,151,2704,2024-11-28,5,170.44,Online,56
10945,132,2704,2025-06-19,4,146.35,Online,66
10946,194,2704,2025-04-27,3,70.1,Online,63
10947,110,2704,2025-05-17,2,138.19,Online,64
10948,170,2704,2025-10-05,5,124.94,In-Store,145
10949,108,2704,2024-11-10,1,127.37,Social,204
10950,131,2704,2025-01-01,5,76.52,In-Store,132
10951,102,2704,2025-03-08,3,175.2,Online,60
10952,193,2704,2025-08-11,4,28.68,Online,69
10953,113,2704,2025-02-01,4,122.3,In-Store,134
10954,132,2704,2025-06-01,2,146.35,Online,65
10955,168,2704,2025-12-09,5,151.07,Social,222
10956,152,2704,2025-01-31,4,72.34,Online,59
10957,159,2704,2024-08-27,3,21.52,In-Store,124
10958,146,2704,2024-09-03,1,28.76,Social,201
10959,107,2704,2025-09-18,1,110.76,Online,70
10960,142,2704,2024-12-25,3,298.93,Email,279
10961,123,2704,2025-04-11,5,28.54,TV,352
10962,163,2704,2025-11-07,4,115.65,In-Store,147
10963,148,2704,2025-09-27,2,47.75,Online,70
10964,103,2704,2025-09-11,1,74.85,Online,70
10965,199,2704,2024-09-21,5,105.38,Online,51
10966,186,2705,2024-01-17,2,29.78,Social,190
10967,142,2705,2025-09-17,4,298.93,Online,70
10968,158,2705,2025-02-22,3,132.56,Social,209
10969,113,2705,2023-06-21,5,122.3,Online,28
10970,117,2705,2023-02-08,2,214.01,Online,21
10971,121,2705,2023-11-04,2,126.42,Social,185
10972,183,2705,2024-10-26,2,127.82,In-Store,128
10973,198,2705,2025-05-20,5,167.93,In-Store,139
10974,120,2705,2024-06-03,2,186.86,In-Store,121
10975,151,2705,2025-04-12,5,170.44,In-Store,137
10976,144,2705,2025-10-28,3,22.73,In-Store,147
10977,167,2705,2025-01-22,1,75.91,In-Store,133
10978,129,2705,2024-05-18,3,269.37,Online,45
10979,190,2705,2025-12-01,2,121.42,Social,221
10980,200,2705,2024-04-30,2,213.63,In-Store,119
10981,122,2705,2023-08-21,1,224.2,In-Store,106
10982,184,2705,2023-03-29,5,120.25,Online,24
10983,197,2705,2024-04-03,2,270.16,In-Store,118
10984,113,2705,2023-07-29,5,122.3,In-Store,105
10985,189,2705,2023-05-30,5,47.31,Online,26
10986,178,2705,2025-06-29,3,58.92,In-Store,141
10987,157,2706,2023-10-17,5,140.43,In-Store,109
10988,189,2706,2025-02-05,1,47.31,Online,59
10989,179,2706,2024-05-30,1,69.62,Social,195
10990,146,2706,2025-04-01,1,28.76,Online,61
10991,118,2706,2024-02-16,3,128.58,In-Store,115
10992,106,2706,2024-07-08,4,41.44,Online,47
10993,108,2706,2024-05-24,1,127.37,In-Store,120
10994,120,2706,2024-02-29,5,186.86,Email,261
10995,153,2706,2025-02-14,3,44.91,In-Store,135
10996,191,2706,2023-09-26,4,196.98,In-Store,107
10997,112,2706,2023-09-25,5,58.11,In-Store,107
10998,143,2706,2023-09-27,1,18.47,Online,33
10999,166,2706,2025-01-25,2,151.16,TV,349
11000,146,2707,2024-10-27,2,28.76,In-Store,128
11001,119,2707,2025-08-25,3,193.28,TV,360
11002,107,2707,2025-11-16,4,110.76,Online,74
11003,117,2707,2025-11-21,3,214.01,Online,74
11004,192,2707,2025-08-08,1,22.56,Online,68
11005,122,2707,2025-11-13,1,224.2,Online,74
11006,110,2707,2024-07-06,2,138.19,Online,47
11007,165,2707,2024-06-11,3,213.33,In-Store,121
11008,118,2707,2025-10-27,2,128.58,TV,362
11009,161,2707,2024-11-20,1,233.25,Online,55
11010,121,2707,2025-09-29,2,126.42,Online,71
11011,184,2707,2024-09-03,1,120.25,In-Store,124
11012,173,2707,2024-12-05,4,100.75,In-Store,130
11013,148,2707,2024-05-14,5,47.75,Online,45
11014,154,2707,2024-09-23,2,39.53,TV,344
11015,147,2707,2024-01-27,5,193.11,Online,40
11016,139,2707,2025-02-25,5,162.16,In-Store,135
11017,161,2707,2025-08-26,1,233.25,Online,69
11018,181,2707,2025-11-09,2,231.25,Online,72
11019,181,2707,2025-03-18,1,231.25,Online,60
11020,173,2707,2024-08-29,2,100.75,Online,49
11021,151,2707,2024-05-08,1,170.44,Online,45
11022,107,2707,2025-07-02,3,110.76,Online,67
11023,182,2707,2024-07-09,4,73.37,TV,339
11024,110,2707,2025-10-01,5,138.19,Social,218
11025,108,2707,2024-12-24,4,127.37,Online,57
11026,191,2707,2024-12-02,3,196.98,Online,55
11027,161,2707,2025-06-25,4,233.25,Social,214
11028,131,2708,2023-12-18,3,76.52,TV,330
11029,152,2708,2023-11-28,2,72.34,Online,36
11030,131,2708,2023-12-01,3,76.52,Online,36
11031,163,2709,2024-02-02,4,115.65,Online,39
11032,194,2709,2025-01-31,4,70.1,Online,58
11033,169,2709,2024-12-28,1,105.46,Online,56
11034,154,2709,2024-02-09,2,39.53,Online,40
11035,138,2709,2024-04-04,3,115.15,Online,43
11036,143,2709,2024-02-21,3,18.47,Online,41
11037,163,2709,2024-11-28,2,115.65,Online,55
11038,194,2709,2024-02-04,4,70.1,In-Store,114
11039,168,2710,2025-08-09,5,151.07,Online,68
11040,132,2710,2024-11-16,1,146.35,In-Store,129
11041,136,2710,2024-01-26,3,134.23,In-Store,114
11042,122,2710,2024-06-26,2,224.2,Online,47
11043,107,2710,2024-09-20,3,110.76,In-Store,125
11044,178,2710,2022-09-10,5,58.92,Online,13
11045,161,2710,2023-01-01,4,233.25,Social,170
11046,159,2710,2024-05-13,3,21.52,Online,45
11047,183,2710,2023-11-22,5,127.82,Online,35
11048,121,2710,2022-11-26,2,126.42,Social,169
11049,158,2710,2025-12-15,1,132.56,In-Store,149
11050,109,2710,2025-10-08,4,69.39,In-Store,145
11051,189,2710,2022-10-11,1,47.31,In-Store,91
11052,138,2710,2024-06-09,4,115.15,Online,47
11053,154,2710,2023-05-30,3,39.53,Online,26
11054,136,2710,2022-05-04,5,134.23,Online,6
11055,152,2710,2023-03-12,3,72.34,Online,22
11056,191,2710,2024-08-27,3,196.98,Online,50
11057,133,2710,2025-09-17,3,129.42,In-Store,144
11058,116,2710,2024-07-06,5,161.44,Online,48
11059,196,2710,2023-07-07,4,162.21,Online,29
11060,162,2710,2025-11-13,5,23.29,In-Store,148
11061,151,2710,2024-11-24,3,170.44,Online,55
11062,143,2710,2022-08-21,2,18.47,Online,11
11063,106,2710,2025-10-16,3,41.44,Online,72
11064,114,2710,2022-09-13,4,120.5,Social,164
11065,118,2710,2022-07-12,1,128.58,Social,161
11066,118,2711,2023-04-02,4,128.58,Online,23
11067,188,2711,2024-09-03,4,12.93,Online,51
11068,177,2711,2023-09-03,5,296.45,In-Store,106
11069,178,2711,2024-07-31,5,58.92,Online,49
11070,114,2711,2025-05-13,3,120.5,Online,63
11071,108,2711,2023-06-01,4,127.37,Online,26
11072,118,2711,2024-02-29,5,128.58,Online,40
11073,183,2711,2024-01-24,5,127.82,In-Store,113
11074,118,2711,2024-03-30,3,128.58,Online,42
11075,110,2711,2024-03-18,3,138.19,Online,42
11076,168,2711,2023-11-09,3,151.07,In-Store,110
11077,132,2711,2023-03-15,2,146.35,Online,22
11078,149,2711,2024-09-04,1,64.92,Email,272
11079,175,2711,2025-01-13,4,285.32,Online,58
11080,120,2711,2024-01-20,3,186.86,In-Store,114
11081,178,2711,2025-10-09,2,58.92,Online,71
11082,119,2711,2023-03-13,1,193.28,Online,22
11083,153,2712,2024-10-23,1,44.91,Online,53
11084,176,2712,2024-11-07,1,98.45,Online,53
11085,105,2712,2025-04-01,4,45.85,Online,61
11086,131,2712,2024-12-17,4,76.52,Online,56
11087,103,2712,2025-04-14,3,74.85,Online,61
11088,187,2712,2024-08-18,2,95.73,Online,50
11089,176,2712,2024-10-15,4,98.45,Online,52
11090,176,2712,2025-04-15,4,98.45,TV,353
11091,137,2712,2025-05-06,2,90.95,Online,63
11092,149,2712,2024-12-28,3,64.92,Online,57
11093,178,2712,2024-12-05,1,58.92,In-Store,130
11094,188,2713,2025-10-23,4,12.93,Online,72
11095,157,2713,2024-08-18,1,140.43,Online,49
11096,161,2713,2024-05-25,2,233.25,Email,266
11097,103,2713,2024-06-01,2,74.85,In-Store,121
11098,138,2713,2025-07-28,3,115.15,In-Store,142
11099,139,2713,2025-12-30,3,162.16,Online,77
11100,107,2713,2024-04-17,2,110.76,Social,194
11101,151,2713,2024-11-02,4,170.44,Online,53
11102,102,2713,2024-08-15,3,175.2,Email,271
11103,135,2713,2025-02-27,2,62.14,Online,59
11104,198,2713,2025-04-15,1,167.93,TV,353
11105,151,2713,2025-11-13,3,170.44,Online,73
11106,172,2713,2025-08-21,2,75.03,Online,69
11107,139,2713,2025-12-05,3,162.16,Online,74
11108,113,2713,2025-07-12,3,122.3,Online,67
11109,116,2713,2024-10-12,3,161.44,TV,344
11110,113,2713,2025-04-11,3,122.3,In-Store,137
11111,128,2713,2024-04-29,2,69.61,In-Store,119
11112,112,2713,2024-09-26,4,58.11,Online,51
11113,109,2714,2024-08-15,3,69.39,In-Store,124
11114,109,2714,2024-03-14,1,69.39,Social,191
11115,174,2714,2024-05-24,3,89.89,Online,46
11116,190,2714,2024-08-13,3,121.42,TV,341
11117,106,2714,2024-11-22,1,41.44,Email,278
11118,121,2715,2023-07-18,2,126.42,Online,29
11119,150,2715,2024-06-25,4,66.48,Online,47
11120,190,2715,2022-08-25,3,121.42,Online,12
11121,187,2715,2022-07-09,3,95.73,Online,9
11122,152,2715,2022-09-14,3,72.34,Online,13
11123,167,2715,2023-02-01,4,75.91,Social,172
11124,105,2715,2023-04-01,1,45.85,Online,24
11125,125,2715,2023-10-04,4,25.35,Online,33
11126,141,2716,2025-08-07,1,75.02,In-Store,142
11127,104,2716,2024-11-01,4,50.25,Social,203
11128,102,2716,2025-04-28,2,175.2,Online,63
11129,158,2716,2024-05-28,1,132.56,Online,46
11130,102,2716,2023-12-25,2,175.2,In-Store,111
11131,133,2716,2025-07-16,1,129.42,Social,214
11132,194,2716,2025-07-06,1,70.1,In-Store,141
11133,194,2716,2024-08-15,2,70.1,Online,50
11134,118,2716,2024-02-25,1,128.58,Social,191
11135,181,2716,2025-12-11,1,231.25,TV,364
11136,187,2716,2024-05-12,1,95.73,Online,45
11137,127,2716,2024-05-02,5,184.65,Online,45
11138,198,2716,2024-04-08,2,167.93,In-Store,118
11139,113,2716,2024-11-08,2,122.3,Online,55
11140,133,2716,2025-08-06,3,129.42,Online,68
11141,118,2716,2024-05-07,2,128.58,In-Store,120
11142,151,2716,2024-02-02,1,170.44,Online,40
11143,200,2716,2025-03-09,5,213.63,Online,60
11144,127,2716,2025-10-12,3,184.65,In-Store,145
11145,177,2716,2024-11-11,5,296.45,Social,204
11146,142,2716,2025-07-09,2,298.93,Online,67
11147,105,2716,2024-05-20,4,45.85,Online,46
11148,122,2717,2024-11-12,3,224.2,Social,204
11149,181,2717,2025-09-01,4,231.25,In-Store,144
11150,133,2717,2025-12-16,1,129.42,Social,222
11151,122,2717,2025-03-22,5,224.2,Social,209
11152,110,2717,2024-12-31,3,138.19,Online,57
11153,112,2717,2023-11-28,1,58.11,In-Store,110
11154,183,2717,2023-09-19,1,127.82,In-Store,107
11155,108,2717,2024-10-24,2,127.37,Online,53
11156,113,2717,2024-01-28,2,122.3,Email,259
11157,149,2717,2025-09-26,4,64.92,Online,70
11158,119,2717,2025-09-29,1,193.28,Online,71
11159,166,2717,2025-11-26,2,151.16,In-Store,148
11160,196,2717,2024-07-13,5,162.21,In-Store,122
11161,157,2717,2025-04-26,4,140.43,Social,212
11162,197,2717,2024-04-06,2,270.16,In-Store,118
11163,105,2717,2024-04-04,2,45.85,Online,43
11164,133,2717,2024-12-04,2,129.42,Online,56
11165,177,2717,2024-03-01,2,296.45,Online,41
11166,190,2717,2025-09-26,2,121.42,Online,70
11167,124,2717,2024-08-17,2,174.26,Online,50
11168,146,2718,2023-09-16,4,28.76,In-Store,107
11169,197,2718,2025-10-16,3,270.16,Email,292
11170,151,2718,2025-12-03,1,170.44,TV,364
11171,110,2718,2024-06-20,3,138.19,Online,47
11172,119,2718,2024-01-30,2,193.28,Online,40
11173,104,2718,2024-08-31,1,50.25,Online,49
11174,109,2718,2025-12-09,2,69.39,In-Store,149
11175,177,2718,2024-04-07,3,296.45,Online,43
11176,122,2718,2024-10-16,5,224.2,In-Store,128
11177,192,2718,2024-03-07,4,22.56,Online,41
11178,190,2718,2024-08-13,3,121.42,In-Store,124
11179,141,2718,2025-11-27,2,75.02,Online,74
11180,130,2718,2025-02-03,5,117.61,Online,59
11181,168,2718,2025-05-19,5,151.07,Online,65
11182,199,2718,2024-04-23,5,105.38,In-Store,119
11183,113,2718,2024-05-19,4,122.3,Online,46
11184,118,2718,2024-08-06,2,128.58,Online,49
11185,113,2718,2024-12-19,2,122.3,In-Store,130
11186,132,2718,2025-07-16,1,146.35,Online,67
11187,177,2718,2025-03-13,1,296.45,In-Store,136
11188,111,2718,2025-04-27,5,78.12,Social,212
11189,132,2718,2024-09-25,3,146.35,Online,51
11190,153,2718,2025-05-25,2,44.91,In-Store,139
11191,133,2718,2023-11-27,2,129.42,In-Store,110
11192,112,2718,2025-06-10,3,58.11,Online,65
11193,190,2718,2025-06-02,5,121.42,Online,66
11194,120,2719,2025-04-27,1,186.86,In-Store,138
11195,179,2719,2024-08-13,3,69.62,Social,200
11196,107,2719,2024-03-26,1,110.76,In-Store,118
11197,194,2719,2023-02-06,3,70.1,Online,21
11198,168,2719,2025-01-19,3,151.07,TV,350
11199,165,2719,2023-07-21,4,213.33,Online,30
11200,181,2719,2025-08-06,5,231.25,Social,215
11201,117,2719,2023-01-11,5,214.01,Online,19
11202,198,2719,2025-06-18,2,167.93,Online,66
11203,177,2719,2024-03-31,3,296.45,Social,192
11204,180,2719,2024-07-28,2,97.9,Online,49
11205,121,2719,2024-07-18,2,126.42,Online,48
11206,185,2719,2025-01-14,3,143.79,TV,349
11207,168,2719,2024-06-04,2,151.07,Online,46
11208,191,2719,2024-09-08,3,196.98,Online,51
11209,121,2719,2023-06-04,1,126.42,Online,27
11210,168,2719,2025-01-21,1,151.07,In-Store,134
11211,197,2719,2024-10-18,1,270.16,In-Store,127
11212,191,2719,2023-10-18,3,196.98,Online,34
11213,190,2719,2025-01-01,4,121.42,Online,58
11214,134,2719,2025-10-30,4,113.57,Online,72
11215,122,2719,2024-11-20,2,224.2,Online,54
11216,183,2720,2022-12-31,1,127.82,Online,19
11217,135,2720,2023-05-20,3,62.14,In-Store,102
11218,199,2720,2023-06-24,2,105.38,Online,29
11219,146,2720,2023-08-29,3,28.76,Online,32
11220,111,2720,2023-10-01,1,78.12,In-Store,108
11221,172,2720,2023-09-19,1,75.03,Online,33
11222,105,2720,2023-05-10,2,45.85,Online,25
11223,126,2720,2024-01-24,1,62.9,Online,39
11224,149,2720,2023-02-25,3,64.92,In-Store,98
11225,133,2720,2023-05-08,1,129.42,Online,25
11226,169,2720,2023-01-14,3,105.46,Online,19
11227,184,2720,2023-04-16,2,120.25,In-Store,100
11228,118,2721,2023-05-09,5,128.58,Online,25
11229,120,2721,2023-06-07,1,186.86,Online,28
11230,124,2721,2025-03-28,1,174.26,In-Store,137
11231,200,2721,2025-07-15,5,213.63,Online,67
11232,119,2721,2023-05-14,5,193.28,Online,26
11233,194,2721,2025-04-12,3,70.1,Online,62
11234,151,2721,2024-01-09,1,170.44,Online,38
11235,178,2721,2023-05-24,3,58.92,In-Store,101
11236,168,2721,2023-11-10,3,151.07,Online,35
11237,133,2721,2023-04-22,3,129.42,In-Store,100
11238,158,2721,2024-09-19,3,132.56,Online,51
11239,116,2721,2024-06-11,4,161.44,Online,47
11240,154,2721,2025-07-20,1,39.53,Online,68
11241,167,2721,2024-01-09,3,75.91,Email,259
11242,154,2721,2024-03-18,5,39.53,Online,42
11243,102,2721,2024-01-10,4,175.2,Online,39
11244,147,2721,2025-03-14,3,193.11,In-Store,136
11245,114,2721,2024-10-16,1,120.5,TV,345
11246,185,2721,2023-08-16,4,143.79,Online,32
11247,107,2721,2025-04-24,1,110.76,Online,62
11248,101,2721,2025-05-21,2,116.4,Online,64
11249,173,2721,2023-05-19,4,100.75,TV,320
11250,172,2721,2023-04-23,4,75.03,Online,25
11251,121,2721,2024-03-03,1,126.42,Social,192
11252,167,2721,2023-05-19,4,75.91,Social,177
11253,170,2721,2023-10-21,4,124.94,Online,34
11254,197,2721,2025-05-03,3,270.16,Online,64
11255,133,2721,2025-04-23,3,129.42,Email,285
11256,152,2721,2024-10-25,1,72.34,In-Store,128
11257,111,2721,2024-06-24,2,78.12,Online,47
11258,119,2721,2025-12-05,2,193.28,Online,74
11259,184,2721,2023-07-23,5,120.25,In-Store,105
11260,180,2721,2024-12-30,1,97.9,Social,206
11261,133,2722,2022-09-03,3,129.42,In-Store,90
11262,163,2722,2022-04-07,5,115.65,In-Store,83
11263,118,2722,2022-10-06,5,128.58,Online,13
11264,128,2722,2022-09-28,5,69.61,Online,14
11265,122,2722,2025-09-22,5,224.2,Online,70
11266,162,2722,2023-11-02,3,23.29,In-Store,110
11267,184,2722,2023-07-25,3,120.25,Online,30
11268,170,2722,2023-03-13,3,124.94,Social,174
11269,168,2722,2022-12-15,3,151.07,In-Store,95
11270,119,2722,2024-10-22,4,193.28,In-Store,128
11271,158,2722,2024-04-30,3,132.56,Online,44
11272,185,2722,2022-08-03,1,143.79,TV,308
11273,167,2722,2023-01-30,2,75.91,In-Store,97
11274,151,2722,2024-09-30,3,170.44,Online,51
11275,136,2722,2024-07-05,4,134.23,In-Store,122
11276,139,2722,2023-06-07,4,162.16,Online,28
11277,168,2722,2022-06-30,1,151.07,Online,8
11278,166,2722,2022-11-16,1,151.16,Online,17
11279,134,2722,2023-05-16,1,113.57,In-Store,102
11280,190,2722,2023-05-08,1,121.42,TV,320
11281,174,2722,2024-09-01,1,89.89,In-Store,124
11282,119,2722,2025-11-20,4,193.28,Online,74
11283,171,2722,2024-04-17,1,117.28,Online,43
11284,152,2722,2022-12-20,3,72.34,In-Store,95
11285,124,2723,2024-05-07,4,174.26,Online,45
11286,105,2723,2025-05-12,4,45.85,TV,355
11287,161,2723,2024-07-31,1,233.25,Social,199
11288,130,2723,2022-04-27,1,117.61,In-Store,84
11289,139,2723,2025-09-17,5,162.16,Online,70
11290,188,2723,2025-11-18,4,12.93,Online,74
11291,140,2723,2024-12-02,4,139.7,Online,56
11292,189,2723,2025-03-04,2,47.31,Online,60
11293,162,2723,2025-06-24,3,23.29,Online,66
11294,135,2723,2024-05-26,4,62.14,Online,46
11295,192,2723,2024-02-13,5,22.56,In-Store,115
11296,200,2723,2025-11-05,1,213.63,In-Store,147
11297,112,2723,2022-07-05,1,58.11,Online,9
11298,136,2723,2025-09-11,1,134.23,In-Store,144
11299,124,2723,2025-07-09,1,174.26,Online,67
11300,167,2723,2024-04-15,3,75.91,Online,44
11301,143,2723,2022-08-24,3,18.47,In-Store,89
11302,116,2723,2022-12-02,4,161.44,Online,17
11303,193,2723,2022-06-24,2,28.68,In-Store,87
11304,129,2723,2025-06-26,1,269.37,Online,67
11305,169,2723,2022-09-22,5,105.46,Online,13
11306,105,2723,2023-12-13,5,45.85,Online,36
11307,144,2723,2024-12-22,5,22.73,Online,56
11308,122,2723,2022-12-17,1,224.2,Online,18
11309,146,2724,2022-10-18,4,28.76,Online,14
11310,115,2724,2024-02-20,1,114.62,Online,41
11311,157,2724,2025-01-15,2,140.43,In-Store,133
11312,181,2724,2022-11-11,4,231.25,Online,17
11313,123,2724,2025-12-31,2,28.54,In-Store,149
11314,179,2724,2022-07-26,2,69.62,Social,162
11315,183,2724,2024-06-24,2,127.82,Email,268
11316,197,2724,2022-08-08,4,270.16,Online,11
11317,184,2724,2024-09-05,3,120.25,Social,201
11318,120,2724,2024-12-01,2,186.86,In-Store,130
11319,130,2724,2024-02-04,3,117.61,Online,39
11320,128,2724,2025-12-24,4,69.61,Online,76
11321,105,2724,2025-08-17,4,45.85,Online,69
11322,113,2724,2022-11-10,4,122.3,Online,16
11323,170,2724,2022-06-01,5,124.94,Online,7
11324,191,2724,2022-04-14,2,196.98,In-Store,83
11325,167,2724,2022-04-21,2,75.91,Online,6
11326,172,2724,2022-10-25,4,75.03,Online,15
11327,148,2725,2022-04-01,3,47.75,Online,5
11328,114,2725,2025-01-10,3,120.5,Online,58
11329,171,2725,2024-05-10,5,117.28,Online,45
11330,102,2725,2024-05-01,3,175.2,Social,194
11331,177,2725,2022-05-19,5,296.45,Online,6
11332,159,2725,2025-11-16,4,21.52,In-Store,148
11333,114,2725,2024-07-18,2,120.5,Online,48
11334,195,2725,2023-01-21,4,109.44,Online,19
11335,110,2725,2022-09-12,3,138.19,In-Store,90
11336,118,2725,2022-04-28,4,128.58,Online,5
11337,123,2725,2023-02-13,3,28.54,Social,173
11338,153,2725,2024-06-03,3,44.91,In-Store,121
11339,159,2725,2022-08-15,5,21.52,Online,11
11340,140,2725,2025-02-21,4,139.7,Email,282
11341,158,2725,2025-08-12,2,132.56,Social,215
11342,152,2725,2025-11-10,3,72.34,Online,72
11343,169,2725,2025-07-06,5,105.46,Online,67
11344,187,2725,2023-06-02,5,95.73,Online,26
11345,119,2725,2022-08-01,3,193.28,Online,10
11346,101,2725,2023-05-14,2,116.4,In-Store,101
11347,191,2725,2024-08-01,4,196.98,In-Store,124
11348,181,2725,2025-09-24,1,231.25,Online,70
11349,193,2726,2024-10-03,4,28.68,In-Store,126
11350,159,2726,2025-05-16,2,21.52,Online,65
11351,193,2726,2024-09-28,2,28.68,In-Store,126
11352,191,2726,2024-03-05,3,196.98,Email,261
11353,147,2726,2024-08-05,5,193.11,Email,271
11354,158,2726,2025-02-02,2,132.56,Online,59
11355,200,2726,2025-12-23,1,213.63,In-Store,149
11356,157,2726,2024-07-30,4,140.43,Online,49
11357,161,2726,2024-02-22,5,233.25,Online,41
11358,175,2726,2024-05-18,4,285.32,Social,195
11359,142,2726,2025-07-19,4,298.93,Online,67
11360,178,2726,2024-07-30,2,58.92,In-Store,123
11361,158,2726,2025-04-24,2,132.56,In-Store,138
11362,129,2726,2024-09-28,3,269.37,Online,52
11363,159,2726,2025-12-02,3,21.52,In-Store,148
11364,116,2726,2025-11-20,2,161.44,Social,221
11365,153,2726,2025-09-03,5,44.91,Social,217
11366,178,2727,2024-04-12,4,58.92,In-Store,118
11367,160,2727,2022-12-26,3,74.86,Online,19
11368,141,2727,2025-11-01,1,75.02,Online,72
11369,106,2727,2025-02-15,2,41.44,Online,59
11370,105,2727,2025-12-22,2,45.85,Social,222
11371,128,2727,2024-10-15,2,69.61,Online,53
11372,106,2727,2022-12-14,5,41.44,In-Store,95
11373,117,2727,2023-06-11,3,214.01,In-Store,103
11374,105,2727,2025-08-22,1,45.85,Online,69
11375,113,2727,2023-03-17,2,122.3,Email,243
11376,130,2727,2024-03-12,3,117.61,Social,192
11377,191,2727,2023-04-03,5,196.98,Online,24
11378,127,2727,2024-04-08,1,184.65,Online,43
11379,146,2727,2023-12-23,5,28.76,Online,37
11380,153,2727,2024-07-25,3,44.91,Online,48
11381,158,2727,2024-10-26,3,132.56,Online,53
11382,177,2727,2023-08-09,2,296.45,In-Store,105
11383,112,2727,2023-03-11,1,58.11,Online,22
11384,194,2727,2025-04-04,3,70.1,Online,61
11385,155,2728,2024-11-19,3,71.21,Online,54
11386,160,2728,2024-09-28,3,74.86,Online,51
11387,164,2728,2024-11-11,4,91.03,In-Store,129
11388,159,2728,2025-02-26,2,21.52,Online,60
11389,172,2728,2025-01-24,4,75.03,Online,58
11390,158,2729,2023-02-24,3,132.56,Online,20
11391,119,2729,2023-03-30,1,193.28,Social,176
11392,190,2729,2024-01-09,3,121.42,Online,38
11393,136,2729,2023-02-16,5,134.23,Social,173
11394,163,2729,2023-08-24,3,115.65,In-Store,106
11395,110,2729,2025-02-07,3,138.19,Online,59
11396,129,2729,2025-09-22,4,269.37,In-Store,145
11397,139,2729,2025-07-18,1,162.16,In-Store,142
11398,110,2729,2023-02-24,4,138.19,Online,20
11399,160,2729,2025-07-12,1,74.86,In-Store,141
11400,147,2729,2024-06-26,1,193.11,Online,47
11401,181,2729,2023-08-21,5,231.25,In-Store,106
11402,192,2729,2024-08-13,4,22.56,Social,200
11403,132,2729,2025-04-08,5,146.35,Online,62
11404,136,2729,2025-06-14,3,134.23,Online,65
11405,120,2729,2024-01-10,4,186.86,In-Store,112
11406,122,2729,2024-05-09,2,224.2,Online,45
11407,172,2729,2022-10-21,5,75.03,In-Store,92
11408,166,2729,2023-09-07,3,151.16,In-Store,107
11409,174,2729,2025-03-09,2,89.89,In-Store,136
11410,134,2729,2024-11-16,4,113.57,Online,55
11411,200,2729,2024-11-03,3,213.63,In-Store,128
11412,140,2729,2024-03-20,3,139.7,In-Store,118
11413,130,2729,2025-08-17,5,117.61,Online,68
11414,138,2729,2025-04-14,3,115.15,Online,62
11415,135,2729,2025-01-02,2,62.14,Online,57
11416,187,2729,2023-01-16,3,95.73,Online,19
11417,147,2729,2024-08-17,3,193.11,Online,50
11418,183,2729,2024-12-30,2,127.82,In-Store,132
11419,185,2729,2022-10-30,5,143.79,In-Store,92
11420,189,2729,2025-05-24,5,47.31,Online,65
11421,119,2729,2025-04-08,2,193.28,Online,61
11422,105,2730,2024-09-28,2,45.85,Social,202
11423,153,2730,2024-02-03,4,44.91,Online,40
11424,145,2730,2023-09-21,3,87.44,In-Store,107
11425,174,2730,2023-03-31,2,89.89,Online,22
11426,143,2730,2022-09-29,3,18.47,Online,14
11427,184,2730,2024-01-07,2,120.25,Social,188
11428,154,2730,2023-10-21,4,39.53,Social,184
11429,194,2730,2024-04-21,2,70.1,Online,43
11430,183,2730,2023-10-06,3,127.82,Online,33
11431,131,2730,2024-03-08,2,76.52,Social,191
11432,109,2730,2023-02-04,1,69.39,Online,20
11433,130,2731,2024-02-01,3,117.61,Social,190
11434,173,2731,2023-08-19,1,100.75,Online,32
11435,156,2731,2023-10-26,4,13.54,Online,34
11436,141,2731,2024-02-27,4,75.02,In-Store,114
11437,156,2731,2023-11-24,1,13.54,Online,36
11438,135,2731,2024-04-09,4,62.14,Online,43
11439,107,2731,2024-06-29,3,110.76,Email,268
11440,107,2731,2024-06-14,2,110.76,Online,47
11441,163,2731,2023-08-14,3,115.65,Online,32
11442,194,2731,2024-05-01,4,70.1,Online,44
11443,194,2731,2023-07-01,3,70.1,Online,29
11444,135,2731,2024-03-16,4,62.14,Online,42
11445,153,2731,2023-08-08,1,44.91,Online,31
11446,128,2731,2024-05-13,4,69.61,Online,46
11447,121,2731,2023-05-17,4,126.42,Online,26
11448,189,2731,2023-07-27,4,47.31,Online,31
11449,108,2731,2024-05-13,4,127.37,Social,195
11450,113,2731,2023-11-06,2,122.3,In-Store,109
11451,131,2731,2024-05-01,4,76.52,Online,43
11452,101,2731,2023-11-26,3,116.4,Online,36
11453,103,2731,2024-05-03,2,74.85,Email,265
11454,195,2732,2024-08-17,4,109.44,Social,200
11455,189,2732,2024-08-20,3,47.31,In-Store,124
11456,173,2732,2025-05-30,5,100.75,Online,65
11457,125,2732,2025-12-01,4,25.35,Online,75
11458,108,2732,2025-05-26,1,127.37,Online,65
11459,139,2732,2024-10-20,5,162.16,TV,345
11460,129,2732,2024-10-21,4,269.37,Online,53
11461,102,2732,2025-11-05,1,175.2,TV,364
11462,122,2732,2025-07-29,4,224.2,Online,67
11463,149,2732,2025-01-18,5,64.92,Online,58
11464,136,2732,2024-09-10,5,134.23,Online,51
11465,142,2732,2024-10-12,3,298.93,TV,344
11466,159,2732,2025-12-21,1,21.52,In-Store,149
11467,142,2732,2024-10-29,1,298.93,Online,53
11468,110,2732,2025-07-15,3,138.19,Online,67
11469,120,2732,2025-02-05,1,186.86,TV,350
11470,193,2732,2025-04-08,5,28.68,TV,352
11471,127,2732,2024-10-21,5,184.65,Online,53
11472,136,2732,2025-11-19,4,134.23,Online,74
11473,182,2732,2025-12-28,4,73.37,Social,222
11474,107,2732,2025-07-08,4,110.76,TV,357
11475,120,2732,2025-12-30,1,186.86,Online,77
11476,134,2732,2025-05-24,3,113.57,Online,65
11477,139,2732,2025-11-06,4,162.16,Social,220
11478,151,2732,2024-10-01,1,170.44,Social,202
11479,196,2732,2025-04-23,2,162.21,Social,211
11480,139,2732,2024-07-18,2,162.16,Online,48
11481,173,2733,2025-04-05,5,100.75,Online,62
11482,179,2733,2025-07-04,5,69.62,Online,67
11483,152,2733,2025-06-30,4,72.34,Online,66
11484,142,2733,2025-01-08,4,298.93,Online,58
11485,143,2733,2025-04-18,2,18.47,Online,61
11486,183,2733,2024-12-20,1,127.82,Social,205
11487,112,2733,2025-10-26,3,58.11,Online,72
11488,171,2733,2025-03-28,2,117.28,In-Store,136
11489,150,2733,2025-12-02,5,66.48,Online,75
11490,190,2733,2025-10-27,2,121.42,Online,72
11491,168,2733,2025-04-20,3,151.07,TV,353
11492,143,2733,2025-02-17,5,18.47,Online,59
11493,165,2733,2024-11-09,4,213.33,Email,277
11494,178,2733,2024-12-19,4,58.92,Social,205
11495,116,2733,2025-10-05,2,161.44,In-Store,145
11496,200,2733,2025-03-23,1,213.63,Online,61
11497,140,2733,2025-11-29,3,139.7,Online,75
11498,178,2734,2023-01-31,1,58.92,In-Store,97
11499,126,2734,2022-10-25,1,62.9,In-Store,92
11500,160,2734,2023-02-13,1,74.86,Online,20
11501,159,2734,2023-06-12,2,21.52,TV,321
11502,121,2734,2022-10-24,3,126.42,In-Store,91
11503,182,2734,2022-12-09,3,73.37,Online,18
11504,131,2734,2022-10-18,2,76.52,In-Store,91
11505,128,2734,2023-03-22,2,69.61,Online,22
11506,194,2734,2022-08-25,1,70.1,Online,12
11507,144,2735,2023-03-20,2,22.73,Online,22
11508,109,2735,2022-08-29,2,69.39,Social,163
11509,171,2735,2023-05-10,1,117.28,Online,25
11510,105,2735,2023-03-28,1,45.85,Online,23
11511,193,2735,2024-09-02,2,28.68,In-Store,124
11512,101,2735,2022-12-12,2,116.4,In-Store,95
11513,158,2735,2023-06-07,1,132.56,Online,28
11514,200,2736,2025-06-26,3,213.63,In-Store,141
11515,127,2736,2025-12-06,4,184.65,Online,74
11516,103,2736,2024-11-11,1,74.85,In-Store,129
11517,152,2736,2024-05-20,2,72.34,Online,46
11518,182,2736,2025-05-02,1,73.37,Online,64
11519,178,2736,2024-03-18,3,58.92,Social,192
11520,181,2736,2024-10-03,2,231.25,Online,52
11521,111,2736,2025-09-25,2,78.12,Email,291
11522,122,2736,2024-06-18,3,224.2,Online,47
11523,120,2736,2023-11-05,1,186.86,Online,34
11524,139,2736,2024-04-05,3,162.16,In-Store,118
11525,160,2736,2025-05-14,5,74.86,Online,65
11526,142,2736,2023-07-11,4,298.93,In-Store,104
11527,197,2736,2023-08-07,5,270.16,In-Store,105
11528,174,2736,2023-06-06,1,89.89,Online,27
11529,120,2736,2024-02-12,4,186.86,Online,40
11530,185,2736,2025-04-04,1,143.79,Email,283
11531,103,2736,2025-08-12,5,74.85,Online,69
11532,166,2736,2025-01-27,4,151.16,Online,59
11533,154,2736,2024-11-22,1,39.53,Online,55
11534,177,2736,2024-10-02,1,296.45,Online,52
11535,170,2737,2025-12-28,4,124.94,Online,77
11536,165,2737,2024-06-09,5,213.33,Online,46
11537,149,2737,2025-10-27,2,64.92,In-Store,146
11538,162,2737,2025-09-08,2,23.29,Online,70
11539,139,2737,2025-07-20,1,162.16,Online,68
11540,198,2737,2024-02-27,1,167.93,Online,41
11541,191,2737,2023-04-14,3,196.98,TV,319
11542,200,2737,2023-04-01,5,213.63,Online,24
11543,174,2737,2025-06-06,5,89.89,Online,66
11544,176,2737,2023-12-19,4,98.45,Online,36
11545,183,2737,2024-08-03,3,127.82,Online,49
11546,163,2737,2022-10-29,5,115.65,In-Store,92
11547,154,2737,2023-03-12,1,39.53,Social,174
11548,168,2737,2025-11-10,3,151.07,Online,73
11549,154,2737,2025-11-14,3,39.53,Online,73
11550,143,2737,2022-10-31,2,18.47,Online,15
11551,121,2737,2025-07-12,4,126.42,Social,214
11552,192,2737,2024-07-10,1,22.56,In-Store,122
11553,158,2737,2024-04-19,5,132.56,Email,263
11554,103,2737,2024-02-22,4,74.85,Online,41
11555,127,2737,2022-07-09,2,184.65,In-Store,87
11556,155,2737,2023-02-02,1,71.21,TV,315
11557,180,2737,2025-03-02,5,97.9,In-Store,136
11558,120,2737,2023-01-30,5,186.86,Social,172
11559,149,2737,2024-02-06,2,64.92,In-Store,114
11560,190,2737,2025-05-01,4,121.42,Online,63
11561,136,2738,2024-05-18,1,134.23,In-Store,120
11562,136,2738,2024-05-25,1,134.23,Online,46
11563,159,2738,2024-04-12,3,21.52,In-Store,119
11564,160,2738,2024-05-25,2,74.86,In-Store,120
11565,160,2738,2024-04-16,3,74.86,Online,43
11566,108,2738,2024-04-04,2,127.37,Online,43
11567,179,2738,2024-03-15,1,69.62,Online,42
11568,190,2738,2024-08-28,3,121.42,Online,50
11569,195,2738,2024-04-06,3,109.44,Online,43
11570,155,2739,2022-10-10,3,71.21,In-Store,92
11571,124,2739,2023-04-23,1,174.26,Online,24
11572,170,2739,2023-01-20,2,124.94,In-Store,96
11573,190,2739,2024-10-25,1,121.42,Online,53
11574,156,2739,2024-03-13,3,13.54,Online,41
11575,177,2739,2023-04-06,2,296.45,In-Store,100
11576,155,2739,2024-01-21,1,71.21,Online,39
11577,165,2739,2025-12-01,3,213.33,Online,74
11578,183,2739,2024-06-25,5,127.82,Online,47
11579,161,2739,2024-06-17,4,233.25,Online,47
11580,142,2739,2024-02-27,2,298.93,In-Store,114
11581,104,2739,2025-10-24,1,50.25,Online,72
11582,183,2739,2022-12-23,2,127.82,Online,18
11583,184,2739,2023-06-20,1,120.25,Online,28
11584,133,2740,2023-03-12,1,129.42,Online,22
11585,115,2740,2023-03-18,3,114.62,Online,22
11586,190,2740,2023-09-07,2,121.42,Online,33
11587,178,2740,2023-10-18,1,58.92,In-Store,109
11588,106,2740,2024-01-10,3,41.44,Email,259
11589,145,2740,2022-12-20,2,87.44,Email,240
11590,156,2740,2023-06-19,4,13.54,Social,179
11591,174,2740,2024-01-13,2,89.89,Online,38
11592,141,2740,2023-04-26,4,75.02,TV,319
11593,136,2740,2022-12-30,3,134.23,Online,19
11594,173,2740,2023-07-19,1,100.75,Online,29
11595,138,2741,2024-10-13,3,115.15,Online,53
11596,134,2741,2024-07-31,3,113.57,Online,49
11597,128,2741,2024-08-21,2,69.61,Online,49
11598,194,2741,2024-09-27,2,70.1,Online,51
11599,141,2741,2024-09-03,2,75.02,In-Store,125
11600,121,2742,2025-03-22,2,126.42,Online,61
11601,107,2742,2025-12-16,2,110.76,Online,76
11602,122,2742,2024-10-12,2,224.2,Online,52
11603,140,2742,2025-01-08,2,139.7,Social,206
11604,142,2742,2023-12-26,3,298.93,In-Store,112
11605,161,2742,2025-09-21,2,233.25,Online,70
11606,192,2742,2025-12-19,1,22.56,Online,76
11607,130,2742,2025-08-22,5,117.61,In-Store,143
11608,128,2742,2025-12-18,2,69.61,Online,76
11609,127,2742,2024-02-11,2,184.65,Online,40
11610,147,2742,2024-11-06,4,193.11,Online,54
11611,188,2743,2024-01-02,3,12.93,Online,37
11612,199,2743,2023-10-18,2,105.38,Online,33
11613,131,2743,2023-09-17,1,76.52,TV,325
11614,199,2743,2023-12-01,2,105.38,In-Store,111
11615,138,2744,2024-11-23,5,115.15,Online,55
11616,122,2744,2023-05-29,3,224.2,Online,27
11617,197,2744,2024-09-06,3,270.16,Online,51
11618,124,2744,2025-04-24,3,174.26,Online,62
11619,126,2744,2023-06-22,2,62.9,In-Store,104
11620,102,2744,2023-09-23,5,175.2,Online,33
11621,161,2744,2023-11-24,1,233.25,In-Store,110
11622,169,2744,2023-01-23,5,105.46,Online,19
11623,155,2744,2025-07-04,4,71.21,Online,67
11624,152,2744,2023-07-13,2,72.34,In-Store,104
11625,136,2744,2023-10-02,3,134.23,Social,184
11626,159,2744,2025-10-29,2,21.52,Online,72
11627,153,2744,2024-12-20,4,44.91,Online,56
11628,157,2744,2025-01-09,2,140.43,Online,57
11629,129,2744,2023-09-17,1,269.37,Online,33
11630,166,2744,2023-01-08,2,151.16,Online,19
11631,102,2744,2025-04-24,3,175.2,Online,63
11632,132,2744,2024-07-07,4,146.35,Online,47
11633,149,2744,2023-02-02,3,64.92,Online,20
11634,160,2744,2023-09-16,4,74.86,TV,324
11635,108,2744,2023-01-25,2,127.37,Online,20
11636,125,2744,2024-08-25,4,25.35,In-Store,125
11637,123,2744,2025-08-02,5,28.54,Email,289
11638,107,2744,2023-12-19,5,110.76,Online,36
11639,151,2744,2024-08-25,2,170.44,Online,49
11640,138,2744,2025-06-12,3,115.15,In-Store,141
11641,142,2744,2025-01-24,4,298.93,In-Store,133
11642,113,2744,2024-01-01,4,122.3,Online,38
11643,177,2744,2023-02-28,1,296.45,In-Store,99
11644,112,2744,2024-07-08,1,58.11,In-Store,123
11645,152,2744,2024-12-06,2,72.34,Online,55
11646,190,2745,2025-04-17,1,121.42,In-Store,137
11647,191,2745,2023-05-19,3,196.98,Email,246
11648,183,2745,2023-11-01,2,127.82,Online,34
11649,120,2745,2025-09-04,3,186.86,Online,69
11650,144,2745,2023-03-17,1,22.73,Online,22
11651,112,2745,2024-11-09,5,58.11,Social,204
11652,127,2745,2025-03-23,3,184.65,Email,283
11653,114,2745,2024-11-24,1,120.5,Online,55
11654,198,2745,2023-03-18,5,167.93,Social,175
11655,177,2745,2025-10-31,1,296.45,In-Store,147
11656,108,2745,2023-03-30,5,127.37,Email,244
11657,177,2745,2023-04-20,1,296.45,Email,245
11658,118,2745,2025-05-10,3,128.58,Email,286
11659,190,2746,2024-06-26,3,121.42,Online,47
11660,180,2746,2025-08-02,3,97.9,Online,68
11661,155,2746,2025-11-19,3,71.21,In-Store,148
11662,189,2746,2025-01-13,3,47.31,Online,58
11663,140,2746,2025-11-06,1,139.7,Online,73
11664,176,2746,2024-07-09,4,98.45,In-Store,122
11665,124,2746,2024-08-24,4,174.26,Online,49
11666,140,2746,2025-04-26,1,139.7,Online,63
11667,146,2746,2025-10-28,5,28.76,In-Store,146
11668,119,2746,2024-12-07,2,193.28,Online,56
11669,160,2746,2025-01-11,4,74.86,TV,349
11670,183,2746,2025-04-05,4,127.82,In-Store,137
11671,108,2746,2025-09-28,5,127.37,Online,71
11672,198,2746,2025-08-06,2,167.93,In-Store,142
11673,152,2746,2025-09-10,3,72.34,Social,218
11674,197,2746,2025-10-03,4,270.16,Online,70
11675,184,2746,2025-11-28,3,120.25,In-Store,149
11676,148,2746,2025-10-02,2,47.75,In-Store,145
11677,140,2746,2024-09-28,5,139.7,Online,52
11678,125,2746,2025-08-15,3,25.35,Online,69
11679,112,2747,2023-05-05,2,58.11,Online,25
11680,109,2747,2022-11-02,3,69.39,Online,15
11681,192,2747,2023-02-24,3,22.56,Online,21
11682,102,2748,2025-11-13,4,175.2,In-Store,148
11683,177,2748,2025-09-29,4,296.45,In-Store,144
11684,175,2748,2025-11-26,3,285.32,Online,74
11685,197,2748,2025-01-11,1,270.16,Online,58
11686,177,2748,2025-01-04,3,296.45,Online,58
11687,139,2748,2025-05-25,3,162.16,In-Store,139
11688,135,2748,2024-11-20,5,62.14,In-Store,130
11689,156,2748,2025-03-27,2,13.54,Online,61
11690,106,2748,2025-04-01,2,41.44,Online,61
11691,183,2748,2025-11-29,4,127.82,Online,75
11692,160,2748,2025-06-25,3,74.86,Online,66
11693,174,2748,2025-08-24,2,89.89,In-Store,143
11694,181,2748,2025-10-14,4,231.25,Online,71
11695,115,2748,2025-06-11,2,114.62,Online,65
11696,190,2748,2024-11-30,1,121.42,Online,55
11697,166,2748,2025-02-22,4,151.16,Online,60
11698,197,2748,2024-12-17,2,270.16,In-Store,131
11699,147,2748,2025-11-24,1,193.11,In-Store,149
11700,141,2748,2025-06-15,1,75.02,In-Store,139
11701,105,2748,2025-05-15,4,45.85,Online,63
11702,191,2748,2024-10-13,2,196.98,TV,344
11703,127,2748,2024-11-25,3,184.65,Online,55
11704,160,2748,2025-11-29,2,74.86,In-Store,148
11705,164,2748,2024-10-26,1,91.03,Online,53
11706,166,2748,2025-03-22,5,151.16,Online,60
11707,118,2748,2025-08-13,3,128.58,Email,290
11708,168,2748,2025-06-19,3,151.07,Online,66
11709,177,2748,2025-04-17,3,296.45,Online,62
11710,127,2748,2025-10-11,1,184.65,In-Store,146
11711,190,2748,2025-09-07,5,121.42,In-Store,143
11712,177,2748,2025-06-04,1,296.45,Online,65
11713,181,2748,2025-11-04,2,231.25,Email,293
11714,140,2749,2024-05-21,4,139.7,Online,46
11715,136,2749,2025-09-24,5,134.23,In-Store,145
11716,139,2749,2025-08-02,3,162.16,Online,68
11717,200,2749,2024-05-03,3,213.63,In-Store,119
11718,132,2749,2023-07-17,2,146.35,Online,29
11719,174,2749,2025-02-17,3,89.89,Online,59
11720,195,2749,2022-08-10,4,109.44,Online,11
11721,192,2749,2023-02-27,3,22.56,In-Store,98
11722,125,2749,2025-09-14,5,25.35,In-Store,144
11723,123,2749,2024-08-06,3,28.54,Online,49
11724,197,2749,2024-08-01,4,270.16,In-Store,123
11725,174,2749,2025-12-13,5,89.89,Online,76
11726,159,2750,2025-05-08,1,21.52,Online,64
11727,131,2750,2025-03-01,1,76.52,Social,209
11728,193,2750,2025-06-05,1,28.68,In-Store,139
11729,160,2750,2025-07-07,2,74.86,In-Store,142
11730,121,2750,2025-02-25,2,126.42,Email,282
11731,135,2750,2025-06-14,2,62.14,Online,65
11732,121,2750,2024-12-11,2,126.42,Online,56
11733,117,2751,2024-11-01,3,214.01,In-Store,128
11734,192,2751,2023-12-24,2,22.56,In-Store,111
11735,120,2751,2024-08-20,5,186.86,Online,50
11736,107,2751,2024-08-06,3,110.76,Social,200
11737,185,2751,2025-11-23,1,143.79,Online,74
11738,105,2751,2025-12-24,3,45.85,Online,77
11739,127,2751,2025-07-15,5,184.65,In-Store,141
11740,119,2751,2024-01-20,3,193.28,In-Store,113
11741,128,2751,2024-02-11,5,69.61,Social,191
11742,118,2751,2023-12-29,4,128.58,Online,38
11743,138,2751,2024-04-24,4,115.15,In-Store,119
11744,199,2751,2025-09-18,3,105.38,Online,70
11745,164,2751,2024-02-16,1,91.03,In-Store,115
11746,127,2751,2024-08-21,4,184.65,Social,200
11747,169,2751,2024-05-12,4,105.46,Online,46
11748,191,2751,2023-12-27,2,196.98,Online,37
11749,142,2751,2024-05-14,4,298.93,Social,195
11750,143,2752,2024-02-29,3,18.47,In-Store,116
11751,169,2752,2025-08-29,3,105.46,Online,69
11752,152,2752,2025-11-28,1,72.34,Online,74
11753,151,2752,2025-01-21,4,170.44,Online,58
11754,149,2752,2024-06-30,2,64.92,Social,197
11755,153,2752,2025-04-13,5,44.91,Online,61
11756,161,2752,2023-09-20,4,233.25,Online,33
11757,196,2752,2023-09-18,5,162.21,In-Store,107
11758,184,2752,2025-04-21,5,120.25,Online,62
11759,151,2752,2025-01-25,2,170.44,In-Store,133
11760,184,2752,2023-10-05,5,120.25,Online,33
11761,133,2752,2024-05-15,3,129.42,Online,46
11762,129,2752,2024-08-20,4,269.37,TV,341
11763,157,2752,2024-06-27,4,140.43,Online,47
11764,118,2752,2024-10-02,3,128.58,Social,202
11765,156,2752,2025-12-31,5,13.54,Social,222
11766,154,2752,2024-11-07,2,39.53,Online,53
11767,189,2752,2023-06-08,5,47.31,Online,28
11768,177,2752,2025-04-02,5,296.45,Online,61
11769,163,2752,2025-09-04,4,115.65,Online,70
11770,106,2752,2024-06-29,1,41.44,Online,48
11771,153,2752,2025-03-04,4,44.91,Online,60
11772,152,2752,2024-07-13,5,72.34,Online,48
11773,160,2752,2023-06-16,3,74.86,Online,27
11774,108,2752,2024-01-24,1,127.37,Online,39
11775,149,2752,2023-10-18,3,64.92,Online,33
11776,105,2752,2023-12-17,1,45.85,Online,37
11777,117,2752,2025-11-04,2,214.01,In-Store,147
11778,162,2752,2024-01-20,4,23.29,Social,190
11779,175,2752,2024-02-20,1,285.32,Online,40
11780,175,2752,2024-09-19,2,285.32,Online,51
11781,165,2752,2024-12-27,2,213.33,In-Store,131
11782,114,2752,2025-04-25,5,120.5,In-Store,137
11783,106,2752,2025-11-05,3,41.44,Online,72
11784,107,2753,2023-01-04,2,110.76,Email,239
11785,127,2753,2025-07-10,5,184.65,Online,67
11786,158,2753,2024-01-15,4,132.56,Online,38
11787,183,2753,2025-03-11,5,127.82,Social,210
11788,135,2753,2025-09-25,4,62.14,Email,291
11789,177,2753,2025-02-11,5,296.45,Social,208
11790,114,2753,2022-06-24,5,120.5,In-Store,86
11791,157,2753,2023-10-12,2,140.43,Online,33
11792,123,2753,2023-04-19,3,28.54,In-Store,100
11793,115,2753,2024-02-25,2,114.62,Online,40
11794,116,2753,2025-09-06,4,161.44,Online,70
11795,182,2753,2023-01-21,4,73.37,Online,19
11796,124,2753,2023-02-18,3,174.26,TV,315
11797,177,2753,2023-08-22,1,296.45,In-Store,106
11798,111,2753,2024-07-03,5,78.12,Online,47
11799,165,2753,2023-05-07,4,213.33,Online,25
11800,127,2753,2022-11-05,4,184.65,Online,15
11801,135,2753,2022-09-09,5,62.14,Online,12
11802,128,2753,2023-12-19,3,69.61,Social,188
11803,127,2753,2023-07-26,4,184.65,Online,31
11804,183,2754,2024-11-02,3,127.82,Social,204
11805,169,2754,2025-03-15,3,105.46,Email,283
11806,132,2754,2025-08-11,1,146.35,Online,68
11807,185,2754,2024-02-12,2,143.79,In-Store,115
11808,198,2754,2025-06-20,5,167.93,Online,66
11809,103,2754,2023-06-01,4,74.85,Online,27
11810,134,2754,2024-12-21,4,113.57,Email,279
11811,159,2754,2025-05-09,5,21.52,Online,63
11812,166,2754,2023-04-13,4,151.16,Social,177
11813,200,2754,2025-04-14,3,213.63,Online,62
11814,150,2754,2023-05-08,5,66.48,Online,25
11815,148,2754,2025-03-28,4,47.75,Online,61
11816,198,2754,2023-12-16,4,167.93,Online,36
11817,111,2754,2024-08-23,5,78.12,In-Store,125
11818,160,2754,2024-11-15,3,74.86,Online,55
11819,173,2754,2022-12-14,2,100.75,Social,170
11820,121,2754,2024-05-03,3,126.42,In-Store,119
11821,122,2754,2025-04-09,2,224.2,Online,61
11822,133,2754,2025-07-20,3,129.42,In-Store,142
11823,196,2754,2024-06-16,2,162.21,Online,47
11824,109,2754,2023-12-20,2,69.39,TV,330
11825,168,2754,2023-07-13,5,151.07,Social,181
11826,158,2754,2024-01-01,1,132.56,In-Store,111
11827,170,2754,2023-01-31,3,124.94,Online,20
11828,165,2754,2023-07-05,1,213.33,Online,29
11829,124,2754,2023-12-01,3,174.26,Online,36
11830,118,2754,2024-10-04,2,128.58,Online,52
11831,124,2754,2025-08-01,3,174.26,Online,68
11832,133,2754,2024-09-25,2,129.42,Online,52
11833,138,2754,2025-04-26,3,115.15,TV,354
11834,157,2754,2023-04-18,1,140.43,In-Store,100
11835,141,2755,2024-04-01,1,75.02,Social,192
11836,173,2755,2023-12-29,2,100.75,Online,38
11837,130,2755,2024-06-27,1,117.61,In-Store,122
11838,137,2755,2024-02-01,2,90.95,Online,39
11839,113,2756,2025-02-16,2,122.3,Online,59
11840,145,2756,2025-11-30,2,87.44,Online,74
11841,114,2756,2024-06-04,4,120.5,Online,47
11842,128,2756,2024-07-08,2,69.61,Online,48
11843,161,2756,2025-08-20,5,233.25,Email,290
11844,170,2756,2024-11-01,5,124.94,In-Store,128
11845,187,2756,2024-08-10,3,95.73,Online,49
11846,115,2756,2024-06-15,4,114.62,In-Store,121
11847,139,2756,2024-05-27,5,162.16,TV,338
11848,155,2757,2024-12-10,1,71.21,Online,56
11849,155,2757,2024-08-09,2,71.21,In-Store,123
11850,169,2757,2024-08-15,1,105.46,Online,50
11851,113,2757,2024-10-30,2,122.3,Online,53
11852,114,2757,2024-07-25,3,120.5,Online,48
11853,172,2757,2024-09-25,1,75.03,Online,51
11854,114,2757,2024-10-15,3,120.5,TV,345
11855,152,2758,2025-02-17,3,72.34,Social,208
11856,121,2758,2024-09-25,4,126.42,Social,202
11857,127,2758,2025-05-26,2,184.65,Online,65
11858,103,2758,2024-07-24,2,74.85,Online,48
11859,151,2758,2024-09-22,3,170.44,Online,51
11860,110,2758,2025-09-04,3,138.19,TV,360
11861,110,2758,2024-09-21,4,138.19,In-Store,126
11862,109,2758,2025-05-09,4,69.39,In-Store,138
11863,122,2758,2025-10-08,5,224.2,Online,71
11864,195,2758,2024-11-25,3,109.44,Online,55
11865,147,2758,2025-09-17,2,193.11,Online,70
11866,197,2758,2024-10-20,4,270.16,In-Store,127
11867,121,2758,2025-10-10,5,126.42,Online,71
11868,120,2758,2025-03-25,3,186.86,Online,61
11869,163,2758,2024-10-31,2,115.65,In-Store,128
11870,200,2758,2025-06-21,1,213.63,Online,66
11871,136,2758,2025-06-11,1,134.23,Online,66
11872,190,2758,2024-10-17,3,121.42,In-Store,127
11873,108,2758,2025-04-08,5,127.37,Social,211
11874,114,2758,2024-11-09,4,120.5,Online,54
11875,138,2759,2025-06-08,1,115.15,In-Store,140
11876,175,2759,2024-07-06,3,285.32,Email,268
11877,183,2759,2024-06-08,4,127.82,Online,47
11878,196,2759,2024-06-02,3,162.21,In-Store,121
11879,155,2759,2024-09-17,5,71.21,Online,51
11880,126,2759,2024-08-02,2,62.9,In-Store,123
11881,190,2759,2025-06-17,2,121.42,Social,213
11882,127,2759,2025-02-16,3,184.65,Online,59
11883,106,2759,2025-04-14,1,41.44,Social,211
11884,194,2759,2025-07-24,4,70.1,Online,68
11885,197,2759,2025-09-12,4,270.16,In-Store,144
11886,116,2759,2025-11-16,3,161.44,In-Store,148
11887,191,2759,2025-01-07,4,196.98,Online,58
11888,116,2759,2025-05-25,4,161.44,Online,65
11889,153,2759,2025-07-22,4,44.91,Online,68
11890,122,2759,2024-11-09,3,224.2,In-Store,128
11891,110,2759,2025-03-12,2,138.19,In-Store,136
11892,159,2759,2025-04-19,4,21.52,In-Store,138
11893,193,2759,2025-09-21,5,28.68,In-Store,144
11894,149,2760,2023-11-07,2,64.92,Online,35
11895,105,2760,2024-01-04,1,45.85,In-Store,112
11896,114,2761,2024-08-12,3,120.5,In-Store,123
11897,153,2761,2024-09-04,3,44.91,Online,51
11898,135,2761,2024-10-15,2,62.14,Online,52
11899,149,2761,2024-10-25,3,64.92,Online,53
11900,178,2762,2025-02-13,5,58.92,Online,59
11901,198,2762,2025-02-28,5,167.93,In-Store,136
11902,142,2762,2025-04-14,1,298.93,Online,63
11903,124,2762,2025-06-01,1,174.26,In-Store,139
11904,128,2762,2025-11-04,2,69.61,Online,72
11905,186,2762,2024-12-12,3,29.78,Online,56
11906,147,2762,2024-08-21,3,193.11,Online,50
11907,199,2762,2025-11-27,4,105.38,TV,364
11908,102,2762,2024-08-08,3,175.2,Email,270
11909,104,2762,2025-10-03,2,50.25,Online,71
11910,113,2762,2025-10-25,4,122.3,In-Store,146
11911,116,2762,2025-12-01,1,161.44,In-Store,149
11912,173,2762,2025-08-27,3,100.75,In-Store,144
11913,109,2762,2024-10-27,3,69.39,Online,53
11914,103,2762,2025-01-08,2,74.85,Online,58
11915,196,2762,2025-09-09,1,162.21,Online,70
11916,148,2762,2024-09-21,5,47.75,Online,51
11917,170,2762,2024-12-21,5,124.94,Online,56
11918,108,2762,2025-06-09,2,127.37,In-Store,140
11919,117,2762,2024-07-23,3,214.01,Online,48
11920,166,2762,2024-10-22,3,151.16,Email,276
11921,168,2762,2025-10-18,5,151.07,Online,71
11922,167,2763,2024-02-12,3,75.91,Online,40
11923,118,2763,2024-03-21,2,128.58,Online,42
11924,111,2763,2025-03-06,2,78.12,In-Store,135
11925,141,2763,2024-09-15,1,75.02,Online,51
11926,133,2763,2025-03-25,4,129.42,Online,60
11927,113,2764,2024-01-24,5,122.3,Online,39
11928,180,2764,2023-08-17,2,97.9,Online,32
11929,145,2764,2025-07-21,5,87.44,Online,68
11930,144,2764,2024-02-08,4,22.73,Online,40
11931,193,2764,2024-11-04,2,28.68,In-Store,128
11932,166,2764,2024-10-25,1,151.16,In-Store,128
11933,140,2764,2024-01-26,1,139.7,Online,39
11934,200,2764,2025-06-21,3,213.63,In-Store,141
11935,191,2764,2025-04-26,5,196.98,Online,63
11936,162,2764,2024-04-08,5,23.29,Online,43
11937,132,2764,2024-01-22,1,146.35,TV,332
11938,176,2764,2025-02-27,2,98.45,Online,59
11939,111,2764,2025-04-04,2,78.12,Email,284
11940,127,2764,2025-03-25,4,184.65,Online,60
11941,136,2764,2025-04-05,1,134.23,In-Store,137
11942,165,2764,2024-09-25,4,213.33,In-Store,125
11943,177,2764,2025-09-21,2,296.45,In-Store,144
11944,140,2764,2025-12-09,5,139.7,Email,295
11945,137,2764,2024-07-15,5,90.95,Online,48
11946,136,2765,2024-12-18,1,134.23,Online,57
11947,120,2765,2025-04-04,5,186.86,Online,62
11948,165,2765,2025-06-27,4,213.33,Email,287
11949,133,2765,2025-11-15,3,129.42,Online,73
11950,108,2765,2025-05-16,3,127.37,Online,64
11951,141,2765,2025-04-22,1,75.02,In-Store,137
11952,157,2765,2025-11-18,3,140.43,Email,293
11953,143,2765,2025-07-24,5,18.47,Online,68
11954,155,2765,2025-10-04,4,71.21,Online,70
11955,191,2765,2024-12-13,2,196.98,Online,56
11956,114,2765,2025-04-18,2,120.5,Online,62
11957,153,2765,2025-01-10,3,44.91,In-Store,132
11958,113,2765,2025-04-17,5,122.3,Online,61
11959,196,2765,2025-10-30,2,162.21,In-Store,147
11960,106,2765,2025-06-09,2,41.44,Online,65
11961,114,2765,2025-06-15,5,120.5,Online,66
11962,137,2765,2025-09-26,1,90.95,Online,70
11963,185,2766,2025-06-08,2,143.79,Email,287
11964,186,2766,2025-01-07,3,29.78,Social,206
11965,116,2766,2025-10-29,1,161.44,Social,220
11966,127,2766,2025-09-24,4,184.65,Online,70
11967,109,2766,2025-08-16,2,69.39,Online,69
11968,133,2766,2025-07-17,3,129.42,In-Store,141
11969,119,2766,2025-10-18,1,193.28,Online,72
11970,160,2766,2024-12-01,3,74.86,In-Store,130
11971,182,2766,2025-03-09,5,73.37,Social,209
11972,130,2766,2025-06-13,1,117.61,Online,65
11973,162,2766,2024-11-03,5,23.29,Social,204
11974,124,2766,2025-05-31,2,174.26,In-Store,139
11975,181,2766,2024-12-31,4,231.25,Online,58
11976,135,2766,2025-08-16,2,62.14,Online,68
11977,151,2766,2025-02-10,5,170.44,Email,282
11978,175,2766,2025-07-03,1,285.32,Online,67
11979,190,2766,2025-01-19,3,121.42,Online,58
11980,181,2766,2024-10-31,4,231.25,Online,54
11981,181,2766,2025-10-30,2,231.25,Email,293
11982,122,2766,2025-12-30,2,224.2,In-Store,150
11983,104,2766,2025-11-27,3,50.25,TV,365
11984,178,2766,2025-12-31,2,58.92,Online,77
11985,175,2766,2025-05-30,1,285.32,Online,65
11986,148,2766,2025-08-11,2,47.75,Online,69
11987,178,2767,2023-08-10,2,58.92,Online,32
11988,105,2767,2023-07-20,1,45.85,Online,30
11989,150,2767,2023-10-18,4,66.48,Online,34
11990,192,2767,2024-06-07,2,22.56,Online,46
11991,193,2767,2025-01-31,2,28.68,Online,58
11992,123,2768,2023-06-27,2,28.54,Online,28
11993,124,2768,2024-10-28,3,174.26,In-Store,128
11994,107,2768,2024-12-31,3,110.76,TV,348
11995,126,2768,2025-11-01,2,62.9,Online,72
11996,191,2768,2025-11-19,3,196.98,Social,221
11997,197,2768,2023-04-20,5,270.16,Online,24
11998,151,2768,2024-01-16,3,170.44,Online,39
11999,122,2768,2025-10-13,4,224.2,Online,72
12000,151,2768,2023-10-04,5,170.44,Email,254
12001,106,2768,2025-12-14,3,41.44,TV,365
12002,129,2768,2025-10-30,5,269.37,Online,72
12003,114,2768,2024-05-29,4,120.5,Online,46
12004,101,2768,2024-11-04,3,116.4,In-Store,128
12005,138,2768,2024-07-27,3,115.15,Online,49
12006,144,2768,2024-05-07,1,22.73,Online,45
12007,138,2768,2024-11-20,5,115.15,Online,55
12008,172,2768,2023-12-29,1,75.03,Online,38
12009,121,2768,2024-11-06,3,126.42,In-Store,128
12010,125,2768,2025-08-28,3,25.35,Online,68
12011,167,2769,2024-10-06,4,75.91,Online,52
12012,183,2769,2025-08-10,3,127.82,Online,68
12013,171,2769,2025-12-09,3,117.28,In-Store,149
12014,175,2769,2025-01-14,4,285.32,Online,58
12015,160,2769,2025-11-14,2,74.86,Online,74
12016,172,2769,2023-12-26,1,75.03,Online,37
12017,197,2769,2025-03-13,2,270.16,Online,60
12018,147,2769,2025-08-14,3,193.11,Online,68
12019,200,2769,2024-05-30,2,213.63,In-Store,121
12020,145,2769,2024-05-20,3,87.44,Online,46
12021,144,2769,2024-12-19,2,22.73,Social,205
12022,147,2769,2024-12-15,1,193.11,Social,205
12023,194,2769,2024-09-19,3,70.1,In-Store,125
12024,115,2769,2025-03-20,3,114.62,In-Store,136
12025,155,2769,2024-04-06,3,71.21,Online,43
12026,194,2769,2025-06-19,5,70.1,Online,66
12027,151,2769,2025-09-01,2,170.44,Online,70
12028,116,2769,2025-09-30,5,161.44,In-Store,145
12029,171,2769,2025-08-02,1,117.28,Online,68
12030,168,2769,2024-11-13,3,151.07,Email,277
12031,156,2770,2023-08-09,3,13.54,Online,32
12032,184,2770,2024-05-10,4,120.25,In-Store,120
12033,133,2770,2024-05-03,3,129.42,Online,44
12034,193,2770,2024-03-22,1,28.68,In-Store,117
12035,149,2770,2024-01-15,1,64.92,Online,39
12036,194,2770,2022-11-05,1,70.1,Online,15
12037,167,2770,2023-04-01,3,75.91,In-Store,100
12038,108,2770,2022-10-15,4,127.37,Online,15
12039,140,2771,2024-12-08,5,139.7,Online,56
12040,167,2771,2025-02-13,1,75.91,In-Store,135
12041,139,2771,2025-09-06,1,162.16,Online,69
12042,139,2771,2024-10-30,3,162.16,In-Store,128
12043,121,2771,2025-05-16,1,126.42,In-Store,139
12044,134,2771,2025-06-17,3,113.57,Online,66
12045,131,2771,2025-10-24,4,76.52,Online,72
12046,121,2771,2025-07-22,3,126.42,Online,67
12047,120,2771,2025-11-09,1,186.86,Online,73
12048,124,2771,2025-03-31,5,174.26,Email,284
12049,108,2771,2025-12-19,5,127.37,Online,77
12050,160,2771,2025-09-15,4,74.86,Online,70
12051,198,2771,2025-08-16,4,167.93,Online,69
12052,151,2772,2024-02-12,3,170.44,Online,40
12053,104,2772,2024-02-24,1,50.25,In-Store,115
12054,120,2772,2025-06-28,3,186.86,Social,213
12055,126,2772,2024-11-19,4,62.9,Social,204
12056,116,2772,2025-07-09,1,161.44,TV,357
12057,190,2772,2024-07-11,4,121.42,In-Store,122
12058,198,2772,2022-11-26,3,167.93,Social,169
12059,176,2772,2023-03-27,3,98.45,In-Store,100
12060,136,2772,2025-05-23,5,134.23,Online,65
12061,193,2772,2024-04-16,3,28.68,Online,43
12062,114,2772,2023-03-03,1,120.5,In-Store,98
12063,177,2772,2025-07-17,2,296.45,Social,215
12064,153,2772,2024-08-08,1,44.91,Social,200
12065,125,2772,2024-06-13,3,25.35,In-Store,120
12066,148,2772,2024-09-16,5,47.75,In-Store,126
12067,138,2772,2025-01-22,1,115.15,Online,58
12068,119,2772,2023-07-15,1,193.28,In-Store,104
12069,172,2772,2022-06-04,3,75.03,Online,7
12070,117,2772,2025-07-23,4,214.01,In-Store,142
12071,123,2772,2024-02-23,4,28.54,Online,41
12072,136,2773,2024-01-06,3,134.23,Social,189
12073,137,2773,2024-03-10,3,90.95,Email,262
12074,104,2773,2023-05-08,4,50.25,Online,25
12075,192,2773,2023-12-21,4,22.56,Online,37
12076,194,2773,2024-01-18,3,70.1,In-Store,112
12077,141,2773,2024-06-17,1,75.02,Online,47
12078,167,2773,2023-12-10,4,75.91,Social,187
12079,154,2773,2023-10-25,4,39.53,Social,185
12080,131,2774,2024-10-14,1,76.52,In-Store,127
12081,128,2774,2024-05-23,1,69.61,Online,46
12082,130,2774,2024-09-30,2,117.61,Online,51
12083,190,2774,2024-09-27,4,121.42,In-Store,126
12084,169,2774,2024-08-09,2,105.46,Online,49
12085,130,2774,2024-06-14,1,117.61,Online,47
12086,141,2775,2024-05-20,4,75.02,Online,46
12087,106,2775,2025-06-17,1,41.44,Online,66
12088,192,2775,2025-07-26,5,22.56,Online,68
12089,130,2775,2024-11-04,4,117.61,In-Store,128
12090,152,2775,2025-11-19,5,72.34,In-Store,147
12091,157,2775,2024-09-10,2,140.43,Online,51
12092,174,2775,2024-04-18,2,89.89,Online,43
12093,175,2775,2024-04-22,5,285.32,Online,43
12094,170,2775,2024-10-28,1,124.94,In-Store,128
12095,189,2775,2025-08-07,5,47.31,Online,68
12096,152,2775,2024-11-14,4,72.34,Online,54
12097,148,2775,2024-04-02,2,47.75,In-Store,118
12098,157,2775,2025-02-09,5,140.43,Online,59
12099,108,2775,2025-12-05,3,127.37,Online,74
12100,156,2775,2024-12-04,4,13.54,Online,55
12101,106,2776,2024-04-03,3,41.44,Social,192
12102,173,2776,2024-04-21,1,100.75,Social,194
12103,141,2776,2024-06-07,1,75.02,Online,46
12104,158,2777,2024-04-26,1,132.56,Online,44
12105,169,2777,2023-02-08,4,105.46,In-Store,97
12106,186,2777,2024-08-20,1,29.78,Online,49
12107,118,2777,2024-01-09,3,128.58,Online,38
12108,198,2777,2024-01-29,2,167.93,In-Store,113
12109,119,2777,2023-01-14,3,193.28,Social,171
12110,189,2777,2025-07-02,5,47.31,Online,67
12111,151,2777,2024-05-21,1,170.44,Online,46
12112,191,2777,2025-04-22,1,196.98,Online,62
12113,186,2777,2023-01-07,1,29.78,Social,171
12114,121,2777,2024-04-10,4,126.42,Online,43
12115,189,2777,2024-08-31,2,47.31,Online,51
12116,198,2777,2025-12-30,2,167.93,Social,222
12117,122,2777,2024-08-21,1,224.2,Online,49
12118,158,2777,2024-04-16,5,132.56,Online,43
12119,129,2777,2024-08-08,2,269.37,Social,200
12120,152,2777,2023-03-28,5,72.34,Online,22
12121,123,2778,2024-07-14,3,28.54,Online,48
12122,172,2778,2024-04-14,3,75.03,In-Store,118
12123,163,2778,2024-01-31,4,115.65,Online,40
12124,194,2778,2024-01-29,3,70.1,Online,40
12125,125,2778,2024-04-19,2,25.35,In-Store,118
12126,160,2778,2024-01-29,1,74.86,Online,40
12127,170,2778,2024-08-17,3,124.94,In-Store,124
12128,154,2778,2024-05-05,3,39.53,TV,337
12129,111,2778,2024-08-21,1,78.12,Online,50
12130,154,2778,2024-08-30,3,39.53,Online,49
12131,103,2778,2024-06-20,3,74.85,In-Store,121
12132,103,2778,2024-08-05,3,74.85,Social,199
12133,105,2778,2024-01-06,3,45.85,Online,38
12134,155,2778,2024-04-26,3,71.21,Online,45
12135,111,2778,2024-05-22,3,78.12,Online,46
12136,101,2779,2023-12-09,4,116.4,Online,37
12137,131,2779,2024-07-13,1,76.52,In-Store,122
12138,121,2779,2023-06-21,3,126.42,Online,28
12139,183,2779,2024-04-20,2,127.82,In-Store,118
12140,145,2779,2023-07-07,4,87.44,Online,29
12141,135,2779,2023-07-13,3,62.14,Social,180
12142,199,2779,2023-10-22,2,105.38,Social,184
12143,137,2779,2023-07-11,3,90.95,Online,29
12144,173,2779,2024-04-08,1,100.75,Online,43
12145,104,2779,2024-05-16,3,50.25,Online,45
12146,135,2779,2023-09-25,2,62.14,Email,253
12147,136,2779,2023-12-10,1,134.23,Online,36
12148,176,2779,2024-07-06,4,98.45,In-Store,123
12149,135,2779,2023-12-03,4,62.14,Online,37
12150,144,2780,2023-02-26,3,22.73,Online,22
12151,133,2780,2023-03-09,2,129.42,Online,22
12152,173,2780,2023-05-11,1,100.75,In-Store,101
12153,192,2780,2023-08-15,2,22.56,In-Store,106
12154,169,2780,2023-03-25,2,105.46,Online,23
12155,188,2780,2023-01-18,1,12.93,Online,19
12156,156,2781,2024-08-12,3,13.54,TV,340
12157,199,2781,2024-09-05,1,105.38,In-Store,124
12158,184,2781,2024-07-18,2,120.25,Online,48
12159,169,2781,2024-05-06,1,105.46,Online,45
12160,194,2781,2024-09-28,4,70.1,Online,52
12161,136,2781,2024-08-27,2,134.23,TV,342
12162,117,2782,2025-12-21,4,214.01,Online,77
12163,181,2782,2024-10-15,3,231.25,Online,52
12164,108,2782,2025-05-12,1,127.37,Social,212
12165,190,2782,2025-01-08,5,121.42,Email,280
12166,182,2782,2025-07-16,5,73.37,Email,289
12167,190,2782,2025-05-01,3,121.42,Online,64
12168,108,2782,2024-09-10,5,127.37,Online,51
12169,131,2782,2025-08-03,3,76.52,In-Store,143
12170,103,2782,2025-06-16,2,74.85,TV,356
12171,132,2782,2025-01-03,1,146.35,Online,58
12172,151,2782,2025-01-31,3,170.44,Social,207
12173,181,2782,2025-09-17,5,231.25,Online,70
12174,155,2782,2025-05-27,5,71.21,Online,65
12175,110,2782,2025-09-08,5,138.19,Online,69
12176,111,2782,2024-10-31,5,78.12,In-Store,128
12177,132,2782,2024-12-11,4,146.35,Social,205
12178,167,2782,2025-09-08,3,75.91,Online,70
12179,127,2782,2025-08-04,3,184.65,Online,68
12180,103,2782,2025-08-12,3,74.85,Online,69
12181,142,2782,2025-10-30,2,298.93,Online,72
12182,182,2782,2025-08-22,1,73.37,In-Store,143
12183,122,2782,2025-04-25,1,224.2,Online,63
12184,130,2782,2025-11-08,5,117.61,In-Store,147
12185,139,2782,2024-12-29,2,162.16,Online,56
12186,154,2782,2024-12-19,1,39.53,Social,205
12187,161,2782,2025-07-20,4,233.25,Online,68
12188,165,2782,2025-03-21,2,213.33,Online,60
12189,196,2782,2025-01-04,5,162.21,In-Store,132
12190,143,2782,2025-08-16,2,18.47,Online,68
12191,135,2783,2025-04-30,1,62.14,Email,285
12192,129,2783,2025-02-27,1,269.37,Email,282
12193,101,2783,2025-03-24,5,116.4,Social,210
12194,174,2783,2025-10-26,5,89.89,TV,363
12195,113,2783,2025-01-23,1,122.3,In-Store,133
12196,103,2783,2025-09-12,2,74.85,Online,70
12197,192,2783,2025-03-22,3,22.56,In-Store,136
12198,190,2783,2025-07-01,1,121.42,Online,67
12199,156,2783,2025-10-17,1,13.54,Online,71
12200,166,2783,2025-10-01,1,151.16,Email,291
12201,186,2783,2025-10-14,5,29.78,In-Store,146
12202,184,2783,2025-02-21,3,120.25,Social,208
12203,141,2783,2025-01-26,5,75.02,Online,59
12204,168,2783,2025-07-07,1,151.07,In-Store,142
12205,123,2783,2025-08-24,1,28.54,Online,69
12206,102,2783,2025-03-03,4,175.2,Online,60
12207,139,2783,2025-08-27,1,162.16,TV,360
12208,120,2783,2025-01-07,4,186.86,In-Store,132
12209,189,2783,2025-06-25,3,47.31,Online,66
12210,109,2783,2025-08-29,2,69.39,Online,68
12211,194,2784,2025-02-15,1,70.1,In-Store,135
12212,183,2784,2025-08-30,3,127.82,Online,69
12213,102,2784,2024-10-10,1,175.2,Email,274
12214,132,2784,2023-03-14,1,146.35,Online,22
12215,189,2784,2023-09-04,4,47.31,TV,324
12216,193,2784,2024-06-13,1,28.68,Online,46
12217,166,2784,2025-07-09,2,151.16,TV,356
12218,113,2784,2023-01-31,4,122.3,Online,20
12219,102,2784,2025-01-25,1,175.2,Online,58
12220,144,2784,2025-02-22,5,22.73,In-Store,134
12221,167,2784,2023-07-30,2,75.91,Social,181
12222,195,2784,2023-06-15,3,109.44,Online,28
12223,166,2784,2024-10-20,3,151.16,Online,53
12224,157,2784,2023-11-05,4,140.43,In-Store,109
12225,146,2784,2024-04-06,5,28.76,TV,335
12226,127,2784,2022-11-24,3,184.65,Online,17
12227,140,2784,2024-03-06,2,139.7,Online,41
12228,133,2784,2024-01-12,4,129.42,Social,190
12229,183,2784,2023-04-21,4,127.82,Online,24
12230,142,2784,2025-05-12,4,298.93,In-Store,138
12231,109,2784,2024-02-26,3,69.39,Email,261
12232,168,2784,2023-05-26,2,151.07,In-Store,102
12233,103,2784,2024-08-13,4,74.85,Online,49
12234,160,2784,2023-06-04,5,74.86,Online,28
12235,186,2784,2022-11-22,2,29.78,Online,17
12236,158,2784,2024-10-30,2,132.56,Online,54
12237,149,2784,2025-06-19,2,64.92,Online,66
12238,129,2784,2024-12-30,3,269.37,Online,56
12239,136,2784,2024-07-09,5,134.23,In-Store,122
12240,190,2784,2023-08-21,1,121.42,In-Store,106
12241,166,2784,2024-05-19,2,151.16,Online,46
12242,110,2784,2023-02-14,3,138.19,Online,20
12243,160,2785,2025-09-28,1,74.86,In-Store,145
12244,123,2785,2024-08-24,1,28.54,Online,49
12245,121,2785,2025-03-09,5,126.42,In-Store,135
12246,125,2785,2024-05-21,5,25.35,In-Store,120
12247,188,2785,2023-07-29,3,12.93,Online,31
12248,193,2785,2025-06-19,5,28.68,Online,66
12249,142,2785,2025-06-26,4,298.93,Online,66
12250,149,2785,2024-04-10,2,64.92,In-Store,118
12251,131,2785,2025-12-13,3,76.52,Online,76
12252,108,2785,2025-04-15,4,127.37,Online,61
12253,168,2785,2025-03-15,4,151.07,Social,209
12254,110,2785,2025-04-11,4,138.19,Online,61
12255,169,2785,2025-11-28,4,105.46,Email,294
12256,139,2785,2024-02-05,5,162.16,Online,40
12257,175,2785,2025-04-15,4,285.32,TV,353
12258,163,2785,2025-03-30,5,115.65,Online,61
12259,136,2785,2022-12-03,5,134.23,Email,238
12260,129,2785,2023-03-17,4,269.37,Online,22
12261,154,2785,2025-12-08,5,39.53,In-Store,149
12262,163,2785,2023-03-08,2,115.65,Online,22
12263,116,2785,2022-11-28,1,161.44,In-Store,94
12264,175,2785,2025-10-22,3,285.32,Social,220
12265,132,2785,2025-11-28,3,146.35,Online,74
12266,143,2785,2025-06-14,3,18.47,Online,66
12267,196,2785,2024-05-15,2,162.21,Online,46
12268,110,2785,2023-09-11,2,138.19,In-Store,107
12269,110,2785,2022-06-06,3,138.19,Social,160
12270,159,2785,2023-11-07,1,21.52,In-Store,110
12271,140,2785,2025-01-07,5,139.7,Social,206
12272,123,2786,2023-08-09,2,28.54,Online,32
12273,126,2786,2024-04-28,1,62.9,Online,43
12274,189,2786,2025-08-05,2,47.31,In-Store,142
12275,188,2786,2025-07-27,5,12.93,Social,214
12276,190,2786,2024-02-25,1,121.42,Online,40
12277,198,2786,2025-09-27,1,167.93,In-Store,145
12278,104,2786,2025-05-21,5,50.25,Online,65
12279,132,2786,2024-11-20,4,146.35,In-Store,128
12280,104,2786,2024-12-14,2,50.25,Online,56
12281,168,2786,2025-03-11,4,151.07,Social,209
12282,116,2786,2025-08-19,3,161.44,In-Store,143
12283,200,2786,2024-10-12,1,213.63,Online,53
12284,120,2786,2023-06-14,5,186.86,Email,249
12285,186,2786,2025-09-09,3,29.78,Online,69
12286,111,2786,2025-01-26,1,78.12,Online,58
12287,116,2786,2024-01-04,4,161.44,Online,38
12288,118,2786,2025-11-01,1,128.58,Online,73
12289,178,2786,2023-06-01,3,58.92,In-Store,102
12290,179,2786,2025-09-05,1,69.62,Online,70
12291,175,2786,2025-09-24,1,285.32,Email,291
12292,177,2786,2025-07-05,1,296.45,Online,67
12293,138,2786,2024-07-07,2,115.15,Social,198
12294,127,2786,2025-02-15,1,184.65,Social,208
12295,170,2786,2023-07-04,1,124.94,In-Store,104
12296,187,2786,2025-11-28,1,95.73,In-Store,148
12297,133,2787,2023-09-09,1,129.42,Online,33
12298,125,2787,2024-04-28,4,25.35,In-Store,119
12299,141,2787,2024-11-08,1,75.02,Social,204
12300,151,2787,2022-10-19,3,170.44,Online,15
12301,200,2787,2024-07-26,2,213.63,In-Store,123
12302,107,2787,2023-01-12,5,110.76,Online,19
12303,113,2787,2022-12-09,5,122.3,Email,239
12304,102,2787,2025-01-09,1,175.2,Online,58
12305,121,2787,2022-12-31,4,126.42,Online,19
12306,176,2787,2023-01-21,3,98.45,Social,172
12307,183,2787,2025-07-08,3,127.82,Online,67
12308,168,2787,2023-01-23,2,151.07,Email,241
12309,122,2787,2022-08-26,2,224.2,Email,235
12310,119,2787,2023-08-29,1,193.28,Online,32
12311,158,2787,2024-10-18,5,132.56,Social,203
12312,198,2787,2024-01-10,2,167.93,Online,39
12313,118,2787,2023-08-05,2,128.58,Online,30
12314,152,2787,2023-07-22,2,72.34,Online,30
12315,153,2787,2025-11-17,3,44.91,Online,73
12316,188,2787,2024-08-30,1,12.93,Social,201
12317,136,2787,2023-04-09,2,134.23,Online,24
12318,177,2787,2022-09-08,5,296.45,Social,163
12319,188,2788,2024-09-22,2,12.93,Online,51
12320,152,2788,2023-11-06,4,72.34,Online,34
12321,108,2788,2023-11-08,4,127.37,Online,35
12322,167,2788,2024-04-26,2,75.91,Online,43
12323,106,2788,2023-09-13,4,41.44,In-Store,107
12324,193,2788,2024-01-09,4,28.68,Email,258
12325,111,2789,2025-04-28,1,78.12,Email,285
12326,123,2789,2025-03-01,3,28.54,In-Store,136
12327,169,2789,2024-11-16,2,105.46,Online,54
12328,169,2789,2025-03-28,4,105.46,Online,60
12329,144,2789,2025-01-28,4,22.73,In-Store,134
12330,170,2789,2025-01-20,4,124.94,Online,58
12331,167,2790,2023-12-05,3,75.91,Online,36
12332,141,2790,2023-03-11,3,75.02,In-Store,99
12333,188,2790,2023-01-18,2,12.93,Email,240
12334,136,2790,2022-12-22,2,134.23,Social,170
12335,136,2790,2022-11-22,3,134.23,Online,17
12336,193,2790,2022-08-14,3,28.68,Online,11
12337,160,2790,2023-06-28,3,74.86,Online,29
12338,126,2790,2022-10-18,2,62.9,Online,14
12339,194,2791,2024-02-25,2,70.1,Social,191
12340,141,2791,2023-12-14,2,75.02,In-Store,111
12341,193,2791,2024-02-10,2,28.68,In-Store,115
12342,133,2791,2024-09-15,2,129.42,Online,51
12343,187,2791,2024-03-07,2,95.73,In-Store,117
12344,103,2792,2025-05-03,4,74.85,Online,63
12345,129,2792,2023-12-18,4,269.37,Online,36
12346,136,2792,2025-01-14,2,134.23,Online,58
12347,116,2792,2025-10-15,2,161.44,Online,71
12348,116,2792,2025-08-08,4,161.44,In-Store,143
12349,182,2792,2024-08-08,3,73.37,In-Store,124
12350,167,2792,2024-11-27,2,75.91,Online,55
12351,124,2792,2024-04-06,3,174.26,TV,335
12352,177,2792,2025-05-04,3,296.45,In-Store,138
12353,129,2792,2023-12-09,1,269.37,In-Store,111
12354,149,2792,2023-11-05,3,64.92,Online,35
12355,119,2792,2024-07-28,5,193.28,Online,49
12356,173,2792,2025-12-05,5,100.75,TV,365
12357,126,2792,2023-11-22,2,62.9,Online,35
12358,120,2792,2024-02-08,3,186.86,In-Store,114
12359,175,2792,2024-01-08,4,285.32,Online,39
12360,107,2792,2023-11-11,5,110.76,In-Store,110
12361,169,2792,2025-06-19,3,105.46,In-Store,141
12362,181,2792,2025-04-15,5,231.25,Email,284
12363,194,2793,2024-08-31,1,70.1,TV,342
12364,133,2793,2024-06-30,2,129.42,Social,198
12365,107,2793,2024-05-28,1,110.76,Online,46
12366,200,2794,2025-09-13,1,213.63,In-Store,144
12367,104,2794,2023-07-10,4,50.25,Online,29
12368,116,2794,2023-02-17,3,161.44,Social,173
12369,111,2794,2023-09-24,3,78.12,In-Store,107
12370,128,2794,2023-09-10,2,69.61,Online,33
12371,110,2794,2025-01-25,3,138.19,Online,59
12372,116,2794,2023-07-01,5,161.44,Online,29
12373,133,2794,2025-05-10,5,129.42,In-Store,139
12374,140,2794,2025-03-12,5,139.7,Online,60
12375,183,2794,2025-02-16,4,127.82,Social,208
12376,190,2794,2023-11-08,3,121.42,Online,35
12377,166,2794,2023-08-09,5,151.16,Social,182
12378,157,2794,2024-09-26,1,140.43,Online,52
12379,200,2794,2025-10-27,1,213.63,In-Store,147
12380,145,2794,2024-12-19,3,87.44,Online,57
12381,167,2794,2025-05-26,5,75.91,Online,65
12382,148,2794,2024-01-21,2,47.75,Email,259
12383,102,2794,2025-04-17,4,175.2,In-Store,138
12384,105,2795,2023-11-18,1,45.85,Online,36
12385,103,2795,2023-10-13,2,74.85,Online,33
12386,190,2795,2023-04-13,1,121.42,Online,24
12387,167,2795,2023-08-16,2,75.91,Social,182
12388,173,2795,2024-02-25,4,100.75,TV,333
12389,143,2795,2023-07-11,3,18.47,Online,29
12390,156,2795,2024-02-17,2,13.54,Online,40
12391,114,2795,2023-10-05,3,120.5,Online,33
12392,128,2795,2023-02-26,2,69.61,Online,22
12393,130,2796,2025-02-14,1,117.61,Online,59
12394,191,2796,2024-12-16,2,196.98,Social,205
12395,187,2796,2025-10-27,1,95.73,Online,72
12396,122,2796,2025-03-30,2,224.2,In-Store,137
12397,134,2796,2025-04-12,1,113.57,Online,62
12398,151,2796,2025-03-14,3,170.44,Online,60
12399,108,2796,2025-03-22,3,127.37,Online,61
12400,197,2796,2025-10-29,4,270.16,Social,220
12401,174,2796,2024-11-08,3,89.89,Social,203
12402,117,2796,2025-09-08,5,214.01,Email,291
12403,198,2796,2025-12-04,3,167.93,Online,75
12404,183,2796,2025-03-25,3,127.82,Online,60
12405,140,2796,2024-06-17,3,139.7,In-Store,121
12406,110,2796,2025-07-10,4,138.19,Online,67
12407,199,2796,2025-04-21,3,105.38,Online,63
12408,191,2796,2024-06-28,4,196.98,In-Store,122
12409,171,2796,2025-12-07,2,117.28,TV,364
12410,111,2797,2023-12-04,2,78.12,Online,36
12411,143,2797,2024-05-18,1,18.47,Online,46
12412,200,2797,2025-04-24,2,213.63,In-Store,137
12413,151,2797,2025-07-01,2,170.44,In-Store,141
12414,180,2797,2025-11-04,3,97.9,Online,73
12415,182,2797,2024-01-04,4,73.37,In-Store,111
12416,158,2797,2024-01-16,3,132.56,Online,38
12417,107,2797,2024-06-11,4,110.76,Social,196
12418,185,2797,2023-10-10,1,143.79,In-Store,108
12419,124,2797,2023-10-04,3,174.26,Online,33
12420,185,2797,2024-02-05,3,143.79,In-Store,114
12421,132,2797,2024-08-01,3,146.35,Social,199
12422,165,2797,2025-03-15,3,213.33,Online,61
12423,164,2797,2024-08-19,3,91.03,Online,50
12424,146,2797,2024-10-26,4,28.76,Online,53
12425,133,2797,2023-08-16,5,129.42,Online,32
12426,192,2797,2025-12-10,5,22.56,In-Store,149
12427,154,2798,2023-06-08,1,39.53,Email,248
12428,183,2798,2023-05-10,2,127.82,Online,25
12429,186,2798,2023-07-10,1,29.78,Online,29
12430,161,2799,2025-01-16,4,233.25,In-Store,132
12431,121,2799,2024-03-30,2,126.42,Social,192
12432,185,2799,2024-11-22,2,143.79,Online,55
12433,130,2799,2025-05-14,5,117.61,Online,64
12434,153,2799,2025-03-08,4,44.91,In-Store,135
12435,123,2799,2024-02-12,4,28.54,Online,40
12436,102,2799,2023-12-23,4,175.2,In-Store,112
12437,116,2799,2025-11-26,5,161.44,Online,75
12438,157,2799,2025-10-14,1,140.43,Social,218
12439,155,2799,2024-09-27,1,71.21,In-Store,125
12440,140,2799,2025-06-27,5,139.7,Online,67
12441,159,2799,2025-10-03,3,21.52,In-Store,145
12442,113,2799,2024-06-16,4,122.3,Online,47
12443,102,2799,2025-04-16,1,175.2,In-Store,137
12444,108,2799,2023-12-03,4,127.37,In-Store,111
12445,111,2799,2025-09-02,3,78.12,TV,359
12446,152,2799,2024-03-01,2,72.34,Online,41
12447,148,2799,2023-10-21,1,47.75,In-Store,108
12448,159,2799,2025-10-16,2,21.52,Online,72
12449,116,2800,2025-11-08,3,161.44,Social,220
12450,119,2800,2024-03-09,1,193.28,Online,42
12451,188,2800,2024-10-09,2,12.93,In-Store,127
12452,184,2800,2023-12-15,2,120.25,In-Store,112
12453,187,2800,2025-03-23,1,95.73,In-Store,136
12454,119,2800,2024-08-05,3,193.28,TV,340
12455,180,2800,2024-08-23,2,97.9,Online,50
12456,149,2800,2025-01-30,3,64.92,Social,207
12457,154,2800,2025-12-02,4,39.53,In-Store,149
12458,192,2800,2025-02-04,1,22.56,In-Store,134
12459,143,2800,2024-08-08,3,18.47,Social,199
12460,136,2800,2025-03-09,4,134.23,Online,60
12461,151,2800,2025-11-26,3,170.44,Online,75
12462,114,2800,2025-12-25,2,120.5,In-Store,149
12463,177,2800,2024-05-01,4,296.45,In-Store,119
12464,196,2800,2025-01-29,4,162.21,Online,59
12465,118,2800,2023-12-09,1,128.58,Online,37
12466,185,2800,2024-09-21,4,143.79,Online,51
12467,134,2800,2023-11-27,5,113.57,In-Store,110
12468,122,2800,2024-10-12,3,224.2,In-Store,127
12469,158,2800,2024-12-22,1,132.56,Online,56
12470,106,2800,2025-07-05,3,41.44,Social,214
12471,110,2800,2025-11-03,4,138.19,In-Store,147
12472,128,2800,2024-06-29,1,69.61,In-Store,122
12473,124,2800,2024-07-04,3,174.26,Online,48
12474,160,2800,2025-11-21,2,74.86,In-Store,148
12475,147,2800,2025-03-28,2,193.11,Online,61
12476,146,2800,2025-12-27,1,28.76,Online,77
12477,155,2801,2025-12-27,2,71.21,Online,76
12478,163,2801,2025-10-09,4,115.65,In-Store,145
12479,135,2801,2025-11-14,1,62.14,In-Store,148
12480,101,2801,2023-09-16,5,116.4,Online,33
12481,192,2801,2024-02-17,1,22.56,TV,334
12482,129,2801,2025-11-21,5,269.37,Online,74
12483,197,2801,2025-03-18,1,270.16,Social,209
12484,136,2801,2023-04-23,3,134.23,Online,25
12485,170,2801,2022-12-09,1,124.94,TV,313
12486,155,2801,2025-04-23,3,71.21,In-Store,138
12487,101,2801,2023-08-08,3,116.4,In-Store,106
12488,181,2801,2023-05-19,5,231.25,In-Store,102
12489,138,2801,2023-11-02,4,115.15,Social,185
12490,151,2801,2024-10-13,1,170.44,Online,52
12491,140,2801,2025-08-20,2,139.7,Online,69
12492,138,2801,2025-06-23,5,115.15,Online,66
12493,175,2801,2024-03-27,4,285.32,In-Store,118
12494,126,2801,2025-04-14,3,62.9,Online,62
12495,189,2801,2024-04-11,4,47.31,In-Store,118
12496,136,2801,2023-03-31,5,134.23,Social,176
12497,197,2801,2024-09-09,4,270.16,In-Store,124
12498,117,2801,2024-10-14,2,214.01,In-Store,127
12499,136,2801,2025-06-13,1,134.23,In-Store,141
12500,106,2801,2024-04-21,2,41.44,Online,44
12501,110,2801,2025-11-22,2,138.19,Online,74
12502,167,2801,2024-03-16,1,75.91,Online,42
12503,155,2801,2024-06-25,4,71.21,Online,47
12504,178,2801,2025-03-23,5,58.92,Online,61
12505,121,2801,2025-05-24,3,126.42,Online,65
12506,122,2801,2024-08-29,3,224.2,Online,49
12507,190,2801,2023-07-16,4,121.42,Online,29
12508,151,2801,2023-11-20,2,170.44,Social,187
12509,163,2801,2024-09-20,4,115.65,TV,344
12510,133,2801,2024-06-17,3,129.42,Online,47
12511,132,2801,2023-04-05,2,146.35,Online,23
12512,101,2801,2025-01-07,5,116.4,In-Store,132
12513,119,2801,2025-03-23,4,193.28,In-Store,136
12514,193,2802,2025-11-22,5,28.68,Online,75
12515,108,2802,2024-09-14,4,127.37,Online,51
12516,108,2802,2024-10-27,3,127.37,In-Store,128
12517,112,2802,2025-10-03,2,58.11,Online,71
12518,177,2802,2024-03-15,3,296.45,In-Store,116
12519,187,2802,2024-05-03,5,95.73,Email,265
12520,176,2802,2025-02-20,3,98.45,Online,59
12521,192,2802,2024-05-25,1,22.56,Social,195
12522,200,2802,2025-05-10,2,213.63,Social,212
12523,120,2802,2024-08-11,4,186.86,Online,49
12524,156,2802,2025-11-12,3,13.54,Online,73
12525,117,2802,2024-03-23,5,214.01,Online,43
12526,119,2802,2025-08-07,1,193.28,In-Store,142
12527,179,2802,2024-04-09,1,69.62,Email,263
12528,143,2802,2024-07-27,3,18.47,Online,48
12529,175,2802,2024-08-24,5,285.32,Online,49
12530,122,2802,2025-11-16,4,224.2,Online,73
12531,113,2802,2024-05-03,1,122.3,Online,44
12532,198,2802,2025-10-27,4,167.93,Online,72
12533,174,2802,2025-03-07,1,89.89,Social,209
12534,171,2802,2025-05-13,4,117.28,Online,63
12535,196,2802,2025-05-20,5,162.21,Online,64
12536,133,2802,2025-07-01,3,129.42,Online,66
12537,172,2802,2025-05-12,4,75.03,In-Store,138
12538,185,2802,2024-12-15,5,143.79,Online,57
12539,110,2802,2024-03-27,5,138.19,Online,42
12540,117,2803,2025-09-16,4,214.01,Online,70
12541,197,2803,2025-09-26,4,270.16,In-Store,144
12542,104,2803,2024-07-08,5,50.25,Social,198
12543,170,2803,2024-04-16,2,124.94,Email,264
12544,181,2803,2025-05-28,4,231.25,Online,65
12545,197,2803,2025-03-19,5,270.16,In-Store,136
12546,108,2803,2024-11-12,1,127.37,Online,55
12547,104,2803,2025-02-06,3,50.25,Online,59
12548,175,2803,2024-08-29,3,285.32,Email,272
12549,110,2803,2024-10-02,3,138.19,In-Store,126
12550,104,2803,2024-02-18,4,50.25,Online,40
12551,130,2803,2024-04-15,2,117.61,Online,44
12552,130,2803,2024-07-09,3,117.61,In-Store,122
12553,155,2803,2025-05-10,2,71.21,In-Store,138
12554,149,2803,2025-10-15,4,64.92,Social,218
12555,103,2803,2024-03-21,5,74.85,Online,42
12556,109,2803,2025-10-17,2,69.39,In-Store,146
12557,106,2803,2025-09-04,3,41.44,In-Store,144
12558,197,2803,2024-08-06,4,270.16,Online,49
12559,136,2803,2025-02-19,5,134.23,Online,59
12560,105,2803,2025-05-25,1,45.85,Email,286
12561,121,2803,2024-07-27,3,126.42,Online,48
12562,138,2803,2024-03-18,2,115.15,TV,335
12563,175,2803,2024-05-11,2,285.32,Email,265
12564,189,2803,2025-06-16,3,47.31,In-Store,141
12565,107,2803,2025-10-26,5,110.76,In-Store,147
12566,120,2803,2025-01-14,1,186.86,Online,58
12567,118,2803,2024-02-29,3,128.58,In-Store,114
12568,147,2803,2024-02-21,1,193.11,Social,191
12569,190,2803,2024-10-21,4,121.42,Online,53
12570,191,2804,2023-06-18,2,196.98,In-Store,103
12571,200,2804,2023-06-11,2,213.63,Online,27
12572,185,2804,2025-08-08,1,143.79,Online,68
12573,192,2804,2025-07-24,5,22.56,In-Store,142
12574,116,2804,2024-10-02,4,161.44,Online,52
12575,166,2804,2022-06-21,4,151.16,In-Store,86
12576,121,2804,2025-09-30,3,126.42,In-Store,144
12577,193,2804,2025-08-25,1,28.68,Online,68
12578,176,2804,2022-08-19,4,98.45,Social,163
12579,136,2804,2025-02-01,1,134.23,In-Store,134
12580,113,2804,2022-07-15,3,122.3,TV,306
12581,175,2804,2024-10-19,4,285.32,Online,53
12582,133,2804,2023-04-24,1,129.42,In-Store,100
12583,197,2804,2023-08-04,1,270.16,In-Store,105
12584,154,2804,2024-05-27,3,39.53,Online,46
12585,128,2804,2024-04-09,4,69.61,Online,43
12586,166,2804,2024-01-07,4,151.16,Online,38
12587,116,2804,2025-12-02,4,161.44,In-Store,148
12588,196,2804,2024-06-29,2,162.21,Online,48
12589,131,2805,2023-10-12,2,76.52,Online,34
12590,130,2805,2023-11-08,3,117.61,Social,186
12591,173,2805,2024-03-25,2,100.75,Online,42
12592,116,2806,2025-12-12,2,161.44,Social,221
12593,117,2806,2023-02-13,4,214.01,Online,20
12594,154,2806,2025-05-19,1,39.53,Online,64
12595,189,2806,2025-02-04,4,47.31,In-Store,134
12596,185,2806,2024-03-09,2,143.79,Online,42
12597,160,2806,2024-04-06,1,74.86,In-Store,118
12598,132,2806,2022-09-11,5,146.35,Online,13
12599,122,2806,2022-11-10,3,224.2,Online,17
12600,154,2806,2024-07-18,3,39.53,In-Store,123
12601,190,2806,2023-02-16,5,121.42,Online,21
12602,183,2806,2024-05-04,5,127.82,Online,45
12603,149,2806,2024-02-28,2,64.92,In-Store,114
12604,120,2806,2022-09-05,5,186.86,Online,12
12605,153,2806,2024-10-03,4,44.91,Online,52
12606,143,2806,2022-10-12,2,18.47,Online,14
12607,110,2806,2024-09-21,4,138.19,Online,51
12608,198,2806,2024-03-30,4,167.93,Social,192
12609,138,2807,2024-12-30,3,115.15,Online,58
12610,171,2807,2024-12-14,3,117.28,TV,347
12611,112,2807,2024-12-18,2,58.11,Online,56
12612,103,2807,2024-12-02,3,74.85,Online,55
12613,196,2808,2023-03-20,4,162.21,Online,22
12614,197,2808,2023-09-11,2,270.16,Online,33
12615,155,2808,2023-12-17,3,71.21,In-Store,112
12616,104,2808,2022-04-06,3,50.25,Online,5
12617,121,2808,2025-11-14,2,126.42,Online,73
12618,108,2808,2025-06-10,4,127.37,Online,66
12619,152,2808,2023-01-22,3,72.34,Online,19
12620,177,2808,2024-08-24,5,296.45,Online,49
12621,158,2808,2025-01-22,1,132.56,Online,58
12622,136,2808,2023-01-20,5,134.23,In-Store,96
12623,184,2808,2025-03-16,4,120.25,Online,61
12624,147,2808,2025-10-09,5,193.11,Online,71
12625,113,2808,2025-08-16,5,122.3,Online,69
12626,162,2809,2025-12-10,2,23.29,In-Store,149
12627,156,2809,2025-09-27,2,13.54,Online,70
12628,132,2809,2025-11-23,4,146.35,Social,220
12629,176,2809,2025-08-28,5,98.45,In-Store,143
12630,154,2809,2025-06-10,5,39.53,Online,65
12631,108,2809,2025-08-07,4,127.37,Online,68
12632,136,2809,2025-11-21,5,134.23,Online,74
12633,122,2809,2025-05-30,2,224.2,Online,65
12634,103,2809,2024-12-07,5,74.85,Social,205
12635,135,2809,2025-10-07,4,62.14,Online,70
12636,190,2809,2025-07-27,3,121.42,Online,67
12637,190,2809,2025-09-10,1,121.42,Online,70
12638,121,2809,2025-08-09,5,126.42,Online,68
12639,185,2809,2025-10-25,2,143.79,Email,292
12640,148,2809,2025-02-16,5,47.75,In-Store,135
12641,148,2809,2024-12-17,4,47.75,Online,56
12642,166,2809,2025-11-21,4,151.16,Online,75
12643,126,2809,2025-01-02,4,62.9,Online,57
12644,140,2809,2025-07-09,4,139.7,Social,214
12645,157,2809,2025-08-20,4,140.43,In-Store,143
12646,118,2809,2025-03-15,4,128.58,Online,60
12647,143,2809,2024-12-22,1,18.47,Online,57
12648,137,2809,2025-09-09,4,90.95,Online,70
12649,115,2809,2025-12-26,5,114.62,Online,76
12650,148,2809,2024-12-04,4,47.75,Online,56
12651,188,2810,2025-03-18,2,12.93,Online,60
12652,154,2810,2025-01-25,2,39.53,Online,58
12653,169,2810,2025-10-08,4,105.46,Online,71
12654,168,2810,2025-06-25,5,151.07,Online,66
12655,139,2810,2025-11-03,5,162.16,Social,220
12656,197,2810,2025-07-17,2,270.16,In-Store,142
12657,166,2810,2025-01-07,3,151.16,TV,349
12658,110,2810,2025-03-31,4,138.19,Social,211
12659,134,2810,2025-10-30,4,113.57,In-Store,146
12660,180,2810,2025-07-19,5,97.9,Online,68
12661,127,2810,2025-01-02,5,184.65,Email,279
12662,168,2810,2025-12-24,2,151.07,Online,77
12663,156,2810,2025-12-27,5,13.54,In-Store,149
12664,196,2810,2025-01-01,5,162.21,Social,206
12665,123,2810,2025-09-15,5,28.54,Online,70
12666,109,2810,2025-12-20,3,69.39,In-Store,149
12667,110,2810,2025-06-13,3,138.19,In-Store,140
12668,118,2810,2025-06-04,4,128.58,In-Store,140
12669,103,2810,2025-06-22,4,74.85,Online,66
12670,160,2810,2025-04-22,3,74.86,Online,62
12671,126,2810,2025-07-11,5,62.9,In-Store,141
12672,194,2810,2025-02-17,4,70.1,Online,59
12673,173,2810,2025-10-17,4,100.75,Online,72
12674,154,2811,2023-06-28,1,39.53,In-Store,104
12675,118,2811,2023-04-06,2,128.58,Social,176
12676,190,2811,2024-01-19,2,121.42,In-Store,113
12677,135,2811,2024-05-14,1,62.14,In-Store,120
12678,145,2811,2024-02-07,2,87.44,Email,260
12679,169,2811,2024-02-11,1,105.46,Email,260
12680,123,2811,2023-07-02,1,28.54,Online,29
12681,190,2812,2024-11-19,4,121.42,In-Store,128
12682,131,2812,2025-02-03,1,76.52,Social,207
12683,173,2812,2024-11-21,4,100.75,Social,205
12684,178,2812,2024-10-28,4,58.92,In-Store,128
12685,143,2812,2024-09-18,4,18.47,In-Store,125
12686,105,2812,2024-09-06,2,45.85,Social,201
12687,160,2812,2024-08-17,1,74.86,Social,200
12688,141,2812,2024-08-29,1,75.02,Online,50
12689,109,2813,2025-03-17,4,69.39,In-Store,136
12690,174,2813,2024-10-14,1,89.89,Online,52
12691,145,2813,2024-10-14,4,87.44,Online,52
12692,112,2813,2024-12-25,1,58.11,Online,56
12693,131,2813,2024-09-09,1,76.52,Online,51
12694,187,2813,2025-02-18,1,95.73,Online,60
12695,171,2813,2025-01-16,4,117.28,In-Store,133
12696,174,2813,2025-02-09,1,89.89,TV,350
12697,111,2813,2024-11-28,3,78.12,Online,55
12698,121,2814,2025-06-29,5,126.42,Social,214
12699,200,2814,2023-03-09,3,213.63,Online,22
12700,133,2814,2024-04-19,3,129.42,Online,43
12701,191,2814,2023-04-28,3,196.98,In-Store,100
12702,129,2814,2025-04-23,3,269.37,Online,62
12703,117,2814,2022-10-10,5,214.01,In-Store,92
12704,165,2814,2025-12-25,4,213.33,Online,76
12705,129,2814,2025-09-01,1,269.37,Online,69
12706,118,2814,2022-10-01,5,128.58,Online,14
12707,139,2814,2022-07-16,3,162.16,In-Store,88
12708,134,2814,2024-09-29,1,113.57,Online,51
12709,142,2814,2024-09-21,2,298.93,Online,51
12710,126,2814,2022-12-07,1,62.9,Social,169
12711,164,2814,2025-03-19,3,91.03,Online,61
12712,146,2814,2025-02-14,1,28.76,Online,59
12713,185,2814,2023-05-17,4,143.79,In-Store,101
12714,168,2814,2025-09-04,5,151.07,Online,70
12715,190,2814,2023-11-07,5,121.42,Online,34
12716,107,2814,2025-03-20,5,110.76,Social,209
12717,133,2814,2024-07-12,5,129.42,TV,340
12718,113,2814,2023-08-15,2,122.3,In-Store,106
12719,109,2814,2022-08-15,1,69.39,Online,12
12720,116,2814,2022-07-27,1,161.44,In-Store,88
12721,123,2814,2023-05-15,5,28.54,Online,26
12722,178,2814,2025-12-18,3,58.92,In-Store,149
12723,140,2814,2025-05-14,5,139.7,In-Store,138
12724,152,2815,2024-05-01,3,72.34,Email,264
12725,170,2815,2023-09-20,1,124.94,Online,33
12726,109,2815,2024-06-17,2,69.39,Online,47
12727,162,2816,2024-12-11,4,23.29,Online,56
12728,149,2816,2025-02-17,5,64.92,In-Store,135
12729,178,2816,2025-09-01,1,58.92,In-Store,144
12730,129,2816,2025-04-24,4,269.37,Online,63
12731,177,2816,2025-08-04,4,296.45,Online,68
12732,198,2816,2024-11-24,1,167.93,Social,204
12733,149,2816,2025-05-14,5,64.92,In-Store,138
12734,133,2816,2025-02-18,4,129.42,Social,208
12735,140,2816,2025-04-12,1,139.7,Online,62
12736,115,2816,2024-11-20,1,114.62,Online,54
12737,144,2816,2025-04-26,4,22.73,Social,212
12738,133,2816,2025-04-11,3,129.42,In-Store,138
12739,150,2816,2025-09-13,3,66.48,In-Store,144
12740,190,2816,2025-06-20,5,121.42,Social,214
12741,163,2816,2024-11-11,4,115.65,In-Store,128
12742,118,2816,2024-12-18,5,128.58,Online,56
12743,119,2817,2025-04-02,5,193.28,Social,211
12744,146,2817,2022-11-24,3,28.76,Social,167
12745,186,2817,2023-02-16,5,29.78,In-Store,97
12746,189,2817,2024-11-01,1,47.31,In-Store,128
12747,136,2817,2022-10-25,4,134.23,Email,237
12748,187,2817,2024-03-10,3,95.73,Online,42
12749,177,2817,2023-12-10,1,296.45,Online,36
12750,124,2817,2025-12-02,4,174.26,In-Store,148
12751,196,2817,2023-05-31,4,162.21,Online,26
12752,124,2817,2025-10-04,2,174.26,Email,292
12753,129,2817,2024-01-23,5,269.37,Online,39
12754,107,2817,2024-02-20,2,110.76,Online,40
12755,155,2817,2025-08-28,1,71.21,Online,68
12756,119,2817,2024-10-29,2,193.28,In-Store,128
12757,149,2817,2023-09-05,3,64.92,In-Store,107
12758,148,2817,2024-09-15,4,47.75,TV,344
12759,104,2818,2023-01-28,4,50.25,Online,20
12760,118,2818,2023-12-30,1,128.58,In-Store,112
12761,153,2818,2022-07-14,3,44.91,Email,233
12762,194,2818,2024-01-20,1,70.1,Online,39
12763,160,2818,2024-02-19,3,74.86,Email,260
12764,163,2818,2023-01-31,3,115.65,Email,241
12765,146,2818,2022-05-22,2,28.76,Online,6
12766,187,2818,2024-06-02,3,95.73,Online,46
12767,109,2818,2023-02-15,3,69.39,Social,173
12768,154,2818,2024-05-22,1,39.53,Email,266
12769,182,2818,2023-05-24,3,73.37,Online,26
12770,153,2818,2022-10-11,3,44.91,Online,14
12771,103,2818,2022-11-11,1,74.85,In-Store,93
12772,130,2818,2022-12-30,1,117.61,TV,313
12773,199,2819,2024-02-17,1,105.38,In-Store,115
12774,162,2819,2025-07-27,1,23.29,Online,68
12775,181,2819,2023-03-27,3,231.25,Online,22
12776,175,2819,2023-02-11,5,285.32,Online,21
12777,151,2819,2023-03-20,1,170.44,Online,23
12778,141,2819,2024-11-15,4,75.02,Social,204
12779,190,2819,2024-10-24,5,121.42,In-Store,127
12780,175,2819,2024-03-22,3,285.32,In-Store,118
12781,193,2819,2023-11-30,4,28.68,Online,36
12782,135,2819,2025-05-18,3,62.14,In-Store,139
12783,147,2819,2024-07-27,1,193.11,Online,49
12784,181,2819,2023-11-17,2,231.25,Online,35
12785,181,2819,2025-09-28,4,231.25,Online,70
12786,173,2819,2024-09-24,3,100.75,Online,52
12787,101,2819,2024-05-01,1,116.4,Online,45
12788,185,2819,2024-10-16,4,143.79,Social,202
12789,124,2819,2025-09-02,4,174.26,Online,70
12790,151,2819,2024-06-22,1,170.44,In-Store,122
12791,139,2820,2023-08-12,3,162.16,Online,32
12792,102,2820,2023-08-09,2,175.2,Online,31
12793,168,2820,2023-02-14,4,151.07,Social,173
12794,199,2820,2023-05-28,3,105.38,Online,27
12795,191,2820,2024-02-25,5,196.98,In-Store,114
12796,124,2820,2024-12-25,2,174.26,Online,56
12797,159,2820,2025-12-18,1,21.52,Online,76
12798,170,2820,2024-08-13,4,124.94,In-Store,124
12799,110,2820,2023-06-10,5,138.19,Online,28
12800,196,2820,2025-06-01,3,162.21,In-Store,139
12801,165,2820,2023-02-28,3,213.33,In-Store,98
12802,118,2820,2025-04-06,5,128.58,Online,62
12803,158,2820,2024-12-28,4,132.56,Online,58
12804,147,2820,2025-02-27,4,193.11,Online,60
12805,196,2820,2025-03-20,3,162.21,Online,60
12806,184,2820,2025-10-16,1,120.25,Online,72
12807,170,2820,2025-04-29,3,124.94,Online,63
12808,127,2820,2024-04-30,5,184.65,Online,44
12809,117,2820,2024-04-04,3,214.01,Online,43
12810,185,2820,2023-03-12,3,143.79,Email,243
12811,110,2820,2025-05-14,2,138.19,Online,65
12812,198,2820,2023-11-23,4,167.93,Social,186
12813,155,2820,2022-12-22,1,71.21,Social,170
12814,147,2820,2024-08-14,1,193.11,Online,49
12815,147,2820,2024-04-23,2,193.11,Online,44
12816,158,2820,2024-06-11,1,132.56,Online,46
12817,144,2820,2024-07-02,1,22.73,Online,47
12818,185,2820,2023-02-05,3,143.79,TV,315
12819,161,2821,2024-10-30,4,233.25,Online,53
12820,183,2821,2025-01-28,5,127.82,Online,58
12821,133,2821,2023-09-03,4,129.42,Online,32
12822,116,2821,2022-04-05,4,161.44,Online,5
12823,182,2821,2024-04-09,1,73.37,In-Store,118
12824,156,2821,2023-11-07,1,13.54,Online,34
12825,147,2821,2024-03-08,5,193.11,Social,191
12826,130,2821,2025-10-29,5,117.61,In-Store,146
12827,173,2821,2025-03-20,2,100.75,Online,61
12828,181,2821,2022-05-18,4,231.25,Online,6
12829,188,2821,2024-05-20,1,12.93,Social,195
12830,121,2821,2025-01-27,3,126.42,Online,59
12831,116,2821,2025-02-02,1,161.44,Online,59
12832,136,2821,2025-03-16,2,134.23,Social,210
12833,159,2821,2023-02-15,1,21.52,Social,173
12834,118,2821,2025-07-24,1,128.58,In-Store,142
12835,119,2821,2024-05-01,3,193.28,Online,45
12836,183,2821,2022-04-18,4,127.82,In-Store,83
12837,170,2821,2023-08-22,1,124.94,In-Store,106
12838,174,2822,2024-09-21,1,89.89,Social,202
12839,159,2822,2025-01-19,4,21.52,Online,58
12840,160,2822,2024-03-17,1,74.86,Online,42
12841,153,2822,2024-09-15,4,44.91,In-Store,126
12842,141,2822,2024-07-17,4,75.02,Online,48
12843,101,2822,2024-09-01,2,116.4,Social,201
12844,186,2822,2024-11-06,4,29.78,Online,53
12845,106,2822,2024-10-29,2,41.44,In-Store,128
12846,143,2822,2024-05-12,2,18.47,Social,195
12847,113,2822,2024-09-13,3,122.3,Online,51
12848,143,2822,2025-02-06,2,18.47,Online,59
12849,126,2822,2024-05-31,4,62.9,Social,196
12850,186,2822,2025-02-16,3,29.78,In-Store,134
12851,181,2823,2024-02-13,3,231.25,Social,191
12852,186,2823,2023-09-24,3,29.78,Online,33
12853,110,2823,2023-12-18,3,138.19,Social,188
12854,114,2823,2025-12-19,2,120.5,In-Store,149
12855,175,2823,2024-11-17,3,285.32,Social,204
12856,175,2823,2025-03-30,4,285.32,Online,61
12857,181,2823,2024-12-08,1,231.25,In-Store,130
12858,108,2823,2025-05-18,3,127.37,Social,212
12859,133,2823,2024-07-27,2,129.42,Online,49
12860,136,2823,2024-12-23,1,134.23,In-Store,131
12861,104,2823,2023-04-23,4,50.25,Online,24
12862,126,2823,2024-07-19,2,62.9,In-Store,123
12863,136,2823,2024-06-04,2,134.23,Online,47
12864,167,2823,2023-01-17,5,75.91,In-Store,97
12865,197,2823,2023-11-02,5,270.16,Online,35
12866,114,2823,2024-10-29,5,120.5,Email,277
12867,103,2823,2023-11-11,5,74.85,Online,35
12868,162,2824,2024-11-07,5,23.29,In-Store,128
12869,168,2824,2023-08-31,4,151.07,Online,32
12870,197,2824,2025-07-08,5,270.16,Online,67
12871,119,2824,2025-04-15,4,193.28,Online,63
12872,166,2824,2023-05-14,5,151.16,In-Store,101
12873,174,2824,2024-08-29,2,89.89,Online,50
12874,200,2824,2025-03-11,4,213.63,Online,60
12875,127,2824,2025-05-03,1,184.65,In-Store,138
12876,108,2824,2023-03-26,1,127.37,Online,22
12877,131,2824,2025-09-07,2,76.52,In-Store,144
12878,161,2824,2024-04-05,3,233.25,Online,43
12879,168,2824,2025-08-29,3,151.07,Online,68
12880,138,2824,2024-08-26,4,115.15,Online,49
12881,139,2824,2025-08-19,2,162.16,In-Store,143
12882,165,2824,2025-09-16,5,213.33,In-Store,144
12883,122,2824,2024-10-27,3,224.2,Online,53
12884,162,2824,2023-11-14,2,23.29,Email,256
12885,190,2824,2024-09-11,1,121.42,Online,51
12886,185,2824,2025-07-16,3,143.79,In-Store,141
12887,140,2824,2025-02-23,1,139.7,Email,282
12888,183,2824,2025-03-20,5,127.82,In-Store,136
12889,183,2824,2023-08-23,3,127.82,Online,32
12890,112,2824,2024-10-19,3,58.11,Online,53
12891,183,2824,2023-05-20,1,127.82,In-Store,102
12892,151,2824,2023-03-23,2,170.44,Social,175
12893,181,2824,2023-09-14,1,231.25,In-Store,107
12894,118,2824,2023-12-20,3,128.58,Online,37
12895,194,2824,2023-05-02,4,70.1,In-Store,101
12896,147,2824,2024-01-19,2,193.11,In-Store,113
12897,102,2824,2024-03-31,2,175.2,Email,263
12898,142,2825,2023-10-09,4,298.93,In-Store,108
12899,102,2825,2023-03-12,3,175.2,Online,22
12900,127,2825,2025-02-20,1,184.65,Online,59
12901,181,2825,2023-03-06,4,231.25,Online,21
12902,107,2825,2024-12-12,5,110.76,Social,205
12903,113,2825,2022-12-01,3,122.3,In-Store,95
12904,170,2825,2023-01-15,4,124.94,Online,20
12905,158,2825,2023-07-10,2,132.56,In-Store,104
12906,133,2825,2024-09-06,3,129.42,In-Store,125
12907,143,2825,2024-10-19,1,18.47,Online,53
12908,172,2825,2024-08-24,5,75.03,In-Store,125
12909,140,2825,2022-12-18,3,139.7,Online,18
12910,173,2825,2025-08-29,2,100.75,Online,69
12911,110,2825,2025-07-20,3,138.19,Online,68
12912,124,2825,2023-04-01,5,174.26,In-Store,99
12913,135,2825,2024-12-05,2,62.14,In-Store,130
12914,197,2825,2022-07-07,2,270.16,Online,9
12915,197,2825,2024-01-27,5,270.16,Online,39
12916,157,2825,2025-12-19,5,140.43,Online,76
12917,187,2825,2025-05-01,1,95.73,In-Store,138
12918,177,2825,2024-07-27,5,296.45,Online,48
12919,199,2825,2025-09-01,5,105.38,In-Store,143
12920,108,2825,2025-08-26,5,127.37,TV,359
12921,170,2825,2025-09-02,1,124.94,Social,217
12922,138,2826,2024-09-08,2,115.15,In-Store,125
12923,133,2826,2024-07-23,3,129.42,Online,48
12924,167,2826,2024-06-18,2,75.91,Online,47
12925,128,2826,2024-07-21,1,69.61,TV,339
12926,167,2826,2025-01-10,1,75.91,In-Store,132
12927,110,2827,2023-03-26,1,138.19,Online,22
12928,162,2827,2023-08-31,3,23.29,Online,32
12929,187,2827,2025-04-02,4,95.73,Online,61
12930,117,2827,2024-03-05,4,214.01,Online,42
12931,142,2827,2025-11-10,5,298.93,In-Store,147
12932,135,2827,2025-04-27,5,62.14,Online,63
12933,130,2827,2025-02-05,3,117.61,Online,59
12934,191,2827,2023-07-13,1,196.98,Online,29
12935,172,2827,2025-04-20,1,75.03,Online,62
12936,108,2827,2024-06-13,2,127.37,In-Store,121
12937,181,2827,2025-04-15,3,231.25,In-Store,138
12938,185,2827,2023-06-21,3,143.79,Online,28
12939,179,2827,2023-05-27,2,69.62,In-Store,101
12940,175,2827,2023-11-02,5,285.32,Online,35
12941,117,2827,2024-11-19,5,214.01,Online,54
12942,121,2827,2024-02-03,5,126.42,Online,40
12943,104,2827,2024-06-18,2,50.25,Online,47
12944,154,2827,2024-07-31,2,39.53,In-Store,123
12945,142,2827,2023-12-23,5,298.93,Online,37
12946,110,2827,2025-05-29,1,138.19,In-Store,139
12947,124,2827,2025-11-25,1,174.26,In-Store,149
12948,122,2827,2023-04-19,5,224.2,In-Store,101
12949,200,2827,2024-10-22,3,213.63,In-Store,128
12950,119,2827,2024-08-31,1,193.28,In-Store,125
12951,193,2827,2023-02-10,2,28.68,In-Store,97
12952,177,2827,2025-09-19,2,296.45,TV,361
12953,195,2827,2025-04-13,4,109.44,Online,61
12954,175,2827,2024-01-21,4,285.32,Online,39
12955,165,2827,2023-10-16,3,213.33,In-Store,108
12956,190,2827,2024-01-12,2,121.42,In-Store,113
12957,126,2828,2023-05-09,1,62.9,Social,177
12958,156,2828,2023-08-09,2,13.54,Online,31
12959,107,2828,2024-02-14,1,110.76,Online,40
12960,121,2828,2023-11-20,3,126.42,Online,35
12961,190,2828,2024-01-02,2,121.42,Email,259
12962,194,2828,2024-04-25,4,70.1,Online,44
12963,156,2828,2023-12-06,3,13.54,In-Store,110
12964,113,2828,2023-11-13,2,122.3,Online,35
12965,130,2828,2023-05-11,4,117.61,Online,26
12966,115,2829,2024-12-04,1,114.62,Online,56
12967,163,2829,2024-12-05,1,115.65,Online,55
12968,118,2829,2025-02-13,3,128.58,In-Store,135
12969,194,2829,2024-12-15,4,70.1,Online,57
12970,126,2829,2025-03-26,3,62.9,Social,210
12971,166,2830,2025-05-21,4,151.16,Online,64
12972,117,2830,2022-06-03,4,214.01,In-Store,86
12973,193,2830,2022-06-18,2,28.68,Online,8
12974,119,2830,2022-12-11,3,193.28,In-Store,94
12975,126,2830,2022-10-18,2,62.9,Online,14
12976,120,2830,2024-11-03,3,186.86,Social,204
12977,193,2830,2023-09-19,4,28.68,Online,33
12978,147,2830,2024-07-23,2,193.11,Online,48
12979,142,2830,2025-01-22,5,298.93,Online,58
12980,183,2830,2024-06-09,1,127.82,Online,47
12981,145,2830,2022-07-29,3,87.44,Online,11
12982,197,2830,2023-08-26,2,270.16,Email,251
12983,181,2830,2023-06-03,4,231.25,In-Store,103
12984,170,2830,2024-09-15,3,124.94,Email,274
12985,118,2830,2022-10-02,2,128.58,Online,14
12986,191,2830,2022-12-09,5,196.98,Online,17
12987,193,2830,2023-08-25,5,28.68,In-Store,106
12988,196,2830,2024-01-24,4,162.21,In-Store,113
12989,166,2830,2023-06-26,3,151.16,Social,179
12990,154,2830,2022-06-23,5,39.53,Online,8
12991,180,2830,2023-07-14,3,97.9,In-Store,104
12992,132,2831,2024-03-19,4,146.35,In-Store,118
12993,136,2831,2024-07-20,4,134.23,Online,48
12994,140,2831,2024-04-01,3,139.7,Online,43
12995,139,2831,2025-12-24,1,162.16,In-Store,149
12996,181,2831,2024-11-05,2,231.25,Online,54
12997,191,2831,2025-10-17,2,196.98,Social,219
12998,170,2831,2025-12-05,3,124.94,Online,75
12999,141,2831,2024-11-25,5,75.02,Online,55
13000,121,2831,2025-09-20,3,126.42,In-Store,144
13001,121,2831,2025-02-21,4,126.42,Online,59
13002,102,2831,2025-07-17,2,175.2,Online,67
13003,101,2831,2024-05-03,4,116.4,Online,44
13004,197,2831,2025-12-01,1,270.16,TV,364
13005,158,2831,2024-10-23,2,132.56,Email,274
13006,165,2831,2025-10-19,3,213.33,Online,72
13007,148,2832,2024-08-17,4,47.75,Online,49
13008,138,2832,2023-12-16,1,115.15,Social,188
13009,107,2832,2023-12-09,4,110.76,Social,188
13010,109,2832,2024-01-28,1,69.39,Online,40
13011,186,2832,2025-04-15,2,29.78,Online,63
13012,109,2832,2023-12-31,1,69.39,TV,331
13013,160,2832,2024-06-02,3,74.86,In-Store,121
13014,194,2832,2024-01-26,3,70.1,Online,39
13015,192,2832,2024-10-21,1,22.56,In-Store,128
13016,117,2833,2025-08-21,4,214.01,Email,290
13017,175,2833,2024-12-29,2,285.32,In-Store,132
13018,190,2833,2025-01-18,4,121.42,Email,280
13019,186,2833,2025-04-04,3,29.78,Online,62
13020,155,2833,2025-11-21,4,71.21,In-Store,148
13021,169,2833,2025-09-27,3,105.46,Online,71
13022,135,2833,2025-01-17,5,62.14,Online,58
13023,181,2833,2025-01-26,1,231.25,In-Store,134
13024,132,2833,2025-02-07,4,146.35,In-Store,134
13025,151,2833,2024-11-26,4,170.44,Online,55
13026,186,2833,2025-09-11,4,29.78,Online,70
13027,121,2833,2025-08-09,5,126.42,Online,69
13028,106,2833,2024-10-15,3,41.44,Online,52
13029,161,2833,2025-10-24,1,233.25,TV,363
13030,117,2834,2024-01-10,5,214.01,Email,258
13031,145,2834,2023-09-12,4,87.44,Online,33
13032,190,2834,2023-11-20,5,121.42,Online,35
13033,192,2834,2024-08-11,1,22.56,Online,49
13034,117,2834,2023-05-01,5,214.01,Email,245
13035,170,2834,2024-12-31,3,124.94,In-Store,131
13036,177,2834,2023-12-03,3,296.45,TV,329
13037,127,2834,2025-05-22,1,184.65,Email,285
13038,166,2834,2025-09-07,1,151.16,Online,70
13039,127,2834,2022-12-09,2,184.65,Online,18
13040,170,2834,2025-07-24,1,124.94,Online,68
13041,197,2834,2023-02-17,2,270.16,Online,21
13042,124,2834,2023-08-20,5,174.26,In-Store,106
13043,159,2834,2024-11-20,3,21.52,In-Store,130
13044,164,2834,2023-05-27,2,91.03,In-Store,102
13045,199,2834,2023-09-20,1,105.38,Online,33
13046,120,2834,2023-09-06,2,186.86,Online,32
13047,151,2834,2025-12-16,2,170.44,In-Store,149
13048,117,2834,2024-11-13,1,214.01,TV,345
13049,159,2834,2025-08-23,4,21.52,Email,290
13050,109,2834,2024-03-21,4,69.39,In-Store,118
13051,186,2834,2025-04-26,4,29.78,Online,63
13052,196,2834,2025-04-23,2,162.21,Online,62
13053,122,2834,2022-11-24,3,224.2,Online,17
13054,191,2834,2025-01-01,4,196.98,Online,57
13055,136,2834,2024-07-24,3,134.23,In-Store,123
13056,177,2834,2024-12-19,3,296.45,Online,57
13057,130,2835,2023-10-25,4,117.61,Online,34
13058,144,2835,2024-09-05,5,22.73,In-Store,125
13059,164,2835,2023-08-21,4,91.03,Online,32
13060,150,2835,2023-12-01,5,66.48,Online,36
13061,129,2835,2024-02-11,1,269.37,Online,40
13062,191,2835,2024-04-11,2,196.98,In-Store,118
13063,154,2835,2024-07-27,5,39.53,In-Store,123
13064,174,2835,2023-08-06,1,89.89,In-Store,105
13065,138,2835,2025-05-27,2,115.15,Social,213
13066,136,2835,2023-01-24,1,134.23,TV,314
13067,150,2835,2024-07-06,3,66.48,Online,47
13068,165,2835,2024-07-12,2,213.33,Online,48
13069,130,2835,2023-11-17,1,117.61,Online,36
13070,200,2835,2025-11-11,3,213.63,In-Store,148
13071,132,2835,2023-07-28,4,146.35,Online,30
13072,176,2835,2025-01-23,4,98.45,Social,207
13073,136,2835,2024-06-23,5,134.23,In-Store,121
13074,107,2835,2024-10-18,1,110.76,Email,276
13075,157,2835,2025-05-06,2,140.43,Online,64
13076,164,2835,2024-01-17,3,91.03,Online,39
13077,120,2835,2024-08-05,2,186.86,Online,49
13078,183,2835,2023-11-02,3,127.82,In-Store,110
13079,168,2835,2023-08-19,2,151.07,Online,32
13080,113,2835,2025-12-09,3,122.3,Online,76
13081,183,2835,2025-05-13,4,127.82,Online,63
13082,129,2835,2023-08-11,3,269.37,In-Store,105
13083,158,2835,2025-03-31,3,132.56,Social,211
13084,122,2835,2023-07-17,2,224.2,In-Store,104
13085,141,2836,2024-09-22,2,75.02,Social,202
13086,147,2836,2024-09-23,5,193.11,In-Store,125
13087,196,2836,2025-05-27,1,162.21,In-Store,139
13088,158,2836,2025-12-02,1,132.56,Social,221
13089,127,2836,2024-08-05,4,184.65,Online,49
13090,160,2836,2024-12-24,3,74.86,Online,56
13091,172,2836,2025-05-23,5,75.03,TV,355
13092,127,2836,2025-11-15,5,184.65,Online,73
13093,149,2836,2025-03-16,5,64.92,Online,61
13094,184,2836,2024-11-02,3,120.25,Online,54
13095,116,2836,2024-09-03,4,161.44,Online,50
13096,106,2836,2024-11-05,4,41.44,In-Store,128
13097,180,2836,2024-12-13,5,97.9,In-Store,131
13098,155,2836,2025-10-04,4,71.21,TV,361
13099,133,2836,2025-12-22,5,129.42,Online,76
13100,196,2836,2025-12-08,4,162.21,In-Store,149
13101,128,2836,2025-09-09,3,69.61,TV,361
13102,123,2836,2024-06-24,3,28.54,Online,47
13103,155,2836,2024-06-13,5,71.21,Online,46
13104,158,2836,2025-11-23,1,132.56,Online,74
13105,151,2836,2024-08-31,5,170.44,Online,50
13106,180,2836,2024-09-14,3,97.9,In-Store,126
13107,101,2837,2024-01-01,2,116.4,Online,37
13108,134,2837,2024-01-10,3,113.57,Online,39
13109,129,2838,2024-07-17,3,269.37,In-Store,123
13110,102,2838,2024-05-01,1,175.2,In-Store,119
13111,192,2838,2023-12-20,4,22.56,Online,37
13112,143,2838,2025-10-04,2,18.47,Online,71
13113,113,2838,2023-09-25,1,122.3,In-Store,107
13114,138,2838,2023-12-18,2,115.15,In-Store,112
13115,157,2838,2024-04-24,4,140.43,Social,194
13116,141,2838,2023-11-29,4,75.02,In-Store,110
13117,169,2838,2024-01-04,4,105.46,In-Store,111
13118,146,2838,2024-06-18,3,28.76,In-Store,121
13119,167,2838,2025-03-22,2,75.91,In-Store,136
13120,141,2838,2023-10-19,5,75.02,Online,34
13121,147,2838,2025-03-14,5,193.11,Email,283
13122,112,2838,2023-11-29,5,58.11,Online,36
13123,135,2838,2024-10-24,2,62.14,In-Store,128
13124,128,2838,2024-06-04,1,69.61,Online,47
13125,168,2838,2024-12-11,3,151.07,Online,56
13126,136,2838,2025-01-02,2,134.23,In-Store,132
13127,138,2838,2024-11-10,4,115.15,Online,55
13128,120,2838,2025-09-11,1,186.86,Online,70
13129,134,2838,2025-07-25,5,113.57,In-Store,142
13130,101,2838,2024-07-15,4,116.4,In-Store,123
13131,169,2838,2024-02-26,1,105.46,Social,191
13132,142,2838,2023-10-17,1,298.93,In-Store,109
13133,104,2838,2024-10-21,5,50.25,Email,276
13134,178,2838,2024-05-23,2,58.92,Online,46
13135,138,2838,2025-03-29,5,115.15,In-Store,136
13136,168,2838,2024-09-06,3,151.07,In-Store,124
13137,168,2838,2025-10-25,3,151.07,Online,72
13138,128,2839,2023-05-26,2,69.61,In-Store,101
13139,169,2839,2022-11-30,1,105.46,Social,169
13140,184,2839,2023-10-09,1,120.25,Social,184
13141,167,2839,2023-05-05,2,75.91,Online,25
13142,187,2839,2022-06-26,2,95.73,Online,8
13143,188,2839,2023-04-04,3,12.93,Online,23
13144,170,2839,2023-12-06,3,124.94,Online,37
13145,108,2839,2022-11-17,2,127.37,Online,17
13146,141,2840,2024-12-24,1,75.02,TV,347
13147,170,2840,2023-10-08,4,124.94,Online,33
13148,156,2840,2023-03-15,5,13.54,In-Store,99
13149,131,2840,2024-03-05,5,76.52,Online,41
13150,174,2840,2024-02-22,4,89.89,Online,40
13151,151,2840,2025-01-01,4,170.44,Online,57
13152,142,2840,2025-01-22,2,298.93,Online,59
13153,152,2840,2025-12-24,5,72.34,Online,77
13154,101,2840,2025-12-29,5,116.4,Online,77
13155,172,2840,2025-12-30,2,75.03,In-Store,150
13156,117,2840,2024-07-08,2,214.01,Online,47
13157,144,2840,2025-11-18,2,22.73,Online,74
13158,174,2840,2023-10-18,1,89.89,Online,33
13159,139,2840,2024-06-13,5,162.16,Online,46
13160,140,2840,2024-04-26,1,139.7,Online,45
13161,129,2840,2023-05-15,4,269.37,Online,25
13162,194,2840,2024-11-01,5,70.1,In-Store,128
13163,127,2840,2023-03-11,3,184.65,Online,22
13164,156,2840,2025-01-01,1,13.54,Online,57
13165,116,2840,2025-01-27,4,161.44,Online,58
13166,169,2840,2023-05-13,5,105.46,Online,25
13167,125,2840,2025-09-08,5,25.35,Online,69
13168,157,2840,2025-04-17,5,140.43,Social,211
13169,151,2840,2023-09-23,2,170.44,In-Store,107
13170,163,2840,2025-06-16,5,115.65,In-Store,141
13171,184,2841,2022-08-26,1,120.25,Online,12
13172,104,2841,2022-12-17,2,50.25,Online,18
13173,153,2842,2024-09-18,4,44.91,TV,344
13174,152,2842,2024-08-24,4,72.34,Social,200
13175,131,2842,2024-11-25,4,76.52,Email,278
13176,154,2842,2024-05-26,4,39.53,Online,46
13177,153,2842,2024-07-16,4,44.91,In-Store,123
13178,159,2842,2025-02-25,3,21.52,Email,282
13179,189,2842,2024-09-28,2,47.31,In-Store,126
13180,176,2842,2024-10-26,1,98.45,Online,53
13181,115,2842,2025-03-21,3,114.62,In-Store,136
13182,148,2842,2024-10-22,4,47.75,Email,274
13183,180,2842,2025-01-16,1,97.9,In-Store,132
13184,113,2842,2024-07-02,3,122.3,Online,48
13185,172,2842,2025-03-01,2,75.03,Online,60
13186,138,2842,2024-11-06,2,115.15,In-Store,128
13187,133,2843,2024-10-13,1,129.42,In-Store,127
13188,135,2843,2025-09-18,3,62.14,Email,291
13189,177,2843,2023-07-29,2,296.45,Online,31
13190,123,2843,2025-10-27,1,28.54,Online,72
13191,151,2843,2025-09-12,5,170.44,Online,70
13192,151,2843,2025-10-05,4,170.44,Online,71
13193,147,2843,2025-02-12,1,193.11,Online,59
13194,155,2843,2025-12-12,5,71.21,Online,76
13195,170,2843,2024-10-02,3,124.94,Social,202
13196,190,2843,2023-09-08,2,121.42,Online,33
13197,166,2843,2024-02-19,5,151.16,Social,191
13198,110,2843,2025-09-03,3,138.19,Online,70
13199,135,2843,2025-12-12,5,62.14,In-Store,149
13200,182,2843,2023-09-02,3,73.37,Online,32
13201,122,2843,2024-07-21,4,224.2,Online,48
13202,126,2843,2025-05-21,3,62.9,Social,212
13203,132,2843,2025-07-27,4,146.35,In-Store,142
13204,106,2843,2024-10-23,2,41.44,Online,53
13205,121,2843,2025-04-24,2,126.42,Online,62
13206,116,2843,2025-08-21,4,161.44,In-Store,143
13207,187,2843,2024-04-03,2,95.73,TV,335
13208,156,2843,2023-12-17,1,13.54,Social,188
13209,200,2843,2025-02-15,5,213.63,Online,59
13210,137,2844,2025-07-25,2,90.95,Online,68
13211,184,2844,2025-06-25,1,120.25,In-Store,141
13212,103,2844,2023-04-05,5,74.85,In-Store,100
13213,130,2844,2025-08-22,3,117.61,Online,68
13214,122,2844,2025-03-08,1,224.2,In-Store,135
13215,119,2844,2024-12-02,1,193.28,Online,56
13216,108,2844,2024-10-20,2,127.37,Online,53
13217,151,2844,2025-01-23,1,170.44,TV,350
13218,158,2844,2023-01-08,1,132.56,Online,19
13219,125,2844,2024-10-04,1,25.35,Social,202
13220,102,2844,2024-04-09,1,175.2,Online,43
13221,186,2844,2024-12-22,1,29.78,Email,279
13222,170,2844,2024-12-06,2,124.94,Online,56
13223,161,2844,2025-04-07,2,233.25,Online,62
13224,123,2844,2023-06-21,5,28.54,In-Store,104
13225,147,2844,2025-12-24,1,193.11,Online,77
13226,121,2844,2025-05-30,2,126.42,In-Store,139
13227,130,2844,2025-01-12,1,117.61,TV,349
13228,147,2844,2025-05-23,2,193.11,Online,65
13229,181,2844,2024-05-25,5,231.25,Online,46
13230,181,2844,2023-08-16,4,231.25,Social,182
13231,137,2844,2025-07-14,4,90.95,Online,67
13232,194,2844,2024-05-08,4,70.1,Social,194
13233,168,2845,2025-10-08,1,151.07,TV,362
13234,158,2845,2025-01-06,2,132.56,Online,57
13235,107,2845,2025-12-22,5,110.76,TV,365
13236,198,2845,2025-08-16,4,167.93,Online,68
13237,156,2845,2025-04-09,3,13.54,Online,61
13238,184,2845,2025-02-01,4,120.25,Online,59
13239,193,2845,2025-02-26,3,28.68,Online,59
13240,184,2845,2025-07-31,3,120.25,Online,68
13241,197,2845,2025-05-26,4,270.16,Online,65
13242,109,2845,2024-10-13,5,69.39,In-Store,126
13243,141,2845,2025-12-09,4,75.02,Online,75
13244,186,2845,2024-11-10,4,29.78,TV,345
13245,129,2845,2024-11-23,1,269.37,In-Store,130
13246,125,2845,2025-04-12,2,25.35,Online,61
13247,161,2845,2025-06-26,3,233.25,In-Store,141
13248,133,2845,2025-04-10,4,129.42,Online,62
13249,171,2845,2025-12-03,2,117.28,In-Store,149
13250,155,2845,2025-07-12,1,71.21,Online,67
13251,146,2845,2025-05-04,2,28.76,Online,64
13252,139,2845,2025-10-30,4,162.16,TV,363
13253,194,2845,2025-10-30,5,70.1,Online,73
13254,125,2845,2025-05-03,4,25.35,In-Store,138
13255,120,2845,2025-09-13,2,186.86,TV,360
13256,160,2845,2025-01-25,1,74.86,In-Store,133
13257,114,2846,2025-06-22,3,120.5,Online,66
13258,156,2846,2025-01-06,4,13.54,Online,57
13259,181,2846,2025-11-24,1,231.25,Online,74
13260,106,2846,2025-05-20,1,41.44,Online,65
13261,140,2846,2024-12-07,3,139.7,Social,205
13262,134,2846,2025-10-06,5,113.57,Online,70
13263,157,2846,2025-09-05,4,140.43,In-Store,143
13264,112,2846,2025-07-24,4,58.11,In-Store,142
13265,158,2846,2025-05-31,1,132.56,Email,286
13266,187,2846,2025-03-03,4,95.73,Social,209
13267,172,2846,2025-11-30,4,75.03,Online,75
13268,117,2846,2025-11-21,5,214.01,Online,74
13269,156,2846,2025-05-25,1,13.54,TV,355
13270,161,2846,2025-12-16,3,233.25,In-Store,149
13271,196,2846,2025-01-17,3,162.21,Online,58
13272,181,2846,2025-01-01,4,231.25,TV,348
13273,116,2846,2025-05-04,5,161.44,Online,64
13274,171,2846,2025-06-30,2,117.28,Email,288
13275,121,2846,2024-12-22,2,126.42,Online,56
13276,110,2846,2025-12-16,4,138.19,In-Store,149
13277,170,2846,2024-12-06,1,124.94,Online,55
13278,124,2846,2024-11-24,3,174.26,In-Store,130
13279,165,2846,2024-11-20,5,213.33,Online,55
13280,151,2846,2025-10-11,3,170.44,Online,70
13281,175,2846,2025-10-10,3,285.32,In-Store,146
13282,197,2846,2025-02-12,2,270.16,Online,59
13283,120,2846,2025-08-31,2,186.86,TV,359
13284,152,2847,2023-02-27,2,72.34,Online,21
13285,200,2847,2024-04-04,2,213.63,Online,43
13286,172,2847,2025-08-30,5,75.03,Online,68
13287,160,2847,2025-09-05,4,74.86,Online,70
13288,160,2847,2025-04-30,5,74.86,Online,63
13289,157,2847,2024-08-30,4,140.43,Online,50
13290,120,2847,2023-11-07,2,186.86,Online,34
13291,123,2847,2024-06-18,5,28.54,Online,47
13292,190,2847,2024-09-26,5,121.42,In-Store,126
13293,146,2847,2023-02-17,1,28.76,In-Store,98
13294,178,2847,2025-05-29,1,58.92,Social,212
13295,145,2847,2023-08-12,4,87.44,Online,31
13296,118,2847,2024-08-24,5,128.58,Email,271
13297,101,2847,2025-11-21,3,116.4,Online,75
13298,111,2847,2024-06-21,2,78.12,Online,47
13299,176,2847,2025-10-04,2,98.45,In-Store,145
13300,119,2847,2023-01-10,2,193.28,Online,19
13301,179,2848,2025-01-15,3,69.62,In-Store,133
13302,153,2848,2024-12-06,1,44.91,In-Store,131
13303,149,2848,2024-10-04,1,64.92,In-Store,127
13304,160,2848,2024-10-30,1,74.86,Online,53
13305,162,2848,2024-10-26,1,23.29,TV,345
13306,121,2849,2025-02-19,2,126.42,In-Store,135
13307,119,2849,2024-09-20,2,193.28,Online,51
13308,124,2849,2024-01-30,3,174.26,Social,190
13309,109,2849,2025-04-21,3,69.39,Online,63
13310,112,2849,2023-12-11,1,58.11,In-Store,111
13311,184,2849,2025-09-16,4,120.25,Online,70
13312,188,2849,2023-07-08,1,12.93,Online,29
13313,173,2849,2023-09-29,4,100.75,Online,33
13314,118,2849,2023-12-23,4,128.58,Online,37
13315,139,2849,2024-02-07,4,162.16,Online,40
13316,115,2849,2024-01-07,3,114.62,Online,38
13317,140,2850,2024-05-21,1,139.7,Social,195
13318,168,2850,2024-04-30,2,151.07,Online,43
13319,157,2850,2025-02-21,2,140.43,Online,60
13320,163,2850,2025-08-06,4,115.65,Online,68
13321,129,2850,2025-02-25,5,269.37,Online,60
13322,132,2850,2025-07-12,3,146.35,In-Store,142
13323,123,2850,2025-07-06,2,28.54,Online,67
13324,133,2850,2023-09-06,1,129.42,Online,32
13325,112,2850,2025-03-17,5,58.11,In-Store,136
13326,130,2850,2024-04-03,2,117.61,In-Store,118
13327,130,2850,2023-04-11,1,117.61,Online,24
13328,178,2850,2023-11-16,3,58.92,Online,36
13329,133,2850,2025-06-21,1,129.42,Online,66
13330,178,2850,2024-03-15,3,58.92,Online,41
13331,165,2850,2025-01-31,4,213.33,Online,58
13332,196,2850,2025-08-13,2,162.21,Social,216
13333,175,2850,2025-04-03,4,285.32,Social,210
13334,157,2850,2025-11-20,1,140.43,Online,74
13335,138,2850,2024-01-16,3,115.15,Online,39
13336,104,2850,2025-07-26,5,50.25,Email,290
13337,131,2850,2025-07-22,3,76.52,Online,67
13338,183,2850,2023-09-19,5,127.82,Online,33
13339,104,2851,2024-10-02,3,50.25,In-Store,126
13340,146,2851,2024-12-07,3,28.76,In-Store,131
13341,190,2851,2024-11-07,1,121.42,Online,53
13342,105,2851,2024-11-19,3,45.85,Online,54
13343,143,2851,2024-09-22,2,18.47,Online,51
13344,141,2852,2025-03-11,5,75.02,Online,60
13345,147,2852,2024-09-03,1,193.11,Online,50
13346,111,2852,2025-05-10,2,78.12,Email,286
13347,169,2852,2025-04-06,5,105.46,Online,61
13348,184,2852,2024-07-07,4,120.25,Email,268
13349,147,2852,2025-12-29,3,193.11,In-Store,150
13350,181,2852,2025-03-14,5,231.25,Social,210
13351,111,2852,2025-06-09,1,78.12,In-Store,140
13352,141,2852,2025-09-24,5,75.02,Social,218
13353,154,2852,2025-09-03,3,39.53,Online,70
13354,126,2852,2025-09-02,2,62.9,Online,69
13355,190,2852,2024-03-20,3,121.42,In-Store,118
13356,136,2852,2024-04-19,1,134.23,Social,193
13357,104,2852,2025-03-29,1,50.25,TV,352
13358,138,2852,2023-12-06,2,115.15,Online,37
13359,131,2852,2023-12-21,2,76.52,In-Store,111
13360,129,2852,2023-12-08,2,269.37,In-Store,111
13361,138,2852,2024-10-27,1,115.15,Online,53
13362,177,2852,2025-04-19,4,296.45,Online,63
13363,120,2852,2025-01-25,1,186.86,Social,207
13364,130,2852,2024-08-13,5,117.61,Online,49
13365,107,2852,2025-02-13,5,110.76,In-Store,135
13366,122,2852,2024-02-05,4,224.2,Online,40
13367,197,2852,2023-12-10,4,270.16,Online,36
13368,154,2852,2025-11-17,5,39.53,In-Store,148
13369,124,2852,2025-03-23,4,174.26,In-Store,136
13370,190,2852,2024-04-30,2,121.42,Online,45
13371,165,2852,2023-11-15,3,213.33,Online,36
13372,113,2852,2025-09-30,3,122.3,Online,71
13373,133,2852,2024-05-17,4,129.42,In-Store,120
13374,126,2852,2023-12-27,3,62.9,Online,38
13375,148,2852,2024-08-02,4,47.75,In-Store,123
13376,110,2853,2025-08-16,3,138.19,Online,68
13377,132,2853,2024-04-25,4,146.35,Online,44
13378,187,2853,2024-08-03,3,95.73,Online,49
13379,192,2853,2025-11-17,3,22.56,Online,73
13380,170,2853,2024-11-22,1,124.94,Online,55
13381,116,2853,2025-10-26,1,161.44,Online,72
13382,116,2853,2024-09-20,4,161.44,Online,51
13383,113,2853,2024-11-05,1,122.3,In-Store,128
13384,197,2853,2024-02-25,2,270.16,Online,40
13385,191,2853,2023-12-25,5,196.98,In-Store,111
13386,167,2853,2024-02-07,2,75.91,In-Store,114
13387,111,2853,2023-11-15,2,78.12,In-Store,110
13388,116,2853,2024-03-25,1,161.44,Online,42
13389,131,2853,2023-10-23,4,76.52,Online,34
13390,129,2853,2024-12-26,4,269.37,Online,57
13391,143,2853,2025-06-08,1,18.47,Online,65
13392,155,2853,2024-06-17,1,71.21,Online,47
13393,194,2854,2025-12-05,4,70.1,In-Store,149
13394,149,2854,2024-10-16,2,64.92,TV,345
13395,170,2854,2025-07-19,1,124.94,Online,68
13396,106,2854,2024-06-25,5,41.44,In-Store,122
13397,199,2854,2025-03-19,2,105.38,Online,60
13398,174,2854,2025-01-07,3,89.89,In-Store,132
13399,197,2854,2025-08-06,1,270.16,Online,68
13400,170,2854,2025-02-28,3,124.94,Online,60
13401,136,2854,2024-05-25,2,134.23,Online,46
13402,174,2854,2024-09-30,5,89.89,Online,51
13403,151,2854,2024-08-30,5,170.44,Online,49
13404,116,2854,2024-11-03,3,161.44,Online,54
13405,118,2854,2025-12-29,5,128.58,Online,77
13406,188,2854,2025-07-17,3,12.93,Social,214
13407,122,2854,2025-08-30,2,224.2,In-Store,143
13408,135,2855,2024-07-16,3,62.14,Online,48
13409,182,2855,2023-08-06,4,73.37,Online,31
13410,142,2855,2025-10-08,1,298.93,Online,70
13411,152,2855,2024-08-05,4,72.34,Online,49
13412,160,2855,2024-03-27,5,74.86,Online,42
13413,138,2855,2023-12-05,2,115.15,Online,36
13414,116,2855,2023-07-08,4,161.44,Online,29
13415,148,2855,2025-03-24,3,47.75,Online,60
13416,188,2855,2025-08-01,5,12.93,In-Store,142
13417,140,2855,2025-02-17,4,139.7,In-Store,135
13418,157,2855,2024-04-02,4,140.43,In-Store,118
13419,198,2855,2024-07-01,3,167.93,Online,48
13420,154,2855,2025-10-31,1,39.53,Social,220
13421,122,2855,2025-10-27,5,224.2,In-Store,147
13422,165,2855,2025-10-31,1,213.33,TV,363
13423,137,2855,2024-04-15,3,90.95,Online,44
13424,139,2855,2024-12-26,1,162.16,In-Store,132
13425,141,2856,2024-06-27,2,75.02,Online,47
13426,163,2856,2024-09-01,2,115.65,Online,51
13427,188,2856,2025-08-04,5,12.93,Online,68
13428,143,2856,2025-11-09,4,18.47,Online,73
13429,138,2856,2025-01-15,2,115.15,Online,58
13430,127,2856,2024-10-27,5,184.65,TV,345
13431,128,2856,2024-09-19,2,69.61,Online,51
13432,132,2856,2025-02-06,5,146.35,Social,207
13433,127,2856,2025-07-17,3,184.65,In-Store,141
13434,160,2856,2025-06-01,1,74.86,Online,65
13435,159,2856,2024-11-30,5,21.52,In-Store,130
13436,101,2856,2024-12-19,2,116.4,Online,56
13437,116,2856,2024-09-29,1,161.44,Online,51
13438,122,2856,2024-11-28,3,224.2,TV,346
13439,133,2856,2025-06-19,1,129.42,Social,213
13440,187,2856,2024-06-15,2,95.73,Email,267
13441,181,2856,2025-03-05,2,231.25,Online,60
13442,152,2856,2025-04-29,2,72.34,Online,63
13443,118,2856,2025-05-04,5,128.58,Online,64
13444,184,2856,2025-10-16,4,120.25,Online,71
13445,151,2856,2024-03-13,2,170.44,Online,41
13446,191,2856,2024-06-03,4,196.98,Social,196
13447,110,2856,2025-02-27,3,138.19,Online,59
13448,170,2856,2024-08-31,5,124.94,Online,49
13449,183,2857,2025-09-28,1,127.82,Online,71
13450,189,2857,2022-11-12,1,47.31,Online,16
13451,157,2857,2023-02-09,2,140.43,In-Store,97
13452,104,2857,2024-04-29,5,50.25,Online,45
13453,161,2857,2022-10-28,2,233.25,Social,167
13454,117,2857,2025-12-23,3,214.01,In-Store,149
13455,107,2857,2025-11-28,1,110.76,In-Store,149
13456,161,2857,2025-05-23,2,233.25,Online,65
13457,108,2857,2024-03-06,4,127.37,TV,334
13458,136,2857,2024-08-02,5,134.23,In-Store,123
13459,146,2857,2024-07-08,5,28.76,Social,198
13460,109,2857,2024-11-14,5,69.39,In-Store,128
13461,190,2857,2023-11-17,4,121.42,Email,256
13462,124,2857,2025-04-06,1,174.26,Email,283
13463,113,2857,2023-05-13,4,122.3,In-Store,101
13464,108,2857,2023-06-12,5,127.37,In-Store,103
13465,177,2857,2025-08-23,2,296.45,Email,291
13466,191,2858,2025-12-09,3,196.98,Online,76
13467,186,2858,2025-03-01,5,29.78,Online,60
13468,151,2858,2023-10-10,4,170.44,Online,34
13469,115,2858,2025-04-21,4,114.62,In-Store,137
13470,145,2858,2025-03-08,2,87.44,In-Store,135
13471,154,2858,2024-11-09,1,39.53,In-Store,128
13472,139,2858,2024-12-25,4,162.16,In-Store,132
13473,182,2858,2024-08-18,3,73.37,Email,271
13474,160,2858,2025-08-18,5,74.86,Online,68
13475,106,2858,2025-06-08,5,41.44,Email,286
13476,145,2858,2024-11-16,4,87.44,Online,54
13477,154,2858,2025-06-10,5,39.53,Online,66
13478,142,2858,2024-11-14,4,298.93,Online,55
13479,193,2858,2024-02-11,2,28.68,In-Store,115
13480,133,2858,2024-03-26,2,129.42,In-Store,118
13481,156,2858,2024-05-10,3,13.54,In-Store,119
13482,109,2858,2025-06-09,4,69.39,Online,65
13483,135,2858,2024-12-23,3,62.14,Online,57
13484,177,2858,2024-10-29,5,296.45,Email,276
13485,120,2858,2024-08-09,4,186.86,Online,49
13486,160,2859,2024-07-23,3,74.86,Online,48
13487,143,2859,2023-05-09,4,18.47,TV,320
13488,109,2859,2023-09-05,2,69.39,Online,33
13489,115,2859,2023-04-26,2,114.62,Online,24
13490,114,2859,2024-07-01,3,120.5,Online,47
13491,182,2859,2022-12-27,4,73.37,In-Store,95
13492,159,2859,2023-08-10,2,21.52,In-Store,105
13493,189,2859,2023-02-03,1,47.31,TV,315
13494,189,2859,2023-05-23,2,47.31,In-Store,102
13495,174,2859,2023-05-09,3,89.89,Online,25
13496,164,2859,2023-02-13,4,91.03,Online,20
13497,113,2859,2024-04-05,2,122.3,Online,43
13498,108,2860,2023-11-04,1,127.37,Online,35
13499,104,2860,2025-11-25,5,50.25,In-Store,148
13500,127,2860,2022-09-10,2,184.65,In-Store,90
13501,102,2860,2023-02-07,3,175.2,Online,21
13502,116,2860,2024-05-09,1,161.44,In-Store,120
13503,191,2860,2025-05-24,4,196.98,Online,65
13504,122,2860,2025-09-12,3,224.2,Online,70
13505,111,2860,2024-11-11,1,78.12,In-Store,129
13506,185,2860,2023-07-11,5,143.79,In-Store,104
13507,129,2860,2025-12-02,3,269.37,Online,75
13508,128,2860,2024-09-24,1,69.61,TV,344
13509,175,2860,2024-01-16,2,285.32,In-Store,113
13510,178,2860,2024-10-31,2,58.92,Online,53
13511,147,2860,2025-06-21,2,193.11,In-Store,141
13512,185,2860,2025-05-25,2,143.79,Online,65
13513,186,2860,2023-03-15,4,29.78,Online,22
13514,190,2860,2022-12-25,5,121.42,Online,19
13515,157,2860,2025-03-30,1,140.43,Online,61
13516,175,2860,2024-07-04,5,285.32,Social,198
13517,114,2860,2023-07-12,1,120.5,Online,29
13518,122,2860,2023-01-28,5,224.2,In-Store,97
13519,155,2861,2023-08-25,1,71.21,Online,32
13520,169,2861,2024-09-22,1,105.46,Online,51
13521,195,2861,2023-07-28,4,109.44,Online,30
13522,107,2861,2024-04-23,1,110.76,Online,43
13523,173,2861,2024-10-14,3,100.75,Online,53
13524,141,2861,2023-01-08,1,75.02,Online,19
13525,156,2861,2023-02-14,3,13.54,Online,20
13526,187,2861,2024-08-10,4,95.73,Social,200
13527,153,2861,2023-10-21,3,44.91,Email,254
13528,187,2861,2023-06-02,3,95.73,Online,26
13529,171,2861,2024-07-24,3,117.28,Online,49
13530,141,2861,2024-01-11,3,75.02,Online,38
13531,188,2861,2024-09-15,2,12.93,TV,344
13532,110,2862,2024-02-24,1,138.19,Online,41
13533,169,2862,2023-12-07,1,105.46,Online,36
13534,125,2862,2024-07-18,1,25.35,In-Store,123
13535,161,2862,2024-05-20,5,233.25,Online,46
13536,178,2862,2023-12-20,3,58.92,Online,37
13537,147,2862,2024-09-29,3,193.11,Online,52
13538,197,2862,2023-04-01,3,270.16,Social,176
13539,200,2862,2022-04-01,5,213.63,Online,5
13540,196,2862,2024-04-17,3,162.21,Online,43
13541,181,2862,2024-06-11,5,231.25,Online,47
13542,160,2862,2025-09-30,4,74.86,Online,70
13543,122,2862,2025-09-30,2,224.2,Online,70
13544,152,2862,2023-12-22,2,72.34,Online,37
13545,161,2862,2023-10-15,4,233.25,Online,34
13546,200,2862,2025-07-07,3,213.63,Online,67
13547,182,2862,2022-05-19,3,73.37,Online,6
13548,129,2862,2024-03-18,1,269.37,Social,192
13549,153,2863,2025-05-27,5,44.91,Online,65
13550,200,2863,2025-11-14,4,213.63,Online,73
13551,174,2863,2025-12-19,2,89.89,Email,294
13552,142,2863,2024-12-28,3,298.93,In-Store,132
13553,117,2863,2025-09-09,2,214.01,Online,70
13554,151,2863,2025-12-18,2,170.44,TV,366
13555,149,2863,2025-03-30,1,64.92,In-Store,136
13556,132,2863,2025-08-29,2,146.35,In-Store,144
13557,147,2863,2025-05-19,5,193.11,Online,65
13558,129,2863,2025-05-30,2,269.37,In-Store,139
13559,125,2863,2025-11-26,2,25.35,Social,221
13560,172,2863,2025-12-29,3,75.03,In-Store,149
13561,102,2863,2025-03-07,5,175.2,Online,60
13562,111,2863,2025-07-23,1,78.12,Online,68
13563,186,2864,2023-11-17,5,29.78,In-Store,110
13564,193,2864,2023-09-19,2,28.68,Online,33
13565,107,2864,2023-01-30,2,110.76,In-Store,97
13566,104,2864,2023-07-25,5,50.25,Online,30
13567,168,2864,2024-12-21,4,151.07,In-Store,131
13568,133,2864,2025-09-12,1,129.42,In-Store,144
13569,140,2864,2025-05-19,5,139.7,Social,213
13570,143,2864,2023-06-19,5,18.47,Email,248
13571,119,2864,2023-10-08,3,193.28,In-Store,107
13572,160,2864,2024-04-29,3,74.86,Online,45
13573,136,2864,2025-01-09,4,134.23,Online,57
13574,183,2864,2025-12-23,2,127.82,In-Store,149
13575,139,2864,2024-12-01,1,162.16,In-Store,130
13576,125,2864,2023-02-02,1,25.35,Online,20
13577,189,2864,2025-06-08,1,47.31,In-Store,139
13578,140,2864,2025-05-03,5,139.7,In-Store,138
13579,118,2864,2025-12-13,5,128.58,In-Store,149
13580,168,2864,2024-07-23,5,151.07,Online,48
13581,138,2864,2023-06-23,4,115.15,Online,28
13582,119,2864,2025-09-01,5,193.28,Online,70
13583,155,2864,2024-07-12,4,71.21,Social,198
13584,167,2864,2023-09-22,2,75.91,Online,33
13585,168,2864,2023-09-17,3,151.07,Online,33
13586,127,2864,2025-05-11,5,184.65,In-Store,139
13587,127,2864,2025-02-18,1,184.65,Online,59
13588,142,2864,2024-05-04,3,298.93,TV,336
13589,191,2864,2025-11-08,5,196.98,Online,73
13590,153,2865,2023-02-27,1,44.91,Online,21
13591,113,2865,2023-02-03,2,122.3,Online,20
13592,163,2865,2022-09-10,1,115.65,Online,13
13593,163,2865,2022-10-17,2,115.65,Online,15
13594,189,2865,2022-04-18,2,47.31,Online,5
13595,157,2866,2024-11-09,1,140.43,Online,55
13596,117,2866,2024-02-12,3,214.01,Online,40
13597,197,2866,2024-11-01,2,270.16,Online,54
13598,183,2866,2025-07-22,5,127.82,In-Store,142
13599,122,2866,2023-12-29,1,224.2,In-Store,111
13600,123,2866,2024-11-10,1,28.54,In-Store,129
13601,148,2866,2025-01-15,4,47.75,Online,58
13602,185,2866,2025-10-19,4,143.79,Online,72
13603,196,2866,2024-09-26,3,162.21,In-Store,126
13604,135,2866,2023-04-17,4,62.14,Online,24
13605,149,2866,2025-06-07,1,64.92,In-Store,140
13606,132,2866,2025-11-05,1,146.35,Online,72
13607,124,2866,2025-01-23,4,174.26,TV,350
13608,150,2866,2023-12-10,3,66.48,Online,36
13609,175,2866,2024-07-19,5,285.32,Online,48
13610,113,2866,2025-12-03,1,122.3,Online,75
13611,198,2866,2025-10-22,2,167.93,Online,72
13612,132,2866,2025-04-27,2,146.35,In-Store,137
13613,164,2867,2023-05-27,3,91.03,Social,179
13614,133,2867,2023-08-29,3,129.42,Online,32
13615,193,2867,2023-10-19,3,28.68,Online,34
13616,174,2867,2023-08-17,3,89.89,Social,182
13617,148,2868,2024-10-05,2,47.75,Online,52
13618,101,2868,2023-07-30,1,116.4,In-Store,104
13619,163,2868,2023-01-25,2,115.65,Online,19
13620,192,2868,2023-08-13,1,22.56,Online,32
13621,178,2868,2023-10-13,3,58.92,In-Store,108
13622,159,2868,2023-06-20,2,21.52,In-Store,104
13623,182,2868,2023-10-06,3,73.37,Online,33
13624,189,2869,2024-04-27,1,47.31,In-Store,119
13625,138,2869,2024-05-17,2,115.15,Social,194
13626,187,2869,2024-02-02,3,95.73,Online,40
13627,162,2869,2024-08-01,3,23.29,Online,49
13628,197,2870,2024-03-08,2,270.16,Online,41
13629,176,2870,2025-10-18,2,98.45,Social,218
13630,148,2870,2025-06-02,5,47.75,Social,213
13631,121,2870,2025-08-05,5,126.42,In-Store,143
13632,165,2870,2025-12-28,2,213.33,Online,77
13633,168,2870,2024-03-19,2,151.07,Online,42
13634,151,2870,2025-08-31,4,170.44,Online,70
13635,119,2870,2024-03-17,4,193.28,In-Store,118
13636,192,2870,2024-05-30,3,22.56,Online,46
13637,159,2870,2025-03-08,2,21.52,Online,60
13638,180,2870,2024-02-27,5,97.9,In-Store,116
13639,133,2870,2025-02-26,2,129.42,TV,351
13640,193,2870,2024-04-05,1,28.68,Email,263
13641,137,2870,2024-05-10,2,90.95,In-Store,120
13642,127,2870,2025-07-20,4,184.65,TV,357
13643,188,2870,2024-03-07,5,12.93,In-Store,116
13644,119,2870,2025-05-26,3,193.28,In-Store,139
13645,127,2870,2024-06-05,4,184.65,Online,46
13646,194,2870,2025-10-02,2,70.1,Online,70
13647,160,2871,2025-01-08,3,74.86,In-Store,132
13648,193,2871,2025-01-19,1,28.68,Online,58
13649,136,2871,2025-02-10,3,134.23,Online,59
13650,146,2871,2024-12-30,3,28.76,Social,206
13651,184,2871,2025-01-25,1,120.25,In-Store,133
13652,144,2871,2025-02-11,1,22.73,Online,59
13653,101,2871,2024-12-22,3,116.4,Online,56
13654,175,2872,2023-09-07,2,285.32,In-Store,106
13655,175,2872,2025-09-14,4,285.32,Online,70
13656,129,2872,2024-12-06,1,269.37,Online,56
13657,199,2872,2023-07-29,5,105.38,In-Store,105
13658,194,2872,2024-06-11,5,70.1,In-Store,120
13659,114,2872,2024-05-10,1,120.5,In-Store,119
13660,116,2872,2024-03-26,4,161.44,Online,43
13661,182,2872,2025-02-28,5,73.37,Social,209
13662,136,2872,2022-10-21,2,134.23,Online,14
13663,112,2872,2023-10-16,5,58.11,Online,34
13664,117,2872,2025-03-05,3,214.01,Online,60
13665,113,2872,2024-06-09,1,122.3,Online,46
13666,110,2872,2025-07-12,5,138.19,In-Store,141
13667,101,2872,2024-12-21,1,116.4,TV,348
13668,130,2872,2024-01-25,5,117.61,Online,39
13669,200,2872,2024-08-23,3,213.63,Online,50
13670,182,2873,2025-01-29,1,73.37,Online,59
13671,171,2873,2025-04-16,3,117.28,In-Store,138
13672,171,2873,2025-04-19,1,117.28,In-Store,138
13673,137,2873,2024-11-17,4,90.95,Online,55
13674,176,2873,2025-02-12,3,98.45,Online,59
13675,136,2873,2025-01-02,2,134.23,Online,58
13676,183,2873,2025-03-31,4,127.82,Online,61
13677,189,2873,2025-04-23,1,47.31,Online,62
13678,143,2873,2025-03-09,1,18.47,Online,60
13679,136,2873,2025-02-01,4,134.23,Email,281
13680,182,2873,2025-03-01,1,73.37,TV,351
13681,154,2874,2023-01-19,3,39.53,Online,20
13682,174,2874,2023-04-22,3,89.89,Online,24
13683,173,2874,2023-02-01,1,100.75,Social,172
13684,154,2874,2023-08-10,1,39.53,Social,182
13685,173,2874,2023-04-08,1,100.75,In-Store,100
13686,163,2874,2023-11-03,1,115.65,Online,34
13687,192,2874,2023-03-15,2,22.56,Online,22
13688,172,2874,2023-01-24,2,75.03,Online,19
13689,112,2874,2023-11-30,2,58.11,TV,329
13690,190,2874,2023-05-07,3,121.42,Social,177
13691,160,2874,2023-04-07,2,74.86,Online,23
13692,160,2874,2023-01-25,3,74.86,In-Store,97
13693,153,2875,2024-10-03,4,44.91,Online,52
13694,133,2875,2025-05-06,1,129.42,TV,354
13695,110,2875,2024-09-25,2,138.19,Online,51
13696,133,2875,2025-12-25,1,129.42,Social,222
13697,161,2875,2025-01-06,5,233.25,In-Store,132
13698,170,2875,2025-11-30,2,124.94,Online,75
13699,101,2875,2025-03-19,1,116.4,Online,61
13700,108,2875,2024-08-12,1,127.37,Online,49
13701,188,2875,2025-05-01,5,12.93,Online,64
13702,103,2875,2025-12-02,2,74.85,Email,294
13703,116,2875,2024-12-14,4,161.44,In-Store,130
13704,172,2875,2024-11-21,4,75.03,Online,55
13705,170,2875,2025-01-31,4,124.94,Online,58
13706,177,2875,2025-05-12,5,296.45,In-Store,139
13707,151,2875,2025-08-16,5,170.44,Online,69
13708,179,2875,2025-06-21,1,69.62,In-Store,140
13709,182,2875,2025-08-28,3,73.37,Online,69
13710,198,2875,2025-05-01,1,167.93,Online,63
13711,168,2875,2025-05-04,4,151.07,Online,64
13712,160,2875,2025-03-07,3,74.86,In-Store,136
13713,171,2875,2024-12-19,1,117.28,Online,57
13714,106,2875,2025-08-21,3,41.44,Online,69
13715,113,2876,2025-04-25,4,122.3,TV,354
13716,141,2876,2025-02-13,4,75.02,Online,59
13717,149,2876,2025-09-10,1,64.92,Online,70
13718,169,2876,2025-11-08,4,105.46,TV,364
13719,132,2876,2025-12-16,2,146.35,Online,76
13720,132,2876,2025-01-31,1,146.35,In-Store,134
13721,120,2876,2025-04-11,5,186.86,Online,61
13722,157,2876,2025-07-25,2,140.43,Online,68
13723,105,2876,2025-09-18,1,45.85,In-Store,144
13724,135,2876,2025-12-22,1,62.14,Online,77
13725,194,2876,2025-08-03,1,70.1,Social,215
13726,198,2876,2025-02-07,4,167.93,TV,350
13727,136,2876,2025-05-06,3,134.23,Online,64
13728,114,2876,2025-07-31,1,120.5,Online,68
13729,125,2876,2025-11-23,3,25.35,In-Store,147
13730,133,2876,2025-07-19,1,129.42,Online,67
13731,191,2876,2025-05-01,3,196.98,Online,63
13732,123,2876,2025-08-03,3,28.54,Online,68
13733,127,2876,2025-07-09,5,184.65,Social,214
13734,151,2876,2025-11-01,1,170.44,TV,362
13735,187,2876,2025-11-23,1,95.73,In-Store,148
13736,149,2876,2025-10-17,3,64.92,Online,72
13737,108,2876,2025-11-16,5,127.37,Online,73
13738,163,2876,2025-11-18,3,115.65,Online,74
13739,186,2876,2025-02-15,2,29.78,In-Store,134
13740,122,2876,2025-10-31,2,224.2,In-Store,147
13741,120,2876,2025-11-30,4,186.86,Online,74
13742,149,2877,2024-12-18,3,64.92,In-Store,130
13743,168,2877,2024-06-22,2,151.07,Online,47
13744,110,2877,2024-11-11,5,138.19,Online,54
13745,154,2877,2025-02-05,3,39.53,In-Store,134
13746,166,2877,2024-02-24,2,151.16,Online,41
13747,105,2877,2024-02-16,4,45.85,In-Store,115
13748,113,2877,2025-03-09,1,122.3,In-Store,136
13749,125,2877,2025-09-17,5,25.35,Online,70
13750,187,2877,2024-04-02,2,95.73,Online,43
13751,101,2877,2025-02-19,2,116.4,Social,208
13752,199,2877,2025-08-31,3,105.38,Online,69
13753,177,2877,2025-02-20,4,296.45,TV,351
13754,177,2877,2025-03-21,4,296.45,Online,60
13755,120,2877,2025-05-19,2,186.86,Online,64
13756,129,2877,2025-03-08,3,269.37,In-Store,136
13757,101,2877,2024-09-10,4,116.4,Email,273
13758,166,2877,2023-12-24,5,151.16,Online,37
13759,109,2877,2024-07-13,2,69.39,In-Store,122
13760,191,2877,2024-02-15,3,196.98,Social,191
13761,142,2877,2025-11-18,3,298.93,Social,220
13762,147,2877,2025-12-28,3,193.11,Online,77
13763,157,2877,2025-03-27,3,140.43,Online,60
13764,160,2877,2024-04-12,3,74.86,Online,43
13765,106,2877,2025-12-01,3,41.44,Social,221
13766,199,2877,2024-06-17,5,105.38,Social,196
13767,155,2878,2023-05-08,3,71.21,Online,25
13768,198,2878,2024-01-29,3,167.93,In-Store,113
13769,116,2878,2023-05-16,5,161.44,Online,26
13770,111,2878,2024-10-16,4,78.12,In-Store,127
13771,155,2878,2024-11-14,5,71.21,Online,55
13772,140,2878,2023-01-06,2,139.7,Online,19
13773,121,2878,2025-03-08,5,126.42,In-Store,136
13774,147,2878,2025-08-18,1,193.11,Online,69
13775,172,2878,2023-08-17,1,75.03,Social,182
13776,139,2878,2024-08-16,3,162.16,TV,341
13777,197,2878,2023-03-30,3,270.16,Online,23
13778,193,2878,2023-05-02,2,28.68,TV,320
13779,122,2878,2023-11-05,1,224.2,Online,34
13780,135,2878,2023-02-27,3,62.14,Online,22
13781,183,2878,2024-09-01,4,127.82,Social,200
13782,103,2879,2025-03-21,4,74.85,Online,60
13783,147,2879,2024-02-26,1,193.11,Online,40
13784,136,2879,2023-12-07,1,134.23,Online,36
13785,190,2879,2024-08-13,4,121.42,In-Store,124
13786,113,2879,2023-12-07,4,122.3,Online,36
13787,135,2879,2024-07-21,5,62.14,In-Store,123
13788,161,2879,2024-01-27,1,233.25,Online,39
13789,200,2879,2023-12-15,2,213.63,Online,36
13790,142,2879,2024-11-06,4,298.93,Online,53
13791,167,2879,2024-03-13,2,75.91,In-Store,116
13792,163,2879,2025-12-23,3,115.65,Email,295
13793,162,2879,2025-11-11,5,23.29,Online,72
13794,166,2879,2025-09-03,1,151.16,Online,69
13795,113,2879,2024-06-23,5,122.3,Online,47
13796,157,2879,2025-09-12,5,140.43,Email,291
13797,200,2879,2025-03-18,1,213.63,Online,60
13798,114,2879,2024-11-28,3,120.5,Online,55
13799,132,2879,2025-05-14,1,146.35,In-Store,138
13800,161,2879,2023-11-07,2,233.25,Online,34
13801,119,2879,2023-10-22,1,193.28,Online,34
13802,148,2879,2025-07-01,4,47.75,Online,67
13803,177,2879,2025-11-21,1,296.45,Online,74
13804,193,2879,2024-07-17,4,28.68,Online,48
13805,155,2879,2024-09-17,1,71.21,Online,51
13806,198,2879,2025-02-15,3,167.93,Online,59
13807,155,2879,2025-07-06,2,71.21,Online,67
13808,138,2879,2025-07-26,2,115.15,Social,214
13809,128,2879,2024-02-07,1,69.61,Online,40
13810,191,2879,2025-10-20,3,196.98,Online,71
13811,136,2879,2025-02-10,1,134.23,Online,59
13812,182,2880,2025-07-03,4,73.37,In-Store,141
13813,136,2880,2024-10-28,5,134.23,Online,53
13814,181,2880,2023-12-25,1,231.25,Online,37
13815,172,2880,2024-05-20,2,75.03,Social,195
13816,147,2880,2024-09-19,2,193.11,Online,51
13817,157,2880,2024-07-11,1,140.43,Email,268
13818,120,2880,2025-05-03,5,186.86,Online,64
13819,167,2880,2025-09-02,1,75.91,In-Store,143
13820,161,2880,2023-11-15,3,233.25,In-Store,110
13821,177,2880,2024-09-07,3,296.45,Online,50
13822,167,2880,2025-01-19,4,75.91,In-Store,133
13823,197,2880,2024-10-19,3,270.16,Online,53
13824,110,2880,2024-07-13,3,138.19,Online,48
13825,119,2880,2023-08-01,4,193.28,In-Store,104
13826,197,2880,2025-10-01,2,270.16,In-Store,145
13827,170,2880,2023-07-16,5,124.94,Online,29
13828,167,2880,2025-04-27,4,75.91,Online,63
13829,117,2880,2023-10-20,5,214.01,Online,34
13830,172,2880,2024-07-16,2,75.03,Social,199
13831,113,2880,2023-09-08,4,122.3,Online,33
13832,161,2880,2023-02-13,4,233.25,Online,21
13833,158,2880,2024-04-12,5,132.56,TV,336
13834,141,2880,2025-08-23,2,75.02,Social,216
13835,140,2880,2024-04-04,5,139.7,Online,43
13836,123,2880,2023-05-07,3,28.54,TV,320
13837,110,2880,2024-04-01,5,138.19,Online,43
13838,199,2880,2024-02-16,2,105.38,Online,40
13839,164,2880,2023-07-13,2,91.03,Social,181
13840,175,2880,2024-11-09,2,285.32,In-Store,128
13841,187,2880,2024-10-05,3,95.73,Online,52
13842,140,2880,2025-02-04,5,139.7,Online,59
13843,147,2880,2023-08-03,3,193.11,Online,30
13844,173,2880,2025-08-23,3,100.75,Online,68
13845,165,2880,2025-05-05,4,213.33,Email,285
13846,191,2881,2025-06-25,4,196.98,Social,214
13847,140,2881,2025-03-06,5,139.7,Social,209
13848,120,2881,2025-05-11,3,186.86,Online,65
13849,133,2881,2025-06-03,3,129.42,In-Store,140
13850,129,2881,2025-07-25,1,269.37,Online,68
13851,166,2881,2025-04-17,2,151.16,Online,61
13852,136,2881,2025-04-18,3,134.23,Online,61
13853,197,2881,2024-12-07,2,270.16,Online,56
13854,153,2881,2025-10-17,5,44.91,In-Store,146
13855,121,2881,2025-08-20,1,126.42,Online,69
13856,160,2881,2025-02-09,3,74.86,Social,207
13857,183,2881,2025-04-10,5,127.82,Online,62
13858,129,2881,2025-12-05,5,269.37,In-Store,149
13859,178,2881,2025-11-05,2,58.92,In-Store,147
13860,169,2881,2025-02-28,3,105.46,Social,209
13861,193,2881,2025-08-18,5,28.68,Online,69
13862,183,2881,2025-11-19,5,127.82,Online,74
13863,191,2881,2025-09-12,2,196.98,Online,70
13864,166,2881,2025-07-03,1,151.16,In-Store,141
13865,150,2881,2024-12-15,5,66.48,Email,279
13866,188,2881,2025-11-10,2,12.93,Online,74
13867,157,2881,2025-05-05,4,140.43,Online,64
13868,200,2881,2025-11-11,3,213.63,In-Store,148
13869,170,2881,2025-12-15,1,124.94,Online,76
13870,143,2881,2025-05-25,1,18.47,Online,65
13871,140,2881,2025-05-28,2,139.7,Online,65
13872,141,2881,2025-04-17,5,75.02,Online,61
13873,139,2881,2025-01-06,3,162.16,Email,280
13874,113,2882,2024-06-05,1,122.3,Online,46
13875,167,2882,2023-06-16,1,75.91,Online,27
13876,138,2882,2023-12-26,2,115.15,Online,37
13877,199,2882,2024-03-03,1,105.38,In-Store,116
13878,118,2882,2024-03-16,3,128.58,Email,263
13879,106,2882,2023-11-16,3,41.44,TV,329
13880,146,2882,2025-01-03,4,28.76,Online,58
13881,176,2882,2024-01-12,3,98.45,Online,38
13882,131,2882,2023-08-09,2,76.52,Online,32
13883,158,2882,2024-11-02,4,132.56,Social,204
13884,148,2883,2025-09-09,3,47.75,Online,70
13885,160,2883,2023-06-18,5,74.86,Online,28
13886,122,2883,2024-08-28,5,224.2,Social,200
13887,191,2883,2024-10-17,2,196.98,Online,53
13888,101,2883,2025-09-27,5,116.4,In-Store,144
13889,181,2883,2025-11-06,5,231.25,In-Store,147
13890,163,2883,2025-09-24,4,115.65,Social,218
13891,174,2883,2025-06-07,1,89.89,Online,66
13892,157,2883,2024-11-03,3,140.43,Email,276
13893,106,2883,2023-08-10,3,41.44,TV,323
13894,119,2883,2023-09-11,2,193.28,In-Store,107
13895,121,2883,2024-12-24,3,126.42,Social,206
13896,152,2883,2023-02-18,2,72.34,In-Store,98
13897,169,2883,2022-09-12,2,105.46,Online,13
13898,156,2883,2024-01-22,1,13.54,Online,39
13899,161,2883,2024-07-22,5,233.25,Online,49
13900,125,2883,2022-08-16,4,25.35,In-Store,88
13901,126,2883,2023-11-14,4,62.9,Online,36
13902,110,2883,2025-09-28,1,138.19,Online,71
13903,184,2883,2024-01-26,5,120.25,Online,40
13904,151,2883,2024-07-19,1,170.44,In-Store,123
13905,157,2883,2024-02-01,3,140.43,In-Store,113
13906,133,2883,2025-02-07,1,129.42,Online,59
13907,103,2883,2024-04-27,1,74.85,Online,43
13908,107,2883,2025-06-21,5,110.76,Online,66
13909,105,2883,2025-10-30,1,45.85,Online,72
13910,170,2883,2024-11-04,2,124.94,Online,53
13911,194,2883,2023-03-29,2,70.1,Online,23
13912,108,2883,2025-11-11,1,127.37,Online,72
13913,197,2883,2025-07-14,1,270.16,Online,67
13914,146,2883,2025-04-11,2,28.76,Online,62
13915,147,2883,2025-11-10,5,193.11,Online,73
13916,148,2883,2023-03-04,5,47.75,Online,21
13917,129,2884,2025-10-12,4,269.37,Social,218
13918,109,2884,2025-06-10,4,69.39,Online,66
13919,198,2884,2025-08-03,4,167.93,Online,68
13920,183,2884,2025-07-08,4,127.82,In-Store,141
13921,122,2884,2025-07-20,4,224.2,Online,67
13922,108,2884,2025-03-16,1,127.37,In-Store,136
13923,102,2884,2024-09-10,4,175.2,Social,201
13924,124,2884,2025-05-29,3,174.26,TV,355
13925,113,2884,2024-10-05,4,122.3,Online,52
13926,138,2884,2025-11-02,4,115.15,Online,73
13927,184,2884,2025-04-04,2,120.25,Online,61
13928,136,2884,2024-12-11,1,134.23,Online,56
13929,102,2884,2024-08-08,5,175.2,Online,49
13930,110,2884,2024-09-14,5,138.19,In-Store,126
13931,191,2884,2024-07-25,1,196.98,Online,48
13932,118,2884,2024-09-26,1,128.58,In-Store,125
13933,128,2884,2025-03-25,5,69.61,Online,61
13934,126,2884,2025-04-02,5,62.9,Online,61
13935,188,2884,2025-02-21,2,12.93,In-Store,135
13936,132,2884,2024-07-13,1,146.35,Online,48
13937,193,2884,2025-04-11,5,28.68,Online,61
13938,157,2884,2025-09-18,5,140.43,TV,361
13939,191,2884,2025-10-09,2,196.98,Online,70
13940,187,2884,2025-05-23,2,95.73,Online,65
13941,135,2885,2025-02-08,3,62.14,Online,59
13942,176,2885,2024-11-09,3,98.45,In-Store,129
13943,135,2885,2024-08-01,1,62.14,Email,270
13944,176,2885,2024-04-25,4,98.45,In-Store,119
13945,130,2885,2025-04-15,1,117.61,In-Store,137
13946,137,2885,2024-09-26,3,90.95,Online,51
13947,136,2885,2025-03-21,4,134.23,In-Store,136
13948,174,2886,2024-01-30,2,89.89,In-Store,113
13949,147,2886,2024-06-29,2,193.11,In-Store,121
13950,122,2886,2025-07-17,1,224.2,Online,67
13951,125,2886,2025-03-24,2,25.35,Online,60
13952,186,2886,2024-12-03,3,29.78,Online,55
13953,169,2886,2025-09-16,3,105.46,Social,217
13954,128,2886,2024-03-16,5,69.61,Social,192
13955,196,2886,2024-02-18,5,162.21,In-Store,115
13956,163,2886,2024-12-23,5,115.65,Online,57
13957,123,2886,2024-06-18,3,28.54,Online,47
13958,171,2886,2024-07-04,2,117.28,Online,47
13959,144,2886,2024-06-12,5,22.73,TV,338
13960,107,2886,2024-11-06,3,110.76,Online,53
13961,184,2886,2025-12-23,4,120.25,In-Store,149
13962,117,2886,2024-10-25,3,214.01,Online,53
13963,142,2886,2024-09-25,5,298.93,Online,52
13964,122,2886,2025-11-12,4,224.2,Online,74
13965,138,2887,2024-10-31,2,115.15,Online,53
13966,103,2887,2024-08-07,2,74.85,Online,49
13967,162,2887,2024-03-26,1,23.29,Online,43
13968,154,2887,2025-01-12,2,39.53,In-Store,132
13969,148,2887,2024-05-16,1,47.75,Online,45
13970,148,2887,2024-05-19,4,47.75,In-Store,120
13971,121,2887,2024-02-04,2,126.42,In-Store,114
13972,153,2887,2025-01-10,4,44.91,Online,58
13973,167,2887,2024-08-16,3,75.91,Online,50
13974,186,2887,2024-03-22,2,29.78,Online,42
13975,144,2887,2024-10-30,2,22.73,Online,53
13976,146,2887,2024-05-02,1,28.76,Online,45
13977,131,2887,2024-03-10,1,76.52,Online,42
13978,154,2888,2023-06-16,2,39.53,In-Store,103
13979,135,2888,2023-10-18,2,62.14,In-Store,108
13980,130,2888,2024-05-03,2,117.61,Online,45
13981,183,2888,2023-10-31,4,127.82,Online,34
13982,118,2888,2023-06-28,3,128.58,Online,29
13983,144,2888,2023-12-04,3,22.73,Online,37
13984,133,2888,2023-03-16,4,129.42,Social,175
13985,158,2888,2023-01-18,2,132.56,In-Store,97
13986,114,2888,2023-09-16,1,120.5,Online,33
13987,112,2888,2023-01-23,3,58.11,Online,20
13988,172,2888,2023-02-01,2,75.03,TV,315
13989,182,2888,2024-06-30,2,73.37,Online,48
13990,136,2888,2022-11-23,2,134.23,Online,17
13991,110,2889,2025-03-29,4,138.19,Online,60
13992,116,2889,2024-11-02,1,161.44,Online,53
13993,166,2889,2025-03-09,5,151.16,Online,60
13994,194,2889,2023-08-13,1,70.1,Online,31
13995,124,2889,2023-11-03,3,174.26,In-Store,108
13996,157,2889,2025-02-10,1,140.43,In-Store,134
13997,142,2889,2024-03-03,3,298.93,Online,41
13998,161,2889,2023-07-28,1,233.25,In-Store,104
13999,119,2889,2025-08-26,5,193.28,Email,290
14000,197,2889,2025-10-11,5,270.16,TV,362
14001,185,2889,2025-06-14,3,143.79,Online,65
14002,188,2889,2023-09-11,5,12.93,In-Store,107
14003,200,2889,2024-06-21,2,213.63,Online,47
14004,199,2889,2024-08-24,3,105.38,In-Store,125
14005,165,2889,2024-09-03,4,213.33,Social,201
14006,196,2889,2025-07-29,1,162.21,In-Store,142
14007,110,2889,2025-09-10,1,138.19,Online,70
14008,108,2889,2023-03-20,5,127.37,Online,22
14009,160,2890,2024-11-03,4,74.86,In-Store,128
14010,198,2890,2024-06-06,3,167.93,TV,338
14011,172,2890,2024-04-14,4,75.03,Email,263
14012,155,2890,2022-10-25,3,71.21,Online,15
14013,161,2890,2023-08-09,3,233.25,TV,323
14014,142,2890,2025-02-07,5,298.93,TV,350
14015,117,2890,2023-04-29,5,214.01,Email,246
14016,130,2890,2023-12-04,1,117.61,Online,37
14017,142,2890,2025-08-15,4,298.93,Online,68
14018,153,2890,2022-11-17,2,44.91,Online,17
14019,136,2890,2025-03-26,1,134.23,Online,60
14020,167,2890,2025-11-01,3,75.91,Online,73
14021,194,2890,2025-07-06,3,70.1,Online,67
14022,170,2890,2023-10-05,4,124.94,Online,33
14023,189,2890,2022-12-10,2,47.31,Social,169
14024,129,2890,2024-10-17,1,269.37,Online,53
14025,142,2890,2022-06-02,4,298.93,Online,6
14026,127,2890,2024-02-22,4,184.65,Online,41
14027,167,2890,2023-12-10,3,75.91,Online,37
14028,186,2890,2024-08-21,3,29.78,Social,200
14029,107,2890,2023-10-02,5,110.76,In-Store,108
14030,155,2890,2025-06-14,4,71.21,Email,286
14031,144,2890,2024-07-11,4,22.73,Online,48
14032,139,2890,2025-03-07,1,162.16,Social,209
14033,187,2890,2023-11-24,5,95.73,Social,187
14034,107,2890,2023-07-09,1,110.76,TV,322
14035,117,2891,2024-01-07,1,214.01,Social,188
14036,144,2891,2025-07-03,1,22.73,In-Store,141
14037,162,2891,2024-07-26,1,23.29,TV,339
14038,157,2891,2023-11-30,2,140.43,Online,36
14039,142,2891,2024-02-07,1,298.93,Online,40
14040,132,2891,2024-11-19,1,146.35,Social,204
14041,135,2891,2024-03-18,2,62.14,Online,42
14042,132,2891,2024-11-19,1,146.35,In-Store,129
14043,113,2891,2024-05-01,5,122.3,In-Store,119
14044,132,2891,2025-11-15,5,146.35,Online,74
14045,153,2891,2024-11-10,5,44.91,Online,54
14046,161,2891,2023-08-03,5,233.25,Online,31
14047,187,2891,2025-07-06,5,95.73,In-Store,141
14048,119,2891,2025-09-27,5,193.28,Social,218
14049,190,2892,2025-08-07,1,121.42,Online,68
14050,118,2892,2022-07-14,4,128.58,Social,161
14051,166,2892,2025-07-05,2,151.16,Email,288
14052,121,2892,2023-08-10,4,126.42,In-Store,106
14053,106,2892,2025-07-25,5,41.44,Online,68
14054,170,2892,2022-07-31,4,124.94,In-Store,87
14055,131,2892,2025-05-17,3,76.52,Online,65
14056,193,2892,2023-11-24,1,28.68,Online,36
14057,190,2892,2022-10-26,3,121.42,Online,16
14058,196,2892,2023-04-17,2,162.21,Online,24
14059,122,2892,2024-12-07,1,224.2,TV,347
14060,172,2892,2022-08-15,2,75.03,Online,12
14061,139,2892,2024-01-19,2,162.16,Online,39
14062,108,2892,2023-04-07,4,127.37,Email,244
14063,103,2892,2023-05-15,3,74.85,Online,25
14064,190,2892,2024-04-15,2,121.42,Online,44
14065,124,2892,2023-03-09,1,174.26,In-Store,99
14066,159,2893,2023-09-28,1,21.52,In-Store,108
14067,156,2893,2022-08-04,4,13.54,TV,307
14068,199,2893,2023-01-13,2,105.38,Online,20
14069,155,2893,2024-07-01,4,71.21,Online,47
14070,176,2893,2023-05-17,3,98.45,In-Store,102
14071,170,2893,2022-05-13,4,124.94,Online,6
14072,136,2894,2022-10-07,1,134.23,In-Store,91
14073,123,2894,2022-12-09,3,28.54,In-Store,95
14074,164,2894,2022-10-21,2,91.03,Online,15
14075,190,2894,2022-10-16,1,121.42,In-Store,92
14076,121,2894,2023-06-27,2,126.42,TV,322
14077,130,2894,2024-07-04,3,117.61,Online,47
14078,149,2895,2025-03-04,1,64.92,In-Store,135
14079,167,2895,2025-11-18,3,75.91,In-Store,148
14080,179,2895,2025-07-09,5,69.62,Online,67
14081,170,2895,2024-11-26,3,124.94,In-Store,129
14082,110,2895,2025-05-02,5,138.19,Online,63
14083,160,2895,2024-11-25,4,74.86,In-Store,130
14084,163,2895,2025-04-26,3,115.65,Online,63
14085,173,2895,2025-12-06,5,100.75,Email,295
14086,106,2895,2024-11-21,1,41.44,Online,55
14087,196,2895,2025-12-18,5,162.21,Online,77
14088,107,2895,2024-12-07,5,110.76,Social,205
14089,147,2895,2024-12-28,2,193.11,Online,57
14090,142,2895,2025-02-14,5,298.93,Online,59
14091,102,2895,2025-10-25,2,175.2,Online,72
14092,172,2895,2024-11-06,1,75.03,In-Store,128
14093,152,2895,2025-02-04,2,72.34,Online,59
14094,124,2895,2025-12-30,3,174.26,Social,222
14095,186,2895,2025-02-21,3,29.78,In-Store,135
14096,154,2895,2025-03-03,4,39.53,Email,283
14097,112,2895,2025-05-24,4,58.11,In-Store,139
14098,133,2895,2025-12-11,3,129.42,In-Store,149
14099,197,2895,2025-12-01,4,270.16,Email,294
14100,197,2895,2024-11-16,1,270.16,Online,55
14101,119,2895,2025-04-27,4,193.28,In-Store,137
14102,166,2895,2025-07-31,2,151.16,Social,215
14103,137,2895,2025-09-22,1,90.95,Online,70
14104,112,2895,2025-05-16,5,58.11,Social,212
14105,153,2895,2025-01-14,1,44.91,Social,206
14106,136,2895,2024-12-15,5,134.23,Social,205
14107,109,2895,2025-12-12,1,69.39,Online,76
14108,137,2895,2025-07-01,4,90.95,In-Store,141
14109,181,2895,2025-08-12,5,231.25,TV,358
14110,109,2895,2025-01-07,2,69.39,Social,206
14111,189,2896,2022-10-12,1,47.31,Online,14
14112,135,2896,2024-01-02,4,62.14,Online,37
14113,190,2896,2022-07-27,2,121.42,TV,306
14114,155,2896,2023-07-20,4,71.21,Online,30
14115,167,2897,2024-02-04,1,75.91,In-Store,114
14116,169,2897,2023-01-24,2,105.46,Online,20
14117,101,2897,2023-08-26,2,116.4,In-Store,106
14118,138,2897,2023-03-14,3,115.15,Online,22
14119,128,2897,2023-06-14,4,69.61,In-Store,103
14120,164,2897,2023-08-10,2,91.03,Social,182
14121,128,2897,2023-02-14,3,69.61,Online,21
14122,178,2897,2023-08-25,1,58.92,Social,182
14123,158,2897,2024-02-17,3,132.56,Social,191
14124,141,2897,2023-01-24,2,75.02,Online,20
14125,173,2897,2024-03-22,3,100.75,Online,43
14126,172,2897,2023-12-21,1,75.03,In-Store,111
14127,179,2897,2023-11-11,1,69.62,Online,36
14128,171,2897,2023-10-22,1,117.28,Online,34
14129,150,2898,2023-03-07,3,66.48,Online,22
14130,189,2898,2022-03-02,2,47.31,Online,3
14131,186,2898,2023-08-30,3,29.78,Online,32
14132,160,2898,2022-10-31,1,74.86,Online,16
14133,189,2898,2022-04-27,1,47.31,Online,5
14134,141,2898,2022-03-17,3,75.02,In-Store,81
14135,192,2899,2024-06-01,2,22.56,Social,196
14136,163,2899,2024-03-07,4,115.65,Online,41
14137,183,2899,2025-04-19,2,127.82,Online,62
14138,103,2899,2024-05-10,3,74.85,Online,45
14139,199,2899,2024-07-25,3,105.38,In-Store,123
14140,123,2900,2023-04-26,4,28.54,Online,25
14141,123,2900,2022-07-13,1,28.54,In-Store,87
14142,183,2900,2024-03-25,3,127.82,Online,43
14143,108,2901,2024-01-21,3,127.37,TV,332
14144,160,2901,2024-05-11,4,74.86,Online,45
14145,186,2901,2023-09-06,3,29.78,Online,32
14146,174,2901,2024-01-17,3,89.89,Online,38
14147,172,2901,2024-04-20,4,75.03,Online,43
14148,121,2901,2024-11-04,3,126.42,In-Store,128
14149,136,2901,2023-09-27,2,134.23,In-Store,108
14150,192,2901,2024-06-08,1,22.56,Email,267
14151,111,2901,2024-04-03,1,78.12,Online,43
14152,147,2902,2025-12-22,4,193.11,In-Store,149
14153,108,2902,2025-04-03,2,127.37,Online,61
14154,104,2902,2024-07-02,3,50.25,Online,47
14155,110,2902,2024-01-15,2,138.19,Social,189
14156,113,2902,2025-10-29,2,122.3,Social,220
14157,193,2902,2024-01-26,2,28.68,Online,40
14158,186,2902,2024-05-08,5,29.78,Social,195
14159,114,2902,2024-06-07,2,120.5,In-Store,120
14160,165,2902,2024-10-26,5,213.33,Online,53
14161,151,2902,2024-04-03,4,170.44,TV,335
14162,139,2902,2023-12-20,4,162.16,Online,37
14163,147,2902,2024-11-28,5,193.11,Online,56
14164,185,2902,2024-10-17,1,143.79,Online,53
14165,181,2902,2025-01-27,4,231.25,Online,59
14166,135,2902,2025-08-31,3,62.14,Online,70
14167,117,2902,2025-07-01,1,214.01,Online,66
14168,134,2902,2024-11-09,2,113.57,In-Store,128
14169,108,2902,2025-07-31,4,127.37,Online,68
14170,119,2902,2023-08-05,1,193.28,Online,30
14171,132,2902,2025-06-03,3,146.35,Online,65
14172,194,2902,2025-06-15,5,70.1,Online,66
14173,141,2902,2025-04-07,3,75.02,Online,61
14174,183,2902,2025-11-15,5,127.82,Online,74
14175,142,2902,2024-05-23,3,298.93,In-Store,120
14176,170,2902,2025-10-25,2,124.94,Social,219
14177,197,2902,2025-07-20,2,270.16,Online,68
14178,122,2902,2025-03-19,3,224.2,Email,283
14179,103,2902,2023-10-12,3,74.85,Social,185
14180,171,2903,2025-08-01,4,117.28,In-Store,142
14181,200,2903,2025-01-20,3,213.63,Online,58
14182,152,2903,2024-03-22,4,72.34,Online,42
14183,197,2903,2023-07-02,1,270.16,Online,29
14184,168,2903,2025-06-04,4,151.07,Online,65
14185,151,2903,2022-05-24,1,170.44,Online,6
14186,158,2903,2023-07-02,2,132.56,Email,249
14187,197,2903,2022-06-15,3,270.16,Online,7
14188,188,2903,2025-05-05,1,12.93,In-Store,138
14189,158,2903,2024-05-22,5,132.56,Online,46
14190,102,2903,2025-06-09,3,175.2,TV,356
14191,179,2903,2024-11-10,2,69.62,Social,204
14192,101,2903,2025-05-03,4,116.4,TV,354
14193,109,2903,2024-11-22,4,69.39,In-Store,129
14194,175,2903,2024-11-29,5,285.32,Online,56
14195,120,2903,2022-06-18,5,186.86,TV,305
14196,178,2903,2024-11-14,3,58.92,In-Store,128
14197,149,2903,2025-12-24,2,64.92,Online,76
14198,182,2903,2025-08-13,5,73.37,In-Store,143
14199,197,2903,2023-09-02,3,270.16,Social,183
14200,117,2904,2024-12-30,1,214.01,Online,57
14201,169,2904,2025-12-25,3,105.46,In-Store,149
14202,122,2904,2025-04-02,3,224.2,Online,61
14203,122,2904,2024-07-01,3,224.2,In-Store,121
14204,166,2904,2023-09-15,4,151.16,In-Store,107
14205,197,2904,2024-02-19,1,270.16,In-Store,115
14206,173,2904,2024-03-17,2,100.75,Online,42
14207,164,2904,2022-09-10,3,91.03,Social,163
14208,119,2904,2024-07-21,4,193.28,Social,198
14209,167,2904,2025-11-26,1,75.91,Online,74
14210,142,2904,2024-06-19,5,298.93,Online,47
14211,102,2904,2022-08-29,3,175.2,Online,12
14212,188,2904,2022-12-23,3,12.93,Email,239
14213,157,2904,2024-09-12,4,140.43,In-Store,125
14214,150,2904,2025-07-27,2,66.48,Online,67
14215,142,2904,2024-04-13,5,298.93,Online,43
14216,121,2904,2025-04-29,2,126.42,Online,63
14217,122,2904,2022-11-27,2,224.2,In-Store,94
14218,162,2904,2024-05-30,5,23.29,Online,46
14219,143,2904,2025-08-24,5,18.47,Social,215
14220,151,2904,2025-12-09,1,170.44,Email,294
14221,159,2904,2024-08-12,3,21.52,Online,49
14222,157,2904,2025-03-17,1,140.43,Online,61
14223,117,2904,2022-07-11,5,214.01,Email,232
14224,198,2904,2022-05-29,2,167.93,Social,159
14225,138,2904,2024-10-01,1,115.15,Online,52
14226,170,2904,2022-06-24,5,124.94,Social,161
14227,118,2904,2023-11-05,5,128.58,Email,255
14228,195,2904,2025-08-29,4,109.44,TV,359
14229,146,2905,2023-12-12,2,28.76,In-Store,111
14230,126,2905,2023-12-05,2,62.9,Online,36
14231,114,2905,2023-11-29,1,120.5,Social,186
14232,108,2905,2024-01-17,3,127.37,In-Store,112
14233,128,2906,2024-08-18,1,69.61,Online,50
14234,131,2906,2024-07-21,1,76.52,Online,48
14235,148,2906,2024-09-27,3,47.75,Online,52
14236,187,2906,2024-08-16,1,95.73,Online,50
14237,182,2906,2024-11-01,2,73.37,Online,53
14238,186,2906,2024-07-20,3,29.78,TV,339
14239,148,2906,2024-06-28,1,47.75,TV,339
14240,178,2906,2024-06-29,1,58.92,TV,339
14241,184,2906,2024-07-22,2,120.25,Social,199
14242,114,2906,2024-09-15,3,120.5,Online,51
14243,126,2906,2024-12-31,1,62.9,Online,57
14244,118,2907,2024-04-01,3,128.58,In-Store,118
14245,170,2907,2024-05-13,1,124.94,Online,46
14246,115,2907,2024-01-31,1,114.62,Online,40
14247,130,2907,2024-03-29,3,117.61,Online,43
14248,154,2907,2024-04-20,2,39.53,Social,194
14249,101,2907,2024-04-18,1,116.4,Online,43
14250,108,2907,2024-03-11,2,127.37,In-Store,117
14251,101,2907,2024-02-04,2,116.4,Online,40
14252,180,2907,2024-06-05,1,97.9,Online,46
14253,197,2908,2025-04-16,3,270.16,In-Store,137
14254,164,2908,2024-11-20,1,91.03,Online,54
14255,140,2908,2023-04-16,2,139.7,TV,318
14256,110,2908,2023-05-27,3,138.19,Social,179
14257,116,2908,2023-06-04,4,161.44,Online,27
14258,118,2908,2022-09-25,3,128.58,Online,13
14259,130,2908,2022-04-28,2,117.61,Online,5
14260,136,2908,2022-09-28,4,134.23,Online,14
14261,156,2908,2024-06-11,5,13.54,In-Store,120
14262,185,2908,2025-04-17,2,143.79,In-Store,138
14263,152,2908,2024-09-12,2,72.34,TV,343
14264,165,2908,2022-11-20,4,213.33,Online,17
14265,191,2908,2025-02-06,5,196.98,Email,282
14266,102,2908,2024-06-21,3,175.2,Online,47
14267,155,2908,2024-02-24,1,71.21,Online,41
14268,124,2908,2022-07-11,5,174.26,Social,161
14269,153,2908,2023-08-17,5,44.91,In-Store,106
14270,142,2908,2024-02-08,2,298.93,Social,190
14271,124,2908,2024-01-16,2,174.26,Email,259
14272,167,2908,2022-08-16,4,75.91,Online,12
14273,125,2908,2025-05-06,1,25.35,Online,63
14274,141,2908,2025-08-26,3,75.02,Online,69
14275,149,2909,2024-04-21,1,64.92,Online,43
14276,195,2909,2024-05-24,2,109.44,In-Store,120
14277,162,2909,2023-09-07,1,23.29,Online,32
14278,153,2909,2024-10-04,1,44.91,In-Store,127
14279,154,2909,2024-09-17,2,39.53,Online,51
14280,145,2909,2023-07-25,4,87.44,Online,31
14281,114,2909,2023-12-28,4,120.5,Online,38
14282,121,2909,2024-06-02,4,126.42,Online,46
14283,164,2909,2024-01-09,3,91.03,Email,258
14284,149,2909,2024-02-06,1,64.92,Online,40
14285,108,2909,2024-06-04,1,127.37,Social,196
14286,106,2910,2024-10-13,4,41.44,In-Store,126
14287,198,2910,2024-12-21,1,167.93,Social,206
14288,124,2910,2025-06-15,4,174.26,Online,65
14289,170,2910,2024-06-21,3,124.94,In-Store,121
14290,194,2910,2025-12-15,2,70.1,Online,76
14291,175,2910,2025-09-17,3,285.32,Social,218
14292,138,2910,2024-10-10,4,115.15,Online,53
14293,191,2910,2024-12-14,4,196.98,Online,56
14294,173,2910,2025-08-30,5,100.75,Online,68
14295,194,2910,2025-10-15,5,70.1,Social,219
14296,165,2910,2025-04-14,4,213.33,Online,63
14297,190,2910,2025-06-05,2,121.42,In-Store,139
14298,195,2910,2024-12-01,2,109.44,Email,279
14299,127,2910,2025-10-02,3,184.65,Online,71
14300,152,2910,2025-01-01,1,72.34,Online,58
14301,170,2911,2023-09-21,2,124.94,In-Store,107
14302,105,2911,2025-07-15,4,45.85,Online,67
14303,122,2911,2024-04-22,3,224.2,Online,43
14304,124,2911,2025-02-21,3,174.26,Online,59
14305,127,2911,2024-04-07,4,184.65,In-Store,118
14306,177,2911,2024-01-24,3,296.45,Online,39
14307,142,2911,2025-10-23,5,298.93,Online,72
14308,194,2911,2024-04-09,2,70.1,Social,194
14309,161,2911,2024-04-05,1,233.25,Online,43
14310,196,2911,2024-10-05,4,162.21,Online,52
14311,110,2911,2025-10-17,2,138.19,Online,72
14312,157,2911,2025-11-02,3,140.43,In-Store,146
14313,147,2911,2023-11-07,2,193.11,Online,34
14314,148,2911,2025-04-01,1,47.75,Social,211
14315,132,2911,2023-12-13,1,146.35,Online,36
14316,116,2911,2024-05-14,1,161.44,Online,45
14317,146,2911,2023-09-25,1,28.76,Social,184
14318,144,2911,2025-04-04,2,22.73,Social,211
14319,156,2911,2023-09-23,4,13.54,In-Store,107
14320,178,2911,2023-10-07,4,58.92,Social,184
14321,187,2911,2024-09-28,5,95.73,Online,51
14322,197,2911,2024-07-12,3,270.16,Online,48
14323,175,2911,2024-08-05,4,285.32,Online,49
14324,136,2911,2025-01-28,3,134.23,Online,58
14325,186,2911,2024-10-30,3,29.78,Online,54
14326,101,2911,2024-01-03,4,116.4,Online,37
14327,122,2911,2023-09-04,2,224.2,Online,32
14328,157,2911,2024-08-14,4,140.43,Social,200
14329,113,2912,2024-07-26,2,122.3,In-Store,123
14330,157,2912,2023-12-21,4,140.43,Online,37
14331,197,2912,2024-12-28,5,270.16,In-Store,132
14332,136,2912,2024-07-16,4,134.23,Online,48
14333,181,2912,2024-08-12,1,231.25,In-Store,123
14334,182,2912,2024-03-31,4,73.37,Social,192
14335,153,2912,2025-07-09,1,44.91,Online,67
14336,110,2912,2023-04-14,2,138.19,Online,24
14337,173,2912,2024-03-12,2,100.75,TV,335
14338,110,2912,2025-10-01,3,138.19,Online,70
14339,132,2912,2025-08-14,3,146.35,Email,290
14340,176,2912,2025-08-16,2,98.45,Online,69
14341,168,2912,2025-06-08,5,151.07,Online,66
14342,112,2912,2023-10-20,4,58.11,TV,327
14343,194,2913,2025-10-13,4,70.1,Social,218
14344,131,2913,2025-04-02,1,76.52,Online,61
14345,110,2913,2025-04-18,5,138.19,Online,61
14346,113,2913,2025-04-16,2,122.3,In-Store,138
14347,163,2913,2025-08-15,3,115.65,TV,358
14348,175,2913,2023-10-19,3,285.32,In-Store,109
14349,162,2913,2023-11-12,5,23.29,Social,186
14350,101,2913,2024-01-26,4,116.4,Online,39
14351,175,2913,2025-04-05,3,285.32,Online,62
14352,165,2913,2024-08-14,3,213.33,Email,272
14353,121,2913,2024-07-01,1,126.42,Online,47
14354,113,2913,2024-05-07,5,122.3,Online,45
14355,149,2913,2024-12-20,5,64.92,Social,205
14356,197,2913,2025-12-28,3,270.16,In-Store,149
14357,124,2913,2025-03-19,4,174.26,Online,60
14358,165,2914,2023-10-29,1,213.33,Social,185
14359,131,2914,2024-02-29,5,76.52,Online,41
14360,164,2914,2023-10-10,4,91.03,Online,33
14361,119,2914,2024-07-31,4,193.28,Online,49
14362,159,2914,2023-07-04,4,21.52,In-Store,104
14363,102,2914,2025-10-26,1,175.2,Online,72
14364,124,2914,2024-07-02,2,174.26,Social,197
14365,148,2914,2023-10-27,1,47.75,In-Store,109
14366,130,2914,2024-10-14,1,117.61,In-Store,127
14367,154,2914,2023-02-15,2,39.53,Online,20
14368,157,2914,2023-09-16,4,140.43,In-Store,107
14369,132,2914,2023-10-29,4,146.35,Online,35
14370,136,2914,2023-11-26,2,134.23,Online,36
14371,197,2914,2023-04-27,2,270.16,Social,177
14372,104,2914,2025-12-20,1,50.25,Online,77
14373,167,2914,2024-07-11,2,75.91,TV,339
14374,105,2914,2023-07-30,1,45.85,In-Store,104
14375,135,2914,2024-09-08,4,62.14,Online,51
14376,197,2914,2023-06-29,5,270.16,In-Store,104
14377,147,2914,2025-09-01,1,193.11,In-Store,143
14378,157,2914,2025-11-22,2,140.43,Online,75
14379,197,2914,2024-11-28,3,270.16,Online,56
14380,122,2914,2024-03-07,1,224.2,Online,42
14381,108,2914,2023-08-26,3,127.37,Email,251
14382,115,2915,2025-11-23,4,114.62,Online,75
14383,129,2915,2025-08-04,3,269.37,In-Store,143
14384,102,2915,2025-07-13,3,175.2,Online,67
14385,190,2915,2023-04-21,4,121.42,Online,24
14386,198,2915,2025-10-07,5,167.93,Social,218
14387,195,2915,2024-05-12,5,109.44,Online,45
14388,101,2915,2024-06-06,1,116.4,Online,46
14389,167,2915,2024-02-11,2,75.91,In-Store,115
14390,130,2915,2024-01-28,1,117.61,In-Store,113
14391,140,2915,2025-08-12,1,139.7,Social,215
14392,162,2915,2024-07-09,3,23.29,In-Store,122
14393,122,2915,2024-04-04,5,224.2,Online,43
14394,102,2915,2024-10-14,2,175.2,Online,53
14395,105,2916,2025-04-23,1,45.85,Online,63
14396,130,2916,2025-09-14,4,117.61,In-Store,144
14397,183,2916,2025-04-26,2,127.82,Online,63
14398,200,2916,2023-09-04,3,213.63,Online,33
14399,125,2916,2024-02-13,1,25.35,In-Store,115
14400,183,2916,2025-11-24,4,127.82,Online,74
14401,113,2916,2023-05-28,1,122.3,Social,177
14402,196,2916,2025-09-20,4,162.21,Online,70
14403,175,2916,2024-02-24,4,285.32,Online,41
14404,161,2916,2025-07-04,3,233.25,Online,67
14405,138,2916,2024-07-15,2,115.15,Social,199
14406,193,2916,2025-03-06,3,28.68,Online,60
14407,174,2916,2024-01-17,4,89.89,Online,38
14408,159,2916,2024-05-05,4,21.52,Online,45
14409,196,2916,2025-06-15,2,162.21,Online,66
14410,145,2916,2024-06-17,2,87.44,Online,47
14411,192,2916,2023-08-19,2,22.56,Online,32
14412,110,2916,2025-02-05,4,138.19,In-Store,134
14413,127,2916,2022-08-22,5,184.65,Online,11
14414,119,2916,2023-03-21,4,193.28,Social,174
14415,183,2916,2024-07-02,4,127.82,Social,198
14416,135,2916,2025-05-08,2,62.14,Online,64
14417,173,2917,2023-12-07,2,100.75,TV,330
14418,111,2917,2022-12-20,1,78.12,Online,19
14419,121,2917,2023-03-09,3,126.42,Online,22
14420,143,2917,2023-08-23,2,18.47,Online,32
14421,163,2917,2023-03-22,3,115.65,Online,23
14422,111,2917,2022-07-20,1,78.12,Online,10
14423,159,2917,2023-08-05,4,21.52,In-Store,106
14424,188,2917,2022-06-14,3,12.93,Online,8
14425,114,2917,2022-12-04,2,120.5,Online,18
14426,135,2917,2023-05-24,1,62.14,In-Store,101
14427,163,2917,2024-02-14,2,115.65,Online,40
14428,109,2917,2022-10-15,4,69.39,Online,15
14429,193,2917,2024-05-22,2,28.68,Online,46
14430,130,2918,2024-07-07,3,117.61,In-Store,123
14431,109,2918,2024-05-20,2,69.39,Online,46
14432,105,2918,2024-10-27,3,45.85,Online,53
14433,113,2918,2024-09-28,3,122.3,In-Store,126
14434,108,2918,2024-10-07,4,127.37,Online,52
14435,146,2918,2024-10-30,3,28.76,Social,203
14436,133,2919,2023-07-21,1,129.42,In-Store,104
14437,167,2919,2023-11-15,2,75.91,Online,35
14438,164,2919,2023-01-28,2,91.03,In-Store,97
14439,123,2919,2024-02-27,1,28.54,In-Store,116
14440,148,2919,2023-12-04,3,47.75,Online,36
14441,149,2920,2024-07-19,4,64.92,Social,199
14442,190,2920,2024-10-10,3,121.42,Social,202
14443,194,2920,2024-03-29,2,70.1,Online,43
14444,179,2920,2024-03-14,1,69.62,Online,42
14445,146,2920,2024-09-20,4,28.76,Online,51
14446,186,2920,2023-11-05,4,29.78,Online,35
14447,138,2920,2023-09-01,2,115.15,Social,182
14448,158,2920,2023-07-10,2,132.56,In-Store,104
14449,150,2920,2024-01-11,1,66.48,In-Store,113
14450,187,2920,2024-12-05,1,95.73,Online,56
14451,131,2920,2023-11-20,1,76.52,Online,36
14452,131,2920,2024-08-10,2,76.52,Online,49
14453,102,2921,2025-08-26,3,175.2,In-Store,144
14454,174,2921,2025-02-05,1,89.89,Online,59
14455,192,2921,2025-02-06,4,22.56,Online,59
14456,178,2921,2025-02-16,4,58.92,Online,59
14457,183,2921,2024-11-17,4,127.82,Online,55
14458,161,2921,2025-02-20,1,233.25,Online,60
14459,151,2921,2025-01-02,2,170.44,Online,58
14460,138,2921,2025-02-06,4,115.15,Online,59
14461,116,2921,2025-12-15,3,161.44,In-Store,149
14462,125,2921,2025-04-14,3,25.35,Online,61
14463,129,2921,2025-11-11,2,269.37,Social,220
14464,174,2921,2025-03-18,1,89.89,Online,60
14465,164,2921,2025-07-27,3,91.03,In-Store,142
14466,198,2921,2025-08-02,3,167.93,In-Store,143
14467,187,2921,2025-11-28,2,95.73,In-Store,149
14468,119,2921,2025-03-17,3,193.28,Online,60
14469,121,2921,2025-12-30,5,126.42,In-Store,149
14470,186,2921,2024-12-11,2,29.78,Online,56
14471,108,2921,2024-10-31,1,127.37,Social,203
14472,128,2921,2024-12-31,2,69.61,In-Store,131
14473,183,2921,2024-10-26,5,127.82,Email,276
14474,122,2921,2024-08-10,1,224.2,In-Store,123
14475,112,2921,2025-10-25,3,58.11,Social,219
14476,147,2922,2025-03-15,4,193.11,Social,210
14477,117,2922,2025-03-18,1,214.01,Online,61
14478,185,2922,2025-06-09,1,143.79,Online,65
14479,127,2922,2024-08-28,1,184.65,In-Store,125
14480,173,2922,2024-05-07,5,100.75,Online,45
14481,117,2922,2025-10-28,4,214.01,In-Store,147
14482,197,2922,2025-12-12,2,270.16,In-Store,149
14483,164,2922,2025-07-04,3,91.03,TV,357
14484,138,2922,2024-01-03,3,115.15,Online,38
14485,177,2922,2024-02-17,5,296.45,In-Store,115
14486,172,2922,2025-12-17,5,75.03,Online,76
14487,135,2922,2024-11-03,1,62.14,Social,203
14488,170,2922,2025-04-18,4,124.94,Online,62
14489,157,2922,2024-04-25,4,140.43,Online,43
14490,125,2922,2024-10-11,2,25.35,Social,202
14491,121,2922,2025-06-01,5,126.42,In-Store,140
14492,114,2922,2024-07-23,1,120.5,In-Store,123
14493,188,2922,2024-02-01,3,12.93,Online,40
14494,170,2922,2024-09-20,1,124.94,In-Store,125
14495,198,2922,2024-04-10,3,167.93,In-Store,118
14496,177,2922,2025-07-31,3,296.45,Online,68
14497,187,2922,2024-04-14,2,95.73,Online,43
14498,190,2922,2024-12-14,5,121.42,In-Store,130
14499,108,2922,2025-09-28,2,127.37,Online,71
14500,181,2922,2024-08-02,3,231.25,Online,49
14501,151,2922,2024-02-24,4,170.44,Online,40
14502,119,2922,2024-02-05,2,193.28,In-Store,114
14503,144,2923,2023-04-21,4,22.73,In-Store,100
14504,141,2923,2024-01-04,2,75.02,Online,37
14505,172,2923,2023-11-17,1,75.03,Social,186
14506,194,2923,2023-07-17,4,70.1,Online,30
14507,132,2924,2025-01-03,3,146.35,In-Store,131
14508,122,2924,2024-11-08,5,224.2,Online,55
14509,170,2924,2024-10-07,5,124.94,In-Store,127
14510,171,2924,2025-01-23,4,117.28,Online,58
14511,172,2924,2024-12-14,3,75.03,Online,57
14512,165,2924,2023-01-12,2,213.33,Online,19
14513,151,2924,2024-03-05,5,170.44,Social,191
14514,108,2924,2023-03-12,1,127.37,In-Store,99
14515,190,2924,2022-11-13,2,121.42,Online,16
14516,116,2924,2024-03-29,2,161.44,Online,43
14517,139,2924,2022-09-02,5,162.16,In-Store,89
14518,122,2924,2025-01-15,3,224.2,Online,58
14519,113,2924,2024-06-21,5,122.3,Online,47
14520,173,2924,2024-11-01,3,100.75,Online,54
14521,119,2924,2022-04-19,1,193.28,In-Store,84
14522,104,2924,2023-06-24,3,50.25,Online,29
14523,136,2924,2025-06-20,2,134.23,TV,355
14524,146,2924,2024-12-02,3,28.76,Online,56
14525,161,2924,2022-04-18,4,233.25,Online,5
14526,190,2924,2025-02-25,4,121.42,Online,60
14527,144,2924,2024-07-06,3,22.73,Online,47
14528,190,2924,2022-10-25,4,121.42,In-Store,91
14529,136,2924,2023-04-04,1,134.23,Online,23
14530,168,2924,2024-03-28,5,151.07,In-Store,118
14531,158,2924,2023-03-21,1,132.56,Online,23
14532,174,2924,2025-01-31,4,89.89,TV,350
14533,141,2924,2025-08-05,4,75.02,Social,215
14534,171,2924,2023-08-25,2,117.28,Social,182
14535,199,2925,2025-01-31,1,105.38,In-Store,134
14536,158,2925,2025-02-05,1,132.56,Online,59
14537,109,2925,2024-05-15,5,69.39,Online,46
14538,194,2925,2024-02-29,1,70.1,In-Store,116
14539,113,2925,2022-10-14,4,122.3,Online,14
14540,167,2925,2024-05-24,4,75.91,Online,46
14541,108,2925,2024-09-22,2,127.37,Online,51
14542,116,2925,2025-08-29,1,161.44,Online,69
14543,126,2925,2023-05-14,2,62.9,Social,177
14544,106,2925,2023-09-30,3,41.44,TV,326
14545,190,2925,2023-08-04,2,121.42,Online,31
14546,159,2925,2025-10-06,2,21.52,Email,292
14547,199,2925,2024-04-04,4,105.38,In-Store,118
14548,173,2925,2023-10-09,1,100.75,Email,253
14549,139,2925,2023-01-31,2,162.16,Online,20
14550,116,2925,2025-01-27,5,161.44,Social,206
14551,148,2925,2023-10-14,4,47.75,In-Store,108
14552,126,2925,2024-07-05,1,62.9,Online,48
14553,197,2925,2023-04-17,5,270.16,Online,24
14554,123,2925,2023-06-07,1,28.54,Online,27
14555,140,2925,2025-01-20,3,139.7,Online,58
14556,183,2925,2025-03-23,1,127.82,In-Store,136
14557,147,2925,2024-05-15,4,193.11,In-Store,120
14558,178,2926,2023-09-11,1,58.92,TV,325
14559,151,2926,2025-03-02,2,170.44,Online,60
14560,102,2926,2024-08-17,3,175.2,In-Store,124
14561,101,2926,2025-01-02,4,116.4,In-Store,131
14562,132,2926,2023-09-20,1,146.35,In-Store,107
14563,197,2926,2025-06-23,2,270.16,In-Store,141
14564,165,2926,2025-10-20,4,213.33,In-Store,146
14565,147,2926,2025-07-27,2,193.11,Email,289
14566,142,2926,2024-08-10,1,298.93,Online,49
14567,103,2926,2025-05-12,5,74.85,Online,64
14568,163,2926,2024-06-30,4,115.65,Online,48
14569,106,2926,2025-05-08,5,41.44,Online,64
14570,140,2926,2023-10-14,1,139.7,Online,34
14571,131,2926,2025-03-08,2,76.52,In-Store,135
14572,111,2926,2025-12-24,2,78.12,Online,77
14573,133,2926,2024-02-19,5,129.42,Online,40
14574,143,2926,2024-11-20,3,18.47,In-Store,128
14575,109,2926,2024-12-09,2,69.39,In-Store,130
14576,200,2926,2023-11-20,1,213.63,TV,329
14577,164,2926,2025-01-15,5,91.03,In-Store,132
14578,189,2926,2023-06-30,2,47.31,Online,29
14579,183,2926,2025-09-16,4,127.82,Online,70
14580,143,2926,2025-07-20,2,18.47,Social,214
14581,196,2926,2023-09-23,3,162.21,Online,33
14582,186,2926,2023-06-29,5,29.78,Online,28
14583,139,2927,2024-07-16,3,162.16,Online,48
14584,191,2927,2024-08-31,5,196.98,In-Store,125
14585,104,2927,2023-07-19,5,50.25,Online,29
14586,125,2927,2024-07-03,4,25.35,Online,47
14587,102,2927,2024-03-27,5,175.2,In-Store,118
14588,133,2927,2024-02-04,5,129.42,Online,40
14589,109,2927,2025-06-29,5,69.39,Social,214
14590,181,2927,2023-02-02,2,231.25,In-Store,97
14591,173,2927,2025-07-10,2,100.75,Email,289
14592,165,2927,2024-05-17,1,213.33,Online,46
14593,154,2927,2023-11-20,3,39.53,Online,36
14594,183,2927,2023-04-16,4,127.82,Online,24
14595,112,2927,2023-05-06,2,58.11,Online,25
14596,147,2927,2024-09-03,1,193.11,Email,272
14597,174,2927,2025-08-28,4,89.89,In-Store,143
14598,132,2927,2025-05-10,4,146.35,Email,286
14599,159,2927,2025-06-26,5,21.52,TV,356
14600,123,2927,2023-09-25,1,28.54,Online,33
14601,127,2927,2025-10-16,5,184.65,In-Store,146
14602,137,2927,2023-05-10,3,90.95,Online,25
14603,166,2927,2023-03-12,2,151.16,Online,22
14604,197,2928,2024-08-03,4,270.16,Online,49
14605,110,2928,2024-05-30,5,138.19,Online,46
14606,198,2928,2024-12-30,3,167.93,Social,206
14607,199,2928,2025-07-03,1,105.38,Online,66
14608,117,2928,2025-04-03,3,214.01,Online,61
14609,147,2928,2025-09-01,1,193.11,Online,69
14610,127,2928,2025-11-21,3,184.65,In-Store,147
14611,170,2928,2024-05-01,1,124.94,Email,265
14612,151,2928,2024-06-09,3,170.44,Online,46
14613,193,2928,2024-02-24,4,28.68,In-Store,114
14614,157,2928,2025-04-28,2,140.43,Online,63
14615,183,2928,2024-07-15,5,127.82,Social,199
14616,140,2928,2024-11-30,2,139.7,In-Store,130
14617,134,2928,2024-12-27,1,113.57,Social,206
14618,108,2928,2024-04-17,4,127.37,In-Store,118
14619,120,2928,2024-02-17,2,186.86,Social,191
14620,158,2928,2024-12-23,2,132.56,Online,56
14621,175,2928,2024-02-26,4,285.32,Online,40
14622,111,2928,2024-04-26,3,78.12,Online,43
14623,101,2928,2024-03-27,5,116.4,Online,42
14624,190,2928,2025-07-05,1,121.42,Online,66
14625,139,2928,2025-02-25,2,162.16,Online,59
14626,166,2928,2024-11-14,3,151.16,In-Store,129
14627,129,2928,2024-05-26,5,269.37,In-Store,120
14628,140,2928,2024-12-12,3,139.7,Online,56
14629,186,2928,2024-11-21,3,29.78,In-Store,128
14630,109,2928,2024-08-20,1,69.39,Online,49
14631,105,2929,2023-04-04,3,45.85,Online,23
14632,178,2929,2023-06-19,3,58.92,In-Store,103
14633,121,2929,2024-12-20,1,126.42,Social,206
14634,191,2929,2025-06-02,2,196.98,Online,66
14635,123,2929,2023-03-13,5,28.54,Social,174
14636,112,2929,2024-07-22,5,58.11,In-Store,123
14637,190,2929,2024-06-02,4,121.42,Email,266
14638,110,2929,2024-05-05,2,138.19,Social,194
14639,164,2929,2024-02-27,4,91.03,In-Store,115
14640,183,2929,2024-12-26,5,127.82,Online,56
14641,198,2929,2023-05-05,2,167.93,Online,25
14642,109,2930,2023-12-23,2,69.39,Online,37
14643,114,2930,2024-05-30,3,120.5,Online,46
14644,138,2930,2024-02-16,2,115.15,TV,333
14645,156,2930,2024-04-20,3,13.54,In-Store,118
14646,101,2930,2024-02-03,3,116.4,Online,40
14647,111,2930,2023-12-30,3,78.12,Online,38
14648,107,2930,2024-05-28,1,110.76,Social,195
14649,182,2931,2024-09-01,1,73.37,Online,51
14650,104,2931,2025-03-04,5,50.25,Online,60
14651,129,2931,2025-07-15,2,269.37,Online,67
14652,142,2931,2024-08-02,4,298.93,In-Store,123
14653,113,2931,2025-12-09,3,122.3,Online,75
14654,125,2931,2025-08-15,1,25.35,Social,215
14655,113,2931,2025-06-17,1,122.3,In-Store,140
14656,175,2931,2024-05-02,4,285.32,Social,194
14657,128,2931,2024-10-30,5,69.61,Online,54
14658,166,2931,2024-01-30,3,151.16,Online,40
14659,177,2931,2024-06-13,4,296.45,Social,197
14660,166,2931,2024-11-23,4,151.16,TV,346
14661,141,2931,2023-11-01,5,75.02,Online,35
14662,131,2931,2024-02-19,2,76.52,Online,40
14663,124,2931,2023-03-25,1,174.26,Online,22
14664,173,2931,2024-11-07,4,100.75,Social,203
14665,197,2931,2024-12-21,1,270.16,Online,57
14666,158,2931,2025-01-09,1,132.56,Online,58
14667,133,2931,2025-10-01,3,129.42,Online,71
14668,152,2931,2025-11-07,4,72.34,TV,364
14669,172,2931,2025-12-30,2,75.03,Email,295
14670,124,2931,2025-01-15,5,174.26,Email,280
14671,123,2931,2023-04-24,2,28.54,Social,177
14672,166,2931,2024-11-03,3,151.16,In-Store,128
14673,122,2932,2024-11-30,4,224.2,In-Store,130
14674,101,2932,2023-08-13,4,116.4,Online,32
14675,144,2932,2025-05-15,4,22.73,In-Store,138
14676,200,2932,2024-05-21,2,213.63,In-Store,120
14677,190,2932,2022-11-24,3,121.42,Social,167
14678,154,2932,2024-02-10,4,39.53,Online,40
14679,116,2932,2023-06-18,2,161.44,In-Store,103
14680,122,2932,2023-05-08,2,224.2,Online,25
14681,140,2932,2023-07-31,3,139.7,Email,251
14682,176,2932,2025-03-16,2,98.45,In-Store,136
14683,101,2932,2024-12-12,3,116.4,Online,56
14684,145,2932,2025-10-29,2,87.44,Online,72
14685,176,2932,2023-07-12,1,98.45,Online,29
14686,175,2932,2022-03-04,1,285.32,Online,3
14687,174,2932,2022-08-25,1,89.89,Online,12
14688,147,2932,2022-07-24,3,193.11,Online,10
14689,139,2932,2023-12-26,5,162.16,Online,37
14690,147,2932,2024-07-02,4,193.11,Email,268
14691,158,2932,2023-06-20,3,132.56,Online,28
14692,132,2932,2022-05-21,3,146.35,Email,229
14693,112,2932,2025-08-10,3,58.11,Social,215
14694,162,2932,2022-03-04,2,23.29,Social,155
14695,113,2932,2025-02-28,5,122.3,In-Store,135
14696,133,2932,2024-04-06,4,129.42,In-Store,118
14697,144,2932,2025-04-24,5,22.73,Online,63
14698,157,2932,2022-03-20,2,140.43,Email,227
14699,118,2932,2022-09-26,2,128.58,Online,13
14700,127,2932,2023-09-14,3,184.65,Online,32
14701,159,2932,2024-12-19,2,21.52,In-Store,131
14702,168,2932,2025-08-05,5,151.07,Online,68
14703,181,2932,2022-05-07,2,231.25,Online,6
14704,183,2932,2023-04-21,2,127.82,Online,24
14705,197,2933,2025-04-06,2,270.16,Online,62
14706,132,2933,2025-11-14,2,146.35,Online,74
14707,191,2933,2025-05-18,5,196.98,Online,64
14708,118,2933,2025-05-30,1,128.58,Online,65
14709,116,2933,2025-11-28,1,161.44,Online,75
14710,167,2933,2025-01-13,3,75.91,In-Store,132
14711,132,2933,2025-12-02,3,146.35,In-Store,149
14712,118,2933,2025-12-31,2,128.58,In-Store,150
14713,133,2933,2025-08-18,4,129.42,Online,69
14714,121,2933,2025-10-15,3,126.42,Email,293
14715,150,2933,2024-12-17,3,66.48,In-Store,131
14716,182,2933,2025-08-05,5,73.37,Social,215
14717,109,2933,2025-10-18,1,69.39,In-Store,146
14718,177,2933,2025-02-05,1,296.45,Online,59
14719,186,2933,2024-12-30,4,29.78,Online,56
14720,126,2933,2025-03-14,4,62.9,Online,60
14721,168,2933,2025-11-29,1,151.07,Online,75
14722,129,2933,2025-12-22,3,269.37,In-Store,149
14723,145,2933,2025-12-13,2,87.44,Online,76
14724,168,2933,2025-09-01,3,151.07,Online,70
14725,148,2934,2024-05-24,4,47.75,In-Store,120
14726,117,2934,2024-12-20,4,214.01,Email,279
14727,127,2934,2024-12-27,2,184.65,In-Store,131
14728,198,2934,2024-08-10,2,167.93,Online,49
14729,114,2934,2024-06-06,3,120.5,Online,46
14730,187,2934,2023-05-29,2,95.73,In-Store,102
14731,133,2934,2024-08-29,4,129.42,Online,50
14732,157,2934,2024-07-23,5,140.43,In-Store,123
14733,181,2934,2025-02-05,3,231.25,Online,59
14734,112,2934,2024-08-10,2,58.11,Online,49
14735,135,2934,2025-05-04,4,62.14,Online,63
14736,147,2934,2025-07-29,2,193.11,Online,67
14737,142,2934,2023-11-30,4,298.93,Online,36
14738,140,2934,2024-10-21,1,139.7,In-Store,127
14739,117,2934,2024-04-29,1,214.01,Online,45
14740,156,2934,2025-07-26,5,13.54,Email,290
14741,177,2934,2024-07-03,2,296.45,Online,48
14742,152,2934,2023-11-26,3,72.34,Email,256
14743,168,2934,2024-10-19,3,151.07,In-Store,127
14744,196,2934,2025-02-04,4,162.21,Online,59
14745,197,2934,2024-04-26,1,270.16,Online,44
14746,151,2934,2024-11-11,1,170.44,Online,55
14747,192,2934,2025-09-28,4,22.56,Social,218
14748,147,2934,2025-08-05,2,193.11,In-Store,143
14749,156,2934,2025-04-30,3,13.54,Email,285
14750,103,2934,2025-02-14,4,74.85,Online,59
14751,147,2934,2025-08-30,2,193.11,Online,68
14752,178,2934,2025-02-22,3,58.92,Social,208
14753,125,2935,2024-03-03,1,25.35,In-Store,117
14754,111,2935,2023-10-10,3,78.12,Online,33
14755,160,2935,2023-10-22,4,74.86,Online,34
14756,186,2935,2022-11-28,4,29.78,Online,17
14757,130,2936,2025-01-04,3,117.61,Online,58
14758,169,2937,2024-04-26,4,105.46,Online,44
14759,196,2937,2024-06-17,5,162.21,Online,47
14760,162,2937,2024-12-17,2,23.29,In-Store,131
14761,170,2937,2024-03-19,4,124.94,In-Store,118
14762,175,2937,2025-02-17,5,285.32,Online,59
14763,102,2937,2024-01-24,4,175.2,Online,39
14764,140,2937,2024-05-17,3,139.7,Online,45
14765,184,2937,2024-07-03,4,120.25,In-Store,121
14766,180,2937,2024-12-17,4,97.9,In-Store,130
14767,128,2937,2025-10-29,4,69.61,Online,73
14768,185,2937,2024-08-22,4,143.79,In-Store,125
14769,196,2937,2024-01-07,2,162.21,Online,37
14770,156,2937,2025-03-07,2,13.54,Online,60
14771,188,2937,2024-06-25,5,12.93,In-Store,121
14772,175,2937,2024-02-03,4,285.32,In-Store,114
14773,133,2937,2025-09-27,4,129.42,Online,70
14774,124,2937,2024-05-24,5,174.26,Email,265
14775,193,2937,2025-06-06,1,28.68,In-Store,140
14776,141,2937,2024-04-10,5,75.02,Online,43
14777,120,2937,2025-02-07,1,186.86,Email,282
14778,183,2937,2024-11-12,5,127.82,Online,54
14779,120,2937,2024-09-18,4,186.86,Online,51
14780,158,2938,2022-02-14,3,132.56,Online,2
14781,117,2938,2025-11-26,5,214.01,Online,74
14782,103,2938,2023-06-04,4,74.85,In-Store,103
14783,197,2938,2025-10-05,4,270.16,Social,219
14784,167,2938,2025-07-12,5,75.91,Online,67
14785,129,2938,2022-11-08,5,269.37,TV,312
14786,113,2938,2024-04-04,4,122.3,In-Store,118
14787,126,2938,2024-11-09,4,62.9,Online,54
14788,112,2938,2024-03-19,3,58.11,Online,42
14789,117,2938,2023-06-13,1,214.01,In-Store,103
14790,129,2938,2024-08-25,1,269.37,Online,49
14791,177,2938,2025-10-05,1,296.45,In-Store,145
14792,121,2938,2024-12-21,5,126.42,In-Store,131
14793,119,2938,2022-08-29,3,193.28,Email,235
14794,174,2938,2025-02-28,1,89.89,Social,209
14795,114,2938,2025-09-17,1,120.5,TV,361
14796,150,2938,2024-10-26,5,66.48,In-Store,128
14797,107,2938,2025-02-13,1,110.76,Email,281
14798,103,2938,2023-02-01,1,74.85,Online,20
14799,196,2938,2023-07-29,2,162.21,In-Store,104
14800,191,2938,2022-02-17,5,196.98,Online,2
14801,126,2939,2023-08-18,1,62.9,In-Store,106
14802,160,2940,2025-05-28,4,74.86,Online,65
14803,132,2940,2025-07-11,3,146.35,In-Store,141
14804,114,2940,2025-06-02,2,120.5,Social,213
14805,135,2940,2025-05-11,1,62.14,Online,65
14806,189,2940,2025-03-02,5,47.31,Online,60
14807,105,2940,2025-12-02,2,45.85,TV,365
14808,161,2940,2025-10-21,3,233.25,Online,71
14809,114,2940,2025-09-02,2,120.5,In-Store,144
14810,175,2940,2025-09-13,4,285.32,In-Store,144
14811,197,2940,2025-09-01,4,270.16,Online,70
14812,139,2940,2025-04-11,2,162.16,Social,211
14813,184,2940,2025-08-28,3,120.25,TV,360
14814,157,2940,2025-10-24,4,140.43,Online,72
14815,132,2940,2025-04-24,2,146.35,Online,63
14816,197,2940,2025-09-24,3,270.16,Social,218
14817,194,2940,2025-05-28,2,70.1,In-Store,139
14818,186,2940,2025-06-10,5,29.78,Social,213
14819,191,2940,2025-07-10,5,196.98,Social,214
14820,144,2940,2024-12-20,4,22.73,Online,56
14821,118,2940,2025-07-19,1,128.58,In-Store,141
14822,129,2940,2024-12-04,1,269.37,Email,278
14823,116,2940,2025-08-29,4,161.44,Online,68
14824,135,2941,2024-05-21,1,62.14,Online,46
14825,145,2941,2024-10-12,1,87.44,Online,53
14826,152,2941,2024-09-01,2,72.34,In-Store,125
14827,178,2941,2024-08-03,4,58.92,Online,49
14828,170,2941,2024-09-21,2,124.94,Online,51
14829,195,2941,2024-07-26,2,109.44,Online,49
14830,183,2941,2024-04-04,3,127.82,Online,43
14831,133,2941,2024-03-23,2,129.42,Online,43
14832,195,2941,2024-11-05,3,109.44,Online,53
14833,184,2941,2024-11-30,3,120.25,TV,346
14834,153,2941,2024-09-29,4,44.91,Online,51
14835,189,2941,2024-03-25,1,47.31,Online,42
14836,133,2942,2023-12-15,3,129.42,TV,330
14837,126,2942,2025-09-14,5,62.9,Online,70
14838,144,2942,2024-02-11,5,22.73,In-Store,115
14839,133,2942,2024-10-28,2,129.42,Online,53
14840,117,2942,2024-10-07,4,214.01,Online,52
14841,143,2942,2025-11-24,2,18.47,Online,74
14842,135,2942,2025-07-30,1,62.14,Social,215
14843,199,2942,2025-09-22,4,105.38,Online,70
14844,192,2942,2025-08-13,3,22.56,In-Store,143
14845,132,2942,2025-04-07,2,146.35,In-Store,137
14846,117,2942,2024-03-02,2,214.01,Social,191
14847,132,2942,2025-01-10,2,146.35,Social,206
14848,141,2942,2025-04-27,3,75.02,Email,284
14849,154,2942,2025-07-05,4,39.53,Online,66
14850,183,2942,2025-09-26,1,127.82,Online,70
14851,149,2942,2025-07-03,5,64.92,Online,67
14852,118,2942,2025-06-23,4,128.58,Online,66
14853,170,2942,2024-08-12,1,124.94,Online,49
14854,196,2942,2025-09-24,4,162.21,Online,70
14855,124,2942,2025-05-28,1,174.26,Social,213
14856,161,2942,2024-12-20,5,233.25,Online,56
14857,153,2942,2024-10-08,1,44.91,Online,52
14858,200,2942,2024-03-03,4,213.63,In-Store,117
14859,164,2942,2025-03-31,1,91.03,Online,61
14860,136,2942,2025-10-09,4,134.23,Online,70
14861,131,2942,2025-11-27,5,76.52,Online,75
14862,126,2942,2025-12-08,2,62.9,TV,364
14863,173,2942,2025-07-05,1,100.75,Online,66
14864,113,2942,2025-12-22,4,122.3,Online,77
14865,158,2942,2025-05-01,1,132.56,Online,64
14866,120,2943,2023-07-13,4,186.86,In-Store,104
14867,181,2943,2025-11-13,3,231.25,Online,73
14868,110,2943,2022-06-28,2,138.19,Email,232
14869,175,2943,2023-03-27,1,285.32,Social,175
14870,116,2943,2025-07-15,3,161.44,Online,67
14871,172,2943,2023-06-03,2,75.03,Email,247
14872,187,2943,2023-11-25,5,95.73,Online,36
14873,165,2943,2023-09-24,2,213.33,Social,184
14874,136,2943,2022-10-20,4,134.23,In-Store,91
14875,191,2943,2024-09-01,4,196.98,Online,51
14876,122,2943,2024-03-21,3,224.2,Online,42
14877,120,2943,2024-10-18,2,186.86,Social,202
14878,110,2943,2023-06-10,2,138.19,Online,27
14879,187,2943,2025-09-14,2,95.73,Online,70
14880,163,2943,2025-02-06,4,115.65,TV,350
14881,113,2943,2025-01-14,2,122.3,Online,58
14882,187,2943,2023-08-04,1,95.73,In-Store,105
14883,116,2943,2024-08-05,3,161.44,Online,49
14884,188,2944,2025-02-20,4,12.93,Online,59
14885,182,2944,2023-09-18,1,73.37,Online,33
14886,113,2944,2024-07-17,4,122.3,Social,198
14887,156,2944,2024-05-03,3,13.54,Online,44
14888,183,2944,2023-10-24,2,127.82,Online,34
14889,125,2944,2023-10-12,1,25.35,Email,253
14890,131,2944,2023-12-04,1,76.52,Social,187
14891,164,2944,2024-08-15,3,91.03,Email,271
14892,123,2944,2024-07-12,2,28.54,Online,48
14893,106,2944,2024-04-30,2,41.44,Online,43
14894,193,2944,2024-04-13,2,28.68,Online,43
14895,130,2945,2024-11-30,2,117.61,Social,204
14896,101,2945,2025-04-09,1,116.4,Online,61
14897,146,2945,2025-02-15,3,28.76,In-Store,135
14898,194,2945,2024-11-07,1,70.1,Online,53
14899,158,2945,2024-12-06,4,132.56,TV,347
14900,172,2945,2024-10-15,4,75.03,Online,52
14901,169,2945,2024-10-30,3,105.46,Online,54
14902,178,2945,2025-03-19,4,58.92,Online,61
14903,141,2945,2024-11-28,4,75.02,Online,55
14904,144,2945,2024-10-29,3,22.73,Online,53
14905,125,2945,2024-11-15,2,25.35,In-Store,128
14906,130,2945,2024-08-01,1,117.61,In-Store,124
14907,125,2945,2024-12-19,2,25.35,Online,57
14908,106,2946,2025-12-24,5,41.44,In-Store,149
14909,167,2946,2023-08-10,1,75.91,In-Store,106
14910,106,2946,2023-10-21,4,41.44,Online,34
14911,139,2946,2024-08-06,4,162.16,Social,199
14912,184,2946,2024-12-18,1,120.25,Online,57
14913,145,2946,2023-04-01,4,87.44,In-Store,99
14914,162,2946,2024-11-21,2,23.29,Social,205
14915,132,2946,2023-07-12,5,146.35,In-Store,104
14916,191,2946,2024-02-16,1,196.98,Online,40
14917,173,2946,2025-02-16,5,100.75,In-Store,135
14918,145,2946,2025-06-04,2,87.44,Online,66
14919,162,2946,2023-07-29,2,23.29,In-Store,105
14920,132,2946,2025-12-11,5,146.35,Online,75
14921,183,2946,2024-06-14,2,127.82,In-Store,121
14922,115,2946,2024-10-03,3,114.62,Online,52
14923,181,2946,2025-03-07,3,231.25,Online,60
14924,151,2946,2024-12-05,5,170.44,Online,55
14925,178,2946,2024-05-26,3,58.92,In-Store,120
14926,189,2946,2023-03-08,1,47.31,Online,22
14927,185,2946,2025-08-07,5,143.79,TV,357
14928,185,2946,2024-07-22,5,143.79,Social,198
14929,189,2946,2024-08-23,1,47.31,Online,50
14930,109,2946,2023-10-04,5,69.39,In-Store,108
14931,169,2946,2023-02-18,3,105.46,In-Store,97
14932,117,2946,2023-03-18,2,214.01,Online,22
14933,114,2946,2025-11-21,1,120.5,Online,75
14934,167,2946,2022-12-10,4,75.91,Online,18
14935,191,2946,2024-01-10,5,196.98,Social,188
14936,114,2947,2024-04-14,1,120.5,Online,44
14937,125,2947,2024-03-19,2,25.35,Online,42
14938,152,2947,2024-05-21,4,72.34,In-Store,120
14939,114,2947,2023-10-01,4,120.5,Online,33
14940,146,2947,2024-02-23,3,28.76,Online,40
14941,128,2947,2024-08-09,4,69.61,In-Store,123
14942,133,2948,2025-12-19,2,129.42,Email,294
14943,167,2948,2025-06-14,1,75.91,In-Store,141
14944,192,2948,2023-09-27,2,22.56,Online,33
14945,114,2948,2024-12-09,5,120.5,Online,55
14946,171,2948,2024-05-23,1,117.28,Online,46
14947,150,2948,2023-05-18,4,66.48,Online,26
14948,185,2948,2023-09-14,1,143.79,Online,32
14949,121,2948,2024-10-05,3,126.42,Online,52
14950,153,2948,2025-10-26,1,44.91,Online,72
14951,178,2948,2024-08-10,1,58.92,Online,49
14952,104,2948,2023-05-01,5,50.25,Online,24
14953,156,2948,2022-12-15,2,13.54,Social,169
14954,112,2948,2025-08-26,4,58.11,Online,69
14955,186,2948,2024-10-23,3,29.78,In-Store,127
14956,166,2948,2025-02-21,2,151.16,Social,209
14957,185,2948,2023-11-25,1,143.79,Online,36
14958,112,2948,2023-12-07,3,58.11,Online,36
14959,131,2948,2024-08-20,1,76.52,Online,49
14960,127,2948,2025-06-06,4,184.65,TV,355
14961,171,2948,2024-02-01,3,117.28,Online,40
14962,183,2948,2023-04-29,3,127.82,Social,177
14963,120,2948,2023-05-30,1,186.86,Online,26
14964,146,2949,2023-03-13,4,28.76,Online,22
14965,190,2949,2024-09-07,4,121.42,Online,51
14966,148,2949,2023-12-13,5,47.75,TV,330
14967,125,2949,2025-02-11,2,25.35,Online,59
14968,124,2949,2023-06-17,2,174.26,Online,27
14969,169,2949,2023-11-20,1,105.46,Online,36
14970,177,2949,2024-04-16,5,296.45,Social,192
14971,117,2949,2025-08-24,5,214.01,Online,69
14972,120,2949,2022-06-28,3,186.86,Online,8
14973,111,2949,2025-03-11,1,78.12,In-Store,136
14974,150,2949,2023-03-22,2,66.48,Social,174
14975,133,2949,2023-01-11,4,129.42,Online,19
14976,175,2949,2023-08-07,4,285.32,Online,32
14977,111,2949,2024-03-04,5,78.12,Social,191
14978,165,2949,2023-04-15,3,213.33,In-Store,100
14979,117,2949,2025-10-20,5,214.01,Online,72
14980,102,2949,2025-10-25,4,175.2,In-Store,147
14981,190,2949,2025-01-19,2,121.42,Online,58
14982,152,2950,2023-08-31,2,72.34,In-Store,107
14983,154,2950,2024-07-01,1,39.53,Online,48
14984,115,2950,2024-09-20,2,114.62,Online,51
14985,161,2951,2024-05-21,4,233.25,In-Store,120
14986,124,2951,2025-02-04,1,174.26,Online,59
14987,147,2951,2024-12-07,2,193.11,Email,278
14988,101,2951,2023-12-29,1,116.4,Email,258
14989,146,2951,2025-04-22,5,28.76,Online,63
14990,142,2951,2024-10-02,1,298.93,Email,275
14991,159,2951,2025-10-07,5,21.52,Online,71
14992,139,2951,2024-01-23,5,162.16,In-Store,114
14993,133,2951,2023-06-26,3,129.42,In-Store,103
14994,147,2951,2023-06-02,4,193.11,Online,27
14995,183,2951,2024-12-18,4,127.82,Online,57
14996,147,2951,2024-02-15,1,193.11,Online,40
14997,165,2951,2024-01-12,2,213.33,In-Store,113
14998,147,2951,2024-06-14,2,193.11,Online,47
14999,166,2951,2025-09-22,3,151.16,Online,70
15000,116,2951,2023-12-23,1,161.44,Online,37
15001,184,2951,2024-02-21,4,120.25,Social,191
15002,118,2951,2025-03-21,3,128.58,In-Store,136
15003,113,2951,2023-11-24,2,122.3,In-Store,111
15004,170,2951,2024-08-19,2,124.94,Online,49
15005,157,2951,2024-08-16,5,140.43,In-Store,124
15006,106,2952,2025-05-29,2,41.44,Online,65
15007,131,2952,2023-09-11,2,76.52,Online,33
15008,111,2952,2024-06-15,1,78.12,Online,47
15009,178,2952,2025-09-23,4,58.92,In-Store,144
15010,121,2952,2023-04-21,5,126.42,Online,24
15011,198,2952,2023-04-20,5,167.93,In-Store,100
15012,185,2952,2025-10-23,5,143.79,In-Store,147
15013,111,2952,2024-04-24,5,78.12,Online,44
15014,140,2952,2024-06-15,1,139.7,Online,47
15015,120,2952,2025-10-19,4,186.86,Online,71
15016,139,2952,2023-03-19,3,162.16,Email,244
15017,105,2952,2025-11-03,2,45.85,Online,72
15018,106,2952,2025-08-18,5,41.44,TV,358
15019,113,2952,2025-08-17,4,122.3,Social,215
15020,112,2952,2024-04-03,4,58.11,Online,43
15021,149,2952,2024-11-26,5,64.92,In-Store,129
15022,191,2952,2024-06-26,2,196.98,Online,47
15023,108,2952,2024-03-07,2,127.37,Online,41
15024,141,2952,2025-06-02,3,75.02,Online,65
15025,102,2952,2025-06-02,4,175.2,Email,286
15026,176,2952,2024-10-23,1,98.45,Social,203
15027,105,2952,2023-07-22,2,45.85,Online,30
15028,134,2953,2024-05-18,1,113.57,Online,46
15029,115,2953,2024-02-06,1,114.62,In-Store,114
15030,155,2953,2024-06-14,1,71.21,Online,47
15031,169,2953,2024-02-27,2,105.46,Online,40
15032,167,2953,2024-07-05,2,75.91,Email,268
15033,148,2953,2024-01-03,3,47.75,Online,37
15034,141,2954,2024-05-08,3,75.02,In-Store,120
15035,190,2954,2023-09-19,1,121.42,Online,33
15036,130,2954,2025-01-20,4,117.61,Online,58
15037,172,2954,2025-01-26,5,75.03,Email,281
15038,183,2954,2023-11-30,1,127.82,Online,36
15039,161,2954,2023-08-21,3,233.25,In-Store,106
15040,194,2954,2025-08-14,1,70.1,In-Store,143
15041,146,2954,2025-04-30,4,28.76,Online,63
15042,168,2954,2025-01-31,5,151.07,Online,59
15043,165,2954,2023-12-19,2,213.33,In-Store,111
15044,136,2954,2025-05-10,3,134.23,TV,354
15045,194,2954,2025-04-13,2,70.1,Online,63
15046,200,2954,2024-07-29,1,213.63,Online,49
15047,180,2954,2023-10-29,4,97.9,Online,35
15048,167,2954,2025-05-22,2,75.91,Social,213
15049,115,2954,2025-03-26,2,114.62,Online,61
15050,147,2954,2025-11-30,5,193.11,Online,74
15051,174,2954,2024-08-18,4,89.89,Social,200
15052,105,2954,2025-03-06,1,45.85,Social,209
15053,139,2954,2024-11-16,3,162.16,TV,346
15054,172,2955,2024-12-06,2,75.03,TV,346
15055,130,2955,2025-06-02,1,117.61,In-Store,140
15056,162,2955,2024-10-12,1,23.29,Online,53
15057,164,2955,2024-10-15,2,91.03,Online,52
15058,125,2955,2024-10-29,4,25.35,Online,53
15059,130,2955,2024-12-11,3,117.61,Online,56
15060,192,2955,2024-11-22,2,22.56,Online,55
15061,189,2955,2024-12-31,3,47.31,Online,58
15062,192,2955,2024-11-03,2,22.56,Online,54
15063,143,2955,2024-09-10,2,18.47,Online,51
15064,194,2955,2024-11-28,4,70.1,Online,55
15065,160,2955,2025-01-08,3,74.86,Social,206
15066,188,2955,2024-09-28,4,12.93,Online,51
15067,190,2955,2025-01-16,1,121.42,Online,58
15068,174,2955,2024-10-11,3,89.89,Email,275
15069,192,2955,2024-08-26,4,22.56,In-Store,124
15070,134,2956,2025-07-26,5,113.57,TV,357
15071,168,2956,2025-06-04,3,151.07,Online,66
15072,133,2956,2025-09-07,4,129.42,Online,69
15073,187,2956,2025-02-05,5,95.73,Online,59
15074,199,2956,2025-11-12,1,105.38,Social,220
15075,184,2956,2025-05-23,4,120.25,Online,65
15076,157,2956,2025-08-17,5,140.43,In-Store,143
15077,152,2956,2025-03-15,4,72.34,In-Store,136
15078,136,2956,2025-12-22,4,134.23,Online,77
15079,102,2956,2025-02-24,5,175.2,Online,59
15080,191,2956,2025-10-24,3,196.98,In-Store,146
15081,122,2956,2025-03-17,3,224.2,Social,210
15082,152,2957,2023-05-25,2,72.34,In-Store,102
15083,148,2957,2023-11-11,3,47.75,Online,35
15084,143,2957,2023-09-02,2,18.47,Online,32
15085,178,2957,2023-07-04,3,58.92,Online,29
15086,149,2957,2023-06-12,2,64.92,Social,179
15087,113,2958,2025-11-15,4,122.3,Social,220
15088,102,2958,2025-01-29,3,175.2,Online,58
15089,171,2958,2025-12-04,3,117.28,Email,294
15090,185,2958,2025-08-02,1,143.79,Online,68
15091,180,2958,2025-07-02,5,97.9,Email,288
15092,193,2958,2025-08-17,5,28.68,Online,69
15093,136,2958,2025-07-02,1,134.23,Online,67
15094,191,2958,2024-12-12,4,196.98,Social,205
15095,108,2958,2025-06-10,1,127.37,Online,65
15096,139,2958,2025-02-08,4,162.16,Online,59
15097,164,2958,2025-12-06,5,91.03,Online,75
15098,175,2958,2025-05-21,4,285.32,Online,65
15099,110,2958,2025-09-17,1,138.19,In-Store,144
15100,156,2958,2025-08-30,2,13.54,Online,68
15101,127,2958,2025-12-09,5,184.65,Email,294
15102,120,2958,2025-07-19,3,186.86,Online,68
15103,133,2958,2025-09-03,2,129.42,Social,216
15104,118,2958,2025-02-07,1,128.58,Online,59
15105,191,2958,2024-09-27,5,196.98,Online,51
15106,118,2958,2025-05-21,2,128.58,Online,65
15107,146,2958,2025-06-23,4,28.76,Email,288
15108,194,2958,2024-10-07,4,70.1,In-Store,126
15109,122,2958,2025-09-22,2,224.2,Online,70
15110,154,2959,2025-02-01,1,39.53,Online,58
15111,123,2959,2024-12-23,1,28.54,TV,347
15112,149,2959,2024-12-20,1,64.92,Online,57
15113,106,2959,2024-12-30,2,41.44,In-Store,132
15114,192,2960,2024-11-25,5,22.56,Email,278
15115,175,2960,2025-09-08,1,285.32,Online,69
15116,131,2960,2025-04-17,5,76.52,Online,63
15117,155,2960,2025-03-22,3,71.21,TV,351
15118,133,2960,2025-06-13,3,129.42,In-Store,140
15119,188,2960,2025-04-14,1,12.93,Online,62
15120,148,2960,2025-06-30,5,47.75,Online,67
15121,181,2960,2025-07-29,3,231.25,In-Store,143
15122,175,2960,2025-01-14,4,285.32,Online,58
15123,104,2960,2024-08-31,1,50.25,Online,50
15124,184,2960,2024-08-18,4,120.25,Online,50
15125,143,2960,2024-11-10,2,18.47,Online,54
15126,168,2960,2024-12-29,4,151.07,In-Store,132
15127,199,2960,2025-05-05,5,105.38,Social,212
15128,192,2960,2025-02-05,2,22.56,Online,59
15129,111,2960,2024-10-21,1,78.12,Online,53
15130,131,2960,2025-03-03,3,76.52,In-Store,135
15131,167,2960,2025-07-03,4,75.91,Online,67
15132,116,2960,2024-10-16,2,161.44,In-Store,128
15133,187,2960,2024-09-29,1,95.73,Online,51
15134,116,2961,2024-01-31,4,161.44,TV,333
15135,138,2961,2025-03-21,2,115.15,Online,61
15136,136,2961,2025-01-29,4,134.23,Online,58
15137,190,2961,2025-01-01,1,121.42,TV,349
15138,155,2961,2025-12-06,5,71.21,Online,76
15139,116,2961,2025-01-18,2,161.44,Online,58
15140,162,2961,2024-11-23,2,23.29,Online,55
15141,126,2961,2024-06-03,3,62.9,Online,47
15142,159,2961,2024-10-16,5,21.52,In-Store,128
15143,133,2961,2023-09-08,1,129.42,Online,32
15144,159,2961,2024-11-04,1,21.52,Social,204
15145,185,2961,2024-11-11,2,143.79,Online,55
15146,185,2961,2024-02-09,1,143.79,Online,40
15147,192,2961,2023-11-09,2,22.56,Online,35
15148,135,2961,2023-09-27,3,62.14,Online,33
15149,162,2961,2025-04-12,2,23.29,In-Store,137
15150,110,2961,2024-05-29,2,138.19,Social,195
15151,136,2961,2025-03-01,3,134.23,Online,60
15152,174,2962,2024-06-14,2,89.89,Online,47
15153,107,2962,2023-09-16,4,110.76,Online,33
15154,155,2962,2023-10-25,4,71.21,In-Store,109
15155,144,2962,2024-02-09,3,22.73,Email,260
15156,113,2962,2023-07-17,3,122.3,Online,29
15157,111,2962,2023-10-05,1,78.12,In-Store,108
15158,156,2962,2024-01-05,4,13.54,Social,189
15159,136,2962,2023-07-16,4,134.23,Online,29
15160,146,2963,2024-07-02,3,28.76,Online,47
15161,169,2963,2024-07-08,1,105.46,Online,48
15162,101,2963,2024-06-11,1,116.4,In-Store,121
15163,106,2964,2024-05-11,3,41.44,Online,46
15164,149,2964,2023-08-10,4,64.92,Social,182
15165,144,2964,2023-09-07,1,22.73,Online,33
15166,182,2964,2024-11-24,2,73.37,Online,55
15167,118,2965,2024-03-09,5,128.58,In-Store,117
15168,108,2965,2025-12-18,2,127.37,Online,76
15169,140,2965,2024-07-27,3,139.7,In-Store,124
15170,185,2965,2025-04-12,2,143.79,Social,211
15171,102,2965,2024-09-26,1,175.2,In-Store,126
15172,116,2965,2023-12-30,5,161.44,Online,38
15173,184,2965,2025-02-06,2,120.25,In-Store,134
15174,190,2965,2023-06-20,2,121.42,Online,28
15175,118,2965,2023-08-07,1,128.58,Online,32
15176,194,2965,2024-10-22,1,70.1,In-Store,127
15177,106,2965,2023-09-07,1,41.44,Online,32
15178,117,2965,2024-10-11,4,214.01,Online,53
15179,161,2965,2024-05-21,2,233.25,Online,46
15180,140,2965,2023-07-16,4,139.7,Email,249
15181,129,2965,2025-04-11,2,269.37,TV,352
15182,132,2965,2024-09-06,1,146.35,Online,50
15183,159,2965,2025-02-17,5,21.52,TV,350
15184,178,2965,2024-12-30,2,58.92,Online,57
15185,181,2965,2024-11-16,3,231.25,Online,54
15186,158,2965,2025-08-21,4,132.56,Online,68
15187,105,2965,2025-10-09,3,45.85,In-Store,145
15188,180,2965,2023-09-25,2,97.9,Online,33
15189,128,2966,2025-11-03,3,69.61,Social,220
15190,196,2966,2024-08-09,2,162.21,In-Store,123
15191,124,2966,2025-02-04,3,174.26,In-Store,134
15192,129,2966,2023-11-09,2,269.37,Social,185
15193,158,2966,2025-10-02,4,132.56,Online,71
15194,169,2966,2024-07-03,1,105.46,In-Store,122
15195,109,2966,2023-09-27,1,69.39,Online,33
15196,187,2966,2023-08-19,1,95.73,Social,182
15197,148,2966,2024-10-15,1,47.75,Online,52
15198,108,2966,2023-11-01,2,127.37,TV,328
15199,183,2966,2025-07-15,2,127.82,Online,67
15200,190,2966,2024-04-07,1,121.42,Social,193
15201,112,2966,2025-06-17,4,58.11,Online,66
15202,116,2966,2024-02-24,5,161.44,In-Store,116
15203,124,2966,2025-02-24,4,174.26,Online,59
15204,140,2966,2025-07-25,4,139.7,Social,215
15205,198,2966,2025-08-09,5,167.93,Online,68
15206,122,2966,2024-04-04,5,224.2,TV,335
15207,123,2966,2025-04-01,1,28.54,Social,210
15208,151,2966,2025-11-08,4,170.44,Online,72
15209,123,2966,2023-10-06,2,28.54,Online,33
15210,162,2966,2024-01-12,1,23.29,Online,39
15211,169,2966,2023-10-13,4,105.46,Online,34
15212,187,2967,2023-07-10,1,95.73,Online,29
15213,149,2967,2023-05-04,2,64.92,Online,24
15214,169,2967,2023-03-21,1,105.46,Online,22
15215,184,2967,2023-04-03,1,120.25,Online,23
15216,153,2967,2023-08-09,1,44.91,Online,32
15217,167,2968,2023-05-18,2,75.91,Online,25
15218,104,2968,2024-06-11,1,50.25,Online,46
15219,130,2968,2023-03-15,2,117.61,In-Store,99
15220,173,2968,2022-10-01,2,100.75,Online,13
15221,141,2968,2023-01-26,3,75.02,Social,172
15222,108,2968,2023-07-27,3,127.37,Social,181
15223,182,2969,2024-11-19,5,73.37,In-Store,130
15224,197,2969,2025-01-29,2,270.16,Online,58
15225,176,2969,2025-08-01,5,98.45,Online,68
15226,168,2969,2025-06-02,5,151.07,Online,66
15227,166,2969,2025-05-28,1,151.16,Online,65
15228,191,2969,2025-12-14,4,196.98,In-Store,149
15229,145,2969,2025-06-19,5,87.44,Online,66
15230,138,2969,2025-10-18,4,115.15,In-Store,146
15231,121,2969,2025-02-25,4,126.42,Social,209
15232,185,2969,2025-10-16,4,143.79,Online,72
15233,108,2969,2025-04-10,2,127.37,Social,211
15234,115,2969,2025-11-01,1,114.62,Online,73
15235,191,2969,2025-06-29,3,196.98,Email,287
15236,122,2969,2025-01-27,4,224.2,In-Store,134
15237,132,2969,2025-02-14,3,146.35,Social,208
15238,126,2969,2024-12-05,3,62.9,Online,55
15239,120,2969,2024-12-30,2,186.86,Online,56
15240,117,2969,2024-10-25,5,214.01,In-Store,128
15241,115,2969,2025-04-07,1,114.62,Online,62
15242,189,2969,2025-06-29,1,47.31,Online,66
15243,200,2969,2024-10-04,4,213.63,Online,52
15244,147,2969,2025-03-19,3,193.11,In-Store,136
15245,156,2969,2025-08-23,5,13.54,Online,68
15246,159,2969,2025-09-14,1,21.52,In-Store,144
15247,149,2970,2025-03-09,3,64.92,Online,60
15248,180,2970,2025-09-10,3,97.9,Online,70
15249,191,2970,2025-09-18,5,196.98,Online,70
15250,144,2970,2025-08-18,5,22.73,Online,68
15251,181,2970,2025-04-07,4,231.25,Online,61
15252,177,2970,2025-02-26,1,296.45,In-Store,135
15253,124,2970,2025-03-18,5,174.26,Online,61
15254,191,2970,2025-09-02,3,196.98,Online,70
15255,170,2970,2025-04-13,5,124.94,In-Store,137
15256,200,2970,2025-12-22,1,213.63,Online,77
15257,166,2970,2025-11-11,5,151.16,Online,73
15258,114,2970,2025-01-24,3,120.5,Online,58
15259,118,2970,2025-11-02,3,128.58,Social,220
15260,197,2970,2025-04-02,1,270.16,Online,61
15261,124,2970,2025-08-05,5,174.26,Online,68
15262,172,2970,2025-09-02,5,75.03,TV,359
15263,200,2970,2025-05-30,3,213.63,Online,65
15264,183,2970,2025-07-28,4,127.82,Online,68
15265,139,2970,2025-04-21,3,162.16,Social,211
15266,146,2970,2025-09-06,5,28.76,Online,69
15267,186,2970,2025-09-27,2,29.78,Online,70
15268,123,2970,2025-11-30,2,28.54,Online,74
15269,107,2970,2025-05-19,3,110.76,In-Store,138
15270,101,2970,2025-07-03,1,116.4,Online,67
15271,151,2970,2025-04-25,4,170.44,In-Store,137
15272,103,2971,2024-03-09,3,74.85,Online,41
15273,174,2971,2024-04-09,2,89.89,Online,43
15274,183,2971,2024-03-11,4,127.82,In-Store,116
15275,190,2971,2023-02-08,3,121.42,Online,21
15276,107,2971,2023-02-04,4,110.76,In-Store,97
15277,106,2971,2023-03-17,2,41.44,In-Store,99
15278,184,2972,2025-02-27,2,120.25,In-Store,135
15279,181,2972,2024-03-25,5,231.25,TV,335
15280,162,2972,2023-03-08,5,23.29,In-Store,99
15281,104,2972,2023-04-20,1,50.25,In-Store,100
15282,139,2972,2024-11-21,3,162.16,Email,277
15283,165,2972,2024-07-09,5,213.33,Social,198
15284,137,2972,2023-06-01,1,90.95,Social,179
15285,117,2972,2023-12-31,5,214.01,Online,37
15286,123,2972,2024-08-01,3,28.54,Online,49
15287,105,2972,2024-09-15,5,45.85,In-Store,126
15288,142,2972,2024-03-09,2,298.93,Online,42
15289,174,2972,2023-07-25,2,89.89,Online,31
15290,165,2972,2025-08-10,1,213.33,In-Store,143
15291,166,2972,2025-07-15,1,151.16,In-Store,142
15292,107,2972,2025-09-08,2,110.76,In-Store,144
15293,190,2972,2023-06-05,1,121.42,Social,178
15294,178,2972,2024-11-26,3,58.92,Online,55
15295,116,2972,2023-06-05,5,161.44,Online,27
15296,118,2972,2023-03-13,1,128.58,Online,22
15297,177,2972,2024-11-29,1,296.45,Social,205
15298,129,2972,2023-11-15,4,269.37,In-Store,110
15299,129,2972,2022-11-02,5,269.37,Online,16
15300,177,2972,2025-07-15,3,296.45,In-Store,141
15301,139,2972,2022-12-05,3,162.16,Online,17
15302,167,2972,2025-04-10,2,75.91,Online,61
15303,178,2972,2023-10-29,5,58.92,In-Store,109
15304,117,2973,2025-08-24,1,214.01,Online,68
15305,161,2973,2024-11-12,5,233.25,Online,55
15306,147,2973,2025-06-30,2,193.11,Social,214
15307,173,2973,2024-12-31,1,100.75,TV,348
15308,151,2973,2024-11-14,2,170.44,Social,204
15309,112,2973,2024-08-12,5,58.11,In-Store,123
15310,121,2973,2024-08-26,5,126.42,Online,49
15311,104,2973,2025-11-08,2,50.25,Online,72
15312,200,2973,2025-04-05,2,213.63,Online,61
15313,151,2973,2024-05-28,5,170.44,Online,46
15314,156,2973,2025-08-23,5,13.54,Online,68
15315,164,2973,2024-07-01,4,91.03,Online,47
15316,140,2973,2024-12-18,3,139.7,Online,57
15317,103,2973,2025-08-14,5,74.85,Online,68
15318,139,2973,2025-02-06,4,162.16,In-Store,134
15319,119,2973,2025-02-14,2,193.28,In-Store,134
15320,169,2973,2025-01-29,2,105.46,TV,350
15321,113,2973,2025-09-10,2,122.3,Email,291
15322,151,2973,2024-06-21,1,170.44,Online,47
15323,172,2973,2024-08-19,4,75.03,Social,200
15324,127,2973,2024-10-12,2,184.65,Online,52
15325,126,2973,2024-06-26,2,62.9,In-Store,121
15326,133,2973,2024-08-09,1,129.42,In-Store,123
15327,147,2973,2024-08-29,5,193.11,Online,49
15328,159,2974,2024-11-03,1,21.52,Online,54
15329,193,2974,2024-12-08,3,28.68,Online,56
15330,143,2974,2024-09-20,4,18.47,Online,51
15331,146,2974,2025-03-06,4,28.76,In-Store,135
15332,148,2974,2025-02-16,4,47.75,Online,59
15333,116,2975,2024-04-12,2,161.44,In-Store,119
15334,185,2975,2025-06-25,4,143.79,In-Store,141
15335,183,2975,2023-04-11,3,127.82,TV,318
15336,197,2975,2024-08-14,3,270.16,Online,49
15337,118,2975,2023-09-30,5,128.58,Social,184
15338,161,2975,2024-07-03,4,233.25,Online,47
15339,183,2975,2023-02-19,3,127.82,In-Store,97
15340,114,2975,2022-10-29,1,120.5,In-Store,92
15341,120,2975,2024-12-14,2,186.86,Online,57
15342,157,2975,2023-05-16,3,140.43,Online,26
15343,163,2976,2025-02-25,3,115.65,Online,59
15344,117,2976,2025-01-26,5,214.01,Social,206
15345,195,2976,2025-02-07,5,109.44,Online,59
15346,178,2976,2025-06-04,3,58.92,In-Store,140
15347,161,2976,2025-01-27,5,233.25,Social,207
15348,136,2976,2025-12-23,3,134.23,Online,77
15349,198,2976,2025-11-12,2,167.93,Online,73
15350,113,2976,2024-08-28,1,122.3,In-Store,124
15351,118,2976,2025-02-03,5,128.58,Online,59
15352,119,2976,2025-01-17,1,193.28,Online,58
15353,113,2976,2025-04-24,5,122.3,In-Store,138
15354,170,2976,2025-01-05,1,124.94,Online,58
15355,193,2976,2024-10-14,2,28.68,Online,53
15356,133,2976,2025-01-20,2,129.42,Online,58
15357,108,2976,2025-05-12,3,127.37,TV,354
15358,140,2976,2024-10-02,5,139.7,In-Store,126
15359,151,2976,2025-04-14,5,170.44,Online,62
15360,122,2976,2025-01-14,2,224.2,TV,349
15361,196,2976,2024-11-04,4,162.21,Online,53
15362,200,2976,2025-04-29,2,213.63,Online,63
15363,113,2976,2024-09-24,4,122.3,Online,52
15364,193,2977,2023-09-22,3,28.68,Online,33
15365,130,2977,2023-02-10,3,117.61,Social,173
15366,199,2977,2023-03-26,3,105.38,Online,23
15367,125,2977,2023-06-27,1,25.35,Online,29
15368,114,2977,2022-10-19,2,120.5,Social,166
15369,141,2977,2023-04-26,2,75.02,Online,24
15370,139,2978,2025-06-09,3,162.16,Online,65
15371,158,2978,2025-04-20,1,132.56,Online,62
15372,158,2978,2025-11-12,3,132.56,Online,73
15373,131,2978,2025-12-31,5,76.52,In-Store,150
15374,136,2978,2024-07-29,3,134.23,In-Store,123
15375,118,2978,2025-04-27,2,128.58,Online,63
15376,109,2978,2024-08-16,4,69.39,In-Store,124
15377,132,2978,2025-03-07,3,146.35,In-Store,135
15378,110,2978,2024-08-14,3,138.19,TV,341
15379,132,2978,2025-12-19,4,146.35,Online,77
15380,173,2978,2025-06-08,3,100.75,Online,66
15381,126,2978,2024-07-02,2,62.9,TV,338
15382,196,2978,2025-07-29,4,162.21,Online,67
15383,112,2978,2025-03-13,5,58.11,Social,210
15384,115,2978,2025-06-23,4,114.62,Online,66
15385,110,2978,2025-05-12,1,138.19,Social,212
15386,158,2978,2025-02-23,1,132.56,Online,59
15387,159,2978,2025-07-02,4,21.52,In-Store,141
15388,135,2978,2024-10-31,2,62.14,Social,203
15389,168,2978,2025-06-08,2,151.07,Online,65
15390,119,2979,2025-07-29,1,193.28,Online,68
15391,113,2979,2023-02-07,3,122.3,Online,21
15392,189,2979,2025-09-22,3,47.31,Online,70
15393,156,2979,2024-09-27,3,13.54,In-Store,125
15394,116,2979,2023-09-21,4,161.44,Online,33
15395,126,2979,2024-12-23,2,62.9,Online,57
15396,107,2979,2023-03-23,1,110.76,Online,22
15397,108,2979,2024-05-03,2,127.37,Social,194
15398,120,2979,2025-10-01,3,186.86,Online,70
15399,161,2979,2024-03-08,2,233.25,Social,192
15400,165,2979,2023-08-11,2,213.33,Online,32
15401,195,2979,2023-05-26,1,109.44,In-Store,102
15402,166,2979,2023-03-09,1,151.16,Online,22
15403,128,2979,2025-04-08,5,69.61,Online,62
15404,173,2979,2022-09-18,4,100.75,In-Store,91
15405,150,2979,2025-08-29,5,66.48,Online,68
15406,128,2979,2025-09-24,5,69.61,In-Store,144
15407,174,2979,2025-01-24,4,89.89,Social,207
15408,133,2979,2024-12-08,5,129.42,Online,56
15409,154,2979,2023-08-25,1,39.53,Online,32
15410,187,2979,2022-09-16,2,95.73,Online,13
15411,140,2979,2025-07-06,2,139.7,Online,67
15412,169,2979,2024-03-03,1,105.46,Online,42
15413,184,2980,2024-01-15,1,120.25,Online,39
15414,155,2980,2023-11-10,1,71.21,TV,328
15415,193,2980,2024-04-27,1,28.68,Online,43
15416,156,2980,2023-12-10,3,13.54,Online,37
15417,144,2980,2024-08-15,3,22.73,Online,50
15418,146,2980,2024-03-10,3,28.76,Online,41
15419,160,2980,2023-11-11,2,74.86,Online,36
15420,163,2980,2024-03-01,2,115.65,Social,191
15421,172,2980,2024-02-02,2,75.03,Online,40
15422,114,2980,2023-11-16,2,120.5,In-Store,110
15423,104,2980,2024-03-08,1,50.25,Online,42
15424,110,2981,2025-12-31,3,138.19,Online,77
15425,110,2981,2025-09-20,1,138.19,Online,70
15426,180,2981,2025-03-05,1,97.9,Online,60
15427,116,2981,2025-01-28,5,161.44,Online,58
15428,182,2981,2025-11-03,4,73.37,Online,72
15429,105,2981,2025-01-27,5,45.85,Online,58
15430,160,2981,2025-11-20,3,74.86,Online,74
15431,138,2981,2025-01-19,1,115.15,Social,206
15432,194,2981,2025-07-28,4,70.1,Email,290
15433,191,2981,2025-01-17,4,196.98,In-Store,133
15434,151,2981,2025-02-10,2,170.44,Online,59
15435,194,2981,2025-08-03,1,70.1,Social,215
15436,152,2981,2025-10-20,1,72.34,Online,71
15437,177,2981,2025-08-15,2,296.45,In-Store,143
15438,144,2981,2025-06-21,5,22.73,Online,66
15439,187,2981,2025-05-15,4,95.73,Online,63
15440,191,2981,2025-08-28,4,196.98,Online,68
15441,166,2981,2025-06-10,3,151.16,In-Store,140
15442,152,2981,2025-01-17,5,72.34,Email,281
15443,107,2981,2024-12-05,2,110.76,Online,56
15444,194,2981,2025-06-03,4,70.1,Online,66
15445,115,2981,2025-03-18,3,114.62,Online,60
15446,105,2981,2025-05-08,5,45.85,Online,63
15447,191,2981,2025-01-01,1,196.98,Email,280
15448,165,2981,2025-02-26,1,213.33,Email,282
15449,172,2981,2025-01-07,4,75.03,Online,58
15450,153,2981,2024-12-16,4,44.91,TV,346
15451,178,2981,2025-02-08,5,58.92,Online,59
15452,133,2982,2024-02-20,3,129.42,Online,40
15453,190,2982,2024-03-23,2,121.42,Online,43
15454,193,2982,2024-05-02,1,28.68,In-Store,119
15455,178,2982,2024-02-01,2,58.92,Online,40
15456,111,2982,2024-07-08,1,78.12,Online,47
15457,164,2982,2024-05-26,3,91.03,Online,46
15458,182,2983,2023-09-27,3,73.37,In-Store,108
15459,133,2983,2023-12-26,2,129.42,Online,37
15460,135,2983,2023-07-16,3,62.14,Online,29
15461,126,2983,2023-10-20,3,62.9,TV,327
15462,144,2983,2024-02-06,4,22.73,In-Store,114
15463,154,2983,2023-11-18,1,39.53,Online,36
15464,134,2983,2025-03-01,4,113.57,Online,59
15465,131,2983,2025-04-09,1,76.52,In-Store,137
15466,141,2983,2023-08-11,3,75.02,In-Store,105
15467,133,2983,2023-08-11,1,129.42,In-Store,105
15468,164,2983,2024-12-11,4,91.03,Social,205
15469,182,2983,2024-01-26,2,73.37,Online,40
15470,105,2983,2023-09-28,3,45.85,Online,33
15471,136,2984,2025-10-05,5,134.23,Online,70
15472,144,2984,2025-12-30,2,22.73,Social,222
15473,146,2984,2025-03-28,4,28.76,Online,60
15474,156,2984,2025-12-11,2,13.54,In-Store,149
15475,133,2984,2025-11-27,5,129.42,Online,75
15476,118,2984,2025-08-25,1,128.58,Online,68
15477,102,2984,2024-10-18,2,175.2,Online,53
15478,121,2984,2024-05-28,4,126.42,Social,195
15479,200,2984,2025-10-22,4,213.63,Online,71
15480,103,2984,2024-04-08,3,74.85,In-Store,118
15481,200,2984,2024-03-31,1,213.63,Online,42
15482,106,2984,2025-09-23,2,41.44,In-Store,145
15483,135,2984,2025-12-20,1,62.14,Online,76
15484,146,2984,2025-08-31,5,28.76,Online,70
15485,139,2984,2024-01-03,5,162.16,Online,37
15486,185,2984,2024-08-16,5,143.79,TV,342
15487,118,2984,2024-03-13,3,128.58,Online,41
15488,114,2984,2024-03-28,3,120.5,In-Store,118
15489,197,2984,2024-01-12,3,270.16,In-Store,112
15490,191,2984,2025-10-11,4,196.98,Online,70
15491,186,2984,2023-10-09,5,29.78,In-Store,107
15492,132,2984,2023-09-15,1,146.35,TV,325
15493,108,2984,2025-05-19,2,127.37,Online,64
15494,144,2984,2023-09-13,2,22.73,Online,33
15495,168,2984,2023-10-29,3,151.07,Online,34
15496,196,2984,2024-03-04,4,162.21,Email,262
15497,147,2984,2025-07-14,3,193.11,TV,357
15498,154,2984,2025-09-03,1,39.53,TV,360
15499,126,2985,2023-07-15,2,62.9,Online,29
15500,122,2985,2024-07-07,3,224.2,Social,198
15501,110,2985,2024-10-15,4,138.19,Online,52
15502,177,2985,2024-04-26,1,296.45,Online,45
15503,200,2985,2024-03-20,1,213.63,In-Store,117
15504,155,2985,2023-01-19,4,71.21,Online,20
15505,197,2985,2022-08-31,4,270.16,Online,13
15506,101,2985,2022-11-15,1,116.4,Online,17
15507,149,2985,2024-12-12,2,64.92,Social,205
15508,193,2985,2023-03-18,2,28.68,In-Store,99
15509,185,2985,2023-10-30,1,143.79,In-Store,108
15510,168,2985,2024-01-06,3,151.07,In-Store,112
15511,123,2985,2022-10-15,1,28.54,In-Store,91
15512,141,2985,2023-09-28,1,75.02,Online,33
15513,157,2985,2023-07-01,1,140.43,In-Store,104
15514,118,2985,2025-08-18,2,128.58,Online,69
15515,193,2985,2024-11-06,4,28.68,In-Store,128
15516,146,2985,2025-09-04,5,28.76,Online,69
15517,154,2985,2025-04-10,4,39.53,Online,62
15518,170,2986,2023-04-26,1,124.94,In-Store,100
15519,116,2986,2025-09-02,5,161.44,Online,69
15520,119,2986,2023-04-19,3,193.28,In-Store,101
15521,101,2986,2023-07-18,4,116.4,Online,30
15522,115,2986,2024-08-31,1,114.62,In-Store,125
15523,165,2986,2025-10-26,4,213.33,Online,72
15524,193,2986,2025-12-07,1,28.68,In-Store,149
15525,170,2986,2025-12-15,2,124.94,TV,366
15526,136,2986,2024-12-05,5,134.23,Online,55
15527,154,2986,2024-07-18,1,39.53,Social,198
15528,114,2986,2024-10-04,3,120.5,Email,274
15529,174,2986,2023-05-03,1,89.89,Online,25
15530,129,2986,2025-12-29,1,269.37,Online,77
15531,121,2986,2023-05-19,4,126.42,TV,320
15532,170,2987,2025-01-30,1,124.94,In-Store,133
15533,196,2987,2025-04-02,3,162.21,In-Store,137
15534,194,2987,2025-05-14,4,70.1,Online,63
15535,183,2987,2025-09-22,4,127.82,In-Store,145
15536,120,2987,2025-03-17,2,186.86,Online,60
15537,187,2987,2025-11-24,3,95.73,TV,364
15538,109,2987,2025-10-06,2,69.39,In-Store,146
15539,148,2987,2025-11-22,5,47.75,In-Store,147
15540,181,2987,2025-06-13,2,231.25,Social,213
15541,155,2987,2025-09-10,3,71.21,Online,70
15542,133,2987,2024-11-12,5,129.42,TV,345
15543,120,2987,2025-04-15,2,186.86,Online,62
15544,187,2987,2025-03-07,1,95.73,Online,60
15545,125,2987,2025-07-12,5,25.35,In-Store,142
15546,185,2987,2025-01-24,5,143.79,Online,59
15547,109,2987,2025-03-20,4,69.39,Email,283
15548,191,2987,2024-11-15,5,196.98,Online,54
15549,178,2987,2025-10-12,4,58.92,Online,70
15550,142,2987,2025-08-04,2,298.93,Online,68
15551,126,2987,2025-08-06,3,62.9,Online,68
15552,135,2988,2023-01-01,5,62.14,Online,19
15553,129,2988,2024-05-08,4,269.37,Online,45
15554,101,2988,2023-02-05,1,116.4,Online,21
15555,110,2988,2024-12-06,3,138.19,Social,205
15556,121,2988,2025-12-19,5,126.42,Online,76
15557,110,2988,2022-06-05,3,138.19,In-Store,86
15558,159,2988,2024-12-25,3,21.52,TV,348
15559,189,2988,2022-09-04,5,47.31,Online,12
15560,154,2988,2024-07-31,2,39.53,In-Store,123
15561,197,2988,2025-03-25,4,270.16,Email,283
15562,198,2988,2022-08-16,5,167.93,In-Store,88
15563,170,2988,2025-01-26,3,124.94,Online,59
15564,106,2988,2025-10-23,5,41.44,Email,292
15565,183,2988,2024-09-27,2,127.82,Online,52
15566,163,2988,2025-10-15,1,115.65,Online,72
15567,177,2988,2024-11-04,2,296.45,In-Store,128
15568,163,2988,2025-04-23,5,115.65,In-Store,138
15569,135,2989,2025-11-04,4,62.14,Online,73
15570,192,2989,2025-09-30,4,22.56,Online,70
15571,197,2989,2022-12-27,2,270.16,Social,170
15572,152,2989,2024-04-13,3,72.34,Online,43
15573,185,2989,2023-02-02,2,143.79,In-Store,97
15574,141,2989,2023-10-26,1,75.02,Online,34
15575,198,2989,2023-10-21,4,167.93,In-Store,108
15576,101,2989,2024-01-30,1,116.4,In-Store,113
15577,117,2989,2024-07-05,3,214.01,Online,48
15578,136,2989,2022-09-26,5,134.23,Online,14
15579,106,2989,2025-06-25,5,41.44,Online,66
15580,119,2989,2024-02-29,4,193.28,Online,40
15581,199,2989,2025-08-20,2,105.38,Social,215
15582,105,2989,2024-06-14,3,45.85,Online,47
15583,132,2989,2025-09-06,4,146.35,In-Store,143
15584,103,2989,2025-12-16,4,74.85,Online,76
15585,185,2989,2025-09-16,4,143.79,Online,70
15586,135,2989,2025-09-10,3,62.14,Online,70
15587,183,2989,2025-01-23,2,127.82,Online,58
15588,165,2989,2023-07-24,4,213.33,TV,322
15589,183,2989,2024-01-10,3,127.82,Online,38
15590,116,2989,2024-11-19,4,161.44,Online,55
15591,147,2989,2025-04-28,4,193.11,Online,63
15592,191,2989,2025-08-26,3,196.98,Email,290
15593,103,2989,2024-11-19,1,74.85,Email,278
15594,158,2989,2024-02-11,1,132.56,Online,40
15595,186,2990,2024-06-24,1,29.78,Online,47
15596,149,2990,2024-04-01,3,64.92,Online,43
15597,143,2990,2024-04-03,1,18.47,Social,193
15598,179,2990,2024-04-29,1,69.62,Online,44
15599,121,2990,2024-01-22,2,126.42,Online,39
15600,146,2990,2024-03-13,2,28.76,Online,41
15601,178,2991,2025-10-03,4,58.92,In-Store,145
15602,169,2991,2024-07-28,2,105.46,Online,48
15603,168,2991,2025-09-09,2,151.07,In-Store,143
15604,198,2991,2024-07-22,2,167.93,Online,48
15605,157,2991,2024-12-28,1,140.43,Email,280
15606,157,2991,2024-06-25,2,140.43,Online,47
15607,196,2991,2025-02-12,3,162.21,Online,59
15608,188,2991,2025-01-30,5,12.93,In-Store,133
15609,118,2991,2024-12-01,5,128.58,Social,204
15610,149,2991,2024-06-18,4,64.92,Online,47
15611,113,2992,2025-06-19,4,122.3,Email,287
15612,160,2992,2025-02-01,2,74.86,Social,207
15613,154,2992,2025-01-19,2,39.53,Online,58
15614,189,2992,2025-02-24,4,47.31,Online,59
15615,163,2992,2025-03-05,1,115.65,Online,60
15616,120,2993,2024-10-08,3,186.86,Email,274
15617,156,2993,2025-10-09,1,13.54,In-Store,146
15618,139,2993,2024-11-08,4,162.16,Online,54
15619,132,2993,2025-09-22,1,146.35,Online,70
15620,177,2993,2024-11-15,1,296.45,Online,55
15621,123,2993,2025-07-12,2,28.54,TV,356
15622,107,2993,2025-09-04,3,110.76,In-Store,144
15623,172,2993,2025-11-26,4,75.03,Online,74
15624,187,2993,2025-06-22,5,95.73,Online,66
15625,147,2993,2025-05-24,2,193.11,In-Store,139
15626,191,2993,2024-12-12,1,196.98,Online,56
15627,165,2993,2025-03-01,5,213.33,Online,60
15628,185,2993,2025-11-29,4,143.79,In-Store,149
15629,140,2993,2025-10-23,3,139.7,Online,72
15630,183,2993,2024-10-14,5,127.82,Email,274
15631,131,2993,2025-09-26,2,76.52,Online,70
15632,116,2993,2025-02-13,3,161.44,In-Store,134
15633,172,2993,2025-09-25,3,75.03,Online,70
15634,143,2993,2025-04-27,2,18.47,In-Store,138
15635,128,2993,2024-11-09,1,69.61,Social,204
15636,141,2993,2024-12-10,1,75.02,Online,56
15637,199,2994,2025-12-08,3,105.38,In-Store,149
15638,111,2994,2025-06-26,5,78.12,Online,66
15639,191,2994,2025-04-13,4,196.98,Online,62
15640,181,2994,2025-03-19,4,231.25,Online,61
15641,149,2994,2025-03-08,3,64.92,TV,352
15642,157,2994,2025-08-17,3,140.43,In-Store,143
15643,123,2994,2024-10-08,5,28.54,In-Store,127
15644,112,2994,2025-09-22,3,58.11,Email,291
15645,127,2994,2024-12-03,2,184.65,Online,55
15646,114,2994,2025-03-21,3,120.5,In-Store,136
15647,143,2994,2024-11-27,3,18.47,In-Store,129
15648,156,2994,2025-01-10,2,13.54,Online,58
15649,177,2994,2025-03-09,1,296.45,Online,60
15650,132,2994,2025-05-07,5,146.35,Online,64
15651,157,2994,2024-09-13,5,140.43,Online,51
15652,123,2994,2025-06-29,2,28.54,Online,66
15653,130,2994,2024-09-24,4,117.61,In-Store,126
15654,138,2994,2025-01-29,1,115.15,Online,59
15655,133,2994,2024-12-11,3,129.42,Online,56
15656,136,2994,2025-04-08,1,134.23,Online,62
15657,133,2994,2025-04-08,2,129.42,In-Store,137
15658,197,2995,2025-09-26,3,270.16,Online,70
15659,200,2995,2025-10-21,2,213.63,TV,362
15660,127,2995,2025-05-11,3,184.65,Online,63
15661,187,2995,2025-07-31,1,95.73,Online,68
15662,140,2995,2025-12-15,3,139.7,Online,76
15663,190,2995,2025-12-30,1,121.42,In-Store,149
15664,157,2995,2025-10-06,3,140.43,Online,71
15665,160,2995,2025-03-30,1,74.86,Online,61
15666,194,2995,2025-12-15,3,70.1,Online,76
15667,146,2995,2025-10-12,5,28.76,Social,218
15668,163,2995,2025-06-29,2,115.65,Email,288
15669,119,2995,2025-01-27,4,193.28,Online,58
15670,165,2995,2025-07-11,2,213.33,Online,67
15671,200,2995,2025-01-15,1,213.63,Online,58
15672,181,2995,2025-08-20,2,231.25,Online,68
15673,153,2995,2025-01-14,2,44.91,In-Store,132
15674,177,2996,2024-08-13,3,296.45,Online,49
15675,118,2996,2025-10-20,5,128.58,Online,71
15676,108,2996,2024-04-03,3,127.37,Online,43
15677,191,2996,2025-08-02,1,196.98,Online,68
15678,105,2996,2024-11-18,4,45.85,In-Store,128
15679,147,2996,2024-07-22,1,193.11,Online,49
15680,132,2996,2025-05-25,1,146.35,Online,65
15681,177,2996,2025-08-02,3,296.45,Online,68
15682,167,2996,2024-08-18,5,75.91,In-Store,124
15683,132,2996,2025-05-08,2,146.35,In-Store,138
15684,175,2996,2024-06-25,1,285.32,TV,339
15685,110,2996,2024-07-29,3,138.19,In-Store,123
15686,103,2996,2025-02-15,4,74.85,Online,59
15687,147,2996,2025-10-02,2,193.11,Email,291
15688,112,2996,2025-02-11,1,58.11,Online,59
15689,200,2996,2025-09-19,3,213.63,Online,70
15690,190,2996,2025-02-18,3,121.42,Online,59
15691,187,2996,2024-05-16,1,95.73,Online,46
15692,126,2997,2023-07-20,2,62.9,In-Store,105
15693,114,2997,2023-02-11,2,120.5,Online,20
15694,167,2997,2023-06-01,2,75.91,Online,26
15695,174,2997,2023-07-11,3,89.89,Online,29
15696,111,2997,2023-03-16,1,78.12,Online,22
15697,125,2998,2023-08-24,2,25.35,Online,32
15698,101,2998,2023-12-07,2,116.4,TV,330
15699,160,2998,2025-11-20,1,74.86,Social,220
15700,133,2998,2024-04-27,1,129.42,In-Store,119
15701,178,2998,2024-08-06,4,58.92,Online,49
15702,118,2998,2023-09-27,3,128.58,Online,33
15703,127,2998,2025-05-29,4,184.65,In-Store,139
15704,130,2998,2025-11-20,4,117.61,Online,74
15705,184,2998,2023-11-24,3,120.25,In-Store,110
15706,102,2998,2024-09-14,3,175.2,Online,51
15707,158,2998,2025-08-13,5,132.56,Online,69
15708,133,2998,2025-10-07,3,129.42,TV,362
15709,143,2998,2025-03-23,4,18.47,TV,352
15710,112,2998,2024-01-14,4,58.11,Online,38
15711,128,2998,2023-08-13,2,69.61,In-Store,105
15712,104,2998,2025-06-01,2,50.25,In-Store,140
15713,175,2998,2024-06-14,5,285.32,In-Store,121
15714,200,2998,2024-04-11,1,213.63,Online,43
15715,152,2999,2025-03-04,1,72.34,Online,60
15716,154,2999,2025-04-20,3,39.53,In-Store,138
15717,131,2999,2025-03-13,2,76.52,Social,209
15718,131,2999,2025-01-19,2,76.52,In-Store,133
15719,153,2999,2024-12-23,2,44.91,Social,206
15720,170,2999,2025-01-18,2,124.94,Online,58
15721,136,2999,2025-02-06,2,134.23,Email,282
15722,185,3000,2025-01-07,3,143.79,Social,206
15723,190,3000,2024-08-13,4,121.42,Online,49
15724,177,3000,2023-09-27,4,296.45,Online,33
15725,112,3000,2024-11-16,1,58.11,Online,55
15726,181,3000,2025-02-08,2,231.25,Online,59
15727,114,3000,2025-01-19,2,120.5,In-Store,133
15728,121,3000,2025-03-28,3,126.42,Social,210
15729,151,3000,2024-05-19,2,170.44,Social,195
15730,129,3000,2025-10-04,5,269.37,Online,71
15731,154,3000,2024-03-10,2,39.53,In-Store,116
15732,183,3000,2024-03-18,5,127.82,Online,42
15733,187,3000,2024-09-07,4,95.73,Online,51
15734,185,3000,2025-07-23,5,143.79,Online,68
15735,146,3000,2023-12-21,4,28.76,Email,258
15736,190,3000,2025-09-03,4,121.42,Online,69
15737,147,3000,2025-10-20,3,193.11,Online,72
15738,125,3000,2025-06-29,1,25.35,Social,214
15739,185,3000,2025-06-12,5,143.79,Online,65
15740,197,3000,2025-11-25,5,270.16,Online,75
15741,112,3000,2025-04-05,3,58.11,Email,284
