Sale_ID,Product_ID,Customer_ID,Date,Quantity,Sale_Price,Channel
1,128,2870,2024-12-07,4,967.68,Online
2,125,2599,2026-08-16,3,473.31,Online
3,137,2604,2026-07-10,1,75.81,In-Store
4,103,2110,2025-12-29,2,1038.12,In-Store
5,103,2528,2026-05-19,4,2076.24,In-Store
6,113,2764,2024-02-05,3,1401.99,Online
7,150,2389,2025-03-05,3,274.35,Online
8,140,2166,2025-12-15,1,137.22,In-Store
9,142,2906,2026-08-24,4,971.4,Online
10,112,2719,2026-01-29,2,116.2,Online
11,102,2406,2026-04-24,2,476.84,Online
12,130,2582,2025-10-27,1,37.95,Online
13,146,2318,2025-07-15,1,231.64,Online
14,141,2116,2025-08-05,3,688.2,Online
15,147,2516,2026-01-13,2,71.6,Online
16,150,2541,2024-07-09,2,182.9,Online
17,110,2558,2026-09-05,2,129.8,In-Store
18,127,2182,2025-01-16,3,2292.66,Online
19,119,2726,2025-07-16,2,202.2,Online
20,101,2901,2026-05-15,3,309.06,Online
21,135,2450,2026-05-31,1,23.08,In-Store
22,114,2885,2025-10-03,4,466.04,Online
23,139,2404,2025-02-16,1,88.25,In-Store
24,140,2884,2025-12-09,2,274.44,Online
25,142,2186,2025-05-01,3,728.55,Online
26,143,2142,2025-11-24,3,591.48,Online
27,107,2920,2024-06-05,4,457.64,In-Store
28,140,2161,2025-10-11,2,274.44,Online
29,103,2747,2025-02-11,1,519.06,Online
30,105,2318,2026-02-21,4,562.64,In-Store
31,109,2068,2026-04-28,1,210.62,Online
32,134,2324,2026-06-05,2,262.74,In-Store
33,137,2604,2025-08-19,1,75.81,Online
34,146,2721,2026-06-13,3,694.92,Online
35,117,2601,2025-07-28,3,143.34,In-Store
36,134,2607,2026-07-20,4,525.48,Online
37,115,2805,2026-08-09,3,250.32,In-Store
38,130,2002,2026-05-11,1,37.95,In-Store
39,127,2797,2026-08-12,1,764.22,Online
40,101,2343,2026-08-27,2,206.04,Online
41,120,2257,2026-07-31,3,366.54,In-Store
42,101,2541,2026-07-20,1,103.02,Online
43,137,2335,2026-08-09,1,75.81,In-Store
44,122,2196,2026-08-09,4,543.4,Online
45,131,2796,2025-05-20,2,351.58,Online
46,122,2893,2026-01-18,4,543.4,Online
47,134,2928,2024-02-09,3,394.11,In-Store
48,136,2721,2026-01-16,1,228.69,In-Store
49,123,2569,2025-12-28,1,154.22,In-Store
50,122,2280,2026-02-27,4,543.4,In-Store
51,139,2844,2026-08-09,4,353.0,In-Store
52,149,2587,2026-06-10,3,76.89,Online
53,127,2707,2025-01-12,1,764.22,Online
54,129,2879,2026-04-02,3,939.69,In-Store
55,108,2518,2024-07-30,3,728.79,Online
56,129,2777,2025-05-13,1,313.23,Online
57,113,2907,2024-07-27,3,1401.99,Online
58,120,2729,2026-08-15,3,366.54,In-Store
59,134,2768,2024-08-17,2,262.74,In-Store
60,125,2721,2026-03-31,1,157.77,Online
61,144,2306,2024-09-26,1,726.38,Online
62,107,2461,2026-03-28,3,343.23,Online
63,141,2569,2025-12-18,2,458.8,Online
64,118,2203,2025-02-05,3,250.95,Online
65,110,2663,2025-11-28,2,129.8,Online
66,136,2116,2026-01-29,1,228.69,In-Store
67,118,2533,2026-08-11,2,167.3,Online
68,105,2566,2026-03-17,3,421.98,In-Store
69,129,2893,2026-01-20,1,313.23,In-Store
70,104,2031,2026-05-31,1,51.66,Online
71,126,2055,2026-07-17,2,110.14,In-Store
72,145,2892,2026-04-10,4,622.04,In-Store
73,113,2351,2025-10-27,1,467.33,Online
74,145,2559,2024-03-12,4,622.04,Online
75,146,2448,2026-09-05,4,926.56,Online
76,110,2232,2025-09-28,3,194.7,Online
77,122,2384,2026-09-02,3,407.55,Online
78,131,2481,2025-06-13,1,175.79,Online
79,119,2473,2025-01-23,3,303.3,In-Store
80,107,2567,2026-07-31,4,457.64,Online
81,105,2320,2026-06-08,3,421.98,In-Store
82,127,2453,2026-05-24,2,1528.44,In-Store
83,131,2244,2024-11-06,4,703.16,Online
84,145,2334,2026-09-04,4,622.04,Online
85,135,2559,2024-11-22,2,46.16,In-Store
86,148,2654,2024-03-05,4,244.24,Online
87,121,2583,2026-09-04,1,239.77,Online
88,105,2178,2026-04-16,1,140.66,In-Store
89,121,2770,2025-11-29,4,959.08,Online
90,138,2092,2025-10-17,1,170.69,In-Store
91,135,2652,2026-06-28,3,69.24,Online
92,113,2608,2026-08-11,2,934.66,Online
93,144,2297,2026-04-12,3,2179.14,Online
94,106,2714,2025-07-31,1,520.78,In-Store
95,109,2987,2025-09-04,3,631.86,Online
96,104,2364,2026-03-19,1,51.66,In-Store
97,108,2820,2025-03-01,3,728.79,Online
98,126,2235,2026-05-26,3,165.21,Online
99,135,2398,2025-12-09,2,46.16,In-Store
100,136,2470,2026-06-05,4,914.76,Online
101,119,2841,2024-07-30,2,202.2,In-Store
102,110,2012,2025-05-02,4,259.6,Online
103,106,2973,2025-04-04,2,1041.56,Online
104,128,2864,2026-08-16,2,483.84,Online
105,129,2503,2026-07-26,4,1252.92,Online
106,139,2226,2026-09-06,1,88.25,In-Store
107,146,2491,2025-03-13,3,694.92,Online
108,103,2926,2026-09-06,1,519.06,In-Store
109,108,2476,2026-05-21,4,971.72,Online
110,134,2139,2026-08-29,3,394.11,Online
111,140,2509,2026-05-07,1,137.22,In-Store
112,144,2466,2025-11-23,3,2179.14,In-Store
113,135,2053,2025-12-20,1,23.08,Online
114,137,2446,2025-06-24,3,227.43,Online
115,119,2347,2026-08-02,3,303.3,In-Store
116,148,2038,2026-08-22,3,183.18,In-Store
117,131,2262,2026-03-07,2,351.58,In-Store
118,148,2053,2025-10-28,1,61.06,Online
119,133,2477,2024-05-24,1,43.68,Online
120,118,2253,2026-01-21,3,250.95,Online
121,112,2737,2026-01-11,2,116.2,Online
122,117,2365,2024-08-31,2,95.56,Online
123,122,2183,2025-05-02,1,135.85,In-Store
124,132,2588,2025-01-05,4,473.76,Online
125,147,2238,2026-05-07,2,71.6,In-Store
126,104,2569,2026-01-04,3,154.98,Online
127,126,2053,2026-04-23,4,220.28,Online
128,135,2470,2026-08-16,2,46.16,Online
129,131,2679,2026-01-15,3,527.37,In-Store
130,101,2522,2026-04-21,3,309.06,Online
131,134,2376,2025-06-30,1,131.37,Online
132,128,2917,2025-09-21,3,725.76,Online
133,117,2270,2026-08-20,4,191.12,Online
134,147,2772,2026-09-07,2,71.6,In-Store
135,121,2332,2026-08-19,1,239.77,Online
136,127,2831,2026-05-05,1,764.22,In-Store
137,123,2104,2026-08-07,2,308.44,Online
138,102,2252,2026-05-05,1,238.42,Online
139,114,2939,2026-02-05,1,116.51,Online
140,109,2087,2026-09-01,4,842.48,In-Store
141,108,2802,2026-04-14,2,485.86,Online
142,141,2293,2026-07-07,4,917.6,Online
143,143,2768,2026-04-17,3,591.48,Online
144,118,2161,2025-03-09,1,83.65,Online
145,117,2381,2024-02-10,3,143.34,In-Store
146,113,2432,2025-11-16,4,1869.32,In-Store
147,110,2638,2026-02-03,4,259.6,In-Store
148,129,2607,2026-01-01,3,939.69,Online
149,137,2038,2025-03-01,3,227.43,Online
150,110,2020,2025-06-28,1,64.9,Online
151,110,2657,2026-06-29,3,194.7,Online
152,146,2567,2026-08-01,4,926.56,Online
153,147,2429,2026-08-04,1,35.8,In-Store
154,145,2227,2025-08-05,4,622.04,Online
155,123,2559,2026-07-22,3,462.66,Online
156,142,2391,2025-09-25,1,242.85,Online
157,106,2525,2025-02-11,4,2083.12,Online
158,136,2642,2025-09-26,1,228.69,Online
159,145,2652,2026-04-11,4,622.04,Online
160,132,2623,2026-06-09,1,118.44,Online
161,103,2732,2026-01-21,2,1038.12,Online
162,116,2715,2026-05-17,4,635.16,Online
163,132,2067,2025-07-11,4,473.76,Online
164,122,2040,2026-07-22,1,135.85,Online
165,130,2119,2026-09-05,2,75.9,In-Store
166,103,2233,2025-11-09,2,1038.12,Online
167,140,2647,2026-07-30,1,137.22,In-Store
168,101,2698,2026-07-31,2,206.04,Online
169,130,2906,2026-07-08,2,75.9,In-Store
170,108,2068,2025-10-23,4,971.72,In-Store
171,105,2797,2026-06-23,2,281.32,Online
172,121,2332,2026-09-02,1,239.77,In-Store
173,114,2537,2025-12-17,1,116.51,In-Store
174,108,2175,2025-11-09,3,728.79,In-Store
175,145,2758,2025-09-22,3,466.53,In-Store
176,138,2164,2025-09-07,1,170.69,In-Store
177,140,2101,2026-07-20,4,548.88,In-Store
178,106,2017,2025-04-11,1,520.78,Online
179,146,2183,2025-06-29,3,694.92,Online
180,150,2690,2026-08-17,4,365.8,In-Store
181,134,2207,2026-04-25,4,525.48,Online
182,140,2239,2025-10-30,1,137.22,In-Store
183,140,2183,2026-08-23,1,137.22,Online
184,136,2342,2024-06-22,2,457.38,In-Store
185,107,2118,2026-01-19,3,343.23,In-Store
186,150,2501,2025-09-25,2,182.9,Online
187,110,2054,2024-06-16,4,259.6,Online
188,104,2179,2025-12-25,3,154.98,Online
189,122,2211,2024-11-07,4,543.4,Online
190,135,2105,2026-05-23,2,46.16,In-Store
191,133,2784,2026-06-06,1,43.68,Online
192,129,2897,2026-08-17,3,939.69,Online
193,121,2200,2026-04-10,2,479.54,Online
194,116,2321,2026-07-08,4,635.16,In-Store
195,105,2370,2025-03-15,4,562.64,In-Store
196,128,2477,2026-07-15,2,483.84,In-Store
197,112,2929,2025-04-26,4,232.4,Online
198,113,2134,2026-07-28,3,1401.99,Online
199,103,2204,2025-08-10,1,519.06,Online
200,130,2134,2025-11-09,4,151.8,In-Store
201,119,2759,2025-11-22,2,202.2,In-Store
202,136,2907,2025-10-04,2,457.38,Online
203,114,2405,2026-07-08,4,466.04,Online
204,148,2278,2026-04-23,2,122.12,In-Store
205,115,2322,2026-09-06,2,166.88,In-Store
206,103,2901,2026-07-09,1,519.06,Online
207,103,2729,2026-08-10,4,2076.24,In-Store
208,129,2386,2025-03-19,4,1252.92,In-Store
209,145,2084,2026-09-05,4,622.04,In-Store
210,116,2130,2026-05-17,1,158.79,Online
211,111,2474,2025-11-04,4,230.92,In-Store
212,130,2744,2025-11-23,4,151.8,In-Store
213,112,2876,2025-08-21,3,174.3,Online
214,141,2700,2024-04-02,1,229.4,Online
215,134,2895,2025-12-01,1,131.37,Online
216,145,2420,2025-03-28,2,311.02,Online
217,148,2612,2026-04-06,1,61.06,In-Store
218,124,2944,2026-06-15,1,25.92,Online
219,140,2376,2025-11-30,1,137.22,Online
220,136,2362,2026-02-19,1,228.69,In-Store
221,109,2706,2025-03-13,3,631.86,In-Store
222,131,2530,2026-08-25,2,351.58,In-Store
223,133,2316,2026-02-20,4,174.72,Online
224,123,2056,2026-06-14,4,616.88,Online
225,131,2493,2025-07-14,3,527.37,Online
226,144,2613,2026-09-04,1,726.38,In-Store
227,106,2893,2025-12-09,1,520.78,Online
228,105,2900,2025-07-09,1,140.66,In-Store
229,110,2276,2025-11-06,4,259.6,In-Store
230,141,2877,2025-07-20,1,229.4,Online
231,135,2409,2026-02-25,2,46.16,Online
232,148,2340,2026-06-22,1,61.06,Online
233,115,2191,2024-03-15,3,250.32,Online
234,132,2570,2026-05-15,4,473.76,Online
235,120,2300,2025-11-24,2,244.36,Online
236,119,2228,2025-11-02,1,101.1,In-Store
237,111,2347,2026-02-08,2,115.46,In-Store
238,146,2284,2025-08-04,2,463.28,In-Store
239,121,2238,2025-10-15,2,479.54,Online
240,114,2262,2025-07-22,1,116.51,Online
241,124,2976,2024-05-26,4,103.68,In-Store
242,120,2974,2025-12-23,1,122.18,Online
243,150,2396,2026-08-23,2,182.9,Online
244,101,2929,2024-06-24,3,309.06,Online
245,149,2468,2024-12-24,2,51.26,In-Store
246,129,2725,2026-07-13,3,939.69,Online
247,109,2728,2024-05-28,1,210.62,Online
248,115,2027,2025-09-15,4,333.76,Online
249,139,2093,2024-04-28,2,176.5,In-Store
250,150,2519,2026-06-17,3,274.35,In-Store
251,129,2025,2026-01-26,1,313.23,In-Store
252,121,2386,2026-04-25,1,239.77,Online
253,128,2389,2026-05-01,3,725.76,Online
254,123,2367,2026-03-28,3,462.66,Online
255,106,2975,2026-03-20,2,1041.56,Online
256,129,2737,2025-07-02,3,939.69,In-Store
257,147,2803,2026-01-24,4,143.2,In-Store
258,110,2835,2026-08-11,2,129.8,Online
259,134,2470,2026-08-31,3,394.11,Online
260,149,2934,2026-08-23,4,102.52,Online
261,118,2007,2026-07-05,4,334.6,In-Store
262,137,2546,2025-12-05,2,151.62,In-Store
263,119,2187,2025-02-11,4,404.4,Online
264,138,2823,2025-02-18,3,512.07,Online
265,115,2549,2026-02-18,1,83.44,Online
266,141,2152,2025-11-25,4,917.6,Online
267,127,2647,2026-06-13,2,1528.44,Online
268,116,2908,2025-11-24,1,158.79,Online
269,105,2764,2026-08-02,3,421.98,In-Store
270,117,2474,2026-03-18,4,191.12,Online
271,102,2367,2026-08-24,3,715.26,In-Store
272,121,2573,2024-07-29,4,959.08,In-Store
273,118,2352,2024-08-10,3,250.95,Online
274,104,2629,2026-06-16,3,154.98,Online
275,105,2522,2026-08-27,2,281.32,In-Store
276,135,2764,2024-10-04,3,69.24,Online
277,120,2828,2026-04-11,3,366.54,Online
278,123,2096,2026-07-27,2,308.44,Online
279,124,2135,2026-06-30,4,103.68,Online
280,107,2334,2026-07-24,2,228.82,In-Store
281,136,2496,2026-04-14,1,228.69,Online
282,108,2453,2025-09-03,2,485.86,Online
283,145,2473,2025-06-17,3,466.53,In-Store
284,134,2814,2026-09-03,3,394.11,In-Store
285,148,2707,2024-05-08,1,61.06,In-Store
286,110,2128,2026-04-14,2,129.8,Online
287,106,2126,2026-02-02,4,2083.12,Online
288,131,2079,2026-08-13,4,703.16,Online
289,143,2198,2024-04-16,1,197.16,Online
290,103,2119,2026-04-20,1,519.06,Online
291,107,2660,2026-07-27,1,114.41,In-Store
292,112,2205,2025-09-30,3,174.3,Online
293,118,2092,2026-08-24,3,250.95,Online
294,150,2160,2026-07-17,2,182.9,In-Store
295,138,2561,2024-05-21,1,170.69,In-Store
296,119,2217,2024-10-21,2,202.2,In-Store
297,107,2004,2026-07-02,2,228.82,In-Store
298,124,2853,2025-11-23,2,51.84,Online
299,112,2664,2025-01-19,3,174.3,Online
300,115,2417,2026-08-11,4,333.76,Online
301,108,2761,2026-08-17,4,971.72,Online
302,149,2512,2025-12-20,3,76.89,Online
303,106,2548,2026-01-25,3,1562.34,Online
304,130,2117,2025-04-13,3,113.85,Online
305,119,2227,2025-08-29,4,404.4,In-Store
306,131,2859,2026-08-12,3,527.37,In-Store
307,144,2012,2026-09-01,1,726.38,Online
308,108,2431,2024-05-08,2,485.86,Online
309,107,2391,2025-08-13,2,228.82,Online
310,122,2360,2024-11-05,2,271.7,In-Store
311,108,2846,2026-04-08,2,485.86,Online
312,149,2721,2025-12-28,3,76.89,Online
313,126,2351,2026-07-31,4,220.28,In-Store
314,107,2278,2026-05-20,1,114.41,Online
315,141,2483,2026-02-08,2,458.8,Online
316,105,2100,2026-06-03,4,562.64,Online
317,139,2971,2025-11-02,3,264.75,In-Store
318,107,2299,2026-07-25,1,114.41,In-Store
319,113,2766,2026-04-10,3,1401.99,Online
320,135,2483,2026-02-23,3,69.24,In-Store
321,128,2537,2025-02-23,1,241.92,Online
322,129,2442,2026-03-27,4,1252.92,Online
323,143,2035,2026-04-04,3,591.48,In-Store
324,120,2484,2024-11-02,4,488.72,Online
325,144,2763,2026-06-09,4,2905.52,In-Store
326,131,2681,2025-11-13,4,703.16,In-Store
327,104,2856,2026-08-23,4,206.64,Online
328,140,2488,2025-11-03,3,411.66,Online
329,138,2316,2025-10-21,1,170.69,In-Store
330,148,2837,2025-07-20,1,61.06,Online
331,123,2374,2026-09-03,3,462.66,Online
332,116,2345,2026-08-20,2,317.58,In-Store
333,106,2642,2026-04-27,1,520.78,Online
334,102,2116,2024-10-22,3,715.26,Online
335,137,2453,2026-02-27,4,303.24,Online
336,138,2023,2026-06-23,1,170.69,Online
337,121,2372,2026-07-04,1,239.77,Online
338,114,2101,2026-09-02,3,349.53,Online
339,111,2495,2025-10-10,3,173.19,Online
340,132,2968,2025-03-15,1,118.44,In-Store
341,104,2215,2024-09-27,3,154.98,In-Store
342,140,2393,2026-08-04,1,137.22,In-Store
343,118,2096,2026-03-25,1,83.65,In-Store
344,128,2799,2026-06-20,2,483.84,Online
345,120,2795,2026-08-26,3,366.54,Online
346,113,2656,2026-03-29,4,1869.32,Online
347,130,2251,2026-07-26,2,75.9,Online
348,137,2621,2026-06-17,4,303.24,In-Store
349,118,2652,2026-07-06,4,334.6,In-Store
350,134,2722,2025-08-19,2,262.74,Online
351,110,2455,2025-10-25,3,194.7,Online
352,141,2404,2025-01-31,2,458.8,Online
353,142,2267,2026-08-04,2,485.7,Online
354,126,2683,2026-08-17,2,110.14,Online
355,116,2147,2026-09-06,3,476.37,Online
356,128,2479,2026-08-02,1,241.92,In-Store
357,102,2158,2026-06-12,3,715.26,Online
358,142,2650,2025-03-06,1,242.85,Online
359,106,2782,2025-08-10,3,1562.34,In-Store
360,127,2296,2024-11-01,3,2292.66,Online
361,147,2389,2026-09-04,2,71.6,In-Store
362,108,2113,2026-07-05,3,728.79,Online
363,139,2886,2025-01-23,1,88.25,Online
364,148,2324,2026-05-12,2,122.12,Online
365,112,2219,2026-01-24,2,116.2,Online
366,138,2432,2025-03-18,1,170.69,Online
367,108,2525,2026-02-14,3,728.79,In-Store
368,116,2416,2025-12-07,3,476.37,In-Store
369,120,2359,2025-10-06,1,122.18,In-Store
370,145,2038,2025-02-12,2,311.02,Online
371,141,2543,2024-12-26,3,688.2,Online
372,129,2526,2025-09-17,4,1252.92,Online
373,117,2910,2026-05-26,3,143.34,Online
374,116,2937,2026-07-20,3,476.37,In-Store
375,129,2863,2025-03-03,3,939.69,Online
376,106,2789,2025-08-25,4,2083.12,Online
377,146,2733,2026-01-05,4,926.56,Online
378,133,2825,2025-07-25,1,43.68,Online
379,148,2413,2026-08-08,3,183.18,Online
380,104,2691,2026-08-01,2,103.32,Online
381,101,2791,2024-10-27,4,412.08,In-Store
382,137,2621,2026-07-20,1,75.81,Online
383,146,2157,2026-07-16,2,463.28,In-Store
384,121,2682,2026-04-11,4,959.08,Online
385,117,2876,2024-11-15,2,95.56,In-Store
386,119,2827,2026-07-13,2,202.2,Online
387,126,2407,2025-09-30,4,220.28,In-Store
388,136,2226,2026-08-31,2,457.38,Online
389,117,2973,2025-06-07,2,95.56,Online
390,139,2392,2026-03-16,3,264.75,In-Store
391,111,2091,2025-09-27,1,57.73,Online
392,150,2715,2026-02-25,4,365.8,Online
393,113,2119,2026-03-26,3,1401.99,Online
394,109,2744,2026-05-25,4,842.48,In-Store
395,119,2593,2026-04-25,2,202.2,Online
396,102,2183,2025-08-26,3,715.26,Online
397,116,2235,2026-01-03,3,476.37,In-Store
398,106,2680,2026-05-15,1,520.78,Online
399,145,2130,2026-05-24,4,622.04,In-Store
400,128,2709,2026-09-03,3,725.76,Online
401,104,2096,2025-11-03,3,154.98,In-Store
402,139,2465,2026-02-17,1,88.25,Online
403,120,2256,2026-05-10,4,488.72,Online
404,103,2130,2026-07-24,2,1038.12,Online
405,122,2170,2026-06-18,4,543.4,In-Store
406,128,2091,2026-03-13,2,483.84,Online
407,109,2118,2025-05-15,4,842.48,Online
408,119,2745,2026-04-21,3,303.3,In-Store
409,134,2829,2025-08-19,3,394.11,Online
410,148,2894,2026-06-23,4,244.24,In-Store
411,143,2546,2026-07-11,4,788.64,Online
412,115,2191,2024-04-17,2,166.88,Online
413,146,2464,2025-10-11,4,926.56,Online
414,103,2117,2025-11-15,4,2076.24,Online
415,132,2989,2026-03-17,4,473.76,Online
416,108,2114,2024-09-13,3,728.79,Online
417,112,2204,2026-01-17,2,116.2,In-Store
418,143,2823,2025-11-12,2,394.32,In-Store
419,134,2997,2025-11-13,2,262.74,Online
420,150,2920,2024-12-24,4,365.8,Online
421,119,2888,2025-04-15,1,101.1,Online
422,107,2368,2026-09-07,3,343.23,In-Store
423,146,2031,2025-10-23,4,926.56,Online
424,139,2621,2026-07-08,1,88.25,Online
425,140,2968,2026-06-23,4,548.88,Online
426,114,2946,2025-06-23,1,116.51,Online
427,148,2318,2025-03-26,1,61.06,In-Store
428,106,2950,2024-12-20,4,2083.12,Online
429,106,2181,2026-03-04,1,520.78,In-Store
430,119,2162,2026-03-23,2,202.2,Online
431,148,2296,2025-11-13,3,183.18,In-Store
432,107,2129,2026-06-22,3,343.23,In-Store
433,125,2202,2026-08-12,4,631.08,Online
434,106,2554,2026-08-03,4,2083.12,Online
435,141,2606,2026-04-06,4,917.6,Online
436,130,2043,2026-05-17,2,75.9,In-Store
437,141,2933,2026-08-06,1,229.4,Online
438,131,2463,2025-04-21,3,527.37,In-Store
439,120,2985,2026-06-16,2,244.36,In-Store
440,136,2421,2024-01-19,1,228.69,Online
441,128,2507,2026-06-15,4,967.68,Online
442,117,2457,2026-05-28,3,143.34,Online
443,133,2577,2026-02-16,1,43.68,Online
444,112,2737,2025-08-19,2,116.2,Online
445,146,2046,2025-04-01,3,694.92,Online
446,149,2579,2026-03-02,4,102.52,In-Store
447,112,2805,2026-07-05,2,116.2,In-Store
448,139,2079,2026-09-08,3,264.75,Online
449,101,2428,2024-09-12,4,412.08,Online
450,131,2013,2026-08-04,4,703.16,Online
451,139,2871,2026-08-15,4,353.0,Online
452,145,2611,2026-03-01,4,622.04,Online
453,101,2089,2024-07-21,2,206.04,Online
454,113,2812,2026-08-02,1,467.33,In-Store
455,142,2474,2025-05-24,2,485.7,Online
456,113,2844,2026-07-23,1,467.33,Online
457,131,2768,2024-10-07,4,703.16,Online
458,110,2118,2026-07-29,4,259.6,Online
459,138,2465,2026-05-26,2,341.38,In-Store
460,104,2293,2026-08-17,3,154.98,Online
461,146,2103,2026-04-27,4,926.56,Online
462,139,2850,2026-06-26,3,264.75,Online
463,133,2481,2026-01-14,4,174.72,In-Store
464,102,2710,2025-07-10,4,953.68,In-Store
465,118,2312,2026-06-03,4,334.6,Online
466,142,2118,2026-03-07,3,728.55,Online
467,111,2693,2024-05-21,3,173.19,In-Store
468,115,2463,2026-04-23,2,166.88,In-Store
469,139,2909,2026-01-16,4,353.0,In-Store
470,146,2885,2026-06-09,4,926.56,Online
471,131,2832,2026-03-04,2,351.58,In-Store
472,143,2208,2026-09-01,4,788.64,In-Store
473,139,2175,2025-12-27,4,353.0,Online
474,120,2793,2026-08-28,2,244.36,In-Store
475,123,2548,2026-01-19,3,462.66,Online
476,133,2670,2024-07-29,1,43.68,Online
477,140,2332,2026-08-15,2,274.44,Online
478,117,2552,2026-03-17,3,143.34,Online
479,136,2768,2026-07-06,3,686.07,In-Store
480,139,2856,2026-08-23,1,88.25,Online
481,130,2927,2026-05-12,1,37.95,Online
482,107,2781,2025-10-15,1,114.41,In-Store
483,114,2106,2025-06-08,3,349.53,In-Store
484,129,2724,2026-09-03,4,1252.92,Online
485,122,2152,2026-01-29,2,271.7,Online
486,127,2850,2026-04-15,1,764.22,In-Store
487,122,2834,2025-12-31,3,407.55,In-Store
488,124,2172,2025-10-03,4,103.68,Online
489,110,2622,2025-05-31,4,259.6,In-Store
490,127,2135,2026-07-18,4,3056.88,Online
491,144,2950,2025-05-07,3,2179.14,Online
492,146,2436,2025-12-05,1,231.64,Online
493,150,2332,2026-09-02,2,182.9,Online
494,103,2066,2026-07-21,2,1038.12,In-Store
495,146,2060,2026-08-19,3,694.92,Online
496,147,2393,2026-08-14,3,107.4,Online
497,134,2008,2026-05-15,2,262.74,Online
498,135,2439,2025-08-24,4,92.32,Online
499,150,2888,2026-05-08,2,182.9,Online
500,125,2085,2025-08-20,2,315.54,In-Store
501,114,2993,2025-07-15,1,116.51,In-Store
502,122,2542,2026-06-18,2,271.7,Online
503,135,2030,2026-05-06,3,69.24,In-Store
504,147,2832,2026-01-06,4,143.2,In-Store
505,124,2111,2024-05-31,3,77.76,In-Store
506,149,2349,2025-09-09,1,25.63,Online
507,130,2296,2024-09-02,3,113.85,In-Store
508,137,2803,2026-07-04,2,151.62,Online
509,146,2297,2025-12-02,2,463.28,Online
510,107,2512,2025-04-10,3,343.23,In-Store
511,130,2574,2026-06-10,1,37.95,In-Store
512,106,2708,2026-05-24,1,520.78,Online
513,131,2418,2024-11-25,2,351.58,Online
514,134,2079,2026-07-31,4,525.48,In-Store
515,126,2549,2026-07-29,3,165.21,In-Store
516,129,2491,2026-03-31,4,1252.92,Online
517,133,2824,2026-03-01,2,87.36,Online
518,146,2707,2024-08-19,1,231.64,In-Store
519,148,2448,2026-06-19,2,122.12,In-Store
520,139,2364,2025-01-02,4,353.0,Online
521,103,2121,2025-11-26,2,1038.12,Online
522,120,2366,2026-06-30,3,366.54,Online
523,110,2030,2024-07-06,4,259.6,Online
524,119,2938,2024-12-09,2,202.2,In-Store
525,101,2817,2026-08-29,1,103.02,In-Store
526,127,2342,2024-08-02,4,3056.88,In-Store
527,122,2305,2026-08-31,4,543.4,Online
528,149,2833,2026-01-11,2,51.26,In-Store
529,143,2629,2026-07-10,4,788.64,In-Store
530,106,2869,2026-07-13,4,2083.12,Online
531,122,2233,2026-04-24,1,135.85,Online
532,111,2732,2025-12-26,1,57.73,In-Store
533,136,2622,2025-08-04,1,228.69,In-Store
534,135,2087,2026-09-01,1,23.08,In-Store
535,131,2514,2026-06-15,1,175.79,Online
536,112,2650,2026-03-05,1,58.1,Online
537,146,2786,2026-01-16,4,926.56,Online
538,121,2804,2026-01-20,4,959.08,In-Store
539,102,2046,2026-07-01,3,715.26,Online
540,134,2183,2025-04-23,3,394.11,Online
541,107,2259,2026-01-26,2,228.82,Online
542,150,2141,2026-03-04,1,91.45,In-Store
543,144,2302,2026-09-03,2,1452.76,Online
544,112,2607,2026-04-23,1,58.1,Online
545,121,2296,2024-12-07,2,479.54,Online
546,125,2894,2026-06-16,1,157.77,Online
547,132,2204,2025-11-30,4,473.76,Online
548,130,2268,2025-05-21,4,151.8,Online
549,141,2476,2026-06-10,2,458.8,Online
550,144,2268,2026-02-20,1,726.38,In-Store
551,109,2763,2026-09-02,3,631.86,In-Store
552,141,2398,2024-12-14,2,458.8,In-Store
553,116,2368,2025-08-14,4,635.16,In-Store
554,130,2444,2023-11-04,3,113.85,In-Store
555,118,2001,2026-05-17,3,250.95,Online
556,141,3000,2026-06-03,2,458.8,In-Store
557,103,2842,2024-11-19,2,1038.12,In-Store
558,106,2554,2026-07-02,4,2083.12,Online
559,128,2831,2026-07-12,2,483.84,In-Store
560,121,2498,2026-04-09,3,719.31,Online
561,118,2977,2026-06-24,2,167.3,Online
562,139,2335,2026-07-06,3,264.75,Online
563,142,2913,2026-08-15,1,242.85,In-Store
564,101,2471,2026-08-05,2,206.04,Online
565,146,2546,2025-11-21,4,926.56,Online
566,142,2529,2026-08-16,1,242.85,In-Store
567,129,2032,2026-09-03,1,313.23,Online
568,139,2971,2025-10-30,3,264.75,Online
569,145,2180,2026-05-10,1,155.51,Online
570,129,2455,2025-09-30,1,313.23,In-Store
571,144,2739,2025-05-28,3,2179.14,In-Store
572,141,2091,2026-06-06,3,688.2,In-Store
573,124,2234,2026-08-18,1,25.92,Online
574,146,2485,2026-08-31,2,463.28,Online
575,141,2198,2026-07-02,4,917.6,Online
576,132,2873,2026-08-09,2,236.88,In-Store
577,137,2196,2026-07-16,2,151.62,Online
578,109,2579,2025-01-27,3,631.86,In-Store
579,134,2857,2026-06-18,3,394.11,In-Store
580,145,2849,2024-03-06,3,466.53,In-Store
581,128,2885,2025-06-05,1,241.92,Online
582,118,2426,2025-04-13,1,83.65,In-Store
583,134,2460,2026-02-13,1,131.37,In-Store
584,127,2048,2026-08-20,4,3056.88,Online
585,122,2005,2026-03-21,1,135.85,In-Store
586,115,2805,2026-08-25,4,333.76,Online
587,111,2916,2025-10-15,3,173.19,Online
588,102,2067,2024-05-05,4,953.68,Online
589,141,2805,2026-08-06,3,688.2,Online
590,116,2247,2025-11-19,3,476.37,Online
591,116,2821,2026-03-17,1,158.79,In-Store
592,141,2611,2025-06-02,4,917.6,In-Store
593,103,2125,2025-08-23,4,2076.24,Online
594,105,2891,2026-05-22,2,281.32,Online
595,104,2919,2026-03-17,3,154.98,In-Store
596,107,2619,2024-06-01,1,114.41,In-Store
597,126,2053,2026-01-28,1,55.07,In-Store
598,139,2750,2026-06-20,1,88.25,Online
599,128,2378,2026-03-25,1,241.92,Online
600,102,2644,2025-11-24,4,953.68,In-Store
601,107,2323,2025-07-31,1,114.41,Online
602,138,2587,2024-03-16,2,341.38,In-Store
603,117,2126,2026-05-10,3,143.34,Online
604,112,2474,2026-03-27,2,116.2,In-Store
605,109,2796,2025-03-03,3,631.86,In-Store
606,149,2429,2026-01-19,3,76.89,Online
607,110,2574,2026-02-20,4,259.6,Online
608,124,2595,2025-07-02,1,25.92,In-Store
609,110,2577,2025-11-15,1,64.9,In-Store
610,104,2501,2025-12-31,4,206.64,Online
611,141,2197,2025-09-06,2,458.8,Online
612,131,2335,2026-08-02,4,703.16,In-Store
613,138,2689,2026-08-16,3,512.07,In-Store
614,111,2297,2024-12-21,1,57.73,Online
615,132,2878,2025-07-04,2,236.88,Online
616,130,2631,2025-06-19,2,75.9,In-Store
617,148,2474,2025-12-01,4,244.24,In-Store
618,101,2391,2026-04-11,3,309.06,Online
619,136,2076,2023-12-19,1,228.69,In-Store
620,141,2289,2026-01-06,3,688.2,Online
621,113,2974,2025-01-14,3,1401.99,In-Store
622,147,2220,2024-11-10,2,71.6,Online
623,112,2849,2024-10-20,2,116.2,Online
624,107,2178,2026-02-02,1,114.41,In-Store
625,122,2373,2026-05-29,2,271.7,Online
626,124,2449,2026-04-10,2,51.84,In-Store
627,128,2975,2026-05-23,1,241.92,Online
628,109,2141,2026-08-22,2,421.24,In-Store
629,124,2524,2026-08-01,3,77.76,In-Store
630,116,2423,2026-09-07,1,158.79,In-Store
631,119,2579,2026-05-24,2,202.2,Online
632,118,2247,2026-04-28,2,167.3,In-Store
633,114,2967,2026-02-16,1,116.51,Online
634,105,2791,2026-03-01,2,281.32,In-Store
635,142,2381,2026-06-01,3,728.55,Online
636,121,2511,2024-09-11,3,719.31,In-Store
637,132,2690,2026-08-07,4,473.76,Online
638,114,2573,2023-12-17,2,233.02,In-Store
639,126,2444,2025-02-24,2,110.14,Online
640,137,2419,2025-01-31,2,151.62,Online
641,109,2257,2026-08-01,1,210.62,Online
642,115,2438,2025-09-19,1,83.44,Online
643,128,2504,2026-08-21,4,967.68,Online
644,132,2426,2025-03-04,3,355.32,Online
645,129,2376,2025-02-10,2,626.46,Online
646,106,2638,2026-06-11,3,1562.34,In-Store
647,106,2505,2026-06-05,3,1562.34,In-Store
648,124,2099,2024-07-23,1,25.92,In-Store
649,144,2202,2026-07-27,3,2179.14,Online
650,113,2299,2025-08-02,2,934.66,In-Store
651,150,2912,2025-11-18,3,274.35,Online
652,126,2822,2026-05-11,1,55.07,Online
653,126,2647,2026-05-09,2,110.14,In-Store
654,131,2720,2025-09-09,2,351.58,In-Store
655,147,2578,2026-06-25,4,143.2,Online
656,113,2792,2026-03-03,4,1869.32,Online
657,136,2211,2025-05-29,1,228.69,Online
658,120,2136,2026-01-07,1,122.18,Online
659,122,2807,2025-08-02,2,271.7,Online
660,126,2419,2026-02-19,3,165.21,Online
661,109,2578,2024-01-13,2,421.24,Online
662,139,2559,2026-03-05,4,353.0,Online
663,105,2205,2026-04-14,4,562.64,In-Store
664,137,2470,2026-06-23,4,303.24,Online
665,144,2094,2026-05-25,2,1452.76,Online
666,132,2827,2026-04-03,1,118.44,In-Store
667,119,2200,2025-06-16,2,202.2,In-Store
668,105,2290,2026-07-31,4,562.64,Online
669,111,2364,2024-09-14,3,173.19,Online
670,109,2383,2025-01-03,4,842.48,Online
671,114,2739,2026-01-04,2,233.02,In-Store
672,111,2305,2026-09-03,3,173.19,In-Store
673,118,2204,2026-07-15,2,167.3,Online
674,105,2991,2026-02-04,4,562.64,In-Store
675,122,2804,2025-10-29,4,543.4,Online
676,148,2455,2025-07-14,1,61.06,Online
677,123,2640,2026-03-22,3,462.66,Online
678,127,2605,2024-09-25,2,1528.44,In-Store
679,130,2902,2026-03-21,4,151.8,In-Store
680,126,2694,2025-06-06,1,55.07,In-Store
681,118,2887,2024-10-08,3,250.95,Online
682,114,2693,2026-05-09,4,466.04,Online
683,124,2994,2025-07-11,1,25.92,Online
684,121,2497,2026-08-20,4,959.08,Online
685,133,2164,2025-08-20,1,43.68,Online
686,145,2029,2026-08-12,4,622.04,Online
687,113,2337,2026-04-18,4,1869.32,Online
688,146,2010,2026-06-05,2,463.28,Online
689,132,2662,2026-02-17,4,473.76,Online
690,116,2083,2026-04-20,4,635.16,In-Store
691,111,2465,2025-12-02,2,115.46,Online
692,119,2598,2025-09-29,1,101.1,In-Store
693,105,2737,2024-10-22,1,140.66,Online
694,112,2151,2025-11-01,2,116.2,Online
695,114,2894,2026-07-21,4,466.04,Online
696,142,2836,2026-02-08,1,242.85,Online
697,104,2687,2026-05-14,1,51.66,Online
698,116,2771,2026-02-10,3,476.37,In-Store
699,127,2202,2026-07-16,1,764.22,Online
700,144,2332,2026-08-20,1,726.38,In-Store
701,143,2956,2025-03-25,2,394.32,In-Store
702,121,2045,2026-08-15,3,719.31,In-Store
703,114,2619,2025-12-25,4,466.04,Online
704,107,2121,2025-09-09,3,343.23,Online
705,142,2175,2026-05-01,3,728.55,Online
706,115,2382,2025-05-12,1,83.44,Online
707,103,2643,2026-06-04,1,519.06,In-Store
708,132,2404,2026-08-02,1,118.44,In-Store
709,111,2791,2026-01-13,3,173.19,Online
710,145,2592,2026-04-22,4,622.04,In-Store
711,149,2327,2026-07-24,3,76.89,Online
712,139,2071,2026-04-28,4,353.0,Online
713,133,2504,2026-08-14,1,43.68,In-Store
714,108,2023,2026-09-05,3,728.79,In-Store
715,140,2734,2026-05-26,1,137.22,Online
716,119,2135,2026-07-27,2,202.2,In-Store
717,103,2370,2026-05-21,2,1038.12,In-Store
718,148,2989,2026-01-16,3,183.18,In-Store
719,149,2277,2025-09-23,1,25.63,In-Store
720,142,2792,2026-04-24,3,728.55,Online
721,122,2230,2026-08-04,3,407.55,In-Store
722,143,2206,2025-09-01,2,394.32,In-Store
723,134,2600,2025-09-28,3,394.11,In-Store
724,105,2435,2024-04-03,4,562.64,Online
725,141,2951,2025-04-27,2,458.8,In-Store
726,138,2126,2026-02-13,2,341.38,In-Store
727,147,2501,2025-08-17,4,143.2,Online
728,116,2163,2026-04-19,4,635.16,In-Store
729,119,2598,2025-12-03,4,404.4,In-Store
730,106,2272,2026-06-24,3,1562.34,Online
731,129,2372,2026-07-15,4,1252.92,In-Store
732,149,2602,2026-01-29,2,51.26,Online
733,128,2022,2025-02-21,1,241.92,Online
734,136,2587,2024-06-11,2,457.38,Online
735,130,2374,2026-08-30,3,113.85,Online
736,105,2552,2026-03-14,3,421.98,In-Store
737,110,2711,2025-11-10,2,129.8,Online
738,132,2012,2026-05-04,4,473.76,Online
739,124,2941,2026-05-13,4,103.68,Online
740,105,2303,2026-04-17,4,562.64,Online
741,125,2994,2025-07-14,2,315.54,In-Store
742,150,2763,2025-07-23,3,274.35,In-Store
743,145,2705,2026-07-04,1,155.51,Online
744,116,2926,2026-09-04,4,635.16,Online
745,141,2921,2026-02-22,1,229.4,In-Store
746,144,2263,2026-04-09,2,1452.76,Online
747,143,2248,2026-05-22,2,394.32,Online
748,142,2118,2025-06-09,4,971.4,Online
749,134,2703,2026-03-14,2,262.74,Online
750,117,2166,2026-04-30,3,143.34,In-Store
751,125,2966,2026-03-02,3,473.31,Online
752,147,2751,2026-07-26,1,35.8,Online
753,110,2629,2026-06-13,3,194.7,In-Store
754,145,2932,2025-07-13,3,466.53,Online
755,101,2987,2025-12-03,1,103.02,Online
756,134,2773,2025-09-01,4,525.48,Online
757,112,2729,2026-05-16,3,174.3,In-Store
758,132,2700,2024-10-20,2,236.88,In-Store
759,137,2947,2026-03-20,2,151.62,In-Store
760,112,2203,2026-05-25,2,116.2,Online
761,129,2983,2026-04-03,1,313.23,In-Store
762,125,2081,2024-07-14,1,157.77,Online
763,138,2068,2025-09-14,2,341.38,Online
764,107,2478,2026-08-01,1,114.41,Online
765,143,2267,2026-06-29,1,197.16,Online
766,125,2212,2026-03-04,3,473.31,Online
767,139,2468,2025-02-11,4,353.0,Online
768,122,2365,2026-09-02,3,407.55,In-Store
769,126,2941,2026-02-23,4,220.28,In-Store
770,122,2060,2026-06-10,1,135.85,Online
771,147,2449,2026-05-13,2,71.6,Online
772,118,2594,2026-09-01,2,167.3,Online
773,133,2444,2026-07-02,4,174.72,In-Store
774,121,2004,2026-06-10,1,239.77,Online
775,121,2876,2026-07-25,4,959.08,In-Store
776,148,2598,2026-01-21,1,61.06,Online
777,143,2421,2026-06-15,1,197.16,Online
778,146,2292,2025-10-18,2,463.28,In-Store
779,146,2878,2026-07-19,1,231.64,In-Store
780,120,2491,2024-05-11,4,488.72,In-Store
781,131,2898,2024-06-16,2,351.58,In-Store
782,145,2212,2026-08-18,1,155.51,Online
783,102,2429,2026-03-25,2,476.84,Online
784,115,2905,2026-07-21,3,250.32,Online
785,108,2949,2026-05-24,2,485.86,In-Store
786,106,2626,2025-05-29,3,1562.34,In-Store
787,105,2934,2026-08-24,3,421.98,Online
788,142,2910,2026-05-20,4,971.4,In-Store
789,119,2224,2026-08-21,1,101.1,Online
790,113,2091,2026-05-15,1,467.33,In-Store
791,125,2363,2025-08-11,1,157.77,Online
792,113,2066,2026-05-25,4,1869.32,Online
793,144,2315,2025-12-14,2,1452.76,In-Store
794,115,2656,2026-08-18,1,83.44,Online
795,130,2009,2026-08-08,3,113.85,In-Store
796,115,2812,2026-01-09,4,333.76,Online
797,110,2144,2025-01-16,1,64.9,In-Store
798,145,2316,2026-06-21,1,155.51,Online
799,131,2997,2026-08-31,2,351.58,Online
800,104,2290,2026-06-23,3,154.98,In-Store
801,147,2828,2024-12-11,2,71.6,Online
802,112,2923,2026-09-08,4,232.4,Online
803,143,2297,2026-05-03,2,394.32,Online
804,128,2538,2024-12-10,4,967.68,Online
805,105,2758,2026-01-14,3,421.98,Online
806,145,2692,2026-03-04,4,622.04,Online
807,138,2129,2026-07-14,1,170.69,Online
808,137,2450,2025-12-10,2,151.62,Online
809,110,2691,2026-04-02,2,129.8,In-Store
810,148,2802,2026-04-17,1,61.06,Online
811,107,2722,2026-05-10,2,228.82,Online
812,144,2948,2025-12-24,2,1452.76,Online
813,112,2097,2026-03-17,1,58.1,Online
814,122,2979,2026-08-20,4,543.4,In-Store
815,116,2619,2025-05-13,1,158.79,Online
816,120,2241,2026-06-22,2,244.36,Online
817,143,2774,2026-08-11,1,197.16,Online
818,125,2867,2026-08-11,3,473.31,Online
819,108,2363,2025-01-25,1,242.93,Online
820,115,2483,2026-06-30,1,83.44,In-Store
821,131,2565,2025-11-20,3,527.37,Online
822,125,2794,2025-01-06,4,631.08,Online
823,107,2296,2025-01-03,3,343.23,Online
824,135,2710,2026-06-17,2,46.16,Online
825,126,2810,2026-05-07,4,220.28,Online
826,149,2511,2024-05-22,2,51.26,Online
827,101,2183,2025-09-30,4,412.08,Online
828,137,2123,2026-08-15,2,151.62,In-Store
829,149,2089,2024-11-22,1,25.63,Online
830,120,2978,2026-07-26,3,366.54,In-Store
831,101,2172,2026-04-21,2,206.04,Online
832,119,2047,2026-08-16,4,404.4,In-Store
833,121,2569,2026-07-02,3,719.31,In-Store
834,145,2529,2026-01-03,1,155.51,Online
835,110,2237,2024-06-08,3,194.7,In-Store
836,136,2954,2026-03-21,2,457.38,In-Store
837,147,2354,2026-02-04,4,143.2,Online
838,125,2540,2026-08-24,2,315.54,Online
839,144,2449,2025-12-13,4,2905.52,In-Store
840,141,2526,2025-06-24,3,688.2,In-Store
841,143,2710,2025-08-16,2,394.32,Online
842,128,2821,2025-08-20,4,967.68,Online
843,105,2962,2025-11-08,3,421.98,Online
844,136,2523,2026-03-03,4,914.76,Online
845,124,2324,2025-07-08,3,77.76,Online
846,115,2144,2026-06-27,3,250.32,Online
847,125,2098,2025-09-20,1,157.77,Online
848,138,2178,2026-02-24,4,682.76,Online
849,137,2521,2026-07-29,3,227.43,In-Store
850,104,2271,2026-05-24,2,103.32,Online
851,112,2945,2026-02-16,3,174.3,In-Store
852,131,2542,2026-05-19,2,351.58,Online
853,146,2009,2025-08-26,2,463.28,In-Store
854,148,2139,2026-08-08,3,183.18,Online
855,124,2918,2025-12-25,2,51.84,In-Store
856,112,2410,2026-01-31,4,232.4,Online
857,119,2796,2026-05-30,3,303.3,Online
858,115,2513,2026-03-01,3,250.32,Online
859,150,2946,2026-04-03,3,274.35,Online
860,147,2627,2025-03-23,2,71.6,Online
861,106,2164,2025-06-04,3,1562.34,In-Store
862,101,2931,2026-08-17,4,412.08,In-Store
863,131,2934,2026-06-26,4,703.16,In-Store
864,135,2681,2026-03-01,1,23.08,Online
865,148,2014,2025-09-18,1,61.06,Online
866,116,2699,2026-06-29,1,158.79,In-Store
867,144,2441,2024-10-04,2,1452.76,In-Store
868,109,2077,2026-06-05,3,631.86,Online
869,111,2415,2025-09-13,3,173.19,Online
870,135,2332,2026-08-23,1,23.08,Online
871,117,2297,2024-11-15,2,95.56,Online
872,126,2734,2026-08-17,2,110.14,Online
873,133,2930,2026-05-10,1,43.68,Online
874,132,2894,2026-08-30,1,118.44,Online
875,122,2006,2026-01-17,3,407.55,Online
876,147,2107,2026-07-27,2,71.6,Online
877,128,2349,2025-10-06,4,967.68,In-Store
878,110,2086,2026-06-10,4,259.6,Online
879,110,2913,2026-08-11,3,194.7,In-Store
880,120,2465,2026-03-10,3,366.54,Online
881,118,2893,2026-01-18,1,83.65,Online
882,111,2648,2026-05-15,2,115.46,Online
883,123,2744,2025-11-13,2,308.44,Online
884,109,2192,2025-05-06,4,842.48,Online
885,111,2740,2024-11-24,2,115.46,Online
886,108,2957,2025-10-09,4,971.72,Online
887,144,2541,2026-08-23,2,1452.76,Online
888,126,2748,2026-02-08,4,220.28,In-Store
889,102,2110,2025-07-04,2,476.84,In-Store
890,150,2337,2025-03-19,2,182.9,Online
891,128,2672,2025-06-02,1,241.92,Online
892,132,2474,2025-10-11,1,118.44,Online
893,147,2248,2025-10-16,2,71.6,In-Store
894,117,2280,2026-03-21,2,95.56,Online
895,145,2199,2025-12-03,2,311.02,In-Store
896,115,2994,2025-08-08,1,83.44,In-Store
897,113,2392,2025-10-08,2,934.66,Online
898,106,2019,2026-03-10,1,520.78,Online
899,145,2399,2025-10-20,2,311.02,In-Store
900,104,2331,2025-04-14,4,206.64,Online
901,124,2300,2026-02-02,3,77.76,Online
902,121,2708,2026-03-01,1,239.77,In-Store
903,143,2043,2026-03-04,3,591.48,In-Store
904,139,2284,2025-09-27,1,88.25,Online
905,124,2186,2026-07-22,3,77.76,Online
906,101,2112,2026-06-12,2,206.04,Online
907,124,2356,2026-08-25,3,77.76,In-Store
908,138,2643,2026-04-24,4,682.76,Online
909,141,2888,2025-07-31,1,229.4,Online
910,142,2577,2026-07-13,2,485.7,In-Store
911,105,2701,2025-07-31,3,421.98,Online
912,113,2721,2026-09-01,2,934.66,Online
913,136,2127,2026-07-14,3,686.07,In-Store
914,129,2973,2025-11-25,1,313.23,Online
915,134,2071,2026-08-09,1,131.37,In-Store
916,119,2591,2024-07-27,1,101.1,In-Store
917,113,2065,2025-12-29,4,1869.32,Online
918,105,2681,2025-09-14,2,281.32,Online
919,136,2748,2024-12-29,4,914.76,Online
920,112,2599,2025-10-03,1,58.1,In-Store
921,145,2564,2025-10-07,1,155.51,In-Store
922,117,2448,2026-08-21,3,143.34,In-Store
923,136,2294,2025-11-25,1,228.69,In-Store
924,116,2225,2026-06-05,3,476.37,Online
925,118,2632,2026-08-27,2,167.3,Online
926,142,2876,2024-08-23,2,485.7,In-Store
927,142,2525,2024-03-01,3,728.55,In-Store
928,106,2971,2025-10-04,3,1562.34,In-Store
929,121,2401,2025-11-16,1,239.77,Online
930,147,2824,2026-03-21,3,107.4,In-Store
931,135,2258,2026-03-25,1,23.08,Online
932,141,2945,2025-10-04,2,458.8,Online
933,114,2222,2025-05-28,4,466.04,In-Store
934,124,2439,2026-04-15,2,51.84,Online
935,130,2095,2025-08-04,2,75.9,In-Store
936,147,2191,2025-07-08,2,71.6,Online
937,112,2023,2026-04-05,4,232.4,In-Store
938,105,2189,2026-05-11,4,562.64,In-Store
939,126,2448,2026-09-05,1,55.07,In-Store
940,101,2135,2026-08-29,1,103.02,Online
941,101,2378,2024-04-22,1,103.02,In-Store
942,118,2248,2025-09-10,2,167.3,In-Store
943,107,2013,2024-10-11,3,343.23,Online
944,149,2204,2026-08-06,4,102.52,In-Store
945,110,2303,2026-02-20,2,129.8,Online
946,141,2534,2025-04-17,1,229.4,Online
947,135,2826,2025-11-28,3,69.24,Online
948,110,2504,2026-08-26,1,64.9,In-Store
949,125,2026,2026-01-10,2,315.54,Online
950,144,2648,2026-01-26,4,2905.52,Online
951,115,2484,2024-10-08,1,83.44,Online
952,122,2352,2026-03-09,1,135.85,Online
953,103,2923,2026-03-15,2,1038.12,In-Store
954,139,2422,2026-08-15,2,176.5,Online
955,140,2147,2026-09-08,3,411.66,Online
956,132,2877,2024-11-06,3,355.32,Online
957,105,2807,2026-08-02,1,140.66,In-Store
958,121,2777,2025-07-08,2,479.54,Online
959,105,2439,2026-05-30,1,140.66,In-Store
960,110,2421,2025-05-06,1,64.9,Online
961,150,2995,2024-11-08,4,365.8,Online
962,131,2315,2026-01-14,4,703.16,In-Store
963,109,2793,2026-08-18,2,421.24,Online
964,135,2410,2026-02-20,4,92.32,In-Store
965,125,2527,2025-09-01,1,157.77,In-Store
966,137,2711,2026-04-28,2,151.62,Online
967,114,2235,2024-10-01,1,116.51,Online
968,108,2548,2026-02-18,1,242.93,Online
969,150,2356,2026-08-30,2,182.9,Online
970,127,2452,2026-09-06,2,1528.44,In-Store
971,148,2828,2024-07-06,2,122.12,Online
972,125,2959,2026-02-03,1,157.77,Online
973,107,2366,2026-08-11,1,114.41,Online
974,102,2838,2026-02-15,2,476.84,Online
975,105,2138,2025-12-17,1,140.66,In-Store
976,110,2831,2026-08-16,2,129.8,Online
977,145,2740,2026-04-16,3,466.53,Online
978,129,2405,2025-08-31,1,313.23,Online
979,142,2112,2024-09-26,1,242.85,In-Store
980,111,2748,2025-04-30,1,57.73,Online
981,136,2832,2026-06-09,3,686.07,In-Store
982,128,2494,2025-07-20,2,483.84,Online
983,125,2972,2026-07-30,2,315.54,In-Store
984,115,2391,2024-02-13,4,333.76,In-Store
985,139,2822,2026-07-30,1,88.25,Online
986,142,2471,2025-11-23,4,971.4,Online
987,124,2164,2026-06-21,4,103.68,In-Store
988,105,2270,2026-08-20,3,421.98,In-Store
989,102,2778,2026-07-05,2,476.84,Online
990,105,2161,2025-04-12,2,281.32,In-Store
991,113,2011,2026-04-01,2,934.66,Online
992,137,2240,2025-08-28,1,75.81,In-Store
993,103,2987,2025-11-25,1,519.06,Online
994,101,2094,2026-06-20,3,309.06,Online
995,113,2956,2026-05-13,3,1401.99,Online
996,145,2722,2025-09-24,1,155.51,Online
997,133,2399,2026-05-31,1,43.68,In-Store
998,102,2804,2024-10-09,4,953.68,Online
999,103,2577,2026-05-12,3,1557.18,In-Store
1000,106,2150,2026-01-07,1,520.78,In-Store
1001,144,2886,2026-08-29,2,1452.76,In-Store
1002,134,2995,2026-08-25,3,394.11,Online
1003,119,2784,2026-01-08,3,303.3,In-Store
1004,103,2858,2026-08-29,4,2076.24,In-Store
1005,139,2209,2026-06-16,1,88.25,In-Store
1006,107,2559,2025-04-30,1,114.41,In-Store
1007,136,2765,2024-12-19,1,228.69,Online
1008,111,2095,2025-10-11,3,173.19,In-Store
1009,123,2071,2026-07-26,1,154.22,Online
1010,117,2182,2026-03-11,4,191.12,Online
1011,142,2763,2026-01-30,2,485.7,Online
1012,103,2971,2025-12-26,3,1557.18,Online
1013,140,2391,2026-05-13,2,274.44,Online
1014,140,2362,2026-09-09,3,411.66,Online
1015,133,2085,2026-01-28,4,174.72,Online
1016,140,2879,2025-04-30,1,137.22,In-Store
1017,101,2696,2026-07-31,2,206.04,Online
1018,137,2289,2025-12-19,4,303.24,Online
1019,143,2224,2026-09-01,1,197.16,Online
1020,107,2459,2026-08-20,1,114.41,In-Store
1021,150,2728,2025-05-28,4,365.8,In-Store
1022,121,2392,2025-03-08,3,719.31,In-Store
1023,148,2480,2026-04-19,4,244.24,Online
1024,135,2277,2024-01-12,2,46.16,Online
1025,121,2143,2026-07-31,1,239.77,In-Store
1026,124,2773,2024-09-02,4,103.68,Online
1027,102,2214,2026-08-30,4,953.68,Online
1028,106,2253,2025-10-06,2,1041.56,Online
1029,120,2274,2025-10-11,4,488.72,Online
1030,117,2518,2025-12-18,2,95.56,Online
1031,122,2093,2025-05-15,3,407.55,In-Store
1032,131,2200,2025-07-20,4,703.16,In-Store
1033,145,2685,2025-01-23,4,622.04,Online
1034,125,2912,2026-09-02,1,157.77,In-Store
1035,113,2782,2026-05-14,1,467.33,In-Store
1036,143,2608,2026-07-26,3,591.48,Online
1037,110,2148,2025-05-11,4,259.6,Online
1038,127,2115,2025-12-23,3,2292.66,In-Store
1039,109,2719,2026-04-26,4,842.48,In-Store
1040,148,2097,2025-11-06,2,122.12,Online
1041,111,2692,2026-07-31,4,230.92,In-Store
1042,144,2342,2024-12-30,1,726.38,Online
1043,120,2810,2026-05-06,3,366.54,In-Store
1044,145,2817,2026-08-17,4,622.04,Online
1045,123,2407,2025-12-26,4,616.88,In-Store
1046,108,2973,2025-10-25,2,485.86,Online
1047,136,2422,2026-07-26,2,457.38,In-Store
1048,143,2429,2025-01-08,4,788.64,Online
1049,106,2699,2026-04-27,1,520.78,Online
1050,127,2643,2026-08-06,1,764.22,Online
1051,135,2747,2025-11-08,1,23.08,Online
1052,143,2496,2026-03-05,3,591.48,Online
1053,136,2213,2026-04-05,4,914.76,Online
1054,108,2197,2026-06-08,3,728.79,Online
1055,101,2406,2026-02-27,3,309.06,In-Store
1056,143,2501,2025-03-08,3,591.48,Online
1057,144,2840,2026-05-27,2,1452.76,Online
1058,103,2902,2026-02-14,1,519.06,Online
1059,134,2151,2025-11-09,3,394.11,Online
1060,128,2171,2026-04-30,2,483.84,In-Store
1061,140,2972,2026-05-07,4,548.88,Online
1062,128,2799,2026-08-11,2,483.84,Online
1063,126,2975,2025-02-16,3,165.21,In-Store
1064,107,2158,2026-06-24,2,228.82,In-Store
1065,149,2119,2026-06-30,3,76.89,In-Store
1066,114,2158,2026-07-06,1,116.51,Online
1067,141,2028,2023-10-10,2,458.8,Online
1068,106,2610,2025-08-16,4,2083.12,Online
1069,130,2738,2026-09-07,3,113.85,In-Store
1070,120,2239,2025-11-23,2,244.36,In-Store
1071,150,2842,2026-02-17,4,365.8,Online
1072,106,2651,2025-05-17,2,1041.56,Online
1073,107,2631,2026-06-12,1,114.41,Online
1074,107,2928,2024-06-25,2,228.82,Online
1075,106,2263,2024-09-23,1,520.78,Online
1076,114,2847,2026-08-20,4,466.04,Online
1077,127,2484,2024-07-10,1,764.22,Online
1078,114,2956,2025-03-05,4,466.04,Online
1079,129,2890,2026-08-12,2,626.46,In-Store
1080,143,2296,2025-02-26,1,197.16,Online
1081,131,2974,2025-06-15,1,175.79,In-Store
1082,108,2514,2025-10-04,2,485.86,In-Store
1083,134,2031,2024-08-01,2,262.74,In-Store
1084,114,2870,2024-07-25,1,116.51,Online
1085,147,2136,2025-12-15,2,71.6,Online
1086,106,2274,2025-12-11,3,1562.34,In-Store
1087,148,2645,2026-08-11,4,244.24,Online
1088,113,2505,2026-01-31,3,1401.99,In-Store
1089,126,2199,2026-03-04,1,55.07,In-Store
1090,120,2793,2026-09-03,2,244.36,In-Store
1091,128,2951,2026-07-17,4,967.68,Online
1092,121,2589,2026-09-08,1,239.77,In-Store
1093,137,2376,2025-03-03,3,227.43,Online
1094,129,2900,2024-11-21,2,626.46,Online
1095,138,2955,2025-12-01,4,682.76,Online
1096,134,2596,2026-04-17,3,394.11,Online
1097,121,2031,2025-01-09,4,959.08,In-Store
1098,114,2352,2024-08-30,3,349.53,Online
1099,108,2142,2026-04-17,1,242.93,Online
1100,122,2685,2026-08-16,2,271.7,Online
1101,115,2559,2024-11-01,1,83.44,Online
1102,134,2283,2025-08-19,2,262.74,Online
1103,137,2551,2026-01-16,4,303.24,Online
1104,113,2314,2026-07-07,2,934.66,Online
1105,103,2801,2026-04-28,3,1557.18,Online
1106,111,2119,2026-07-31,3,173.19,In-Store
1107,102,2376,2026-03-24,3,715.26,Online
1108,137,2636,2026-08-05,1,75.81,Online
1109,126,2284,2026-07-11,1,55.07,In-Store
1110,122,2917,2023-12-17,1,135.85,Online
1111,127,2464,2026-09-03,3,2292.66,Online
1112,126,2313,2025-01-25,1,55.07,In-Store
1113,140,2774,2025-10-06,1,137.22,Online
1114,132,2296,2025-12-06,1,118.44,Online
1115,102,2938,2024-05-16,2,476.84,Online
1116,107,2827,2025-08-09,3,343.23,Online
1117,113,2228,2025-01-16,3,1401.99,In-Store
1118,104,2989,2026-05-21,3,154.98,Online
1119,105,2111,2025-02-05,3,421.98,Online
1120,125,2684,2026-08-29,3,473.31,In-Store
1121,130,2924,2026-05-16,1,37.95,In-Store
1122,149,2315,2025-08-25,4,102.52,Online
1123,134,2660,2026-03-30,2,262.74,In-Store
1124,118,2472,2026-04-19,3,250.95,Online
1125,150,2227,2025-04-04,3,274.35,Online
1126,116,2347,2026-08-21,2,317.58,Online
1127,104,2077,2025-06-17,2,103.32,Online
1128,125,2662,2026-02-19,2,315.54,Online
1129,138,2105,2026-06-12,3,512.07,Online
1130,110,2704,2026-07-12,1,64.9,In-Store
1131,125,2220,2025-02-22,4,631.08,In-Store
1132,126,2507,2026-08-23,2,110.14,Online
1133,144,2277,2024-05-20,3,2179.14,In-Store
1134,130,2642,2025-09-11,1,37.95,Online
1135,112,2240,2026-03-08,3,174.3,Online
1136,129,2470,2026-07-18,3,939.69,Online
1137,123,2119,2026-01-24,4,616.88,In-Store
1138,128,2148,2025-06-25,3,725.76,Online
1139,107,2433,2026-01-27,1,114.41,Online
1140,113,2729,2026-07-20,3,1401.99,In-Store
1141,118,2394,2026-09-07,4,334.6,In-Store
1142,104,2428,2026-07-23,2,103.32,Online
1143,103,2221,2025-05-21,3,1557.18,In-Store
1144,118,2069,2026-06-17,2,167.3,In-Store
1145,126,2696,2026-07-11,4,220.28,Online
1146,118,2222,2026-08-04,4,334.6,In-Store
1147,123,2172,2025-09-01,3,462.66,In-Store
1148,107,2287,2025-09-24,2,228.82,In-Store
1149,131,2908,2025-11-01,3,527.37,In-Store
1150,105,2171,2026-06-25,2,281.32,In-Store
1151,110,2327,2026-01-21,1,64.9,Online
1152,112,2421,2023-11-25,3,174.3,Online
1153,101,2172,2026-06-13,3,309.06,Online
1154,116,2574,2026-08-15,4,635.16,Online
1155,137,2046,2024-02-17,3,227.43,In-Store
1156,149,2518,2024-07-22,2,51.26,Online
1157,129,2101,2025-09-19,4,1252.92,Online
1158,143,2989,2025-10-12,4,788.64,Online
1159,123,2360,2024-04-29,3,462.66,Online
1160,143,2892,2026-06-23,4,788.64,Online
1161,147,2270,2026-09-02,1,35.8,In-Store
1162,143,2977,2025-10-29,2,394.32,Online
1163,137,2491,2025-03-29,4,303.24,Online
1164,113,2207,2026-01-22,4,1869.32,Online
1165,129,2964,2026-09-01,2,626.46,Online
1166,122,2911,2026-07-08,4,543.4,In-Store
1167,120,2409,2025-01-05,2,244.36,Online
1168,122,2572,2026-03-09,1,135.85,Online
1169,123,2794,2026-02-05,3,462.66,Online
1170,144,2968,2026-01-13,2,1452.76,Online
1171,119,2676,2026-08-13,2,202.2,Online
1172,119,2480,2024-07-05,1,101.1,Online
1173,138,2043,2026-05-02,1,170.69,Online
1174,128,2481,2025-05-13,3,725.76,Online
1175,123,2051,2026-05-24,3,462.66,In-Store
1176,106,2657,2026-05-31,3,1562.34,In-Store
1177,128,2996,2026-07-29,1,241.92,Online
1178,123,2220,2025-06-14,2,308.44,Online
1179,117,2415,2024-11-29,3,143.34,In-Store
1180,128,2306,2026-03-12,3,725.76,In-Store
1181,117,2136,2026-02-13,2,95.56,Online
1182,120,2544,2026-08-06,1,122.18,Online
1183,130,2559,2025-09-11,2,75.9,Online
1184,107,2782,2026-02-21,2,228.82,In-Store
1185,133,2434,2025-05-08,3,131.04,Online
1186,127,2349,2026-04-11,4,3056.88,Online
1187,102,2030,2025-09-05,4,953.68,Online
1188,120,2756,2026-09-09,2,244.36,In-Store
1189,140,2504,2026-08-08,3,411.66,Online
1190,109,2755,2026-02-06,4,842.48,Online
1191,130,2456,2026-07-11,1,37.95,Online
1192,142,2057,2026-08-27,1,242.85,Online
1193,137,2585,2026-08-10,4,303.24,Online
1194,148,2867,2025-02-16,1,61.06,In-Store
1195,109,2508,2026-09-01,2,421.24,In-Store
1196,147,2298,2025-06-11,1,35.8,Online
1197,108,2615,2025-04-26,1,242.93,Online
1198,108,2150,2026-08-08,1,242.93,In-Store
1199,102,2205,2026-07-08,4,953.68,Online
1200,120,2058,2025-06-05,4,488.72,Online
1201,135,2982,2026-03-23,3,69.24,In-Store
1202,140,2676,2026-08-31,1,137.22,Online
1203,112,2143,2026-07-06,2,116.2,In-Store
1204,145,2172,2026-06-03,2,311.02,Online
1205,143,2474,2025-10-19,1,197.16,In-Store
1206,118,2486,2026-03-30,4,334.6,Online
1207,130,2693,2024-08-17,4,151.8,Online
1208,130,2145,2026-05-21,1,37.95,In-Store
1209,120,2382,2025-09-14,1,122.18,In-Store
1210,109,2438,2025-09-22,4,842.48,Online
1211,111,2277,2026-09-04,3,173.19,In-Store
1212,114,2858,2026-09-07,3,349.53,In-Store
1213,112,2383,2024-11-15,2,116.2,Online
1214,122,2648,2026-07-18,4,543.4,In-Store
1215,143,2277,2026-01-22,3,591.48,Online
1216,125,2071,2026-08-25,4,631.08,In-Store
1217,146,2650,2026-04-19,3,694.92,In-Store
1218,138,2693,2025-12-23,3,512.07,In-Store
1219,105,2609,2026-07-08,1,140.66,Online
1220,115,2854,2024-08-13,1,83.44,Online
1221,121,2492,2026-08-02,2,479.54,In-Store
1222,147,2106,2025-08-05,4,143.2,Online
1223,140,2922,2025-10-13,3,411.66,Online
1224,105,2040,2026-09-04,4,562.64,Online
1225,102,2598,2026-09-04,2,476.84,Online
1226,125,2108,2026-01-09,2,315.54,In-Store
1227,117,2547,2026-01-02,4,191.12,Online
1228,113,2673,2025-02-14,2,934.66,Online
1229,106,2810,2026-06-20,1,520.78,Online
1230,101,2204,2025-08-23,3,309.06,Online
1231,122,2560,2026-04-23,2,271.7,In-Store
1232,137,2489,2026-07-09,4,303.24,In-Store
1233,136,2347,2026-05-02,2,457.38,Online
1234,105,2431,2025-12-25,1,140.66,In-Store
1235,107,2782,2025-12-12,1,114.41,Online
1236,135,2231,2026-03-25,3,69.24,Online
1237,117,2225,2025-09-28,4,191.12,Online
1238,119,2071,2026-06-03,1,101.1,In-Store
1239,140,2567,2026-08-02,3,411.66,Online
1240,145,2611,2026-09-07,1,155.51,In-Store
1241,142,2465,2025-11-16,1,242.85,Online
1242,113,2332,2026-08-24,3,1401.99,Online
1243,147,2136,2026-08-10,3,107.4,Online
1244,137,2235,2024-12-12,1,75.81,Online
1245,139,2980,2025-12-21,1,88.25,In-Store
1246,118,2473,2024-12-12,1,83.65,Online
1247,115,2039,2026-03-29,3,250.32,Online
1248,102,2472,2025-12-06,1,238.42,Online
1249,135,2772,2026-09-07,4,92.32,Online
1250,125,2543,2024-04-07,4,631.08,In-Store
1251,136,2423,2026-08-31,2,457.38,Online
1252,123,2431,2025-12-08,2,308.44,Online
1253,116,2429,2024-05-21,2,317.58,Online
1254,127,2580,2025-02-27,1,764.22,Online
1255,104,2876,2025-03-14,1,51.66,Online
1256,119,2127,2026-05-14,1,101.1,Online
1257,119,2343,2026-08-28,2,202.2,In-Store
1258,108,2389,2026-03-02,1,242.93,Online
1259,114,2251,2026-08-03,4,466.04,Online
1260,129,2900,2025-04-30,3,939.69,Online
1261,142,2780,2026-02-06,2,485.7,In-Store
1262,145,2894,2026-06-23,1,155.51,Online
1263,146,2340,2026-06-14,4,926.56,Online
1264,109,2079,2026-08-30,2,421.24,Online
1265,108,2737,2024-12-04,3,728.79,In-Store
1266,145,2039,2025-11-10,4,622.04,Online
1267,132,2951,2025-03-26,1,118.44,Online
1268,120,2277,2024-12-31,1,122.18,Online
1269,132,2278,2026-03-09,1,118.44,Online
1270,115,2379,2024-02-20,2,166.88,Online
1271,135,2186,2026-05-21,1,23.08,Online
1272,102,2032,2026-03-22,3,715.26,Online
1273,114,2807,2026-04-01,1,116.51,Online
1274,128,2722,2026-06-03,4,967.68,Online
1275,125,2804,2025-11-26,3,473.31,In-Store
1276,147,2457,2026-06-01,3,107.4,In-Store
1277,148,2957,2026-01-20,2,122.12,In-Store
1278,144,2908,2024-11-16,3,2179.14,Online
1279,122,2999,2026-01-11,4,543.4,Online
1280,118,2608,2026-07-31,3,250.95,In-Store
1281,137,2012,2026-02-24,3,227.43,Online
1282,130,2849,2025-05-11,1,37.95,Online
1283,123,2009,2024-04-25,4,616.88,In-Store
1284,138,2219,2025-12-30,1,170.69,Online
1285,121,2899,2026-09-07,1,239.77,Online
1286,117,2183,2026-01-06,4,191.12,In-Store
1287,110,2228,2025-04-14,1,64.9,In-Store
1288,112,2116,2024-06-10,4,232.4,In-Store
1289,146,2313,2025-08-25,2,463.28,Online
1290,117,2949,2025-10-25,1,47.78,Online
1291,139,2531,2024-01-13,2,176.5,Online
1292,129,2109,2026-05-18,1,313.23,In-Store
1293,121,2079,2026-06-01,3,719.31,Online
1294,119,2073,2025-11-26,2,202.2,Online
1295,122,2322,2026-08-09,4,543.4,Online
1296,140,2465,2025-12-18,1,137.22,In-Store
1297,110,2364,2025-06-27,1,64.9,Online
1298,133,2601,2025-07-24,3,131.04,In-Store
1299,143,2373,2026-05-09,2,394.32,Online
1300,106,2763,2026-08-30,1,520.78,In-Store
1301,141,2558,2026-08-25,4,917.6,In-Store
1302,104,2729,2026-08-16,4,206.64,In-Store
1303,118,2513,2025-01-14,2,167.3,In-Store
1304,122,2292,2025-12-07,2,271.7,Online
1305,148,2231,2025-10-30,1,61.06,In-Store
1306,124,2438,2025-11-17,1,25.92,Online
1307,124,2551,2026-01-17,4,103.68,In-Store
1308,127,2231,2026-06-28,2,1528.44,In-Store
1309,135,2828,2024-09-15,2,46.16,Online
1310,109,2665,2026-08-25,3,631.86,Online
1311,106,2335,2026-05-24,4,2083.12,Online
1312,137,2498,2024-06-08,4,303.24,In-Store
1313,101,2902,2026-05-05,2,206.04,Online
1314,136,2410,2026-07-07,4,914.76,Online
1315,128,2126,2026-01-08,1,241.92,In-Store
1316,133,2989,2025-08-09,4,174.72,Online
1317,145,2349,2026-03-09,2,311.02,Online
1318,138,2119,2026-06-02,1,170.69,Online
1319,129,2076,2025-10-14,4,1252.92,Online
1320,119,2737,2025-07-23,4,404.4,In-Store
1321,133,2729,2026-08-31,1,43.68,In-Store
1322,138,2898,2025-10-18,3,512.07,Online
1323,112,2373,2026-08-21,3,174.3,Online
1324,122,2233,2026-06-13,1,135.85,In-Store
1325,128,2510,2026-08-18,3,725.76,Online
1326,112,2378,2026-02-14,2,116.2,Online
1327,147,2811,2026-07-20,2,71.6,Online
1328,107,2511,2025-06-15,3,343.23,Online
1329,118,2165,2025-03-27,4,334.6,Online
1330,119,2225,2025-05-28,3,303.3,In-Store
1331,115,2752,2026-09-09,3,250.32,In-Store
1332,133,2096,2026-07-13,2,87.36,Online
1333,135,2591,2024-01-26,2,46.16,Online
1334,102,2481,2026-07-06,3,715.26,In-Store
1335,128,2281,2026-05-03,4,967.68,In-Store
1336,119,2126,2026-04-26,1,101.1,Online
1337,132,2438,2025-12-10,3,355.32,Online
1338,147,2867,2025-07-27,1,35.8,Online
1339,115,2802,2026-09-04,1,83.44,Online
1340,118,2155,2026-01-22,4,334.6,In-Store
1341,146,2664,2024-12-16,3,694.92,Online
1342,134,2428,2026-08-17,3,394.11,In-Store
1343,141,2843,2026-09-07,1,229.4,Online
1344,125,2246,2026-06-05,2,315.54,In-Store
1345,132,2266,2025-06-14,2,236.88,Online
1346,141,2282,2024-09-16,1,229.4,In-Store
1347,101,2860,2024-12-15,4,412.08,Online
1348,114,2484,2026-03-05,2,233.02,Online
1349,140,2410,2025-10-23,4,548.88,In-Store
1350,131,2235,2025-09-21,2,351.58,Online
1351,119,2842,2026-07-20,4,404.4,Online
1352,139,2795,2026-07-24,3,264.75,In-Store
1353,115,2474,2025-04-04,1,83.44,Online
1354,121,2411,2026-04-15,2,479.54,Online
1355,121,2117,2025-10-15,1,239.77,Online
1356,109,2692,2026-07-13,4,842.48,Online
1357,116,2593,2025-12-06,1,158.79,Online
1358,127,2268,2025-02-05,1,764.22,In-Store
1359,144,2771,2026-03-12,3,2179.14,Online
1360,128,2384,2026-07-07,4,967.68,Online
1361,132,2912,2026-03-31,2,236.88,Online
1362,120,2629,2026-03-28,4,488.72,Online
1363,135,2223,2026-04-03,2,46.16,Online
1364,109,2947,2025-07-16,1,210.62,Online
1365,150,2801,2025-10-01,3,274.35,Online
1366,105,2766,2026-07-08,1,140.66,In-Store
1367,113,2211,2025-08-25,2,934.66,In-Store
1368,119,2386,2025-07-31,2,202.2,Online
1369,136,2327,2025-05-20,2,457.38,Online
1370,149,2039,2025-07-23,1,25.63,In-Store
1371,103,2389,2025-09-06,2,1038.12,Online
1372,141,2298,2025-03-20,2,458.8,Online
1373,125,2272,2024-06-22,4,631.08,In-Store
1374,106,2816,2026-06-27,1,520.78,Online
1375,149,2497,2026-08-01,4,102.52,Online
1376,135,2015,2026-05-03,2,46.16,Online
1377,113,2732,2026-05-30,3,1401.99,Online
1378,102,2419,2026-02-10,3,715.26,Online
1379,117,2451,2026-04-29,4,191.12,Online
1380,115,2290,2026-04-11,4,333.76,In-Store
1381,145,2278,2025-11-27,2,311.02,Online
1382,147,2019,2026-08-09,4,143.2,Online
1383,129,2763,2025-02-22,2,626.46,In-Store
1384,150,2973,2025-12-27,2,182.9,Online
1385,107,2365,2025-10-02,3,343.23,Online
1386,106,2140,2026-05-18,1,520.78,In-Store
1387,138,2169,2025-10-03,2,341.38,Online
1388,134,2138,2026-08-08,2,262.74,Online
1389,127,2766,2025-09-03,3,2292.66,Online
1390,121,2833,2025-11-23,4,959.08,Online
1391,149,2268,2025-01-30,4,102.52,In-Store
1392,121,2492,2026-06-02,4,959.08,Online
1393,147,2507,2026-08-13,1,35.8,Online
1394,125,2419,2024-03-30,2,315.54,Online
1395,111,2161,2025-04-27,2,115.46,Online
1396,103,2873,2024-06-08,4,2076.24,Online
1397,134,2172,2026-07-05,4,525.48,In-Store
1398,127,2747,2025-08-22,4,3056.88,Online
1399,119,2294,2026-05-15,3,303.3,In-Store
1400,137,2317,2026-02-01,2,151.62,In-Store
1401,140,2289,2026-01-11,3,411.66,In-Store
1402,130,2596,2025-10-22,2,75.9,Online
1403,111,2927,2025-12-08,4,230.92,Online
1404,110,2314,2026-06-19,4,259.6,Online
1405,120,2995,2023-11-13,2,244.36,In-Store
1406,130,2690,2026-07-15,3,113.85,Online
1407,139,2065,2025-05-12,2,176.5,Online
1408,115,2344,2026-09-09,3,250.32,Online
1409,119,2929,2024-10-24,4,404.4,In-Store
1410,140,2726,2025-04-27,4,548.88,Online
1411,105,2551,2026-03-22,2,281.32,Online
1412,112,2727,2026-04-14,3,174.3,In-Store
1413,134,2103,2026-03-07,4,525.48,Online
1414,139,2567,2026-08-21,3,264.75,In-Store
1415,114,2661,2025-11-09,2,233.02,Online
1416,106,2782,2025-10-31,2,1041.56,In-Store
1417,101,2164,2026-07-27,3,309.06,Online
1418,109,2898,2024-04-12,4,842.48,Online
1419,120,2657,2026-07-14,1,122.18,In-Store
1420,150,2550,2026-08-21,4,365.8,Online
1421,134,2350,2026-06-25,3,394.11,In-Store
1422,114,2079,2026-07-22,2,233.02,Online
1423,128,2707,2026-08-17,4,967.68,Online
1424,144,2691,2026-03-23,1,726.38,In-Store
1425,123,2901,2026-09-07,2,308.44,Online
1426,150,2869,2026-07-31,3,274.35,Online
1427,113,2215,2025-07-26,4,1869.32,Online
1428,113,2182,2024-12-05,4,1869.32,Online
1429,138,2519,2024-04-13,3,512.07,Online
1430,117,2095,2025-11-08,1,47.78,In-Store
1431,118,2273,2026-01-31,4,334.6,Online
1432,118,2045,2026-08-25,1,83.65,In-Store
1433,131,2823,2026-04-20,4,703.16,Online
1434,149,2175,2026-09-04,1,25.63,Online
1435,146,2365,2025-11-22,2,463.28,In-Store
1436,106,2874,2025-01-13,4,2083.12,Online
1437,121,2059,2026-09-01,1,239.77,In-Store
1438,113,2277,2026-04-25,1,467.33,Online
1439,146,2837,2025-06-17,2,463.28,In-Store
1440,134,2719,2026-04-04,1,131.37,Online
1441,143,2409,2026-02-10,1,197.16,Online
1442,110,2195,2026-05-17,3,194.7,Online
1443,118,2174,2025-02-16,2,167.3,In-Store
1444,148,2402,2026-08-28,1,61.06,Online
1445,108,2274,2026-02-26,3,728.79,Online
1446,106,2559,2025-11-20,4,2083.12,Online
1447,112,2118,2025-06-08,1,58.1,In-Store
1448,102,2313,2025-11-08,2,476.84,Online
1449,130,2218,2026-05-06,1,37.95,In-Store
1450,142,2303,2026-06-03,2,485.7,In-Store
1451,146,2306,2025-09-04,3,694.92,In-Store
1452,127,2278,2025-12-29,2,1528.44,In-Store
1453,112,2272,2024-11-24,3,174.3,Online
1454,106,2693,2025-01-25,4,2083.12,Online
1455,150,2570,2026-05-26,4,365.8,In-Store
1456,125,2039,2026-05-08,2,315.54,In-Store
1457,123,2560,2026-07-25,3,462.66,In-Store
1458,136,2336,2026-05-18,3,686.07,Online
1459,117,2506,2025-12-28,2,95.56,Online
1460,134,2263,2024-05-13,2,262.74,Online
1461,124,2137,2026-02-21,4,103.68,In-Store
1462,145,2904,2025-07-17,1,155.51,Online
1463,111,2872,2025-09-22,4,230.92,Online
1464,107,2330,2026-08-24,2,228.82,Online
1465,135,2302,2026-09-04,2,46.16,Online
1466,138,2431,2026-06-07,4,682.76,Online
1467,117,2468,2024-11-07,3,143.34,In-Store
1468,120,2332,2026-09-02,1,122.18,In-Store
1469,107,2763,2026-04-07,4,457.64,Online
1470,126,2773,2026-02-12,1,55.07,In-Store
1471,139,2504,2026-08-19,2,176.5,In-Store
1472,143,2749,2024-12-15,3,591.48,Online
1473,150,2969,2024-10-21,2,182.9,Online
1474,130,2450,2025-12-11,1,37.95,In-Store
1475,120,2202,2026-07-26,3,366.54,Online
1476,128,2186,2025-09-30,1,241.92,In-Store
1477,150,2152,2026-08-13,3,274.35,Online
1478,107,2471,2025-01-11,4,457.64,In-Store
1479,114,2683,2026-09-01,4,466.04,Online
1480,149,2831,2026-07-03,1,25.63,Online
1481,109,2128,2026-06-24,4,842.48,Online
1482,147,2900,2026-08-08,4,143.2,In-Store
1483,123,2385,2025-09-27,4,616.88,In-Store
1484,112,2029,2026-08-04,2,116.2,Online
1485,101,2358,2026-05-20,4,412.08,Online
1486,132,2638,2026-02-18,2,236.88,Online
1487,106,2212,2026-06-22,3,1562.34,Online
1488,110,2647,2026-07-18,3,194.7,Online
1489,131,2381,2026-03-30,1,175.79,Online
1490,112,2956,2026-02-21,2,116.2,Online
1491,107,2678,2026-03-29,4,457.64,Online
1492,142,2339,2024-06-07,4,971.4,Online
1493,137,2160,2024-06-15,4,303.24,Online
1494,128,2012,2026-06-01,1,241.92,Online
1495,141,2419,2026-02-08,1,229.4,In-Store
1496,133,2804,2025-08-13,3,131.04,Online
1497,124,2708,2026-07-26,1,25.92,In-Store
1498,149,2980,2026-04-18,4,102.52,Online
1499,146,2148,2025-01-07,3,694.92,In-Store
1500,147,2507,2026-07-12,4,143.2,Online
1501,103,2050,2025-10-15,1,519.06,Online
1502,139,2452,2025-12-23,3,264.75,Online
1503,119,2419,2025-12-02,1,101.1,In-Store
1504,123,2267,2026-08-05,4,616.88,Online
1505,141,2440,2026-03-28,1,229.4,In-Store
1506,135,2113,2023-11-28,4,92.32,In-Store
1507,107,2177,2026-07-07,2,228.82,In-Store
1508,118,2625,2025-06-10,3,250.95,Online
1509,147,2685,2025-04-18,4,143.2,Online
1510,103,2078,2025-11-22,2,1038.12,In-Store
1511,107,2975,2026-06-07,4,457.64,In-Store
1512,122,2979,2026-06-08,3,407.55,Online
1513,148,2391,2024-06-23,3,183.18,Online
1514,108,2837,2025-10-14,2,485.86,In-Store
1515,140,2263,2025-06-01,2,274.44,Online
1516,114,2369,2026-05-04,4,466.04,Online
1517,118,2744,2026-02-14,1,83.65,In-Store
1518,144,2390,2025-05-09,3,2179.14,Online
1519,102,2005,2026-03-28,4,953.68,In-Store
1520,139,2275,2026-07-15,3,264.75,Online
1521,146,2223,2026-02-24,3,694.92,In-Store
1522,147,2068,2026-01-24,4,143.2,In-Store
1523,135,2413,2025-12-27,4,92.32,Online
1524,122,2932,2024-06-13,3,407.55,Online
1525,110,2339,2026-05-11,4,259.6,Online
1526,111,2211,2026-02-07,4,230.92,Online
1527,137,2395,2026-04-20,1,75.81,Online
1528,106,2551,2026-06-03,2,1041.56,In-Store
1529,149,2364,2025-06-28,3,76.89,Online
1530,110,2666,2024-04-26,2,129.8,In-Store
1531,127,2346,2026-02-27,1,764.22,Online
1532,116,2547,2026-06-02,4,635.16,In-Store
1533,108,2129,2026-06-07,1,242.93,Online
1534,137,2220,2024-06-08,3,227.43,In-Store
1535,136,2867,2025-11-29,4,914.76,Online
1536,139,2748,2025-02-02,3,264.75,Online
1537,107,2770,2026-04-06,3,343.23,In-Store
1538,115,2526,2025-12-05,4,333.76,Online
1539,129,2756,2026-09-04,2,626.46,In-Store
1540,135,2391,2023-12-21,3,69.24,Online
1541,125,2648,2025-11-22,4,631.08,Online
1542,102,2404,2026-09-09,2,476.84,In-Store
1543,106,2602,2026-03-06,4,2083.12,Online
1544,111,2319,2026-03-11,4,230.92,Online
1545,148,2950,2023-12-19,4,244.24,In-Store
1546,111,2504,2026-08-12,4,230.92,Online
1547,112,2720,2025-09-24,4,232.4,In-Store
1548,105,2317,2025-11-13,1,140.66,In-Store
1549,116,2569,2026-03-04,4,635.16,In-Store
1550,133,2795,2026-08-02,1,43.68,In-Store
1551,111,2839,2026-08-22,2,115.46,Online
1552,101,2718,2024-07-20,1,103.02,Online
1553,125,2870,2025-07-24,1,157.77,Online
1554,146,2954,2026-08-12,1,231.64,In-Store
1555,146,2641,2025-09-26,1,231.64,Online
1556,119,2474,2025-02-26,4,404.4,Online
1557,141,2359,2026-03-02,4,917.6,Online
1558,110,2786,2025-11-05,3,194.7,In-Store
1559,147,2752,2024-05-30,2,71.6,Online
1560,110,2406,2025-12-31,2,129.8,Online
1561,122,2211,2024-06-02,1,135.85,Online
1562,149,2901,2026-07-28,2,51.26,Online
1563,129,2336,2026-07-05,3,939.69,Online
1564,118,2696,2026-08-01,1,83.65,In-Store
1565,102,2145,2026-05-23,2,476.84,Online
1566,119,2555,2026-07-14,3,303.3,In-Store
1567,131,2559,2024-10-15,4,703.16,Online
1568,110,2152,2025-06-02,3,194.7,Online
1569,102,2259,2026-03-25,2,476.84,In-Store
1570,101,2299,2026-06-15,3,309.06,Online
1571,126,2717,2026-07-25,4,220.28,In-Store
1572,142,2902,2025-09-22,2,485.7,In-Store
1573,134,2855,2025-11-23,3,394.11,Online
1574,142,2868,2026-01-14,2,485.7,In-Store
1575,125,2475,2026-08-02,1,157.77,Online
1576,114,2336,2026-03-30,2,233.02,In-Store
1577,147,2277,2026-02-07,1,35.8,In-Store
1578,137,2351,2026-03-06,1,75.81,In-Store
1579,124,2901,2026-05-15,1,25.92,Online
1580,133,2619,2025-02-26,1,43.68,Online
1581,148,2543,2025-08-14,1,61.06,Online
1582,116,2439,2026-07-15,2,317.58,Online
1583,145,2796,2025-07-07,2,311.02,In-Store
1584,112,2686,2025-09-14,1,58.1,In-Store
1585,106,2266,2025-10-21,2,1041.56,Online
1586,134,2907,2024-07-05,3,394.11,Online
1587,138,2208,2026-09-03,4,682.76,Online
1588,104,2099,2026-07-20,3,154.98,Online
1589,129,2198,2024-07-11,1,313.23,Online
1590,138,2199,2026-07-16,2,341.38,In-Store
1591,101,2481,2026-02-26,4,412.08,Online
1592,150,2716,2026-07-27,2,182.9,In-Store
1593,149,2803,2026-08-07,4,102.52,Online
1594,139,2252,2026-08-09,3,264.75,Online
1595,133,2623,2026-06-02,4,174.72,In-Store
1596,120,2283,2026-03-29,3,366.54,In-Store
1597,144,2250,2026-03-09,3,2179.14,Online
1598,112,2112,2026-09-09,4,232.4,Online
1599,131,2315,2026-02-26,4,703.16,In-Store
1600,144,2182,2026-02-10,3,2179.14,Online
1601,122,2925,2026-06-22,2,271.7,In-Store
1602,114,2778,2026-06-09,3,349.53,In-Store
1603,134,2301,2026-04-27,4,525.48,Online
1604,114,2681,2025-12-22,2,233.02,Online
1605,126,2154,2026-08-22,2,110.14,In-Store
1606,121,2603,2024-12-01,4,959.08,In-Store
1607,147,2788,2026-04-21,3,107.4,In-Store
1608,120,2934,2026-08-08,3,366.54,In-Store
1609,148,2302,2026-09-01,3,183.18,Online
1610,126,2303,2026-04-04,4,220.28,Online
1611,104,2762,2025-03-10,4,206.64,Online
1612,130,2639,2024-05-10,3,113.85,Online
1613,114,2816,2026-06-18,3,349.53,Online
1614,121,2832,2025-03-25,4,959.08,Online
1615,148,2320,2026-04-23,2,122.12,In-Store
1616,118,2609,2026-07-13,1,83.65,Online
1617,147,2244,2025-04-26,4,143.2,In-Store
1618,150,2464,2025-08-12,4,365.8,Online
1619,138,2251,2026-08-19,4,682.76,Online
1620,122,2102,2026-04-13,3,407.55,In-Store
1621,108,2364,2025-06-21,4,971.72,In-Store
1622,121,2882,2024-06-21,4,959.08,In-Store
1623,120,2876,2026-02-25,2,244.36,In-Store
1624,121,2089,2024-11-11,3,719.31,In-Store
1625,145,2522,2026-03-15,1,155.51,In-Store
1626,145,2771,2025-12-03,3,466.53,Online
1627,148,2907,2025-05-22,2,122.12,In-Store
1628,130,2316,2026-01-31,3,113.85,Online
1629,117,2200,2026-05-07,3,143.34,In-Store
1630,109,2745,2025-02-28,1,210.62,Online
1631,104,2421,2026-07-06,1,51.66,In-Store
1632,128,2368,2026-03-05,1,241.92,In-Store
1633,135,2876,2025-06-01,4,92.32,Online
1634,105,2567,2026-09-01,1,140.66,In-Store
1635,150,2093,2025-09-25,1,91.45,In-Store
1636,106,2157,2026-07-13,4,2083.12,In-Store
1637,149,2643,2026-04-19,1,25.63,Online
1638,129,2814,2026-08-29,2,626.46,Online
1639,130,2075,2026-03-14,4,151.8,Online
1640,101,2392,2025-10-28,4,412.08,Online
1641,128,2009,2025-02-12,2,483.84,Online
1642,135,2858,2026-08-15,4,92.32,In-Store
1643,123,2769,2025-09-15,2,308.44,In-Store
1644,120,2772,2026-09-07,2,244.36,Online
1645,150,2028,2023-12-06,2,182.9,In-Store
1646,121,2342,2024-08-27,3,719.31,In-Store
1647,120,2650,2025-04-01,2,244.36,Online
1648,114,2991,2025-10-18,3,349.53,Online
1649,108,2135,2026-07-20,4,971.72,Online
1650,125,2437,2026-07-06,1,157.77,Online
1651,114,2431,2024-12-26,4,466.04,In-Store
1652,112,2811,2024-10-01,1,58.1,In-Store
1653,132,2756,2026-09-01,3,355.32,Online
1654,106,2407,2025-10-14,3,1562.34,Online
1655,130,2258,2026-04-18,1,37.95,Online
1656,126,2374,2026-09-03,1,55.07,Online
1657,105,2355,2025-06-15,4,562.64,Online
1658,106,2230,2026-07-03,4,2083.12,Online
1659,118,2017,2026-08-13,3,250.95,Online
1660,112,2137,2025-12-07,1,58.1,In-Store
1661,145,2511,2024-06-24,4,622.04,Online
1662,114,2065,2026-04-19,3,349.53,Online
1663,111,2609,2026-08-31,4,230.92,In-Store
1664,110,2176,2025-09-12,2,129.8,Online
1665,111,2880,2024-12-07,1,57.73,Online
1666,141,2205,2026-04-27,3,688.2,Online
1667,102,2614,2024-08-25,3,715.26,Online
1668,148,2889,2026-04-10,2,122.12,Online
1669,149,2048,2025-11-16,2,51.26,In-Store
1670,115,2101,2025-10-03,1,83.44,Online
1671,131,2988,2024-09-28,4,703.16,Online
1672,109,2858,2026-08-30,1,210.62,Online
1673,117,2470,2026-09-04,2,95.56,Online
1674,140,2649,2025-11-28,1,137.22,Online
1675,113,2485,2026-08-14,2,934.66,In-Store
1676,110,2507,2026-08-30,2,129.8,Online
1677,119,2739,2026-02-04,1,101.1,In-Store
1678,147,2227,2025-01-13,3,107.4,Online
1679,143,2707,2025-07-26,3,591.48,In-Store
1680,143,2323,2026-02-02,2,394.32,In-Store
1681,148,2733,2025-03-06,4,244.24,Online
1682,101,2793,2026-08-08,2,206.04,Online
1683,111,2835,2026-08-21,4,230.92,Online
1684,131,2012,2026-08-21,3,527.37,In-Store
1685,129,2621,2026-08-12,2,626.46,Online
1686,129,2614,2026-02-05,1,313.23,Online
1687,122,2648,2026-06-23,3,407.55,In-Store
1688,150,2258,2026-07-23,4,365.8,Online
1689,149,2660,2025-12-28,3,76.89,Online
1690,142,2782,2026-02-16,1,242.85,In-Store
1691,130,2126,2026-02-27,1,37.95,Online
1692,109,2541,2025-03-24,3,631.86,Online
1693,133,2444,2024-04-19,2,87.36,Online
1694,113,2819,2026-06-07,2,934.66,In-Store
1695,147,2774,2024-12-08,3,107.4,In-Store
1696,137,2593,2024-06-06,1,75.81,In-Store
1697,145,2358,2026-03-11,2,311.02,Online
1698,111,2158,2026-08-21,2,115.46,In-Store
1699,113,2531,2026-02-28,3,1401.99,Online
1700,119,2956,2026-01-31,4,404.4,In-Store
1701,131,2971,2026-07-22,4,703.16,Online
1702,101,2134,2025-05-24,1,103.02,Online
1703,120,2704,2026-07-19,2,244.36,In-Store
1704,104,2585,2026-07-12,4,206.64,In-Store
1705,111,2140,2026-08-25,2,115.46,Online
1706,127,2785,2026-04-03,4,3056.88,In-Store
1707,105,2195,2025-12-13,2,281.32,Online
1708,108,2137,2026-05-13,2,485.86,In-Store
1709,149,2436,2026-04-20,3,76.89,Online
1710,120,2629,2026-07-28,1,122.18,In-Store
1711,120,2465,2026-05-14,1,122.18,In-Store
1712,110,2739,2026-05-18,1,64.9,Online
1713,125,2877,2024-03-15,3,473.31,Online
1714,138,2619,2025-06-05,2,341.38,Online
1715,134,2758,2025-10-21,1,131.37,Online
1716,116,2997,2026-05-15,4,635.16,Online
1717,107,2414,2026-08-26,3,343.23,Online
1718,122,2906,2026-08-30,4,543.4,Online
1719,101,2983,2025-10-18,1,103.02,Online
1720,115,2243,2025-07-20,4,333.76,Online
1721,132,2104,2026-09-09,4,473.76,In-Store
1722,103,2511,2025-11-02,1,519.06,In-Store
1723,107,2839,2025-12-30,1,114.41,Online
1724,124,2965,2024-10-04,4,103.68,Online
1725,123,2714,2024-09-22,4,616.88,Online
1726,126,2566,2026-01-08,4,220.28,Online
1727,102,2217,2024-09-29,3,715.26,Online
1728,102,2290,2026-07-02,4,953.68,Online
1729,123,2354,2026-06-26,3,462.66,In-Store
1730,104,2276,2026-02-03,3,154.98,Online
1731,117,2695,2026-03-27,2,95.56,In-Store
1732,136,2548,2026-08-24,3,686.07,Online
1733,112,2752,2026-04-15,4,232.4,Online
1734,135,2329,2026-02-20,2,46.16,Online
1735,147,2829,2025-03-05,1,35.8,Online
1736,141,2309,2025-12-12,2,458.8,Online
1737,123,2204,2026-08-12,3,462.66,Online
1738,111,2898,2026-04-01,2,115.46,Online
1739,138,2017,2024-06-11,3,512.07,In-Store
1740,119,2696,2026-07-31,2,202.2,Online
1741,113,2611,2025-05-13,1,467.33,Online
1742,117,2708,2026-05-21,2,95.56,Online
1743,109,2524,2026-05-17,4,842.48,Online
1744,119,2847,2026-06-28,1,101.1,Online
1745,103,3000,2025-04-20,2,1038.12,In-Store
1746,102,2152,2025-10-29,4,953.68,In-Store
1747,116,2832,2025-10-11,2,317.58,Online
1748,110,2642,2025-10-16,1,64.9,Online
1749,140,2244,2024-06-18,4,548.88,Online
1750,137,2407,2026-04-07,2,151.62,Online
1751,138,2187,2025-07-02,4,682.76,In-Store
1752,148,2889,2026-07-10,3,183.18,Online
1753,128,2802,2026-05-04,3,725.76,Online
1754,121,2902,2025-02-10,3,719.31,Online
1755,121,2955,2025-10-01,2,479.54,In-Store
1756,133,2571,2024-12-07,4,174.72,In-Store
1757,139,2310,2026-05-29,2,176.5,Online
1758,136,2714,2026-06-04,2,457.38,Online
1759,130,2268,2024-08-23,4,151.8,Online
1760,111,2582,2025-06-09,1,57.73,In-Store
1761,104,2441,2026-02-09,3,154.98,Online
1762,105,2870,2024-08-28,3,421.98,Online
1763,137,2952,2025-10-05,3,227.43,Online
1764,128,2709,2026-08-06,2,483.84,Online
1765,120,2216,2025-09-22,3,366.54,Online
1766,127,2233,2026-06-21,2,1528.44,In-Store
1767,121,2979,2026-08-12,1,239.77,In-Store
1768,138,2053,2026-01-04,1,170.69,Online
1769,127,2606,2026-05-25,2,1528.44,In-Store
1770,150,2249,2026-04-14,2,182.9,In-Store
1771,147,2031,2025-11-27,1,35.8,Online
1772,137,2091,2025-11-03,4,303.24,Online
1773,109,2375,2025-08-24,3,631.86,In-Store
1774,112,2096,2026-04-03,4,232.4,Online
1775,117,2492,2026-05-20,4,191.12,In-Store
1776,141,2228,2026-08-11,1,229.4,Online
1777,134,2444,2024-05-12,3,394.11,Online
1778,136,2881,2025-04-09,1,228.69,Online
1779,134,2096,2025-10-04,1,131.37,Online
1780,102,2322,2026-08-02,3,715.26,Online
1781,141,2953,2025-10-09,4,917.6,In-Store
1782,107,2526,2025-11-11,2,228.82,In-Store
1783,129,2369,2025-07-05,2,626.46,In-Store
1784,102,2146,2026-03-18,1,238.42,In-Store
1785,120,2889,2026-05-02,3,366.54,Online
1786,138,2343,2026-08-26,2,341.38,Online
1787,140,2491,2024-09-27,3,411.66,Online
1788,125,2929,2025-07-31,4,631.08,Online
1789,122,2661,2024-09-18,2,271.7,Online
1790,113,2138,2026-08-26,4,1869.32,Online
1791,131,2354,2026-08-25,1,175.79,In-Store
1792,121,2092,2026-07-08,4,959.08,In-Store
1793,121,2636,2026-03-11,2,479.54,Online
1794,141,2763,2025-08-30,4,917.6,Online
1795,132,2429,2024-06-15,1,118.44,Online
1796,131,2105,2026-07-27,4,703.16,Online
1797,150,2491,2025-06-25,1,91.45,In-Store
1798,106,2831,2026-06-19,3,1562.34,In-Store
1799,112,2745,2026-08-14,3,174.3,Online
1800,120,2525,2024-04-17,4,488.72,In-Store
1801,104,2346,2026-06-16,4,206.64,In-Store
1802,133,2516,2025-06-16,3,131.04,Online
1803,130,2911,2026-05-05,2,75.9,In-Store
1804,146,2709,2026-06-14,2,463.28,Online
1805,101,2208,2026-09-09,1,103.02,Online
1806,108,2206,2026-07-23,3,728.79,Online
1807,112,2906,2026-08-07,4,232.4,In-Store
1808,126,2366,2026-08-29,1,55.07,In-Store
1809,140,2138,2025-12-19,3,411.66,Online
1810,120,2675,2026-08-30,2,244.36,Online
1811,127,2402,2026-03-21,4,3056.88,Online
1812,113,2277,2026-06-13,4,1869.32,Online
1813,145,2593,2025-10-05,4,622.04,Online
1814,109,2691,2026-05-12,2,421.24,Online
1815,111,2631,2025-02-22,4,230.92,Online
1816,111,2185,2025-12-10,3,173.19,Online
1817,119,2284,2025-09-30,3,303.3,Online
1818,113,2760,2026-07-22,1,467.33,In-Store
1819,109,2849,2024-09-04,1,210.62,Online
1820,115,2473,2024-11-24,1,83.44,Online
1821,116,2186,2025-05-14,4,635.16,In-Store
1822,110,2365,2026-03-31,4,259.6,In-Store
1823,133,2768,2026-03-18,2,87.36,In-Store
1824,137,2721,2025-08-30,1,75.81,In-Store
1825,117,2335,2026-09-07,2,95.56,Online
1826,104,2454,2026-08-15,4,206.64,Online
1827,133,2151,2025-09-28,1,43.68,In-Store
1828,122,2186,2025-09-21,4,543.4,Online
1829,116,2874,2024-11-11,3,476.37,In-Store
1830,121,2161,2026-07-07,1,239.77,Online
1831,134,2681,2025-05-31,1,131.37,In-Store
1832,124,2717,2026-06-05,1,25.92,In-Store
1833,101,2904,2025-01-16,4,412.08,Online
1834,150,2553,2026-04-20,1,91.45,In-Store
1835,137,2762,2024-02-27,1,75.81,Online
1836,137,2642,2026-02-26,4,303.24,Online
1837,129,2682,2025-02-20,2,626.46,Online
1838,141,2604,2025-12-18,4,917.6,Online
1839,130,2919,2025-10-20,3,113.85,In-Store
1840,147,2141,2026-06-10,2,71.6,Online
1841,111,3000,2026-07-14,3,173.19,Online
1842,110,2426,2024-12-25,1,64.9,Online
1843,115,2404,2026-06-04,4,333.76,In-Store
1844,114,2841,2025-09-10,4,466.04,Online
1845,147,2885,2026-01-25,4,143.2,Online
1846,124,2951,2026-06-22,3,77.76,Online
1847,147,2657,2026-05-26,2,71.6,In-Store
1848,137,2217,2024-10-20,2,151.62,In-Store
1849,136,2359,2026-01-12,4,914.76,Online
1850,126,2637,2024-06-30,2,110.14,Online
1851,120,2109,2026-03-23,4,488.72,Online
1852,136,2201,2025-10-10,2,457.38,Online
1853,112,2938,2025-04-18,4,232.4,Online
1854,137,2690,2026-06-26,2,151.62,Online
1855,142,2984,2025-07-27,4,971.4,In-Store
1856,110,2782,2025-10-22,4,259.6,Online
1857,149,2463,2025-06-12,4,102.52,Online
1858,140,2603,2026-08-14,1,137.22,Online
1859,102,2786,2025-10-26,1,238.42,Online
1860,121,2327,2025-01-12,3,719.31,In-Store
1861,120,2740,2025-05-29,1,122.18,Online
1862,138,2615,2025-08-22,4,682.76,Online
1863,119,2333,2025-09-20,3,303.3,Online
1864,110,2801,2025-11-05,2,129.8,Online
1865,111,2119,2026-07-09,4,230.92,Online
1866,108,2687,2026-02-03,2,485.86,Online
1867,109,2097,2025-08-07,4,842.48,Online
1868,150,2373,2026-06-13,1,91.45,In-Store
1869,129,2684,2025-06-16,2,626.46,Online
1870,132,2896,2026-09-05,3,355.32,Online
1871,105,2988,2025-06-18,2,281.32,In-Store
1872,126,2616,2026-04-22,2,110.14,Online
1873,141,2994,2025-09-26,3,688.2,Online
1874,106,2707,2026-06-23,3,1562.34,In-Store
1875,102,2984,2026-07-09,4,953.68,In-Store
1876,113,2360,2024-12-30,3,1401.99,In-Store
1877,132,2906,2026-06-29,3,355.32,In-Store
1878,145,2053,2025-09-04,3,466.53,Online
1879,122,2441,2025-07-02,1,135.85,Online
1880,143,2747,2026-03-27,4,788.64,Online
1881,109,2328,2025-11-25,1,210.62,In-Store
1882,113,2021,2025-12-13,4,1869.32,Online
1883,144,2381,2025-11-21,3,2179.14,Online
1884,133,2331,2026-03-12,4,174.72,Online
1885,123,2703,2026-03-27,3,462.66,In-Store
1886,118,2194,2025-02-13,1,83.65,Online
1887,143,2919,2025-09-15,3,591.48,In-Store
1888,109,2898,2024-03-13,1,210.62,In-Store
1889,105,2076,2025-11-21,2,281.32,In-Store
1890,105,2800,2025-12-02,1,140.66,Online
1891,140,2733,2026-01-14,1,137.22,In-Store
1892,141,2574,2026-07-31,3,688.2,Online
1893,146,2604,2025-07-23,2,463.28,In-Store
1894,112,2917,2024-03-12,1,58.1,Online
1895,144,2004,2026-07-19,2,1452.76,In-Store
1896,125,2051,2026-05-09,3,473.31,In-Store
1897,113,2194,2026-08-16,4,1869.32,In-Store
1898,119,2703,2026-06-22,1,101.1,Online
1899,106,2186,2025-03-12,2,1041.56,In-Store
1900,137,2264,2026-01-18,2,151.62,Online
1901,113,2700,2024-06-17,2,934.66,Online
1902,111,2756,2026-09-03,4,230.92,In-Store
1903,133,2294,2026-04-22,3,131.04,In-Store
1904,148,2421,2025-09-19,2,122.12,In-Store
1905,117,2008,2026-08-26,3,143.34,In-Store
1906,132,2068,2025-10-01,3,355.32,Online
1907,106,2611,2026-05-11,4,2083.12,Online
1908,106,2975,2026-07-14,3,1562.34,In-Store
1909,124,2770,2026-08-30,1,25.92,In-Store
1910,129,2264,2025-06-03,3,939.69,Online
1911,149,2365,2025-01-06,4,102.52,Online
1912,115,2537,2025-08-04,2,166.88,Online
1913,130,2687,2026-04-26,4,151.8,Online
1914,130,2923,2026-06-05,4,151.8,Online
1915,149,2150,2026-05-27,4,102.52,Online
1916,109,2948,2026-08-10,3,631.86,Online
1917,110,2989,2026-04-22,4,259.6,Online
1918,143,2014,2026-07-23,2,394.32,In-Store
1919,114,2585,2026-07-27,1,116.51,Online
1920,118,2384,2026-04-23,3,250.95,In-Store
1921,111,2023,2026-06-03,3,173.19,In-Store
1922,132,2277,2024-06-15,4,473.76,Online
1923,111,2429,2026-08-12,4,230.92,Online
1924,105,2347,2025-08-13,3,421.98,Online
1925,116,2599,2025-08-31,4,635.16,In-Store
1926,120,2409,2024-04-11,2,244.36,Online
1927,140,2622,2026-08-23,4,548.88,In-Store
1928,134,2122,2025-07-24,3,394.11,Online
1929,109,2721,2026-07-26,3,631.86,In-Store
1930,102,2969,2024-02-12,4,953.68,Online
1931,121,2409,2024-10-29,2,479.54,Online
1932,118,2627,2026-05-06,3,250.95,In-Store
1933,109,2793,2026-08-09,3,631.86,In-Store
1934,146,2971,2025-08-16,2,463.28,In-Store
1935,102,2482,2025-09-01,3,715.26,In-Store
1936,149,2882,2025-05-05,2,51.26,In-Store
1937,132,2316,2026-07-04,4,473.76,In-Store
1938,118,2903,2026-04-21,1,83.65,Online
1939,150,2382,2024-08-13,3,274.35,In-Store
1940,104,2360,2026-06-21,4,206.64,In-Store
1941,121,2224,2026-08-18,3,719.31,In-Store
1942,118,2475,2026-02-10,3,250.95,Online
1943,135,2986,2026-09-05,2,46.16,In-Store
1944,139,2954,2026-03-18,1,88.25,Online
1945,134,2729,2026-05-22,3,394.11,In-Store
1946,145,2791,2025-08-17,1,155.51,Online
1947,119,2263,2024-07-11,1,101.1,Online
1948,127,2645,2026-08-30,1,764.22,Online
1949,129,2458,2026-05-19,4,1252.92,In-Store
1950,149,2155,2026-05-13,3,76.89,Online
1951,118,2938,2025-05-12,2,167.3,In-Store
1952,138,2445,2026-01-28,2,341.38,Online
1953,104,2953,2025-09-06,3,154.98,In-Store
1954,121,2471,2024-06-18,4,959.08,In-Store
1955,142,2027,2025-03-11,3,728.55,Online
1956,142,2181,2025-02-24,3,728.55,Online
1957,103,2558,2026-08-24,1,519.06,In-Store
1958,109,2490,2024-05-05,2,421.24,Online
1959,106,2515,2025-01-05,3,1562.34,Online
1960,122,2332,2026-09-03,1,135.85,Online
1961,134,2391,2024-02-19,4,525.48,Online
1962,106,2690,2026-07-17,2,1041.56,Online
1963,117,2158,2026-08-31,2,95.56,In-Store
1964,136,2060,2026-09-01,1,228.69,Online
1965,115,2636,2026-06-25,4,333.76,Online
1966,110,2044,2025-05-29,2,129.8,In-Store
1967,149,2315,2025-12-26,4,102.52,Online
1968,132,2503,2026-03-14,1,118.44,Online
1969,113,2541,2024-07-06,1,467.33,In-Store
1970,101,2230,2025-11-30,3,309.06,Online
1971,133,2573,2025-10-26,2,87.36,Online
1972,141,2214,2026-08-24,3,688.2,Online
1973,125,2547,2026-06-12,2,315.54,In-Store
1974,122,2753,2026-08-19,2,271.7,Online
1975,108,2900,2025-10-24,3,728.79,Online
1976,142,2031,2026-03-18,4,971.4,In-Store
1977,125,2186,2025-04-17,1,157.77,In-Store
1978,148,2202,2026-08-20,3,183.18,In-Store
1979,124,2887,2025-08-02,4,103.68,Online
1980,137,2642,2025-10-23,3,227.43,In-Store
1981,101,2504,2026-08-19,2,206.04,In-Store
1982,132,2864,2026-01-24,4,473.76,Online
1983,139,2450,2026-04-06,2,176.5,Online
1984,119,2474,2026-08-30,2,202.2,Online
1985,102,2608,2026-06-15,1,238.42,Online
1986,120,2945,2025-01-14,4,488.72,Online
1987,111,2725,2026-08-22,1,57.73,Online
1988,113,2364,2026-06-26,4,1869.32,Online
1989,142,2078,2026-02-22,1,242.85,Online
1990,108,2770,2026-08-22,3,728.79,In-Store
1991,108,2264,2025-02-06,1,242.93,Online
1992,106,2176,2024-07-23,2,1041.56,Online
1993,118,2873,2025-05-01,1,83.65,In-Store
1994,145,2473,2026-08-20,2,311.02,In-Store
1995,125,2069,2026-08-30,1,157.77,Online
1996,127,2491,2026-06-25,2,1528.44,Online
1997,143,2569,2025-08-03,1,197.16,Online
1998,131,2707,2026-04-15,2,351.58,Online
1999,113,2027,2024-09-26,2,934.66,Online
2000,103,2807,2026-05-31,4,2076.24,In-Store
2001,115,2950,2025-04-09,1,83.44,Online
2002,124,2360,2025-12-19,4,103.68,Online
2003,143,2535,2026-08-15,3,591.48,In-Store
2004,148,2531,2025-07-31,3,183.18,Online
2005,124,2175,2026-05-01,4,103.68,Online
2006,144,2766,2025-05-19,4,2905.52,In-Store
2007,106,2400,2026-04-30,3,1562.34,In-Store
2008,142,2328,2026-05-11,4,971.4,Online
2009,144,2753,2026-09-07,2,1452.76,Online
2010,139,2337,2025-08-01,3,264.75,In-Store
2011,111,2625,2026-04-27,2,115.46,In-Store
2012,106,2825,2025-12-10,4,2083.12,Online
2013,103,2990,2026-02-06,1,519.06,In-Store
2014,136,2004,2026-08-25,2,457.38,In-Store
2015,132,2680,2026-01-08,1,118.44,Online
2016,124,2728,2026-07-12,4,103.68,In-Store
2017,115,2649,2026-01-23,3,250.32,Online
2018,115,2684,2024-09-26,4,333.76,In-Store
2019,146,2833,2026-02-09,1,231.64,In-Store
2020,110,2798,2025-08-28,1,64.9,Online
2021,120,2242,2025-08-14,2,244.36,In-Store
2022,102,2631,2025-05-10,1,238.42,Online
2023,112,2294,2025-09-24,1,58.1,Online
2024,128,2255,2026-06-05,3,725.76,Online
2025,120,2010,2026-08-06,3,366.54,Online
2026,128,2369,2025-11-12,4,967.68,In-Store
2027,103,2585,2026-09-04,4,2076.24,Online
2028,145,2345,2026-06-29,4,622.04,Online
2029,107,2751,2026-02-18,4,457.64,In-Store
2030,144,2612,2026-04-14,4,2905.52,Online
2031,149,2374,2026-09-05,1,25.63,Online
2032,106,2253,2025-07-12,2,1041.56,Online
2033,116,2448,2026-07-28,4,635.16,Online
2034,150,2318,2026-08-17,4,365.8,In-Store
2035,101,2606,2025-10-14,2,206.04,In-Store
2036,133,2866,2025-04-12,4,174.72,Online
2037,118,2494,2026-03-19,4,334.6,In-Store
2038,117,2647,2026-04-13,1,47.78,In-Store
2039,119,2484,2025-09-23,2,202.2,Online
2040,128,2289,2026-03-17,1,241.92,In-Store
2041,113,2967,2024-12-21,4,1869.32,Online
2042,150,2250,2026-04-07,2,182.9,Online
2043,115,2045,2026-08-20,3,250.32,In-Store
2044,146,2848,2025-09-21,4,926.56,Online
2045,109,2102,2025-07-31,1,210.62,Online
2046,102,2489,2026-08-07,3,715.26,In-Store
2047,103,2107,2026-08-12,3,1557.18,Online
2048,105,2548,2026-05-03,1,140.66,Online
2049,123,2264,2026-05-23,4,616.88,Online
2050,109,2501,2025-02-11,1,210.62,Online
2051,112,2161,2026-07-31,2,116.2,Online
2052,124,2651,2026-02-19,3,77.76,Online
2053,138,2070,2024-11-21,4,682.76,Online
2054,113,2549,2025-10-22,2,934.66,Online
2055,126,2130,2026-08-29,1,55.07,Online
2056,108,2064,2024-07-26,3,728.79,In-Store
2057,109,2522,2026-03-18,3,631.86,In-Store
2058,113,2864,2026-01-28,4,1869.32,Online
2059,112,2473,2024-11-11,4,232.4,In-Store
2060,105,2626,2025-07-19,2,281.32,In-Store
2061,149,2862,2025-06-04,1,25.63,Online
2062,137,2506,2025-10-19,2,151.62,In-Store
2063,141,2619,2025-05-23,3,688.2,In-Store
2064,104,2828,2025-06-30,4,206.64,Online
2065,102,2874,2025-10-10,2,476.84,Online
2066,115,2383,2026-05-25,2,166.88,Online
2067,127,2607,2026-07-26,2,1528.44,In-Store
2068,132,2591,2025-06-17,1,118.44,Online
2069,105,2592,2026-01-02,1,140.66,In-Store
2070,124,2772,2026-09-06,3,77.76,Online
2071,122,2280,2026-08-05,3,407.55,In-Store
2072,131,2597,2026-03-20,4,703.16,Online
2073,138,2757,2026-08-05,2,341.38,Online
2074,132,2331,2025-11-18,3,355.32,In-Store
2075,105,2509,2026-07-02,3,421.98,Online
2076,139,2936,2026-07-18,2,176.5,Online
2077,116,2927,2026-03-14,2,317.58,Online
2078,122,2971,2025-07-28,4,543.4,Online
2079,143,2265,2025-11-25,2,394.32,In-Store
2080,150,2891,2025-08-11,3,274.35,In-Store
2081,146,2684,2025-06-15,3,694.92,In-Store
2082,134,2796,2026-08-19,2,262.74,Online
2083,141,2721,2026-01-04,2,458.8,In-Store
2084,112,2591,2025-09-26,4,232.4,Online
2085,146,2246,2026-04-13,3,694.92,In-Store
2086,110,2451,2026-06-30,3,194.7,In-Store
2087,125,2074,2025-03-23,4,631.08,Online
2088,132,2070,2025-04-12,4,473.76,In-Store
2089,133,2574,2026-04-28,4,174.72,In-Store
2090,141,2266,2026-03-23,4,917.6,In-Store
2091,125,2109,2026-03-07,3,473.31,Online
2092,124,2137,2025-07-31,1,25.92,Online
2093,107,2849,2024-11-22,3,343.23,In-Store
2094,144,2783,2026-07-03,4,2905.52,In-Store
2095,137,2042,2026-02-24,1,75.81,Online
2096,147,2112,2026-04-27,3,107.4,Online
2097,115,2423,2026-08-25,3,250.32,In-Store
2098,110,2347,2025-10-19,1,64.9,In-Store
2099,111,2575,2025-01-16,4,230.92,In-Store
2100,111,2532,2024-12-11,1,57.73,In-Store
2101,132,2737,2025-02-03,1,118.44,Online
2102,115,2246,2026-03-05,2,166.88,Online
2103,115,2602,2025-09-18,3,250.32,Online
2104,120,2004,2026-06-18,4,488.72,In-Store
2105,129,2865,2025-10-12,2,626.46,In-Store
2106,127,2101,2025-01-02,4,3056.88,Online
2107,125,2148,2026-07-25,4,631.08,Online
2108,114,2531,2025-04-22,4,466.04,Online
2109,122,2790,2025-12-28,3,407.55,Online
2110,125,2492,2026-09-07,4,631.08,In-Store
2111,146,2205,2025-08-04,1,231.64,In-Store
2112,125,2837,2026-06-27,2,315.54,Online
2113,123,2208,2026-09-05,4,616.88,Online
2114,115,2249,2025-05-31,4,333.76,In-Store
2115,144,2879,2025-04-11,2,1452.76,Online
2116,125,2444,2023-12-16,3,473.31,Online
2117,128,2374,2026-09-05,4,967.68,Online
2118,123,2091,2025-06-04,2,308.44,Online
2119,131,2362,2025-01-18,2,351.58,In-Store
2120,142,2221,2026-02-17,2,485.7,Online
2121,104,2977,2026-03-26,2,103.32,Online
2122,106,2703,2026-04-03,1,520.78,Online
2123,129,2081,2025-01-04,2,626.46,Online
2124,118,2138,2026-07-01,2,167.3,In-Store
2125,134,2403,2025-08-29,1,131.37,In-Store
2126,104,2874,2026-05-29,2,103.32,Online
2127,128,2538,2026-08-21,2,483.84,In-Store
2128,139,2019,2026-03-08,1,88.25,Online
2129,112,2772,2026-09-08,1,58.1,Online
2130,147,2543,2025-02-25,2,71.6,In-Store
2131,116,2525,2024-09-07,1,158.79,Online
2132,118,2857,2026-02-20,1,83.65,In-Store
2133,126,2497,2026-02-16,2,110.14,In-Store
2134,109,2050,2025-08-11,2,421.24,In-Store
2135,118,2833,2026-08-25,4,334.6,In-Store
2136,146,2448,2026-06-29,2,463.28,In-Store
2137,103,2632,2026-04-17,1,519.06,Online
2138,130,2133,2025-01-06,4,151.8,Online
2139,126,2541,2026-06-08,4,220.28,In-Store
2140,137,2348,2026-01-26,4,303.24,Online
2141,111,2516,2026-02-06,4,230.92,In-Store
2142,105,2803,2025-06-15,3,421.98,Online
2143,125,2117,2025-08-23,4,631.08,Online
2144,132,2368,2025-10-28,2,236.88,Online
2145,129,2217,2024-07-22,2,626.46,Online
2146,102,2388,2026-05-16,2,476.84,Online
2147,130,2254,2025-12-04,4,151.8,Online
2148,109,2884,2026-06-17,4,842.48,Online
2149,141,2245,2024-08-10,1,229.4,Online
2150,130,2369,2025-12-29,4,151.8,Online
2151,123,2079,2026-06-12,4,616.88,Online
2152,105,2936,2026-08-12,3,421.98,Online
2153,111,2195,2026-05-22,1,57.73,Online
2154,104,2143,2026-08-07,1,51.66,In-Store
2155,124,2220,2025-08-02,1,25.92,Online
2156,140,2395,2026-06-29,4,548.88,Online
2157,124,2614,2025-05-14,1,25.92,In-Store
2158,129,2577,2026-06-13,4,1252.92,Online
2159,143,2763,2024-12-11,1,197.16,In-Store
2160,122,2934,2026-07-27,4,543.4,Online
2161,113,2140,2026-07-25,1,467.33,In-Store
2162,115,2378,2025-02-07,1,83.44,Online
2163,113,2299,2025-03-10,4,1869.32,In-Store
2164,128,2195,2025-05-24,3,725.76,In-Store
2165,111,2002,2026-05-21,1,57.73,Online
2166,105,2723,2026-07-14,2,281.32,Online
2167,144,2915,2025-06-23,4,2905.52,Online
2168,122,2081,2025-08-01,3,407.55,Online
2169,137,2953,2025-11-14,3,227.43,Online
2170,134,2520,2026-08-29,3,394.11,In-Store
2171,115,2777,2025-10-17,1,83.44,Online
2172,133,2476,2026-05-01,3,131.04,Online
2173,104,2972,2026-06-30,3,154.98,Online
2174,136,2107,2026-07-01,2,457.38,In-Store
2175,130,2882,2024-12-17,2,75.9,Online
2176,124,2693,2025-09-29,4,103.68,Online
2177,120,2411,2025-08-21,1,122.18,In-Store
2178,143,2161,2026-04-30,1,197.16,Online
2179,128,2926,2026-09-01,4,967.68,Online
2180,102,2152,2026-05-21,3,715.26,Online
2181,132,2119,2026-04-11,4,473.76,Online
2182,128,2580,2025-08-29,2,483.84,Online
2183,111,2244,2026-08-29,3,173.19,In-Store
2184,125,2590,2026-04-29,1,157.77,Online
2185,148,2083,2026-06-30,1,61.06,In-Store
2186,106,2531,2026-07-18,2,1041.56,Online
2187,103,2002,2026-06-19,2,1038.12,Online
2188,144,2984,2026-02-28,3,2179.14,In-Store
2189,120,2089,2024-08-21,3,366.54,Online
2190,106,2041,2025-12-20,1,520.78,In-Store
2191,111,2001,2025-07-24,4,230.92,Online
2192,119,2108,2026-03-23,1,101.1,In-Store
2193,130,2284,2025-06-09,3,113.85,In-Store
2194,133,2636,2026-06-26,1,43.68,Online
2195,119,2598,2026-06-18,1,101.1,Online
2196,145,2854,2024-08-21,4,622.04,Online
2197,120,2354,2026-05-13,3,366.54,Online
2198,120,2410,2025-10-09,3,366.54,In-Store
2199,146,2241,2025-07-09,2,463.28,Online
2200,108,2081,2025-12-10,2,485.86,Online
2201,110,2998,2025-02-15,1,64.9,Online
2202,121,2770,2026-05-06,2,479.54,Online
2203,142,2429,2024-07-26,3,728.55,In-Store
2204,103,2898,2025-12-21,3,1557.18,In-Store
2205,105,2383,2025-08-31,1,140.66,Online
2206,117,2842,2026-05-07,4,191.12,In-Store
2207,143,2810,2026-08-28,4,788.64,Online
2208,148,2442,2026-03-02,4,244.24,Online
2209,137,2955,2026-08-13,2,151.62,Online
2210,117,2872,2025-12-11,4,191.12,Online
2211,110,2480,2025-04-07,1,64.9,In-Store
2212,132,2240,2026-05-21,3,355.32,In-Store
2213,103,2717,2026-06-29,1,519.06,Online
2214,140,2707,2026-07-07,3,411.66,Online
2215,150,2004,2026-05-01,2,182.9,In-Store
2216,134,2145,2026-05-16,4,525.48,In-Store
2217,128,2995,2024-12-08,1,241.92,Online
2218,135,2962,2025-12-22,4,92.32,Online
2219,127,2284,2025-05-16,1,764.22,Online
2220,130,2829,2026-01-23,2,75.9,Online
2221,129,2834,2025-04-18,3,939.69,Online
2222,103,2893,2026-06-29,2,1038.12,In-Store
2223,101,2257,2026-08-12,2,206.04,Online
2224,116,2224,2026-09-01,4,635.16,Online
2225,118,2423,2026-08-20,4,334.6,Online
2226,150,2493,2026-01-18,1,91.45,Online
2227,135,2989,2025-09-20,3,69.24,Online
2228,125,2857,2026-08-02,3,473.31,In-Store
2229,101,2536,2024-08-15,4,412.08,Online
2230,131,2323,2025-09-23,1,175.79,Online
2231,147,2128,2026-06-10,3,107.4,In-Store
2232,127,2649,2025-04-20,2,1528.44,Online
2233,124,2205,2025-08-24,1,25.92,Online
2234,105,2305,2026-07-13,2,281.32,Online
2235,116,2855,2025-06-17,1,158.79,Online
2236,149,2963,2024-10-06,4,102.52,Online
2237,130,2121,2026-08-04,1,37.95,Online
2238,106,2660,2025-11-25,3,1562.34,Online
2239,113,2347,2026-01-04,3,1401.99,Online
2240,105,2911,2026-05-02,2,281.32,In-Store
2241,145,2336,2026-05-23,2,311.02,Online
2242,141,2991,2026-07-13,3,688.2,Online
2243,149,2334,2026-08-07,4,102.52,Online
2244,126,2804,2026-07-12,2,110.14,In-Store
2245,150,2192,2026-08-03,1,91.45,In-Store
2246,136,2833,2026-07-16,4,914.76,Online
2247,113,2317,2026-01-29,1,467.33,Online
2248,137,2445,2025-11-07,3,227.43,Online
2249,142,2988,2025-06-21,3,728.55,Online
2250,121,2747,2024-02-16,4,959.08,Online
2251,139,2131,2025-06-09,1,88.25,In-Store
2252,136,2133,2025-08-06,3,686.07,Online
2253,141,2617,2026-06-15,3,688.2,In-Store
2254,119,2308,2026-06-03,1,101.1,Online
2255,143,2057,2026-04-13,2,394.32,Online
2256,118,2812,2025-10-28,3,250.95,Online
2257,124,2980,2026-04-17,1,25.92,Online
2258,127,2304,2025-04-01,1,764.22,Online
2259,112,2980,2025-09-21,1,58.1,In-Store
2260,139,2933,2026-08-16,1,88.25,Online
2261,150,2115,2024-10-29,3,274.35,Online
2262,137,2889,2026-05-18,2,151.62,In-Store
2263,104,2799,2026-02-15,3,154.98,Online
2264,149,2843,2026-08-31,1,25.63,In-Store
2265,135,2936,2026-09-08,3,69.24,In-Store
2266,126,2650,2024-12-18,1,55.07,Online
2267,106,2919,2026-03-06,3,1562.34,Online
2268,105,2737,2024-09-20,1,140.66,In-Store
2269,131,2004,2026-08-14,1,175.79,Online
2270,135,2806,2026-04-11,1,23.08,Online
2271,116,2158,2026-08-05,1,158.79,Online
2272,137,2168,2026-08-26,1,75.81,Online
2273,146,2464,2026-07-28,2,463.28,In-Store
2274,116,2734,2026-08-02,4,635.16,Online
2275,137,2677,2026-05-02,2,151.62,Online
2276,128,2538,2024-02-29,2,483.84,In-Store
2277,134,2658,2024-10-23,3,394.11,Online
2278,127,2134,2026-03-17,3,2292.66,Online
2279,108,2250,2026-08-05,4,971.72,Online
2280,101,2642,2026-03-09,1,103.02,Online
2281,145,2582,2025-12-19,2,311.02,In-Store
2282,143,2186,2025-07-06,2,394.32,In-Store
2283,116,2707,2024-12-01,1,158.79,Online
2284,114,2680,2025-06-16,3,349.53,Online
2285,114,2567,2026-09-05,1,116.51,Online
2286,114,2406,2026-01-02,4,466.04,In-Store
2287,108,2144,2026-01-24,3,728.79,Online
2288,143,2975,2025-09-14,3,591.48,Online
2289,114,2655,2025-05-09,4,466.04,Online
2290,132,2189,2026-06-06,4,473.76,Online
2291,101,2430,2026-06-11,4,412.08,Online
2292,104,2158,2026-09-03,4,206.64,In-Store
2293,108,2288,2026-06-08,3,728.79,In-Store
2294,128,2283,2025-08-01,1,241.92,Online
2295,105,2784,2026-07-22,4,562.64,Online
2296,129,2300,2026-01-10,2,626.46,Online
2297,118,2840,2026-05-02,2,167.3,Online
2298,102,2222,2025-01-09,2,476.84,Online
2299,136,2379,2026-09-03,2,457.38,Online
2300,134,2268,2025-07-14,3,394.11,Online
2301,120,2272,2026-09-04,4,488.72,Online
2302,116,2067,2024-05-26,3,476.37,Online
2303,143,2806,2026-07-10,2,394.32,Online
2304,110,2975,2024-08-26,1,64.9,Online
2305,137,2767,2026-07-18,3,227.43,Online
2306,107,2474,2025-07-06,3,343.23,Online
2307,138,2251,2026-05-25,2,341.38,Online
2308,137,2662,2026-04-29,3,227.43,Online
2309,113,2374,2026-09-09,2,934.66,Online
2310,123,2047,2026-08-04,4,616.88,In-Store
2311,115,2524,2026-06-11,4,333.76,In-Store
2312,107,2018,2025-05-14,2,228.82,In-Store
2313,114,2404,2025-01-10,4,466.04,Online
2314,105,2526,2026-06-01,1,140.66,In-Store
2315,115,2433,2025-06-01,2,166.88,In-Store
2316,117,2365,2024-04-11,1,47.78,In-Store
2317,142,2402,2026-05-29,4,971.4,In-Store
2318,116,2094,2026-09-07,1,158.79,Online
2319,135,2803,2026-07-21,2,46.16,Online
2320,135,2470,2026-06-16,2,46.16,Online
2321,114,2926,2026-09-08,4,466.04,Online
2322,138,2101,2026-03-10,2,341.38,In-Store
2323,145,2277,2025-02-13,3,466.53,Online
2324,145,2752,2025-08-28,2,311.02,Online
2325,137,2734,2026-09-01,1,75.81,Online
2326,111,2194,2026-08-21,2,115.46,Online
2327,114,2729,2026-05-23,2,233.02,In-Store
2328,143,2293,2026-07-05,4,788.64,In-Store
2329,108,2611,2025-03-29,2,485.86,Online
2330,149,2620,2026-08-13,3,76.89,Online
2331,111,2151,2025-06-03,4,230.92,Online
2332,103,2008,2026-06-08,2,1038.12,Online
2333,114,2109,2025-05-25,1,116.51,In-Store
2334,115,2407,2026-02-06,2,166.88,Online
2335,136,2709,2026-09-04,3,686.07,Online
2336,135,2156,2025-10-08,2,46.16,Online
2337,129,2418,2026-04-01,3,939.69,Online
2338,147,2262,2025-08-06,1,35.8,In-Store
2339,150,2397,2026-04-15,4,365.8,Online
2340,145,2877,2024-05-31,2,311.02,Online
2341,135,2230,2026-07-02,1,23.08,In-Store
2342,138,2473,2026-05-29,2,341.38,Online
2343,109,2510,2025-01-29,2,421.24,Online
2344,105,2502,2026-08-27,2,281.32,In-Store
2345,134,2542,2026-05-02,1,131.37,Online
2346,112,2263,2024-06-24,1,58.1,Online
2347,109,2484,2025-01-14,2,421.24,Online
2348,105,2510,2026-04-05,4,562.64,In-Store
2349,121,2081,2026-06-05,4,959.08,In-Store
2350,102,2676,2026-07-21,1,238.42,Online
2351,147,2779,2025-02-28,1,35.8,Online
2352,106,2317,2026-09-08,1,520.78,In-Store
2353,129,2474,2025-04-06,3,939.69,Online
2354,102,2786,2026-07-19,2,476.84,Online
2355,108,2309,2026-06-09,3,728.79,Online
2356,135,2263,2024-03-12,2,46.16,In-Store
2357,131,2660,2026-04-08,3,527.37,Online
2358,105,2514,2026-06-24,2,281.32,In-Store
2359,133,2825,2025-08-22,1,43.68,Online
2360,133,2373,2026-05-11,4,174.72,Online
2361,101,2028,2023-12-26,3,309.06,In-Store
2362,122,2372,2026-08-05,1,135.85,Online
2363,134,2721,2025-12-26,2,262.74,Online
2364,116,2372,2026-05-31,4,635.16,In-Store
2365,115,2796,2026-06-08,3,250.32,Online
2366,120,2652,2026-05-15,2,244.36,In-Store
2367,136,2370,2024-09-13,1,228.69,Online
2368,116,2054,2024-12-28,4,635.16,In-Store
2369,140,2858,2026-09-01,3,411.66,Online
2370,112,2771,2026-07-26,2,116.2,Online
2371,104,2065,2026-04-19,1,51.66,Online
2372,108,2254,2026-04-16,1,242.93,Online
2373,142,2618,2026-04-08,2,485.7,In-Store
2374,116,2947,2026-06-26,2,317.58,Online
2375,134,2714,2025-02-21,1,131.37,Online
2376,144,2268,2024-12-05,1,726.38,In-Store
2377,144,2692,2026-06-21,3,2179.14,In-Store
2378,143,2514,2026-04-22,3,591.48,Online
2379,116,2295,2024-11-13,4,635.16,In-Store
2380,128,2364,2026-02-26,2,483.84,Online
2381,106,2305,2026-08-06,4,2083.12,Online
2382,141,2822,2026-03-15,4,917.6,In-Store
2383,124,2349,2026-09-04,3,77.76,Online
2384,147,2188,2026-05-20,3,107.4,Online
2385,119,2533,2026-07-25,2,202.2,Online
2386,125,2661,2025-11-06,3,473.31,Online
2387,133,2792,2026-02-19,1,43.68,In-Store
2388,116,2727,2026-05-29,2,317.58,Online
2389,130,2327,2025-02-26,1,37.95,Online
2390,141,2040,2026-08-31,1,229.4,Online
2391,114,2239,2025-11-20,3,349.53,In-Store
2392,138,2829,2025-08-12,3,512.07,Online
2393,110,2386,2025-07-24,1,64.9,Online
2394,130,2096,2026-08-07,4,151.8,Online
2395,113,2535,2026-08-30,2,934.66,In-Store
2396,113,2092,2026-07-20,4,1869.32,In-Store
2397,115,2132,2025-12-08,1,83.44,Online
2398,105,2857,2026-01-07,1,140.66,In-Store
2399,149,2761,2026-08-28,3,76.89,Online
2400,127,2096,2026-06-17,1,764.22,Online
2401,102,2911,2026-06-02,1,238.42,In-Store
2402,108,2107,2026-08-05,2,485.86,In-Store
2403,116,2516,2024-12-29,4,635.16,Online
2404,117,2466,2026-06-26,3,143.34,In-Store
2405,127,2120,2026-03-04,1,764.22,In-Store
2406,124,2675,2026-07-01,3,77.76,In-Store
2407,120,2887,2024-04-24,1,122.18,Online
2408,150,2874,2026-06-17,3,274.35,Online
2409,115,2530,2026-01-20,4,333.76,In-Store
2410,102,2471,2026-06-01,2,476.84,Online
2411,147,2196,2026-08-04,2,71.6,In-Store
2412,110,2598,2026-03-16,1,64.9,In-Store
2413,122,2443,2025-09-05,4,543.4,Online
2414,145,2093,2024-04-09,3,466.53,In-Store
2415,148,2512,2025-09-21,1,61.06,Online
2416,116,2622,2025-09-02,4,635.16,Online
2417,134,2422,2026-07-09,1,131.37,Online
2418,150,2744,2026-06-17,1,91.45,Online
2419,134,2944,2025-08-02,2,262.74,Online
2420,106,2383,2026-05-27,1,520.78,Online
2421,105,2152,2026-05-03,3,421.98,In-Store
2422,150,2101,2025-04-08,2,182.9,Online
2423,104,2899,2026-09-05,4,206.64,In-Store
2424,137,2541,2025-08-15,1,75.81,Online
2425,128,2619,2025-08-04,2,483.84,In-Store
2426,117,2212,2026-07-15,3,143.34,Online
2427,136,2117,2025-05-04,1,228.69,In-Store
2428,122,2986,2026-02-07,3,407.55,In-Store
2429,136,2471,2025-12-08,2,457.38,Online
2430,142,2047,2026-07-28,3,728.55,In-Store
2431,107,2721,2025-09-04,3,343.23,Online
2432,139,2687,2025-10-08,1,88.25,In-Store
2433,138,2364,2026-04-04,1,170.69,Online
2434,102,2284,2025-08-08,4,953.68,Online
2435,126,2574,2026-03-02,4,220.28,In-Store
2436,150,2564,2025-02-27,3,274.35,In-Store
2437,139,2634,2026-06-13,4,353.0,Online
2438,110,2889,2026-06-16,3,194.7,In-Store
2439,137,2378,2026-09-01,2,151.62,In-Store
2440,119,2326,2026-02-03,1,101.1,In-Store
2441,112,2888,2025-10-05,2,116.2,Online
2442,119,2186,2025-10-20,2,202.2,Online
2443,104,2396,2026-08-31,4,206.64,In-Store
2444,131,2696,2026-07-31,2,351.58,Online
2445,149,2632,2025-06-17,4,102.52,Online
2446,148,2635,2024-10-08,2,122.12,Online
2447,134,2551,2026-04-04,2,262.74,Online
2448,124,2662,2026-04-29,2,51.84,In-Store
2449,149,2136,2026-08-17,1,25.63,Online
2450,127,2828,2025-04-27,1,764.22,In-Store
2451,122,2904,2026-03-03,1,135.85,In-Store
2452,126,2802,2026-04-04,3,165.21,In-Store
2453,143,2669,2025-12-12,3,591.48,Online
2454,137,2783,2025-12-30,4,303.24,Online
2455,114,2398,2024-12-03,1,116.51,In-Store
2456,107,2475,2026-07-04,2,228.82,In-Store
2457,137,2804,2025-03-26,3,227.43,Online
2458,150,2252,2026-06-15,3,274.35,Online
2459,138,2532,2025-07-28,3,512.07,In-Store
2460,102,2272,2024-01-04,2,476.84,Online
2461,101,2750,2026-04-22,4,412.08,In-Store
2462,105,2383,2025-10-15,1,140.66,Online
2463,133,2832,2026-04-01,2,87.36,Online
2464,140,2082,2026-03-08,3,411.66,Online
2465,125,2049,2025-11-27,1,157.77,In-Store
2466,119,2642,2025-08-08,1,101.1,Online
2467,150,2056,2026-07-02,2,182.9,In-Store
2468,129,2198,2025-10-31,4,1252.92,In-Store
2469,115,2052,2025-09-03,3,250.32,Online
2470,129,2019,2026-08-08,4,1252.92,In-Store
2471,104,2280,2026-04-02,4,206.64,In-Store
2472,127,2722,2026-08-14,2,1528.44,In-Store
2473,136,2135,2026-05-27,1,228.69,Online
2474,125,2721,2026-04-07,1,157.77,In-Store
2475,105,2558,2026-08-29,3,421.98,Online
2476,144,2389,2025-10-16,3,2179.14,Online
2477,113,2969,2024-06-30,4,1869.32,In-Store
2478,121,2091,2025-01-29,3,719.31,In-Store
2479,107,2204,2026-05-17,4,457.64,In-Store
2480,101,2928,2026-05-25,2,206.04,In-Store
2481,139,2671,2026-08-31,2,176.5,Online
2482,149,2374,2026-08-28,4,102.52,In-Store
2483,109,2826,2026-03-18,4,842.48,Online
2484,125,2537,2026-01-10,1,157.77,In-Store
2485,143,2219,2026-01-08,3,591.48,Online
2486,147,2265,2025-05-17,2,71.6,In-Store
2487,126,2318,2025-06-22,3,165.21,In-Store
2488,128,2045,2026-08-15,3,725.76,Online
2489,129,2995,2025-02-28,2,626.46,Online
2490,131,2831,2026-08-11,1,175.79,In-Store
2491,132,2907,2026-03-20,2,236.88,In-Store
2492,111,2077,2026-05-30,1,57.73,Online
2493,135,2896,2026-05-30,2,46.16,Online
2494,134,2621,2026-07-06,4,525.48,In-Store
2495,148,2564,2025-01-22,4,244.24,In-Store
2496,115,2431,2026-04-06,2,166.88,Online
2497,135,2850,2025-12-02,3,69.24,Online
2498,137,2031,2025-02-28,4,303.24,Online
2499,138,2485,2026-08-30,4,682.76,Online
2500,130,2675,2026-04-22,4,151.8,Online
2501,116,2394,2026-05-30,4,635.16,In-Store
2502,101,2779,2025-07-04,3,309.06,Online
2503,106,2370,2024-12-27,2,1041.56,In-Store
2504,121,2225,2025-11-28,2,479.54,Online
2505,143,2993,2026-08-24,3,591.48,Online
2506,129,2777,2026-08-14,1,313.23,Online
2507,147,2397,2026-02-16,1,35.8,In-Store
2508,112,2644,2026-08-19,1,58.1,In-Store
2509,126,2136,2026-08-20,4,220.28,In-Store
2510,138,2952,2026-02-26,3,512.07,In-Store
2511,135,2423,2026-09-06,3,69.24,In-Store
2512,109,2870,2024-09-08,1,210.62,Online
2513,143,2796,2025-08-24,4,788.64,In-Store
2514,133,2714,2025-04-26,3,131.04,In-Store
2515,122,2296,2026-05-10,1,135.85,Online
2516,141,2283,2025-12-20,4,917.6,Online
2517,106,2691,2026-05-10,3,1562.34,In-Store
2518,126,2235,2026-04-09,4,220.28,Online
2519,150,2472,2026-05-15,2,182.9,Online
2520,118,2936,2026-08-08,4,334.6,Online
2521,147,2962,2025-05-04,4,143.2,Online
2522,125,2603,2025-11-10,2,315.54,In-Store
2523,133,2567,2026-07-12,4,174.72,In-Store
2524,121,2837,2024-12-07,2,479.54,Online
2525,142,2995,2024-01-19,3,728.55,In-Store
2526,144,2002,2026-06-21,2,1452.76,Online
2527,102,2053,2025-10-05,3,715.26,Online
2528,122,2374,2026-09-09,4,543.4,In-Store
2529,108,2040,2026-08-31,2,485.86,Online
2530,150,2901,2026-05-09,3,274.35,Online
2531,134,2268,2025-01-02,4,525.48,Online
2532,109,2585,2026-07-29,3,631.86,In-Store
2533,141,2292,2025-12-10,2,458.8,In-Store
2534,118,2735,2026-08-20,4,334.6,In-Store
2535,135,2869,2026-06-26,1,23.08,Online
2536,106,2397,2026-03-16,3,1562.34,In-Store
2537,147,2524,2026-05-02,4,143.2,In-Store
2538,125,2913,2026-08-21,2,315.54,In-Store
2539,138,2173,2026-07-20,2,341.38,In-Store
2540,107,2337,2026-03-19,2,228.82,In-Store
2541,124,2107,2026-08-02,3,77.76,Online
2542,134,2949,2026-02-20,3,394.11,Online
2543,121,2948,2026-03-02,1,239.77,In-Store
2544,150,2316,2026-06-13,3,274.35,Online
2545,120,2226,2026-09-03,1,122.18,In-Store
2546,108,2825,2025-01-15,4,971.72,In-Store
2547,113,2476,2025-12-08,3,1401.99,In-Store
2548,106,2236,2026-03-29,3,1562.34,In-Store
2549,121,2386,2025-03-09,3,719.31,Online
2550,121,2108,2026-07-21,2,479.54,Online
2551,124,2217,2024-09-14,2,51.84,Online
2552,134,2470,2026-08-28,1,131.37,In-Store
2553,121,2797,2026-08-20,1,239.77,Online
2554,110,2957,2025-10-09,1,64.9,Online
2555,106,2948,2026-06-29,1,520.78,Online
2556,140,2180,2025-04-11,1,137.22,In-Store
2557,104,2516,2026-07-13,2,103.32,Online
2558,109,2007,2025-09-23,2,421.24,In-Store
2559,126,2520,2026-04-28,2,110.14,In-Store
2560,150,2936,2026-08-22,4,365.8,Online
2561,150,2061,2025-12-26,4,365.8,Online
2562,120,2530,2026-02-17,2,244.36,In-Store
2563,133,2485,2026-07-15,3,131.04,Online
2564,147,2532,2025-11-06,4,143.2,Online
2565,146,2795,2026-07-14,3,694.92,In-Store
2566,140,2494,2025-10-07,1,137.22,Online
2567,122,2809,2026-03-12,1,135.85,In-Store
2568,103,2934,2026-06-09,1,519.06,In-Store
2569,141,2800,2026-04-27,2,458.8,In-Store
2570,105,2641,2024-11-21,2,281.32,In-Store
2571,108,2636,2026-07-28,3,728.79,Online
2572,121,2072,2023-11-15,3,719.31,Online
2573,141,2036,2025-02-25,4,917.6,In-Store
2574,119,2734,2026-04-19,3,303.3,Online
2575,140,2852,2026-04-27,4,548.88,Online
2576,132,2577,2025-12-24,2,236.88,Online
2577,115,2961,2026-07-17,4,333.76,Online
2578,147,2901,2026-07-15,3,107.4,Online
2579,109,2146,2025-08-06,3,631.86,In-Store
2580,124,2986,2026-01-24,3,77.76,In-Store
2581,134,2948,2025-06-24,2,262.74,In-Store
2582,148,2704,2025-10-04,2,122.12,In-Store
2583,113,2836,2024-12-29,2,934.66,Online
2584,106,2619,2025-12-25,1,520.78,Online
2585,134,2734,2026-04-17,2,262.74,Online
2586,114,2264,2024-12-22,4,466.04,Online
2587,150,2026,2025-04-17,4,365.8,Online
2588,143,2511,2024-03-07,4,788.64,In-Store
2589,131,2786,2026-03-11,4,703.16,Online
2590,124,2262,2026-08-30,3,77.76,Online
2591,137,2133,2024-08-23,1,75.81,Online
2592,133,2139,2026-06-08,4,174.72,Online
2593,116,2901,2026-08-13,1,158.79,Online
2594,146,2054,2024-11-05,4,926.56,Online
2595,105,2638,2026-03-09,4,562.64,In-Store
2596,137,2199,2026-01-31,2,151.62,Online
2597,110,2320,2025-10-07,2,129.8,Online
2598,147,2883,2024-05-26,4,143.2,Online
2599,141,2649,2024-04-13,3,688.2,In-Store
2600,116,2543,2024-07-10,2,317.58,Online
2601,137,2647,2026-06-02,2,151.62,Online
2602,118,2546,2024-10-19,4,334.6,Online
2603,130,2483,2026-09-08,4,151.8,In-Store
2604,119,2161,2026-01-30,2,202.2,Online
2605,117,2562,2025-09-30,4,191.12,In-Store
2606,112,2712,2025-05-30,4,232.4,In-Store
2607,129,2826,2026-08-01,1,313.23,In-Store
2608,105,2562,2026-04-01,2,281.32,Online
2609,139,2327,2026-08-25,4,353.0,In-Store
2610,114,2911,2026-05-08,4,466.04,Online
2611,134,2136,2026-08-15,2,262.74,In-Store
2612,149,2146,2026-07-14,1,25.63,In-Store
2613,147,2793,2026-08-22,1,35.8,In-Store
2614,103,2190,2026-02-08,3,1557.18,In-Store
2615,134,2483,2026-06-08,4,525.48,Online
2616,148,2679,2026-06-19,3,183.18,In-Store
2617,141,2352,2025-02-14,4,917.6,Online
2618,113,2797,2026-05-08,1,467.33,Online
2619,125,2976,2024-08-24,1,157.77,In-Store
2620,121,2857,2025-08-07,1,239.77,Online
2621,114,2070,2024-10-06,1,116.51,Online
2622,111,2778,2026-09-05,3,173.19,Online
2623,131,2093,2024-09-22,3,527.37,In-Store
2624,113,2194,2026-01-17,1,467.33,In-Store
2625,106,2408,2026-01-28,2,1041.56,In-Store
2626,108,2492,2026-09-05,2,485.86,Online
2627,147,2050,2025-08-09,2,71.6,Online
2628,144,2208,2026-09-01,4,2905.52,Online
2629,104,2460,2025-06-30,1,51.66,In-Store
2630,106,2770,2026-04-28,1,520.78,Online
2631,109,2376,2024-11-26,2,421.24,Online
2632,129,2121,2025-03-07,2,626.46,Online
2633,149,2653,2026-06-08,4,102.52,In-Store
2634,148,2199,2026-08-26,2,122.12,Online
2635,128,2292,2025-10-16,4,967.68,Online
2636,143,2209,2025-08-14,2,394.32,Online
2637,120,2644,2025-11-14,1,122.18,In-Store
2638,112,2764,2025-05-27,1,58.1,Online
2639,136,2284,2026-06-15,4,914.76,In-Store
2640,101,2137,2026-03-08,3,309.06,In-Store
2641,125,2147,2026-09-08,2,315.54,Online
2642,145,2841,2024-10-19,3,466.53,Online
2643,148,2717,2026-03-31,1,61.06,In-Store
2644,139,2713,2025-08-03,3,264.75,In-Store
2645,102,2779,2026-06-27,1,238.42,In-Store
2646,110,2967,2025-02-02,3,194.7,In-Store
2647,136,2416,2025-01-09,3,686.07,In-Store
2648,149,2362,2025-03-07,2,51.26,In-Store
2649,105,2849,2024-11-03,2,281.32,Online
2650,104,2137,2026-08-03,4,206.64,Online
2651,131,2357,2024-06-22,2,351.58,In-Store
2652,111,2488,2024-12-13,1,57.73,Online
2653,128,2715,2025-08-30,4,967.68,In-Store
2654,109,2024,2024-11-28,2,421.24,Online
2655,107,2522,2026-08-29,3,343.23,Online
2656,144,2263,2024-08-09,1,726.38,In-Store
2657,103,2698,2026-08-10,2,1038.12,Online
2658,124,2125,2026-06-03,4,103.68,Online
2659,129,2556,2026-07-12,3,939.69,Online
2660,140,2894,2026-06-22,1,137.22,Online
2661,124,2436,2026-05-27,3,77.76,Online
2662,117,2846,2025-10-29,4,191.12,Online
2663,117,2135,2026-09-05,4,191.12,Online
2664,136,2003,2024-05-05,1,228.69,Online
2665,108,2796,2026-06-11,1,242.93,In-Store
2666,127,2029,2026-09-06,2,1528.44,Online
2667,149,2441,2025-01-22,1,25.63,Online
2668,103,2161,2026-06-05,1,519.06,In-Store
2669,143,2097,2026-07-25,3,591.48,Online
2670,102,2108,2026-03-23,1,238.42,Online
2671,106,2700,2025-07-19,2,1041.56,In-Store
2672,107,2044,2026-01-09,2,228.82,Online
2673,122,2454,2025-06-16,1,135.85,Online
2674,124,2810,2026-07-14,3,77.76,Online
2675,126,2297,2026-04-19,2,110.14,Online
2676,102,2700,2024-04-26,4,953.68,In-Store
2677,144,2343,2026-09-06,3,2179.14,Online
2678,139,2420,2026-02-18,3,264.75,Online
2679,136,2031,2024-11-09,1,228.69,Online
2680,150,2200,2026-04-04,2,182.9,In-Store
2681,117,2394,2026-04-02,4,191.12,Online
2682,106,2430,2026-05-29,3,1562.34,In-Store
2683,109,2068,2025-12-31,4,842.48,Online
2684,126,2033,2025-01-04,4,220.28,Online
2685,141,2101,2025-09-14,1,229.4,Online
2686,129,2794,2024-08-25,4,1252.92,Online
2687,103,2124,2026-07-15,1,519.06,Online
2688,150,2577,2025-06-30,1,91.45,In-Store
2689,141,2757,2026-08-15,3,688.2,In-Store
2690,143,2004,2026-03-02,1,197.16,Online
2691,117,2783,2025-07-09,1,47.78,In-Store
2692,132,2295,2026-06-27,4,473.76,In-Store
2693,141,2521,2025-12-28,2,458.8,Online
2694,129,2200,2026-01-11,1,313.23,Online
2695,148,2376,2026-03-03,3,183.18,Online
2696,107,2404,2025-12-23,2,228.82,In-Store
2697,132,2478,2025-08-02,4,473.76,In-Store
2698,112,2267,2026-07-28,3,174.3,Online
2699,143,2185,2026-06-20,3,591.48,In-Store
2700,140,2560,2026-05-04,4,548.88,Online
2701,111,2070,2025-05-01,4,230.92,In-Store
2702,104,2028,2026-04-30,4,206.64,In-Store
2703,106,2847,2025-08-10,4,2083.12,Online
2704,143,2842,2025-12-12,1,197.16,Online
2705,106,2096,2026-07-10,2,1041.56,Online
2706,133,2680,2026-09-08,4,174.72,In-Store
2707,129,2899,2026-09-03,1,313.23,In-Store
2708,119,2496,2026-07-25,1,101.1,Online
2709,117,2970,2025-04-15,3,143.34,In-Store
2710,129,2136,2026-01-03,3,939.69,In-Store
2711,137,2506,2026-01-09,4,303.24,In-Store
2712,135,2369,2025-01-16,2,46.16,Online
2713,135,2809,2025-04-01,1,23.08,Online
2714,143,2469,2026-04-11,1,197.16,In-Store
2715,137,2844,2026-05-03,1,75.81,Online
2716,149,2588,2024-11-02,1,25.63,In-Store
2717,144,2503,2026-06-29,3,2179.14,In-Store
2718,136,2592,2026-01-05,2,457.38,Online
2719,138,2722,2026-02-05,4,682.76,Online
2720,115,2267,2026-08-13,1,83.44,Online
2721,138,2906,2026-07-07,4,682.76,Online
2722,132,2349,2025-09-07,2,236.88,In-Store
2723,145,2481,2026-04-21,2,311.02,Online
2724,107,2720,2025-11-22,4,457.64,In-Store
2725,112,2796,2026-02-12,3,174.3,Online
2726,145,2886,2025-07-30,3,466.53,In-Store
2727,116,2370,2026-02-12,3,476.37,In-Store
2728,129,2422,2026-08-07,3,939.69,In-Store
2729,110,2068,2025-09-04,3,194.7,Online
2730,123,2380,2026-02-17,2,308.44,Online
2731,109,2275,2026-07-25,1,210.62,In-Store
2732,150,2966,2026-07-14,2,182.9,Online
2733,145,2525,2025-08-27,2,311.02,In-Store
2734,109,2043,2026-06-10,3,631.86,Online
2735,129,2473,2026-01-23,1,313.23,Online
2736,105,2024,2026-08-10,1,140.66,Online
2737,138,2076,2024-06-06,2,341.38,Online
2738,114,2652,2026-01-31,4,466.04,Online
2739,147,2233,2026-06-04,4,143.2,Online
2740,103,2335,2026-06-09,3,1557.18,Online
2741,126,2547,2025-11-11,3,165.21,Online
2742,118,2910,2026-05-09,3,250.95,Online
2743,140,2142,2026-01-10,1,137.22,Online
2744,113,2314,2026-06-01,3,1401.99,Online
2745,127,2030,2025-09-13,4,3056.88,Online
2746,131,2464,2026-08-03,1,175.79,In-Store
2747,139,2127,2026-06-03,1,88.25,In-Store
2748,126,2531,2023-10-19,4,220.28,In-Store
2749,106,2142,2026-03-27,4,2083.12,Online
2750,115,2406,2025-05-05,3,250.32,In-Store
2751,141,2186,2026-04-13,4,917.6,Online
2752,140,2537,2026-07-27,2,274.44,In-Store
2753,136,2387,2026-07-02,4,914.76,Online
2754,137,2933,2026-07-18,3,227.43,Online
2755,117,2322,2026-09-07,3,143.34,Online
2756,109,2111,2025-12-19,2,421.24,Online
2757,131,2847,2026-07-21,3,527.37,In-Store
2758,145,2692,2026-04-21,1,155.51,Online
2759,106,2115,2025-06-01,4,2083.12,Online
2760,135,2228,2026-06-20,4,92.32,In-Store
2761,127,2413,2025-10-06,2,1528.44,Online
2762,121,2507,2026-04-12,3,719.31,In-Store
2763,101,2058,2026-06-13,1,103.02,Online
2764,109,2585,2026-08-11,3,631.86,In-Store
2765,112,2971,2025-08-27,1,58.1,Online
2766,144,2920,2025-05-05,3,2179.14,In-Store
2767,132,2606,2026-04-04,4,473.76,Online
2768,117,2322,2026-08-18,2,95.56,Online
2769,121,2819,2026-04-17,4,959.08,Online
2770,122,2483,2026-05-27,1,135.85,In-Store
2771,150,2443,2025-08-08,3,274.35,In-Store
2772,139,2194,2025-10-01,1,88.25,Online
2773,124,2129,2026-08-10,3,77.76,Online
2774,109,2878,2026-07-19,2,421.24,Online
2775,104,2331,2024-10-02,1,51.66,Online
2776,139,2625,2025-12-04,3,264.75,In-Store
2777,145,2925,2025-04-04,4,622.04,In-Store
2778,112,2858,2026-07-20,2,116.2,Online
2779,129,2184,2026-06-11,4,1252.92,Online
2780,120,2690,2026-07-07,4,488.72,In-Store
2781,105,2763,2026-07-24,4,562.64,Online
2782,118,2104,2026-07-03,1,83.65,Online
2783,133,2366,2026-08-31,3,131.04,In-Store
2784,104,2796,2026-02-02,1,51.66,In-Store
2785,138,2016,2025-05-26,4,682.76,Online
2786,109,2707,2025-11-02,2,421.24,Online
2787,123,2174,2026-09-03,4,616.88,Online
2788,129,2933,2026-07-04,2,626.46,Online
2789,141,2792,2025-12-17,4,917.6,Online
2790,111,2144,2024-07-23,1,57.73,In-Store
2791,148,2521,2025-04-02,4,244.24,Online
2792,145,2229,2026-07-31,4,622.04,In-Store
2793,123,2049,2026-08-04,2,308.44,Online
2794,112,2984,2026-07-29,3,174.3,In-Store
2795,145,2124,2026-08-23,2,311.02,In-Store
2796,124,2318,2025-10-15,3,77.76,Online
2797,117,2033,2025-06-20,3,143.34,Online
2798,122,2284,2026-01-01,2,271.7,In-Store
2799,108,2848,2025-04-18,2,485.86,In-Store
2800,119,2152,2026-04-25,4,404.4,In-Store
2801,129,2729,2026-04-24,4,1252.92,Online
2802,143,2764,2025-03-08,3,591.48,In-Store
2803,113,2483,2025-10-28,4,1869.32,In-Store
2804,123,2818,2026-04-22,1,154.22,In-Store
2805,105,2065,2026-06-04,4,562.64,In-Store
2806,122,2827,2025-10-07,2,271.7,Online
2807,121,2380,2026-03-25,2,479.54,Online
2808,122,2616,2025-09-05,2,271.7,Online
2809,133,2012,2025-07-31,1,43.68,Online
2810,119,2432,2025-11-30,1,101.1,Online
2811,118,2338,2025-02-16,3,250.95,Online
2812,117,2916,2026-03-31,3,143.34,Online
2813,135,2054,2025-01-02,3,69.24,Online
2814,114,2470,2026-07-30,4,466.04,In-Store
2815,144,2107,2026-09-03,3,2179.14,In-Store
2816,110,2636,2026-01-29,4,259.6,In-Store
2817,135,2505,2025-11-18,4,92.32,In-Store
2818,138,2559,2025-02-15,2,341.38,In-Store
2819,131,2065,2024-12-06,2,351.58,Online
2820,144,2106,2026-05-14,2,1452.76,Online
2821,106,2371,2025-05-24,4,2083.12,Online
2822,114,2177,2025-12-13,2,233.02,In-Store
2823,116,2442,2026-06-09,2,317.58,In-Store
2824,108,2792,2025-12-10,4,971.72,Online
2825,137,2384,2026-04-25,2,151.62,In-Store
2826,104,2509,2026-05-03,2,103.32,In-Store
2827,108,2143,2026-07-09,1,242.93,In-Store
2828,102,2230,2024-07-17,1,238.42,In-Store
2829,125,2380,2026-07-08,1,157.77,Online
2830,141,2910,2026-07-24,4,917.6,Online
2831,119,2122,2025-06-07,2,202.2,Online
2832,119,2378,2024-04-05,1,101.1,In-Store
2833,121,2900,2025-07-10,2,479.54,Online
2834,104,2581,2026-07-12,4,206.64,Online
2835,142,2413,2026-08-11,2,485.7,In-Store
2836,138,2311,2026-02-24,3,512.07,Online
2837,147,2038,2025-07-10,1,35.8,Online
2838,112,2835,2026-08-31,1,58.1,Online
2839,122,2814,2026-08-23,4,543.4,Online
2840,102,2833,2026-04-23,1,238.42,Online
2841,128,2427,2026-05-08,3,725.76,Online
2842,124,2076,2025-12-31,3,77.76,Online
2843,119,2705,2026-05-28,1,101.1,Online
2844,126,2532,2025-03-06,3,165.21,In-Store
2845,140,2463,2026-07-19,1,137.22,Online
2846,128,2772,2026-09-07,4,967.68,In-Store
2847,125,2204,2025-08-24,4,631.08,In-Store
2848,101,2381,2025-03-25,2,206.04,In-Store
2849,134,2428,2026-03-16,1,131.37,Online
2850,143,2521,2026-07-10,4,788.64,In-Store
2851,124,2075,2025-05-02,4,103.68,In-Store
2852,137,2359,2024-12-13,4,303.24,Online
2853,116,2026,2026-06-30,2,317.58,Online
2854,128,2943,2024-12-11,3,725.76,Online
2855,134,2850,2026-07-23,2,262.74,Online
2856,136,2015,2024-03-24,1,228.69,In-Store
2857,105,2364,2025-01-23,4,562.64,Online
2858,108,2331,2024-10-27,4,971.72,Online
2859,143,2449,2025-06-28,2,394.32,Online
2860,105,2294,2025-09-01,1,140.66,In-Store
2861,136,2664,2026-07-24,2,457.38,Online
2862,138,2092,2026-08-06,4,682.76,In-Store
2863,111,2429,2024-09-20,2,115.46,In-Store
2864,133,2943,2025-07-06,1,43.68,Online
2865,147,2054,2025-04-23,3,107.4,Online
2866,136,2916,2025-07-13,3,686.07,Online
2867,121,2367,2025-11-26,4,959.08,In-Store
2868,137,2126,2026-08-04,2,151.62,In-Store
2869,132,2847,2025-12-21,1,118.44,In-Store
2870,105,2019,2025-12-23,4,562.64,In-Store
2871,127,2925,2026-03-11,3,2292.66,Online
2872,109,2451,2026-05-28,3,631.86,Online
2873,111,2993,2026-02-25,3,173.19,Online
2874,132,2005,2026-01-26,2,236.88,In-Store
2875,129,2685,2026-08-16,2,626.46,Online
2876,105,2134,2025-09-23,4,562.64,In-Store
2877,101,2924,2025-10-13,4,412.08,Online
2878,136,2062,2026-03-19,1,228.69,Online
2879,101,2118,2025-10-30,2,206.04,Online
2880,143,2887,2024-06-30,1,197.16,Online
2881,148,2187,2024-04-09,1,61.06,Online
2882,104,2228,2026-01-12,2,103.32,In-Store
2883,105,2045,2026-09-07,4,562.64,In-Store
2884,101,2310,2024-03-09,4,412.08,Online
2885,142,2907,2026-06-19,1,242.85,In-Store
2886,136,2566,2026-05-28,3,686.07,Online
2887,110,2228,2026-08-10,4,259.6,Online
2888,127,2585,2026-07-31,3,2292.66,In-Store
2889,131,2587,2024-10-18,1,175.79,Online
2890,140,2836,2024-11-20,2,274.44,Online
2891,135,2204,2026-02-14,1,23.08,In-Store
2892,103,2904,2024-02-17,3,1557.18,Online
2893,150,2046,2025-01-25,4,365.8,In-Store
2894,130,2681,2024-06-16,3,113.85,In-Store
2895,147,2970,2026-05-14,3,107.4,Online
2896,122,2258,2026-05-21,2,271.7,Online
2897,118,2522,2026-04-13,4,334.6,Online
2898,113,2742,2026-04-30,2,934.66,Online
2899,133,2892,2026-02-24,2,87.36,In-Store
2900,121,2300,2025-12-17,2,479.54,Online
2901,120,2921,2026-07-09,4,488.72,In-Store
2902,122,2531,2025-08-21,1,135.85,Online
2903,146,2813,2026-03-28,1,231.64,Online
2904,123,2355,2025-08-07,1,154.22,Online
2905,114,2958,2025-09-29,2,233.02,Online
2906,150,2585,2026-08-15,3,274.35,Online
2907,145,2044,2026-07-09,3,466.53,Online
2908,115,2658,2024-04-20,1,83.44,Online
2909,150,2997,2026-07-05,4,365.8,Online
2910,102,2593,2025-12-06,2,476.84,Online
2911,144,2803,2026-02-14,4,2905.52,Online
2912,111,2683,2026-08-15,1,57.73,Online
2913,115,2714,2025-08-27,3,250.32,Online
2914,144,2694,2025-05-25,2,1452.76,Online
2915,109,2894,2026-08-07,2,421.24,Online
2916,104,2904,2025-09-26,1,51.66,In-Store
2917,106,2864,2025-11-05,3,1562.34,Online
2918,123,2332,2026-08-19,3,462.66,Online
2919,103,2627,2025-12-17,4,2076.24,Online
2920,107,2045,2026-09-09,4,457.64,In-Store
2921,139,2847,2026-02-09,1,88.25,Online
2922,144,2704,2026-06-09,3,2179.14,Online
2923,149,2913,2026-09-01,1,25.63,Online
2924,119,2009,2025-04-25,2,202.2,Online
2925,114,2772,2026-09-06,1,116.51,Online
2926,103,2277,2024-04-11,2,1038.12,Online
2927,145,2047,2026-08-22,3,466.53,Online
2928,141,2073,2025-07-20,1,229.4,In-Store
2929,140,2990,2025-07-08,2,274.44,In-Store
2930,149,2354,2026-07-16,2,51.26,Online
2931,110,2682,2025-01-03,1,64.9,Online
2932,104,2381,2024-01-14,4,206.64,Online
2933,101,2561,2025-09-23,1,103.02,Online
2934,136,2563,2026-09-04,1,228.69,Online
2935,131,2537,2026-04-16,3,527.37,Online
2936,131,2777,2025-10-13,3,527.37,In-Store
2937,143,2714,2025-03-24,2,394.32,In-Store
2938,138,2850,2026-02-07,3,512.07,In-Store
2939,132,2023,2026-06-03,4,473.76,Online
2940,111,2758,2026-09-04,3,173.19,Online
2941,141,2008,2026-04-15,3,688.2,Online
2942,125,2075,2025-11-04,3,473.31,Online
2943,112,2128,2025-06-08,3,174.3,Online
2944,112,2451,2026-06-08,1,58.1,In-Store
2945,145,2653,2026-07-23,2,311.02,In-Store
2946,122,2789,2025-09-29,1,135.85,Online
2947,103,2016,2026-04-12,1,519.06,Online
2948,123,2840,2025-05-15,2,308.44,Online
2949,136,2630,2025-11-29,4,914.76,In-Store
2950,110,2255,2026-05-22,1,64.9,Online
2951,115,2378,2025-03-30,2,166.88,In-Store
2952,144,2928,2025-05-16,3,2179.14,Online
2953,136,2330,2026-07-12,4,914.76,Online
2954,106,2860,2024-10-19,2,1041.56,In-Store
2955,120,2733,2026-04-08,2,244.36,Online
2956,116,2048,2026-09-07,4,635.16,In-Store
2957,130,2796,2025-05-25,3,113.85,Online
2958,117,2513,2024-05-14,4,191.12,Online
2959,139,2890,2026-08-19,2,176.5,Online
2960,106,2908,2024-05-30,3,1562.34,In-Store
2961,101,2226,2026-09-08,2,206.04,In-Store
2962,107,2425,2026-03-15,2,228.82,Online
2963,108,2347,2026-03-15,4,971.72,Online
2964,107,2683,2026-08-28,4,457.64,Online
2965,114,2772,2026-09-09,3,349.53,Online
2966,147,2541,2024-08-17,3,107.4,In-Store
2967,131,2747,2026-01-15,2,351.58,Online
2968,103,2375,2025-10-07,1,519.06,Online
2969,135,2916,2026-07-31,2,46.16,Online
2970,139,2538,2025-01-18,2,176.5,In-Store
2971,112,2909,2026-06-09,3,174.3,Online
2972,104,2958,2025-12-16,1,51.66,In-Store
2973,149,2135,2026-08-25,4,102.52,In-Store
2974,136,2002,2026-06-19,2,457.38,In-Store
2975,141,2293,2026-07-14,2,458.8,In-Store
2976,104,2654,2024-08-11,3,154.98,Online
2977,118,2277,2025-04-15,2,167.3,In-Store
2978,148,2924,2026-03-17,1,61.06,Online
2979,137,2413,2026-01-28,2,151.62,Online
2980,148,2664,2026-07-06,1,61.06,In-Store
2981,104,2039,2025-10-27,3,154.98,In-Store
2982,109,2221,2025-06-30,4,842.48,Online
2983,109,2354,2026-08-29,1,210.62,In-Store
2984,103,2367,2026-02-10,2,1038.12,In-Store
2985,104,2095,2025-10-22,4,206.64,Online
2986,144,2387,2026-01-25,1,726.38,Online
2987,129,2712,2025-09-24,4,1252.92,Online
2988,107,2351,2026-07-12,2,228.82,In-Store
2989,142,2767,2025-12-27,2,485.7,In-Store
2990,144,2091,2026-08-16,1,726.38,Online
2991,103,2296,2026-05-12,2,1038.12,In-Store
2992,114,2747,2025-08-05,1,116.51,Online
2993,148,2265,2026-06-27,3,183.18,Online
2994,111,2611,2026-04-02,2,115.46,In-Store
2995,108,2082,2026-03-13,4,971.72,Online
2996,124,2014,2025-07-11,4,103.68,In-Store
2997,126,2886,2025-07-26,4,220.28,Online
2998,110,2377,2025-12-11,1,64.9,In-Store
2999,124,2504,2026-08-25,3,77.76,Online
3000,150,2300,2026-02-11,3,274.35,Online
3001,128,2648,2026-05-16,4,967.68,In-Store
3002,150,2681,2025-12-17,2,182.9,In-Store
3003,101,2559,2024-11-24,3,309.06,In-Store
3004,113,2371,2025-12-24,2,934.66,In-Store
3005,108,2379,2025-03-25,1,242.93,Online
3006,114,2967,2025-06-22,4,466.04,In-Store
3007,122,2919,2026-08-16,3,407.55,Online
3008,144,2664,2025-01-13,1,726.38,In-Store
3009,144,2731,2026-08-24,1,726.38,In-Store
3010,141,2933,2026-06-18,2,458.8,Online
3011,106,2908,2026-01-31,4,2083.12,Online
3012,122,2222,2026-03-22,2,271.7,In-Store
3013,130,2716,2026-05-06,2,75.9,Online
3014,135,2658,2025-10-10,2,46.16,In-Store
3015,103,2245,2024-12-04,2,1038.12,Online
3016,143,2080,2026-04-09,4,788.64,Online
3017,118,2030,2026-02-16,3,250.95,Online
3018,145,2777,2026-03-14,3,466.53,Online
3019,126,2326,2026-08-02,3,165.21,Online
3020,116,2945,2026-01-18,4,635.16,Online
3021,126,2556,2026-01-04,4,220.28,In-Store
3022,105,2776,2026-08-18,4,562.64,In-Store
3023,106,2907,2024-06-29,2,1041.56,Online
3024,135,2284,2025-05-18,1,23.08,In-Store
3025,120,2327,2026-07-07,1,122.18,Online
3026,139,2187,2025-03-01,2,176.5,Online
3027,137,2786,2026-03-22,4,303.24,Online
3028,112,2298,2025-10-28,1,58.1,In-Store
3029,118,2014,2026-09-01,2,167.3,In-Store
3030,138,2364,2026-09-07,1,170.69,Online
3031,119,2184,2024-08-25,1,101.1,Online
3032,113,2644,2025-08-22,2,934.66,In-Store
3033,108,2941,2026-07-28,3,728.79,Online
3034,146,2887,2025-01-30,1,231.64,Online
3035,143,2559,2024-07-20,4,788.64,In-Store
3036,102,2105,2026-08-12,1,238.42,In-Store
3037,132,2638,2026-02-10,3,355.32,In-Store
3038,106,2139,2026-06-12,3,1562.34,In-Store
3039,118,2439,2026-08-19,3,250.95,In-Store
3040,143,2210,2026-06-14,3,591.48,In-Store
3041,130,2427,2026-07-06,3,113.85,Online
3042,104,2846,2026-07-14,1,51.66,Online
3043,142,2196,2026-02-18,1,242.85,In-Store
3044,148,2404,2025-11-11,2,122.12,In-Store
3045,129,2907,2025-06-08,2,626.46,In-Store
3046,121,2423,2026-09-08,4,959.08,In-Store
3047,108,2197,2025-02-16,3,728.79,Online
3048,149,2638,2026-01-02,3,76.89,In-Store
3049,102,2810,2026-05-18,3,715.26,Online
3050,103,2642,2026-05-31,1,519.06,Online
3051,144,2921,2026-04-25,2,1452.76,In-Store
3052,121,2069,2026-06-28,4,959.08,In-Store
3053,139,2120,2024-03-19,3,264.75,In-Store
3054,108,2966,2026-04-05,2,485.86,Online
3055,145,2521,2026-05-15,1,155.51,Online
3056,113,2995,2024-01-12,1,467.33,In-Store
3057,123,2372,2026-06-29,2,308.44,In-Store
3058,147,2774,2024-11-15,1,35.8,In-Store
3059,147,2637,2025-07-06,4,143.2,In-Store
3060,140,2337,2026-03-23,3,411.66,In-Store
3061,111,2909,2025-07-04,2,115.46,Online
3062,113,2228,2026-07-10,2,934.66,Online
3063,145,2286,2026-06-17,2,311.02,Online
3064,128,2226,2026-09-03,4,967.68,Online
3065,131,2501,2024-07-12,4,703.16,Online
3066,130,2908,2025-08-20,1,37.95,In-Store
3067,132,2189,2026-09-07,1,118.44,In-Store
3068,113,2804,2026-09-05,4,1869.32,Online
3069,108,2099,2025-09-26,2,485.86,Online
3070,136,2101,2026-08-02,2,457.38,In-Store
3071,112,2671,2026-09-09,1,58.1,Online
3072,146,2658,2026-03-03,3,694.92,In-Store
3073,131,2863,2025-11-06,2,351.58,Online
3074,109,2436,2026-04-13,2,421.24,In-Store
3075,145,2978,2026-02-27,2,311.02,In-Store
3076,146,2950,2026-06-24,1,231.64,Online
3077,117,2754,2026-05-12,2,95.56,Online
3078,146,2550,2026-07-23,2,463.28,In-Store
3079,126,2731,2026-08-08,1,55.07,Online
3080,114,2185,2025-12-20,3,349.53,Online
3081,141,2902,2025-02-26,4,917.6,In-Store
3082,135,2070,2024-06-29,1,23.08,Online
3083,132,2389,2026-07-19,3,355.32,Online
3084,132,2828,2024-05-16,3,355.32,In-Store
3085,150,2859,2025-03-21,1,91.45,In-Store
3086,143,2318,2025-02-11,1,197.16,In-Store
3087,126,2774,2024-11-13,1,55.07,In-Store
3088,126,2783,2026-05-23,2,110.14,In-Store
3089,143,2828,2025-09-06,3,591.48,Online
3090,118,2068,2026-09-08,4,334.6,Online
3091,137,2357,2024-09-22,1,75.81,In-Store
3092,105,2938,2025-12-07,3,421.98,Online
3093,105,2421,2025-04-14,1,140.66,In-Store
3094,122,2765,2025-12-27,3,407.55,Online
3095,137,2271,2026-05-22,4,303.24,In-Store
3096,121,2986,2026-08-29,4,959.08,In-Store
3097,112,2490,2026-05-30,1,58.1,Online
3098,102,2802,2026-04-02,3,715.26,In-Store
3099,143,2428,2025-02-03,1,197.16,Online
3100,132,2615,2026-08-01,1,118.44,In-Store
3101,110,2725,2024-03-12,3,194.7,Online
3102,116,2941,2025-11-19,4,635.16,In-Store
3103,137,2395,2026-02-13,4,303.24,Online
3104,131,2039,2026-04-06,2,351.58,Online
3105,131,2164,2026-01-12,2,351.58,Online
3106,109,2796,2025-07-09,4,842.48,Online
3107,130,2667,2025-08-11,3,113.85,In-Store
3108,140,2962,2026-08-29,4,548.88,In-Store
3109,141,2413,2025-09-24,2,458.8,In-Store
3110,113,2902,2025-07-12,1,467.33,In-Store
3111,125,2092,2026-09-05,3,473.31,Online
3112,144,2190,2026-06-10,3,2179.14,In-Store
3113,103,2233,2025-12-17,2,1038.12,Online
3114,102,2577,2024-12-16,3,715.26,Online
3115,119,2804,2025-02-11,4,404.4,Online
3116,101,2474,2025-02-16,2,206.04,Online
3117,126,2967,2026-01-22,3,165.21,Online
3118,128,2535,2026-09-09,4,967.68,Online
3119,138,2295,2026-01-24,4,682.76,Online
3120,127,2886,2024-08-24,2,1528.44,Online
3121,145,2891,2026-01-05,1,155.51,Online
3122,102,2862,2025-02-09,4,953.68,In-Store
3123,115,2347,2026-06-12,4,333.76,In-Store
3124,125,2040,2026-09-04,3,473.31,In-Store
3125,130,2421,2024-10-29,4,151.8,Online
3126,137,2111,2026-01-10,3,227.43,In-Store
3127,115,2561,2025-03-05,3,250.32,In-Store
3128,138,2051,2026-07-22,4,682.76,Online
3129,108,2183,2026-03-23,2,485.86,In-Store
3130,144,2161,2026-02-20,2,1452.76,Online
3131,121,2297,2024-04-09,3,719.31,In-Store
3132,137,2612,2026-07-30,3,227.43,In-Store
3133,127,2385,2026-01-13,4,3056.88,In-Store
3134,149,2296,2025-08-01,3,76.89,Online
3135,146,2742,2026-02-17,3,694.92,Online
3136,140,2792,2026-02-27,1,137.22,Online
3137,138,2561,2025-10-19,2,341.38,In-Store
3138,117,2243,2026-02-21,3,143.34,In-Store
3139,137,2443,2025-05-16,3,227.43,Online
3140,149,2265,2026-01-16,2,51.26,In-Store
3141,122,2226,2026-09-09,4,543.4,In-Store
3142,147,2598,2026-03-02,2,71.6,In-Store
3143,142,2662,2026-03-24,3,728.55,Online
3144,101,2250,2026-01-24,4,412.08,In-Store
3145,108,2065,2024-07-14,4,971.72,Online
3146,134,2473,2025-06-06,3,394.11,In-Store
3147,127,2286,2026-08-16,3,2292.66,Online
3148,150,2467,2024-07-26,2,182.9,Online
3149,120,2245,2024-01-12,3,366.54,In-Store
3150,125,2427,2026-03-25,1,157.77,In-Store
3151,137,2720,2025-09-16,1,75.81,Online
3152,107,2138,2026-04-10,2,228.82,Online
3153,122,2205,2026-06-25,4,543.4,Online
3154,126,2521,2026-04-12,2,110.14,Online
3155,101,2574,2026-08-06,4,412.08,Online
3156,114,2922,2026-07-21,1,116.51,Online
3157,113,2702,2025-06-01,3,1401.99,Online
3158,106,2388,2026-06-05,1,520.78,In-Store
3159,124,2936,2026-08-21,1,25.92,In-Store
3160,113,2294,2025-08-30,4,1869.32,In-Store
3161,103,2934,2026-06-26,2,1038.12,In-Store
3162,112,2306,2025-06-07,3,174.3,Online
3163,102,2208,2026-09-01,3,715.26,In-Store
3164,127,2656,2026-08-12,4,3056.88,In-Store
3165,136,2831,2026-05-10,3,686.07,In-Store
3166,125,2561,2024-11-23,1,157.77,In-Store
3167,142,2887,2024-05-21,4,971.4,Online
3168,130,2889,2026-04-18,3,113.85,In-Store
3169,114,2995,2025-07-12,3,349.53,Online
3170,124,2153,2026-03-05,1,25.92,In-Store
3171,140,2161,2026-07-19,3,411.66,Online
3172,129,2383,2025-03-16,3,939.69,In-Store
3173,134,2200,2024-09-30,2,262.74,In-Store
3174,109,2793,2026-07-28,1,210.62,In-Store
3175,107,2325,2025-11-25,2,228.82,In-Store
3176,102,2879,2025-11-08,2,476.84,In-Store
3177,129,2256,2026-08-07,1,313.23,Online
3178,130,2662,2026-01-30,3,113.85,Online
3179,110,2430,2026-07-03,4,259.6,In-Store
3180,121,2602,2026-07-11,2,479.54,Online
3181,124,2175,2026-09-01,2,51.84,Online
3182,112,2079,2026-08-29,2,116.2,In-Store
3183,132,2547,2026-02-03,2,236.88,In-Store
3184,146,2031,2025-04-12,2,463.28,Online
3185,130,2127,2026-06-12,1,37.95,In-Store
3186,150,2806,2026-07-21,1,91.45,Online
3187,111,2447,2025-02-04,2,115.46,Online
3188,104,2053,2026-01-20,4,206.64,Online
3189,143,2916,2025-12-18,4,788.64,Online
3190,142,2831,2026-08-31,4,971.4,Online
3191,107,2826,2026-05-06,2,228.82,Online
3192,141,2051,2026-07-20,2,458.8,In-Store
3193,110,2875,2026-07-03,4,259.6,In-Store
3194,105,2334,2026-09-07,2,281.32,In-Store
3195,138,2313,2024-03-18,3,512.07,Online
3196,119,2386,2026-06-08,3,303.3,In-Store
3197,116,2721,2025-10-22,4,635.16,In-Store
3198,137,2620,2025-05-31,1,75.81,In-Store
3199,106,2100,2026-06-07,1,520.78,Online
3200,133,2522,2026-09-04,1,43.68,In-Store
3201,136,2692,2026-07-09,4,914.76,In-Store
3202,130,2051,2026-05-07,1,37.95,Online
3203,141,2290,2026-03-28,2,458.8,In-Store
3204,138,2149,2026-03-12,3,512.07,Online
3205,148,2181,2025-12-11,1,61.06,Online
3206,110,2103,2024-06-08,4,259.6,Online
3207,115,2746,2025-06-28,4,333.76,In-Store
3208,119,2162,2026-02-08,2,202.2,In-Store
3209,125,2114,2024-11-09,3,473.31,Online
3210,113,2582,2026-04-30,2,934.66,Online
3211,113,2688,2026-04-01,2,934.66,Online
3212,102,2293,2026-08-23,3,715.26,In-Store
3213,133,2842,2025-06-30,3,131.04,Online
3214,111,2271,2026-05-04,1,57.73,Online
3215,150,2606,2026-03-08,3,274.35,Online
3216,113,2604,2025-12-02,4,1869.32,Online
3217,126,2259,2026-03-02,4,220.28,In-Store
3218,139,2159,2026-07-30,3,264.75,Online
3219,129,2233,2026-01-06,4,1252.92,Online
3220,111,2314,2026-06-18,3,173.19,In-Store
3221,106,2151,2025-12-02,4,2083.12,Online
3222,139,2533,2026-07-20,2,176.5,Online
3223,147,2647,2026-08-25,2,71.6,In-Store
3224,105,2584,2025-11-12,3,421.98,Online
3225,138,2220,2024-07-20,3,512.07,Online
3226,138,2757,2026-08-11,4,682.76,In-Store
3227,143,2429,2025-07-10,2,394.32,Online
3228,143,2174,2025-11-01,2,394.32,Online
3229,122,2425,2026-01-26,3,407.55,In-Store
3230,143,2507,2026-07-20,3,591.48,Online
3231,107,2196,2026-07-12,2,228.82,In-Store
3232,103,2759,2025-05-22,3,1557.18,In-Store
3233,115,2525,2026-07-19,2,166.88,Online
3234,112,2817,2026-08-16,2,116.2,Online
3235,105,2948,2025-08-16,3,421.98,Online
3236,146,2504,2026-08-07,3,694.92,In-Store
3237,135,2151,2025-12-10,4,92.32,In-Store
3238,120,2492,2026-07-14,1,122.18,Online
3239,134,2763,2025-02-24,3,394.11,Online
3240,125,2547,2025-10-23,3,473.31,Online
3241,144,2748,2026-04-07,1,726.38,Online
3242,137,2794,2025-01-02,4,303.24,Online
3243,116,2631,2026-03-02,3,476.37,In-Store
3244,141,2322,2026-08-12,4,917.6,Online
3245,148,2945,2026-02-26,3,183.18,Online
3246,109,2588,2026-08-12,2,421.24,Online
3247,140,2650,2024-12-30,2,274.44,Online
3248,105,2805,2026-06-14,2,281.32,In-Store
3249,103,2019,2025-12-30,3,1557.18,In-Store
3250,114,2604,2026-03-24,1,116.51,Online
3251,137,2729,2026-08-11,1,75.81,Online
3252,110,2465,2026-05-23,4,259.6,In-Store
3253,118,2602,2026-05-01,1,83.65,In-Store
3254,108,2507,2026-03-27,1,242.93,Online
3255,128,2221,2025-12-01,4,967.68,Online
3256,146,2733,2025-07-21,1,231.64,Online
3257,148,2006,2025-04-22,2,122.12,In-Store
3258,126,2331,2025-06-20,2,110.14,Online
3259,103,2004,2026-06-08,3,1557.18,In-Store
3260,116,2270,2026-09-02,1,158.79,Online
3261,127,2543,2024-07-28,2,1528.44,In-Store
3262,104,2766,2025-02-20,4,206.64,Online
3263,111,2525,2025-05-16,4,230.92,Online
3264,112,2935,2025-07-25,2,116.2,In-Store
3265,144,2602,2026-01-05,2,1452.76,In-Store
3266,148,2811,2025-08-19,1,61.06,In-Store
3267,141,2331,2024-04-05,4,917.6,In-Store
3268,116,2389,2024-08-13,4,635.16,In-Store
3269,107,2301,2026-05-08,1,114.41,Online
3270,111,2192,2026-08-25,2,115.46,In-Store
3271,107,2714,2025-01-16,2,228.82,Online
3272,148,2900,2026-01-02,1,61.06,In-Store
3273,149,2471,2026-01-19,1,25.63,Online
3274,132,2951,2026-07-11,4,473.76,Online
3275,149,2644,2025-03-10,3,76.89,In-Store
3276,134,2166,2026-08-22,1,131.37,Online
3277,140,2248,2025-09-06,2,274.44,Online
3278,108,2598,2026-01-26,4,971.72,In-Store
3279,138,2691,2026-04-18,4,682.76,In-Store
3280,116,2855,2026-05-11,3,476.37,Online
3281,148,2652,2026-02-08,1,61.06,In-Store
3282,124,2698,2026-08-16,4,103.68,In-Store
3283,140,2379,2024-06-28,3,411.66,In-Store
3284,121,2829,2025-04-12,4,959.08,In-Store
3285,138,2304,2025-10-30,2,341.38,Online
3286,143,2321,2026-07-30,4,788.64,Online
3287,109,2763,2025-09-05,1,210.62,Online
3288,110,2268,2025-10-29,4,259.6,Online
3289,105,2582,2026-02-09,4,562.64,In-Store
3290,102,2611,2026-07-06,1,238.42,In-Store
3291,120,2782,2026-03-04,4,488.72,Online
3292,140,2549,2026-06-12,3,411.66,Online
3293,113,2275,2026-07-21,3,1401.99,Online
3294,119,2404,2025-08-02,4,404.4,In-Store
3295,114,2943,2025-07-15,4,466.04,In-Store
3296,107,2527,2026-02-04,4,457.64,Online
3297,102,2775,2026-02-23,3,715.26,Online
3298,139,2312,2026-09-04,2,176.5,In-Store
3299,121,2804,2024-05-19,2,479.54,Online
3300,111,2835,2026-08-08,4,230.92,In-Store
3301,126,2958,2025-07-30,4,220.28,Online
3302,104,2543,2026-08-25,1,51.66,In-Store
3303,117,2182,2026-05-26,3,143.34,In-Store
3304,101,2105,2026-06-14,2,206.04,Online
3305,143,2325,2025-02-23,2,394.32,In-Store
3306,117,2587,2025-05-06,1,47.78,In-Store
3307,101,2342,2025-02-15,2,206.04,Online
3308,104,2787,2024-03-08,1,51.66,In-Store
3309,147,2047,2026-08-05,4,143.2,Online
3310,150,2103,2026-06-08,3,274.35,In-Store
3311,125,2019,2026-05-30,3,473.31,Online
3312,137,2548,2026-07-30,2,151.62,Online
3313,128,2977,2026-01-13,4,967.68,In-Store
3314,147,2053,2026-05-09,1,35.8,Online
3315,127,2522,2026-02-10,1,764.22,Online
3316,128,2114,2025-01-05,3,725.76,Online
3317,119,2049,2026-03-12,3,303.3,Online
3318,103,2129,2026-06-04,4,2076.24,Online
3319,128,2274,2026-02-22,4,967.68,Online
3320,103,2164,2026-08-30,4,2076.24,In-Store
3321,108,2786,2025-11-16,3,728.79,Online
3322,131,2603,2025-09-13,2,351.58,Online
3323,112,2934,2026-07-01,2,116.2,Online
3324,116,2601,2025-08-12,2,317.58,Online
3325,117,2432,2024-07-31,4,191.12,Online
3326,120,2474,2026-01-29,3,366.54,Online
3327,139,2366,2026-06-11,4,353.0,Online
3328,115,2172,2026-07-28,2,166.88,Online
3329,109,2007,2024-12-11,3,631.86,Online
3330,107,2725,2024-07-22,2,228.82,In-Store
3331,126,2059,2026-09-04,2,110.14,In-Store
3332,146,2945,2025-03-24,4,926.56,In-Store
3333,110,2923,2026-08-04,4,259.6,Online
3334,135,2155,2025-11-17,2,46.16,In-Store
3335,146,2340,2026-05-22,3,694.92,In-Store
3336,138,2319,2026-02-04,3,512.07,In-Store
3337,109,2676,2026-07-22,3,631.86,Online
3338,121,2398,2026-02-16,4,959.08,Online
3339,105,2607,2026-06-25,1,140.66,Online
3340,124,2916,2025-05-15,3,77.76,In-Store
3341,130,2094,2026-07-08,3,113.85,Online
3342,141,2466,2026-04-20,2,458.8,Online
3343,129,2771,2026-03-31,3,939.69,Online
3344,108,2832,2026-06-16,3,728.79,In-Store
3345,137,2297,2026-04-24,4,303.24,In-Store
3346,139,2261,2026-08-14,2,176.5,Online
3347,133,2328,2026-07-17,1,43.68,In-Store
3348,114,2197,2026-08-09,4,466.04,Online
3349,145,2876,2024-09-10,2,311.02,In-Store
3350,139,2827,2026-02-20,2,176.5,Online
3351,131,2937,2026-05-19,2,351.58,In-Store
3352,131,2071,2026-06-07,4,703.16,In-Store
3353,136,2009,2026-07-14,4,914.76,In-Store
3354,121,2312,2026-06-03,2,479.54,Online
3355,127,2438,2025-08-03,3,2292.66,In-Store
3356,131,2926,2026-09-04,1,175.79,Online
3357,123,2504,2026-08-06,4,616.88,Online
3358,125,2189,2026-06-15,4,631.08,Online
3359,148,2731,2026-08-14,4,244.24,In-Store
3360,138,2584,2026-04-05,1,170.69,Online
3361,109,2226,2026-09-06,3,631.86,Online
3362,117,2621,2026-08-19,3,143.34,Online
3363,138,2602,2026-04-12,1,170.69,Online
3364,139,2113,2026-09-09,3,264.75,Online
3365,135,2229,2026-06-19,2,46.16,Online
3366,135,2162,2025-05-02,4,92.32,In-Store
3367,111,2289,2026-02-23,3,173.19,Online
3368,133,2277,2026-07-21,3,131.04,In-Store
3369,143,2748,2026-06-11,4,788.64,In-Store
3370,136,2365,2024-08-26,3,686.07,Online
3371,123,2323,2026-08-22,2,308.44,In-Store
3372,104,2737,2025-12-30,2,103.32,In-Store
3373,130,2073,2026-05-06,1,37.95,In-Store
3374,113,2297,2025-07-26,4,1869.32,Online
3375,149,2454,2025-09-26,3,76.89,Online
3376,118,2925,2025-07-05,2,167.3,Online
3377,134,2489,2026-07-03,4,525.48,In-Store
3378,147,2106,2025-08-13,2,71.6,Online
3379,122,2211,2025-07-22,4,543.4,In-Store
3380,137,2116,2024-07-24,2,151.62,In-Store
3381,135,2986,2026-07-09,1,23.08,Online
3382,137,2944,2025-12-24,1,75.81,Online
3383,143,2734,2026-08-30,2,394.32,Online
3384,104,2438,2026-05-07,3,154.98,Online
3385,128,2145,2026-08-01,2,483.84,In-Store
3386,106,2823,2025-05-02,3,1562.34,In-Store
3387,149,2529,2025-09-28,4,102.52,Online
3388,121,2768,2026-03-24,2,479.54,In-Store
3389,148,2664,2024-10-22,1,61.06,Online
3390,106,2567,2026-08-19,1,520.78,In-Store
3391,109,2956,2026-06-15,4,842.48,Online
3392,123,2132,2025-11-30,1,154.22,In-Store
3393,137,2720,2025-06-15,1,75.81,In-Store
3394,107,2323,2026-07-16,1,114.41,Online
3395,109,2283,2025-06-03,3,631.86,In-Store
3396,126,2711,2025-11-15,1,55.07,Online
3397,132,2934,2026-08-15,2,236.88,Online
3398,129,2758,2025-09-07,1,313.23,In-Store
3399,147,2687,2026-06-16,4,143.2,In-Store
3400,116,2245,2025-10-09,1,158.79,Online
3401,121,2619,2025-10-04,4,959.08,Online
3402,129,2362,2025-02-19,2,626.46,Online
3403,125,2644,2026-06-02,4,631.08,In-Store
3404,123,2575,2024-11-07,3,462.66,Online
3405,116,2102,2025-10-16,4,635.16,In-Store
3406,133,2045,2026-08-17,2,87.36,Online
3407,102,2480,2025-08-10,2,476.84,In-Store
3408,127,2586,2025-12-15,1,764.22,Online
3409,112,2913,2026-08-20,1,58.1,Online
3410,105,2804,2025-01-26,4,562.64,Online
3411,140,2038,2025-04-05,4,548.88,Online
3412,122,2627,2025-08-01,3,407.55,Online
3413,124,2828,2024-06-22,1,25.92,Online
3414,135,2191,2025-09-17,1,23.08,In-Store
3415,101,2484,2025-01-23,3,309.06,In-Store
3416,128,2480,2024-11-29,2,483.84,In-Store
3417,141,2875,2026-05-19,3,688.2,Online
3418,149,2445,2026-08-03,2,51.26,In-Store
3419,102,2313,2024-09-09,4,953.68,In-Store
3420,132,2796,2026-03-05,4,473.76,Online
3421,143,2691,2026-08-26,1,197.16,In-Store
3422,135,2175,2026-06-23,3,69.24,In-Store
3423,121,2502,2026-04-09,3,719.31,Online
3424,150,2858,2026-08-04,3,274.35,In-Store
3425,109,2746,2026-01-23,4,842.48,Online
3426,102,2445,2026-02-14,4,953.68,In-Store
3427,107,2957,2025-07-26,4,457.64,Online
3428,103,2774,2026-07-12,2,1038.12,Online
3429,149,2946,2026-07-11,1,25.63,In-Store
3430,131,2486,2026-01-28,4,703.16,Online
3431,147,2959,2026-03-15,2,71.6,In-Store
3432,129,2396,2026-08-20,1,313.23,Online
3433,101,2095,2026-05-06,1,103.02,In-Store
3434,113,2913,2026-08-22,4,1869.32,Online
3435,126,2187,2024-05-27,2,110.14,Online
3436,103,2265,2025-07-16,3,1557.18,Online
3437,115,2648,2025-12-29,1,83.44,In-Store
3438,129,2038,2025-12-18,4,1252.92,In-Store
3439,105,2008,2026-05-15,1,140.66,Online
3440,145,2703,2026-06-28,3,466.53,Online
3441,118,2557,2025-08-20,3,250.95,In-Store
3442,104,2841,2024-02-20,4,206.64,In-Store
3443,110,2305,2026-07-23,3,194.7,In-Store
3444,138,2950,2023-12-24,4,682.76,In-Store
3445,137,2741,2025-03-23,4,303.24,In-Store
3446,106,2185,2026-01-26,4,2083.12,Online
3447,119,2793,2026-08-08,1,101.1,Online
3448,112,2832,2025-10-06,4,232.4,Online
3449,103,2109,2025-02-05,2,1038.12,Online
3450,107,2376,2025-10-26,4,457.64,In-Store
3451,110,2052,2024-09-03,4,259.6,Online
3452,104,2690,2026-05-29,2,103.32,Online
3453,150,2033,2025-03-16,2,182.9,Online
3454,147,2895,2026-02-23,2,71.6,Online
3455,127,2563,2025-10-17,1,764.22,Online
3456,139,2333,2026-02-21,3,264.75,Online
3457,116,2064,2025-12-02,2,317.58,Online
3458,101,2953,2026-04-19,1,103.02,Online
3459,106,2217,2026-04-27,2,1041.56,Online
3460,111,2647,2026-05-14,1,57.73,Online
3461,137,2205,2026-04-03,1,75.81,In-Store
3462,142,2467,2024-04-01,4,971.4,Online
3463,102,2139,2026-06-12,3,715.26,Online
3464,148,2873,2025-05-14,4,244.24,Online
3465,137,2999,2025-07-06,2,151.62,In-Store
3466,131,2805,2026-05-31,1,175.79,Online
3467,127,2258,2026-05-22,1,764.22,In-Store
3468,119,2826,2026-03-10,2,202.2,In-Store
3469,142,2356,2026-05-25,4,971.4,Online
3470,114,2141,2026-02-13,3,349.53,Online
3471,143,2139,2026-08-29,1,197.16,In-Store
3472,131,2271,2026-08-21,2,351.58,Online
3473,144,2608,2026-07-11,2,1452.76,Online
3474,121,2634,2025-04-23,1,239.77,In-Store
3475,127,2923,2026-06-22,1,764.22,Online
3476,147,2595,2025-07-11,1,35.8,In-Store
3477,145,2270,2026-08-28,3,466.53,In-Store
3478,125,2531,2024-05-30,1,157.77,In-Store
3479,143,2107,2026-08-25,1,197.16,Online
3480,138,2953,2026-04-05,1,170.69,In-Store
3481,126,2803,2026-05-23,3,165.21,In-Store
3482,117,2801,2026-03-15,4,191.12,In-Store
3483,144,2421,2026-08-31,4,2905.52,In-Store
3484,104,2215,2025-01-22,1,51.66,In-Store
3485,130,2519,2025-02-21,3,113.85,Online
3486,129,2504,2026-08-14,1,313.23,In-Store
3487,132,2110,2025-05-26,3,355.32,In-Store
3488,106,2849,2024-06-24,4,2083.12,Online
3489,137,2045,2026-09-03,2,151.62,Online
3490,141,2599,2026-06-28,2,458.8,In-Store
3491,118,2784,2025-09-18,3,250.95,In-Store
3492,103,2430,2026-07-06,2,1038.12,Online
3493,127,2225,2026-05-30,3,2292.66,Online
3494,146,2425,2026-03-04,1,231.64,In-Store
3495,113,2069,2026-06-26,4,1869.32,In-Store
3496,122,2869,2026-07-17,1,135.85,In-Store
3497,104,2761,2026-07-28,1,51.66,Online
3498,116,2539,2025-07-07,3,476.37,Online
3499,108,2445,2026-09-05,1,242.93,Online
3500,108,2508,2025-07-13,3,728.79,Online
3501,102,2398,2024-09-22,1,238.42,Online
3502,141,2559,2026-01-05,2,458.8,In-Store
3503,113,2136,2026-07-14,4,1869.32,In-Store
3504,147,2664,2026-05-16,4,143.2,In-Store
3505,135,2046,2024-02-09,3,69.24,Online
3506,136,2533,2026-07-12,4,914.76,Online
3507,116,3000,2025-02-23,1,158.79,Online
3508,138,2025,2026-03-27,3,512.07,In-Store
3509,107,2250,2026-01-28,2,228.82,Online
3510,134,2083,2025-07-07,1,131.37,Online
3511,136,2093,2025-11-11,3,686.07,Online
3512,149,2325,2024-09-08,3,76.89,In-Store
3513,141,2972,2026-05-06,3,688.2,Online
3514,121,2071,2026-06-15,2,479.54,Online
3515,129,2406,2025-02-17,3,939.69,Online
3516,139,2943,2026-04-11,3,264.75,Online
3517,126,2573,2025-04-15,4,220.28,Online
3518,107,2145,2026-01-23,1,114.41,In-Store
3519,147,2135,2026-08-15,1,35.8,In-Store
3520,106,2703,2026-07-10,2,1041.56,In-Store
3521,129,2645,2026-08-14,3,939.69,Online
3522,110,2146,2026-02-19,1,64.9,In-Store
3523,132,2340,2026-03-18,3,355.32,Online
3524,115,2906,2026-08-24,3,250.32,In-Store
3525,115,2405,2024-09-02,3,250.32,Online
3526,106,2019,2026-04-27,2,1041.56,In-Store
3527,109,2096,2026-07-17,3,631.86,Online
3528,127,2539,2026-05-21,1,764.22,In-Store
3529,123,2785,2025-05-12,1,154.22,Online
3530,108,2657,2026-08-01,1,242.93,Online
3531,115,2457,2025-04-18,1,83.44,Online
3532,104,2421,2023-12-01,1,51.66,In-Store
3533,110,2551,2026-09-02,4,259.6,Online
3534,148,2031,2026-07-19,2,122.12,In-Store
3535,137,2984,2025-06-28,4,303.24,Online
3536,102,2344,2026-09-06,3,715.26,In-Store
3537,132,2712,2025-02-11,4,473.76,Online
3538,150,2749,2025-03-21,3,274.35,Online
3539,120,2376,2024-09-27,2,244.36,In-Store
3540,115,2976,2025-02-28,3,250.32,Online
3541,107,2826,2025-10-19,1,114.41,Online
3542,132,2236,2026-06-21,2,236.88,Online
3543,117,2484,2024-11-17,2,95.56,Online
3544,106,2548,2026-05-02,4,2083.12,Online
3545,121,2525,2024-08-14,1,239.77,In-Store
3546,112,2827,2026-05-07,4,232.4,Online
3547,126,2987,2025-12-21,4,220.28,Online
3548,126,2936,2026-09-09,2,110.14,In-Store
3549,140,2276,2024-02-10,4,548.88,Online
3550,133,2854,2026-03-16,3,131.04,In-Store
3551,106,2292,2026-07-24,2,1041.56,In-Store
3552,124,2064,2025-02-11,1,25.92,Online
3553,133,2406,2025-05-09,3,131.04,In-Store
3554,110,2558,2026-07-21,2,129.8,In-Store
3555,114,2310,2024-11-27,3,349.53,Online
3556,148,2302,2026-09-03,4,244.24,In-Store
3557,110,2150,2025-07-10,1,64.9,Online
3558,117,2791,2025-08-27,3,143.34,In-Store
3559,112,2351,2026-07-02,1,58.1,Online
3560,119,2651,2025-05-19,1,101.1,Online
3561,140,2102,2026-05-19,4,548.88,In-Store
3562,134,2537,2025-04-14,2,262.74,Online
3563,143,2250,2026-08-05,4,788.64,In-Store
3564,144,2302,2026-08-31,3,2179.14,In-Store
3565,112,2876,2025-11-28,1,58.1,In-Store
3566,127,2509,2026-06-09,1,764.22,Online
3567,150,2397,2026-08-18,1,91.45,Online
3568,107,2849,2026-05-28,1,114.41,In-Store
3569,120,2092,2026-02-12,2,244.36,Online
3570,112,2083,2026-05-25,2,116.2,Online
3571,104,2119,2026-07-05,3,154.98,In-Store
3572,128,2740,2026-04-16,1,241.92,In-Store
3573,146,2490,2024-06-07,4,926.56,Online
3574,111,2988,2024-12-29,1,57.73,In-Store
3575,136,2106,2026-05-11,1,228.69,Online
3576,103,2091,2025-06-25,1,519.06,In-Store
3577,108,2296,2025-12-27,2,485.86,Online
3578,148,2748,2025-04-23,1,61.06,In-Store
3579,142,2823,2026-06-04,4,971.4,Online
3580,141,2780,2025-11-02,4,917.6,In-Store
3581,144,2759,2026-04-09,1,726.38,In-Store
3582,142,2260,2025-10-11,3,728.55,Online
3583,124,2821,2025-09-02,1,25.92,Online
3584,129,2079,2026-09-05,3,939.69,In-Store
3585,146,2332,2026-08-18,1,231.64,Online
3586,136,2467,2024-10-04,4,914.76,In-Store
3587,109,2742,2026-05-12,4,842.48,In-Store
3588,130,2759,2025-11-29,1,37.95,Online
3589,136,2107,2026-06-16,1,228.69,In-Store
3590,109,2464,2025-10-07,2,421.24,In-Store
3591,141,2880,2026-04-11,4,917.6,Online
3592,135,2474,2025-04-29,2,46.16,Online
3593,103,2333,2025-10-17,4,2076.24,Online
3594,101,2549,2025-08-19,2,206.04,Online
3595,147,2538,2025-11-19,3,107.4,Online
3596,103,2459,2026-09-07,1,519.06,In-Store
3597,119,2644,2025-11-18,2,202.2,In-Store
3598,112,2214,2026-09-05,2,116.2,Online
3599,125,2383,2024-10-20,4,631.08,In-Store
3600,117,2347,2026-02-08,4,191.12,Online
3601,129,2022,2026-04-27,3,939.69,Online
3602,108,2430,2026-08-06,2,485.86,In-Store
3603,145,2850,2026-03-08,2,311.02,Online
3604,127,2317,2025-05-15,3,2292.66,In-Store
3605,131,2381,2023-12-15,1,175.79,In-Store
3606,142,2199,2025-11-04,3,728.55,In-Store
3607,145,2281,2025-04-30,1,155.51,In-Store
3608,137,2529,2026-01-09,2,151.62,Online
3609,133,2533,2026-08-08,1,43.68,In-Store
3610,107,2026,2025-09-03,4,457.64,In-Store
3611,101,2806,2026-01-17,3,309.06,In-Store
3612,124,2048,2025-06-27,1,25.92,Online
3613,149,2470,2026-06-27,4,102.52,Online
3614,115,2396,2026-07-22,3,250.32,In-Store
3615,106,2305,2026-07-16,1,520.78,Online
3616,149,2019,2026-01-27,3,76.89,Online
3617,132,2413,2025-07-03,4,473.76,Online
3618,136,2316,2026-02-10,3,686.07,Online
3619,109,2741,2024-10-26,1,210.62,Online
3620,107,2908,2025-01-05,2,228.82,In-Store
3621,132,2584,2026-06-29,1,118.44,Online
3622,125,2358,2026-02-20,1,157.77,In-Store
3623,147,2454,2025-06-14,4,143.2,Online
3624,119,2151,2026-06-08,4,404.4,Online
3625,150,2771,2026-06-03,4,365.8,Online
3626,105,2138,2026-04-12,4,562.64,Online
3627,104,2030,2024-09-06,4,206.64,Online
3628,117,2357,2026-04-12,4,191.12,In-Store
3629,131,2995,2025-02-14,1,175.79,In-Store
3630,120,2098,2025-12-27,2,244.36,In-Store
3631,129,2017,2024-06-07,3,939.69,Online
3632,121,2842,2025-07-04,4,959.08,In-Store
3633,137,2377,2025-04-17,2,151.62,Online
3634,126,2261,2026-05-08,4,220.28,In-Store
3635,136,2895,2025-07-04,3,686.07,Online
3636,117,2441,2025-06-27,2,95.56,Online
3637,144,2438,2025-10-15,2,1452.76,In-Store
3638,146,2472,2025-09-15,2,463.28,Online
3639,126,2208,2026-09-08,4,220.28,Online
3640,139,2688,2024-12-17,2,176.5,In-Store
3641,147,2894,2026-07-08,4,143.2,In-Store
3642,117,2053,2025-02-02,4,191.12,In-Store
3643,104,2674,2025-10-20,3,154.98,Online
3644,101,2777,2025-10-31,3,309.06,Online
3645,150,2684,2026-02-18,2,182.9,Online
3646,148,2202,2026-08-10,1,61.06,Online
3647,128,2589,2026-09-09,3,725.76,Online
3648,142,2310,2026-01-21,3,728.55,Online
3649,133,2442,2026-05-16,4,174.72,Online
3650,117,2707,2025-03-27,2,95.56,Online
3651,146,2852,2026-06-29,1,231.64,In-Store
3652,110,2831,2026-07-07,2,129.8,Online
3653,148,2211,2025-04-11,2,122.12,Online
3654,104,2725,2024-06-13,2,103.32,In-Store
3655,131,2943,2024-12-26,1,175.79,Online
3656,124,2761,2026-08-26,4,103.68,Online
3657,107,2598,2026-03-09,4,457.64,In-Store
3658,111,2060,2026-05-25,3,173.19,Online
3659,126,2288,2026-07-14,2,110.14,Online
3660,128,2369,2025-04-21,1,241.92,In-Store
3661,112,2575,2024-10-24,1,58.1,In-Store
3662,136,2744,2026-08-29,1,228.69,Online
3663,112,2997,2026-03-27,4,232.4,Online
3664,104,2489,2026-06-22,4,206.64,In-Store
3665,129,2027,2024-03-05,4,1252.92,Online
3666,126,2921,2025-10-01,2,110.14,Online
3667,122,2887,2024-02-08,1,135.85,Online
3668,114,2290,2026-05-08,2,233.02,Online
3669,117,2834,2025-03-08,3,143.34,Online
3670,129,2569,2025-09-07,2,626.46,In-Store
3671,128,2278,2026-05-09,2,483.84,In-Store
3672,137,2006,2025-05-18,1,75.81,Online
3673,117,2756,2026-09-05,1,47.78,In-Store
3674,147,2882,2025-12-28,3,107.4,Online
3675,148,2695,2025-08-26,2,122.12,In-Store
3676,149,2454,2025-04-04,4,102.52,In-Store
3677,111,2531,2024-04-09,1,57.73,Online
3678,104,2224,2026-09-07,3,154.98,In-Store
3679,109,2814,2026-08-16,4,842.48,Online
3680,111,2444,2025-09-10,4,230.92,In-Store
3681,123,2543,2024-12-21,2,308.44,In-Store
3682,148,2483,2026-08-28,3,183.18,Online
3683,133,2444,2023-11-03,4,174.72,Online
3684,148,2812,2026-03-13,4,244.24,Online
3685,102,2752,2026-06-21,2,476.84,Online
3686,146,2536,2025-12-04,1,231.64,In-Store
3687,111,2957,2026-08-01,1,57.73,In-Store
3688,124,2187,2024-04-06,3,77.76,In-Store
3689,117,2611,2025-12-08,1,47.78,In-Store
3690,123,2226,2026-09-02,2,308.44,In-Store
3691,111,2207,2025-12-11,2,115.46,Online
3692,124,2070,2024-09-18,3,77.76,Online
3693,108,2856,2026-07-25,2,485.86,Online
3694,146,2283,2026-06-14,1,231.64,In-Store
3695,133,2857,2025-08-14,3,131.04,In-Store
3696,150,2616,2026-06-01,2,182.9,In-Store
3697,116,2877,2024-11-30,4,635.16,In-Store
3698,101,2583,2026-08-25,1,103.02,Online
3699,135,2556,2026-09-02,2,46.16,Online
3700,118,2126,2026-09-04,3,250.95,Online
3701,104,2161,2026-08-09,4,206.64,Online
3702,121,2749,2025-09-10,2,479.54,Online
3703,132,2119,2026-04-15,4,473.76,In-Store
3704,120,2077,2025-05-12,3,366.54,Online
3705,101,2159,2026-08-14,4,412.08,In-Store
3706,118,2587,2026-06-12,1,83.65,In-Store
3707,122,2204,2026-07-04,1,135.85,In-Store
3708,129,2130,2026-06-12,1,313.23,In-Store
3709,115,2101,2025-10-27,4,333.76,In-Store
3710,131,2944,2025-11-22,3,527.37,In-Store
3711,141,2660,2026-03-23,4,917.6,Online
3712,145,2376,2025-01-03,1,155.51,In-Store
3713,150,2419,2025-04-14,2,182.9,Online
3714,143,2005,2026-03-03,3,591.48,Online
3715,104,2877,2024-11-05,2,103.32,In-Store
3716,123,2701,2025-07-13,2,308.44,Online
3717,107,2349,2026-01-25,3,343.23,In-Store
3718,107,2715,2025-09-27,1,114.41,Online
3719,104,2237,2026-04-08,4,206.64,Online
3720,141,2917,2026-04-29,2,458.8,Online
3721,124,2460,2025-06-17,3,77.76,In-Store
3722,133,2151,2025-06-18,2,87.36,Online
3723,145,2621,2026-07-22,1,155.51,In-Store
3724,120,2183,2025-04-06,4,488.72,Online
3725,141,2044,2026-02-19,4,917.6,In-Store
3726,116,2199,2026-01-26,2,317.58,In-Store
3727,128,2581,2026-05-22,3,725.76,Online
3728,111,2353,2026-09-01,3,173.19,Online
3729,119,2713,2025-11-10,4,404.4,Online
3730,122,2060,2026-07-22,3,407.55,In-Store
3731,148,2522,2026-07-31,2,122.12,Online
3732,131,2696,2026-08-19,2,351.58,Online
3733,148,2788,2024-03-02,3,183.18,Online
3734,124,2475,2026-02-22,3,77.76,In-Store
3735,121,2865,2026-06-26,3,719.31,Online
3736,111,2784,2026-03-03,2,115.46,In-Store
3737,101,2185,2026-01-02,1,103.02,In-Store
3738,111,2185,2026-02-28,3,173.19,Online
3739,113,2173,2025-01-19,3,1401.99,In-Store
3740,111,2639,2024-03-20,2,115.46,In-Store
3741,119,2922,2025-10-26,2,202.2,In-Store
3742,139,2011,2025-10-31,4,353.0,Online
3743,129,2171,2026-07-02,1,313.23,In-Store
3744,117,2404,2024-11-27,3,143.34,Online
3745,128,2961,2026-01-29,2,483.84,In-Store
3746,142,2070,2025-06-13,1,242.85,Online
3747,105,2714,2026-05-04,1,140.66,Online
3748,124,2567,2026-05-24,2,51.84,In-Store
3749,111,2611,2025-07-12,3,173.19,Online
3750,138,2095,2026-09-02,2,341.38,Online
3751,127,2854,2023-12-27,1,764.22,In-Store
3752,143,2140,2026-03-05,1,197.16,Online
3753,108,2391,2025-01-30,4,971.72,Online
3754,109,2468,2025-05-23,4,842.48,Online
3755,146,2220,2025-08-07,3,694.92,Online
3756,115,2015,2024-12-02,4,333.76,In-Store
3757,106,2202,2026-08-11,4,2083.12,Online
3758,144,2651,2025-03-25,1,726.38,In-Store
3759,127,2983,2025-12-16,1,764.22,Online
3760,140,2636,2026-07-19,3,411.66,Online
3761,120,2709,2026-07-30,2,244.36,In-Store
3762,123,2712,2026-03-05,3,462.66,Online
3763,113,2118,2026-05-11,4,1869.32,In-Store
3764,125,2457,2026-08-28,3,473.31,Online
3765,103,2949,2026-07-05,4,2076.24,In-Store
3766,119,2791,2026-02-18,2,202.2,In-Store
3767,128,2973,2025-08-27,1,241.92,Online
3768,107,2323,2025-12-29,4,457.64,Online
3769,140,2997,2026-07-22,2,274.44,In-Store
3770,103,2297,2024-07-25,2,1038.12,Online
3771,120,2551,2026-07-24,3,366.54,Online
3772,111,2079,2026-07-08,2,115.46,Online
3773,113,2338,2025-08-02,4,1869.32,In-Store
3774,149,2258,2026-08-13,1,25.63,In-Store
3775,150,2354,2026-03-19,3,274.35,In-Store
3776,127,2373,2026-06-05,1,764.22,Online
3777,113,2684,2024-12-04,4,1869.32,Online
3778,101,2068,2025-09-05,3,309.06,In-Store
3779,141,2493,2026-02-19,3,688.2,Online
3780,112,2737,2025-02-01,1,58.1,Online
3781,121,2722,2025-11-17,1,239.77,Online
3782,131,2573,2024-12-28,1,175.79,Online
3783,120,2664,2024-11-22,4,488.72,Online
3784,115,2733,2025-11-26,4,333.76,In-Store
3785,117,2953,2026-03-29,3,143.34,In-Store
3786,147,2449,2026-05-07,4,143.2,Online
3787,142,2533,2026-08-28,3,728.55,Online
3788,130,2258,2026-07-05,2,75.9,Online
3789,136,2755,2026-02-11,1,228.69,Online
3790,106,2651,2026-07-20,3,1562.34,In-Store
3791,103,2744,2026-08-30,1,519.06,In-Store
3792,137,2445,2026-01-30,1,75.81,Online
3793,122,2777,2025-12-20,1,135.85,Online
3794,125,2643,2026-07-23,1,157.77,Online
3795,127,2974,2025-07-02,4,3056.88,Online
3796,115,2332,2026-08-10,2,166.88,Online
3797,138,2267,2026-08-22,2,341.38,In-Store
3798,142,2029,2026-07-03,4,971.4,In-Store
3799,131,2024,2025-05-28,1,175.79,In-Store
3800,148,2934,2026-07-02,2,122.12,Online
3801,137,2404,2026-03-28,3,227.43,Online
3802,129,2607,2026-07-28,4,1252.92,Online
3803,144,2219,2026-05-18,1,726.38,Online
3804,137,2465,2025-09-18,4,303.24,In-Store
3805,111,2301,2026-06-14,4,230.92,Online
3806,141,2026,2025-09-17,3,688.2,Online
3807,137,2846,2025-12-25,2,151.62,In-Store
3808,104,2829,2026-03-03,3,154.98,In-Store
3809,149,2415,2026-08-07,1,25.63,In-Store
3810,102,2867,2026-01-11,4,953.68,Online
3811,149,2206,2025-09-05,1,25.63,Online
3812,144,2763,2026-06-18,1,726.38,Online
3813,138,2194,2026-08-08,2,341.38,In-Store
3814,144,2840,2025-06-19,2,1452.76,Online
3815,127,2120,2024-07-27,3,2292.66,In-Store
3816,130,2772,2026-09-07,1,37.95,Online
3817,135,2733,2025-02-05,4,92.32,Online
3818,126,2603,2024-12-16,3,165.21,In-Store
3819,135,2032,2026-07-24,2,46.16,Online
3820,121,2666,2024-11-25,3,719.31,In-Store
3821,119,2688,2024-04-10,3,303.3,In-Store
3822,129,2603,2025-08-26,1,313.23,Online
3823,140,2591,2024-03-15,3,411.66,In-Store
3824,124,2432,2024-07-03,3,77.76,In-Store
3825,118,2522,2026-09-02,2,167.3,In-Store
3826,143,2912,2026-04-05,2,394.32,Online
3827,145,2693,2026-07-10,1,155.51,Online
3828,127,2721,2025-10-04,4,3056.88,In-Store
3829,125,2864,2025-10-13,4,631.08,Online
3830,122,2656,2025-12-17,1,135.85,Online
3831,150,2373,2026-07-04,2,182.9,In-Store
3832,113,2094,2026-05-12,4,1869.32,Online
3833,139,2116,2024-06-26,2,176.5,Online
3834,129,2623,2026-03-20,1,313.23,In-Store
3835,135,2032,2026-08-13,1,23.08,In-Store
3836,130,2633,2025-06-03,2,75.9,Online
3837,139,2147,2026-09-07,4,353.0,In-Store
3838,120,2175,2026-03-08,3,366.54,Online
3839,130,2651,2024-08-28,2,75.9,In-Store
3840,122,2501,2026-01-21,2,271.7,Online
3841,105,2623,2026-04-01,4,562.64,In-Store
3842,144,2003,2025-11-17,1,726.38,In-Store
3843,108,2886,2025-06-23,2,485.86,Online
3844,101,2398,2025-02-02,1,103.02,In-Store
3845,116,2130,2026-03-07,1,158.79,Online
3846,127,2060,2026-04-24,2,1528.44,Online
3847,121,2280,2026-04-16,4,959.08,In-Store
3848,134,2635,2025-03-21,4,525.48,Online
3849,148,2082,2025-12-05,3,183.18,In-Store
3850,124,2296,2026-07-02,2,51.84,Online
3851,110,2589,2026-09-06,2,129.8,Online
3852,112,2360,2024-04-25,3,174.3,In-Store
3853,116,2443,2024-11-26,4,635.16,Online
3854,116,2002,2026-07-19,4,635.16,Online
3855,120,2130,2026-08-26,1,122.18,Online
3856,149,2350,2026-02-02,4,102.52,Online
3857,145,2493,2025-05-31,4,622.04,Online
3858,144,2778,2026-06-21,1,726.38,In-Store
3859,118,2876,2026-06-20,2,167.3,Online
3860,137,2347,2026-06-22,4,303.24,Online
3861,118,2249,2025-08-20,4,334.6,Online
3862,109,2150,2025-08-24,2,421.24,Online
3863,130,2041,2025-06-19,4,151.8,Online
3864,124,2576,2024-07-26,3,77.76,In-Store
3865,109,2813,2026-02-04,1,210.62,Online
3866,125,2187,2025-07-08,2,315.54,In-Store
3867,140,2958,2026-04-24,2,274.44,Online
3868,105,2378,2025-02-11,4,562.64,In-Store
3869,113,2574,2026-03-08,3,1401.99,Online
3870,139,2603,2026-02-18,2,176.5,In-Store
3871,147,2914,2026-06-29,2,71.6,In-Store
3872,148,2316,2026-07-17,4,244.24,Online
3873,146,2546,2025-03-28,4,926.56,Online
3874,150,2603,2025-07-10,4,365.8,Online
3875,117,2298,2025-04-06,2,95.56,Online
3876,139,2516,2025-08-30,2,176.5,Online
3877,134,2322,2026-09-09,2,262.74,In-Store
3878,126,2086,2025-11-23,1,55.07,Online
3879,119,2005,2026-01-15,3,303.3,Online
3880,145,2645,2026-08-24,4,622.04,Online
3881,147,2144,2025-12-23,1,35.8,Online
3882,115,2737,2026-03-11,1,83.44,Online
3883,105,2728,2025-11-15,2,281.32,Online
3884,134,2119,2026-03-26,4,525.48,Online
3885,135,2150,2026-04-05,4,92.32,In-Store
3886,135,2035,2026-05-31,4,92.32,Online
3887,120,2832,2026-03-28,2,244.36,In-Store
3888,122,2294,2025-03-07,2,271.7,Online
3889,122,2511,2025-01-01,2,271.7,Online
3890,128,2561,2025-06-20,4,967.68,In-Store
3891,140,2942,2024-07-23,3,411.66,In-Store
3892,109,2907,2025-04-06,1,210.62,Online
3893,101,2394,2025-05-21,1,103.02,Online
3894,141,2650,2025-05-16,1,229.4,Online
3895,107,2608,2026-08-06,4,457.64,In-Store
3896,110,2328,2026-07-12,3,194.7,Online
3897,132,2305,2026-08-13,3,355.32,Online
3898,115,2707,2025-02-28,1,83.44,In-Store
3899,126,2475,2026-05-08,1,55.07,Online
3900,132,2053,2026-05-19,2,236.88,In-Store
3901,104,2075,2026-03-25,2,103.32,Online
3902,149,2087,2026-08-31,2,51.26,Online
3903,140,2144,2025-03-08,1,137.22,In-Store
3904,113,2199,2026-06-16,2,934.66,Online
3905,147,2043,2026-05-06,2,71.6,Online
3906,118,2854,2025-06-19,4,334.6,Online
3907,150,2541,2024-05-26,3,274.35,Online
3908,148,2425,2026-08-03,4,244.24,In-Store
3909,105,2774,2025-04-06,1,140.66,Online
3910,150,2406,2025-04-06,1,91.45,Online
3911,136,2622,2026-08-27,3,686.07,Online
3912,143,2476,2026-03-16,2,394.32,In-Store
3913,118,2585,2026-07-14,3,250.95,Online
3914,103,2194,2025-01-17,1,519.06,In-Store
3915,101,2794,2025-12-08,3,309.06,Online
3916,147,2535,2026-07-28,1,35.8,Online
3917,117,2898,2025-05-26,3,143.34,In-Store
3918,116,2384,2026-06-17,1,158.79,Online
3919,131,2048,2026-01-13,1,175.79,Online
3920,116,2284,2026-03-03,1,158.79,Online
3921,108,2314,2026-07-06,3,728.79,Online
3922,139,2995,2025-03-25,2,176.5,In-Store
3923,102,2082,2026-09-02,2,476.84,In-Store
3924,150,2376,2025-01-22,1,91.45,In-Store
3925,135,2507,2026-09-03,4,92.32,Online
3926,143,2621,2026-05-06,4,788.64,In-Store
3927,126,2531,2024-08-19,3,165.21,In-Store
3928,106,2600,2025-08-15,4,2083.12,Online
3929,139,2688,2025-12-12,2,176.5,In-Store
3930,147,2719,2026-03-29,4,143.2,In-Store
3931,139,2202,2026-07-27,4,353.0,Online
3932,133,2265,2025-05-02,1,43.68,Online
3933,147,2481,2026-01-24,4,143.2,Online
3934,144,2589,2026-09-06,1,726.38,In-Store
3935,135,2695,2025-06-22,3,69.24,In-Store
3936,144,2080,2026-01-14,2,1452.76,Online
3937,122,2373,2026-05-25,3,407.55,In-Store
3938,122,2333,2025-07-17,2,271.7,Online
3939,108,2241,2025-06-09,4,971.72,Online
3940,144,2293,2026-08-25,2,1452.76,In-Store
3941,139,2019,2026-03-23,4,353.0,Online
3942,124,2470,2026-06-15,3,77.76,Online
3943,135,2474,2025-02-23,2,46.16,In-Store
3944,105,2081,2026-05-26,3,421.98,Online
3945,122,2743,2026-08-17,2,271.7,In-Store
3946,125,2272,2026-07-04,4,631.08,In-Store
3947,116,2875,2026-04-28,3,476.37,In-Store
3948,124,2370,2024-08-04,2,51.84,Online
3949,105,2135,2026-07-13,3,421.98,Online
3950,136,2128,2025-09-13,4,914.76,Online
3951,134,2217,2025-11-28,4,525.48,Online
3952,126,2326,2026-01-08,2,110.14,Online
3953,128,2387,2026-03-27,1,241.92,Online
3954,142,2045,2026-08-14,4,971.4,Online
3955,138,2838,2026-09-02,1,170.69,Online
3956,103,2863,2026-05-13,1,519.06,In-Store
3957,141,2061,2025-09-27,1,229.4,In-Store
3958,139,2360,2024-05-09,3,264.75,Online
3959,150,2157,2025-08-26,4,365.8,Online
3960,124,2560,2026-09-04,2,51.84,Online
3961,126,2567,2026-05-09,1,55.07,Online
3962,128,2615,2026-04-02,1,241.92,In-Store
3963,123,2866,2026-07-02,4,616.88,Online
3964,118,2653,2025-09-03,2,167.3,Online
3965,136,2314,2026-08-31,3,686.07,Online
3966,133,2925,2025-11-11,1,43.68,Online
3967,136,2548,2026-06-25,1,228.69,In-Store
3968,141,2587,2024-12-28,3,688.2,In-Store
3969,149,2212,2026-05-14,3,76.89,Online
3970,111,2979,2026-06-18,3,173.19,In-Store
3971,132,2124,2026-08-30,1,118.44,Online
3972,101,2696,2026-07-08,2,206.04,Online
3973,109,2103,2025-02-14,3,631.86,In-Store
3974,101,2416,2025-04-10,3,309.06,Online
3975,149,2867,2025-03-21,4,102.52,Online
3976,123,2017,2024-06-18,1,154.22,Online
3977,105,2496,2026-03-03,3,421.98,In-Store
3978,129,2676,2026-06-16,2,626.46,Online
3979,107,2416,2026-04-15,3,343.23,Online
3980,129,2055,2026-08-11,1,313.23,Online
3981,120,2128,2025-01-20,1,122.18,In-Store
3982,120,2245,2025-08-15,4,488.72,In-Store
3983,117,2266,2026-01-29,3,143.34,In-Store
3984,121,2097,2026-09-06,4,959.08,In-Store
3985,108,2056,2026-07-29,1,242.93,In-Store
3986,126,2630,2025-11-20,4,220.28,Online
3987,138,2849,2025-04-01,2,341.38,Online
3988,136,2325,2024-08-21,2,457.38,In-Store
3989,139,2882,2026-04-07,4,353.0,Online
3990,130,2620,2025-09-18,4,151.8,In-Store
3991,144,2952,2025-11-24,4,2905.52,Online
3992,148,2771,2026-03-03,4,244.24,Online
3993,135,2799,2025-12-04,3,69.24,In-Store
3994,142,2857,2026-04-02,1,242.85,In-Store
3995,139,2187,2024-02-13,3,264.75,Online
3996,113,2482,2024-12-16,2,934.66,In-Store
3997,144,2694,2025-10-04,2,1452.76,In-Store
3998,119,2558,2026-08-03,3,303.3,Online
3999,109,2187,2025-08-14,3,631.86,In-Store
4000,130,2763,2025-12-13,4,151.8,In-Store
4001,112,2863,2026-07-20,3,174.3,In-Store
4002,140,2432,2025-02-28,2,274.44,In-Store
4003,142,2717,2026-06-09,2,485.7,Online
4004,112,2135,2026-08-20,1,58.1,In-Store
4005,101,2095,2026-04-21,1,103.02,Online
4006,149,2608,2026-07-14,2,51.26,In-Store
4007,114,2278,2025-06-30,3,349.53,Online
4008,138,2651,2026-04-20,2,341.38,In-Store
4009,131,2009,2026-02-05,3,527.37,Online
4010,118,2865,2025-08-14,3,250.95,In-Store
4011,129,2899,2026-09-03,3,939.69,Online
4012,140,2560,2026-09-07,1,137.22,In-Store
4013,108,2541,2025-01-07,1,242.93,Online
4014,119,2713,2025-02-04,2,202.2,In-Store
4015,150,2664,2025-04-08,4,365.8,In-Store
4016,129,2913,2026-08-26,4,1252.92,Online
4017,127,2220,2024-05-03,1,764.22,Online
4018,147,2393,2026-08-14,4,143.2,Online
4019,101,2925,2026-06-22,2,206.04,In-Store
4020,125,2357,2024-09-08,1,157.77,Online
4021,140,2607,2026-02-02,3,411.66,In-Store
4022,147,2622,2024-12-17,1,35.8,Online
4023,147,2791,2025-04-10,1,35.8,In-Store
4024,102,2900,2025-06-20,4,953.68,Online
4025,133,2781,2025-02-08,2,87.36,Online
4026,124,2445,2026-01-15,1,25.92,Online
4027,103,2830,2024-08-18,2,1038.12,Online
4028,143,2193,2026-09-08,3,591.48,Online
4029,117,2885,2026-07-16,4,191.12,Online
4030,118,2282,2025-05-29,3,250.95,In-Store
4031,114,2479,2026-08-22,1,116.51,In-Store
4032,148,2925,2026-08-04,3,183.18,In-Store
4033,139,2790,2025-03-30,4,353.0,Online
4034,121,2581,2026-06-07,3,719.31,Online
4035,145,2870,2025-12-01,2,311.02,In-Store
4036,128,2823,2026-06-17,3,725.76,In-Store
4037,138,2127,2026-05-24,3,512.07,Online
4038,111,2102,2025-07-11,1,57.73,Online
4039,136,2325,2025-02-06,3,686.07,In-Store
4040,145,2252,2026-04-28,1,155.51,In-Store
4041,148,2681,2025-06-28,2,122.12,In-Store
4042,134,2910,2026-09-04,3,394.11,Online
4043,141,2297,2026-05-15,2,458.8,Online
4044,148,2389,2025-08-13,4,244.24,Online
4045,133,2849,2026-04-14,2,87.36,In-Store
4046,142,2205,2026-08-30,4,971.4,Online
4047,119,2325,2025-10-28,1,101.1,Online
4048,145,2514,2025-12-09,1,155.51,In-Store
4049,137,2693,2025-01-16,3,227.43,Online
4050,139,2302,2026-09-08,3,264.75,Online
4051,121,2027,2025-11-17,4,959.08,Online
4052,150,2615,2026-05-06,4,365.8,In-Store
4053,116,2885,2026-03-08,1,158.79,In-Store
4054,110,2862,2026-04-07,2,129.8,Online
4055,135,2802,2026-03-10,1,23.08,In-Store
4056,106,2881,2026-04-09,4,2083.12,Online
4057,127,2130,2026-03-28,3,2292.66,Online
4058,129,2903,2026-04-26,4,1252.92,Online
4059,126,2326,2026-09-06,3,165.21,Online
4060,132,2749,2025-08-06,3,355.32,Online
4061,117,2991,2025-09-17,4,191.12,Online
4062,104,2274,2025-09-03,4,206.64,In-Store
4063,127,2439,2026-07-13,2,1528.44,Online
4064,105,2679,2025-12-29,4,562.64,Online
4065,107,2347,2025-12-03,2,228.82,In-Store
4066,120,2893,2026-07-04,3,366.54,Online
4067,140,2769,2025-09-29,4,548.88,Online
4068,113,2005,2026-03-25,4,1869.32,In-Store
4069,133,2998,2024-10-26,2,87.36,Online
4070,103,2820,2026-08-04,1,519.06,Online
4071,127,2022,2024-10-05,2,1528.44,Online
4072,118,2883,2025-07-04,2,167.3,In-Store
4073,104,2505,2026-02-06,2,103.32,Online
4074,147,2796,2025-12-07,1,35.8,In-Store
4075,115,2604,2026-03-25,1,83.44,In-Store
4076,148,2776,2026-08-11,1,61.06,In-Store
4077,101,2268,2026-02-12,4,412.08,Online
4078,139,2823,2025-08-15,4,353.0,In-Store
4079,118,2879,2025-08-03,3,250.95,In-Store
4080,114,2545,2025-06-05,3,349.53,Online
4081,101,2602,2026-03-18,3,309.06,Online
4082,114,2913,2026-08-25,3,349.53,Online
4083,120,2749,2025-12-20,1,122.18,In-Store
4084,137,2317,2025-09-02,3,227.43,Online
4085,141,2889,2026-08-29,1,229.4,In-Store
4086,101,2650,2025-11-23,2,206.04,In-Store
4087,142,2251,2026-04-23,1,242.85,In-Store
4088,134,2968,2025-08-18,2,262.74,Online
4089,102,2513,2025-11-11,4,953.68,In-Store
4090,103,2847,2025-09-03,2,1038.12,Online
4091,143,2555,2025-10-07,4,788.64,Online
4092,130,2284,2025-12-16,3,113.85,In-Store
4093,143,2360,2024-08-10,3,591.48,Online
4094,148,2507,2026-05-24,3,183.18,In-Store
4095,101,2718,2024-12-02,2,206.04,In-Store
4096,134,2316,2026-08-31,4,525.48,In-Store
4097,107,2804,2025-02-16,4,457.64,In-Store
4098,111,2245,2025-01-09,4,230.92,Online
4099,147,2733,2026-02-03,4,143.2,In-Store
4100,130,2756,2026-09-02,4,151.8,Online
4101,114,2291,2025-11-27,1,116.51,Online
4102,125,2194,2024-05-03,4,631.08,In-Store
4103,143,2846,2025-09-25,1,197.16,Online
4104,134,2093,2026-06-12,1,131.37,Online
4105,119,2531,2024-08-15,2,202.2,Online
4106,122,2823,2026-08-04,3,407.55,Online
4107,102,2615,2026-06-02,4,953.68,In-Store
4108,147,2235,2026-01-13,2,71.6,In-Store
4109,129,2647,2026-05-01,1,313.23,In-Store
4110,131,2885,2025-09-28,1,175.79,Online
4111,128,2704,2026-09-05,3,725.76,Online
4112,135,2876,2026-07-03,4,92.32,Online
4113,130,2663,2025-12-06,4,151.8,In-Store
4114,105,2318,2025-10-21,4,562.64,Online
4115,113,2489,2026-07-23,1,467.33,In-Store
4116,129,2531,2024-01-03,2,626.46,Online
4117,138,2507,2026-05-06,1,170.69,Online
4118,136,2488,2024-12-11,3,686.07,Online
4119,149,2503,2026-08-24,4,102.52,In-Store
4120,114,2397,2026-05-29,3,349.53,In-Store
4121,114,2504,2026-08-26,1,116.51,In-Store
4122,126,2956,2026-04-21,1,55.07,In-Store
4123,144,2238,2026-04-16,1,726.38,In-Store
4124,143,2116,2026-02-07,1,197.16,Online
4125,135,2734,2026-08-12,1,23.08,In-Store
4126,135,2929,2025-11-09,4,92.32,Online
4127,102,2503,2025-12-24,4,953.68,Online
4128,146,2915,2026-02-06,1,231.64,Online
4129,109,2048,2026-03-03,2,421.24,Online
4130,110,2779,2026-08-26,4,259.6,In-Store
4131,115,2598,2025-10-27,3,250.32,In-Store
4132,143,2655,2026-03-03,3,591.48,In-Store
4133,116,2904,2023-12-29,3,476.37,Online
4134,130,2413,2025-12-26,4,151.8,In-Store
4135,113,2782,2025-11-05,3,1401.99,Online
4136,132,2687,2025-10-05,4,473.76,In-Store
4137,111,2736,2026-05-24,2,115.46,Online
4138,141,2318,2026-01-12,1,229.4,Online
4139,123,2432,2024-08-03,2,308.44,Online
4140,139,2518,2025-10-26,2,176.5,In-Store
4141,117,2274,2026-01-21,1,47.78,Online
4142,135,2363,2026-02-28,2,46.16,Online
4143,105,2971,2025-09-27,3,421.98,Online
4144,145,2949,2026-05-14,1,155.51,In-Store
4145,121,2937,2026-06-22,1,239.77,In-Store
4146,108,2391,2025-03-16,3,728.79,Online
4147,135,2817,2026-09-07,1,23.08,Online
4148,129,2574,2026-07-20,4,1252.92,In-Store
4149,115,2054,2024-08-16,3,250.32,Online
4150,119,2352,2025-11-23,3,303.3,Online
4151,119,2974,2026-02-03,1,101.1,In-Store
4152,147,2817,2026-08-27,4,143.2,Online
4153,128,2811,2024-09-03,2,483.84,In-Store
4154,114,2605,2026-06-11,4,466.04,In-Store
4155,123,2653,2025-04-14,4,616.88,Online
4156,139,2445,2026-01-27,2,176.5,Online
4157,126,2233,2026-06-21,2,110.14,Online
4158,106,2135,2026-09-08,3,1562.34,In-Store
4159,143,2364,2026-08-26,3,591.48,In-Store
4160,115,2996,2026-08-02,2,166.88,Online
4161,124,2092,2026-08-19,1,25.92,In-Store
4162,117,2340,2026-09-06,2,95.56,In-Store
4163,102,2427,2026-05-08,4,953.68,In-Store
4164,125,2297,2026-04-12,4,631.08,Online
4165,108,2382,2026-02-11,3,728.79,In-Store
4166,142,2351,2025-09-07,1,242.85,Online
4167,108,2268,2026-03-16,4,971.72,Online
4168,101,2434,2025-06-01,2,206.04,In-Store
4169,126,2078,2024-04-30,1,55.07,Online
4170,115,2892,2025-07-12,3,250.32,Online
4171,145,2660,2026-01-19,1,155.51,In-Store
4172,114,2257,2026-08-31,4,466.04,Online
4173,109,2286,2026-08-23,2,421.24,In-Store
4174,141,2397,2026-06-28,2,458.8,In-Store
4175,110,2770,2025-06-02,4,259.6,Online
4176,137,2968,2024-09-20,4,303.24,In-Store
4177,113,2118,2026-07-23,4,1869.32,Online
4178,139,2444,2024-07-11,4,353.0,Online
4179,101,2407,2025-08-07,2,206.04,Online
4180,118,2744,2026-03-14,2,167.3,Online
4181,109,2132,2025-05-23,2,421.24,Online
4182,103,2606,2026-06-01,1,519.06,In-Store
4183,136,2721,2026-03-12,2,457.38,Online
4184,148,2481,2026-03-23,1,61.06,Online
4185,140,2469,2026-03-31,1,137.22,Online
4186,118,2146,2026-01-05,4,334.6,Online
4187,140,2274,2025-09-13,2,274.44,In-Store
4188,105,2245,2025-10-03,4,562.64,Online
4189,128,2853,2025-07-29,3,725.76,In-Store
4190,104,2871,2026-06-29,1,51.66,In-Store
4191,149,2378,2025-05-16,2,51.26,Online
4192,148,2219,2026-06-01,4,244.24,In-Store
4193,138,2627,2026-01-03,2,341.38,In-Store
4194,125,2480,2025-07-23,3,473.31,Online
4195,102,2296,2024-10-13,2,476.84,In-Store
4196,148,2318,2025-07-31,3,183.18,Online
4197,114,2068,2026-09-03,3,349.53,Online
4198,136,2925,2025-12-12,4,914.76,Online
4199,137,2137,2025-11-17,1,75.81,Online
4200,115,2463,2025-10-03,1,83.44,Online
4201,125,2925,2026-01-02,1,157.77,Online
4202,138,2683,2026-08-19,2,341.38,In-Store
4203,117,2352,2024-10-12,4,191.12,In-Store
4204,121,2509,2026-06-10,2,479.54,Online
4205,101,2131,2026-04-08,3,309.06,Online
4206,116,2574,2026-05-03,4,635.16,Online
4207,107,2644,2025-03-13,2,228.82,Online
4208,133,2694,2026-03-18,1,43.68,Online
4209,131,2101,2026-04-12,2,351.58,Online
4210,121,2308,2025-06-19,1,239.77,Online
4211,131,2251,2026-07-05,4,703.16,In-Store
4212,132,2623,2026-03-13,1,118.44,In-Store
4213,140,2449,2025-05-13,4,548.88,In-Store
4214,109,2316,2026-03-10,3,631.86,Online
4215,142,2840,2026-05-19,1,242.85,In-Store
4216,143,2867,2026-05-30,2,394.32,In-Store
4217,124,2924,2024-12-08,3,77.76,In-Store
4218,101,2703,2026-04-13,4,412.08,Online
4219,104,2053,2025-07-21,2,103.32,In-Store
4220,142,2426,2025-01-30,3,728.55,Online
4221,111,2667,2025-10-06,3,173.19,Online
4222,102,2096,2025-12-21,4,953.68,Online
4223,121,2474,2025-04-11,1,239.77,Online
4224,137,2315,2026-04-08,2,151.62,Online
4225,128,2096,2026-04-27,2,483.84,In-Store
4226,110,2850,2026-05-26,2,129.8,In-Store
4227,103,2855,2025-11-05,1,519.06,Online
4228,109,2232,2026-04-02,2,421.24,In-Store
4229,109,2049,2026-05-06,1,210.62,Online
4230,140,2958,2026-07-23,1,137.22,Online
4231,117,2116,2024-11-30,3,143.34,In-Store
4232,113,2225,2025-03-19,2,934.66,In-Store
4233,125,2359,2026-03-08,1,157.77,In-Store
4234,139,2158,2026-08-27,3,264.75,Online
4235,144,2832,2026-04-26,3,2179.14,Online
4236,112,2126,2026-03-18,4,232.4,Online
4237,140,2771,2026-03-31,4,548.88,Online
4238,117,2793,2026-08-08,4,191.12,Online
4239,148,2195,2025-06-16,1,61.06,In-Store
4240,128,2949,2025-10-19,4,967.68,Online
4241,118,2617,2026-07-12,3,250.95,In-Store
4242,123,2614,2025-03-21,4,616.88,Online
4243,125,2330,2025-12-26,4,631.08,Online
4244,105,2811,2026-01-25,3,421.98,Online
4245,111,2763,2025-12-08,3,173.19,In-Store
4246,104,2875,2026-07-21,4,206.64,Online
4247,131,2297,2024-10-18,3,527.37,In-Store
4248,138,2250,2026-08-03,3,512.07,In-Store
4249,150,2287,2026-05-07,3,274.35,Online
4250,143,2428,2025-07-16,2,394.32,Online
4251,145,2209,2026-06-01,4,622.04,In-Store
4252,150,2762,2026-07-11,3,274.35,In-Store
4253,146,2152,2025-08-17,4,926.56,Online
4254,120,2924,2025-02-27,1,122.18,Online
4255,142,2470,2026-06-01,4,971.4,Online
4256,141,2949,2026-07-01,2,458.8,Online
4257,127,2271,2026-07-11,3,2292.66,In-Store
4258,143,2747,2024-10-18,1,197.16,Online
4259,147,2783,2026-01-05,2,71.6,Online
4260,141,2558,2026-08-27,2,458.8,In-Store
4261,143,2600,2026-03-16,1,197.16,Online
4262,144,2097,2025-11-09,1,726.38,Online
4263,142,2385,2026-05-12,2,485.7,Online
4264,102,2089,2024-11-10,4,953.68,In-Store
4265,104,2468,2025-03-26,4,206.64,In-Store
4266,101,2774,2026-07-19,1,103.02,Online
4267,131,2527,2025-12-09,1,175.79,In-Store
4268,147,2898,2025-03-20,3,107.4,In-Store
4269,108,2208,2026-09-02,3,728.79,Online
4270,150,2783,2026-04-17,3,274.35,Online
4271,142,2389,2025-03-25,3,728.55,In-Store
4272,111,2746,2026-07-26,4,230.92,Online
4273,114,2337,2026-04-25,2,233.02,In-Store
4274,148,2109,2025-05-06,3,183.18,Online
4275,117,2216,2026-01-24,1,47.78,Online
4276,145,2184,2025-06-19,4,622.04,Online
4277,140,2559,2024-03-07,4,548.88,Online
4278,127,2989,2025-06-16,2,1528.44,In-Store
4279,103,2323,2025-05-08,1,519.06,Online
4280,150,2108,2025-11-19,1,91.45,Online
4281,137,2392,2025-09-10,3,227.43,In-Store
4282,113,2036,2024-10-23,2,934.66,In-Store
4283,114,2272,2025-04-21,4,466.04,Online
4284,144,2832,2025-09-27,3,2179.14,In-Store
4285,103,2794,2025-04-19,3,1557.18,Online
4286,128,2724,2025-10-12,4,967.68,In-Store
4287,117,2217,2024-02-23,1,47.78,Online
4288,138,2391,2024-10-02,1,170.69,Online
4289,142,2049,2026-04-02,2,485.7,Online
4290,127,2148,2025-08-25,4,3056.88,Online
4291,103,2396,2026-08-29,1,519.06,In-Store
4292,119,2595,2025-05-17,2,202.2,Online
4293,113,2952,2026-06-15,3,1401.99,In-Store
4294,120,2898,2025-01-21,3,366.54,In-Store
4295,121,2996,2026-07-30,2,479.54,Online
4296,131,2419,2025-12-23,1,175.79,Online
4297,107,2837,2026-03-25,2,228.82,In-Store
4298,121,2376,2024-10-31,4,959.08,Online
4299,106,2857,2026-06-20,4,2083.12,Online
4300,146,2204,2025-08-18,1,231.64,In-Store
4301,109,2677,2025-12-22,3,631.86,Online
4302,111,2662,2025-06-27,1,57.73,Online
4303,135,2093,2024-07-16,4,92.32,Online
4304,132,2313,2026-08-24,1,118.44,In-Store
4305,131,2214,2026-09-06,3,527.37,Online
4306,113,2374,2026-09-03,1,467.33,In-Store
4307,103,2544,2026-07-09,4,2076.24,Online
4308,143,2607,2026-01-03,4,788.64,Online
4309,111,2782,2025-12-06,2,115.46,In-Store
4310,104,2119,2026-05-06,1,51.66,In-Store
4311,114,2083,2025-11-06,3,349.53,Online
4312,143,2404,2026-02-13,2,394.32,Online
4313,123,2070,2025-04-09,3,462.66,In-Store
4314,149,2998,2025-04-06,4,102.52,Online
4315,109,2895,2024-12-28,3,631.86,Online
4316,105,2480,2026-08-06,4,562.64,In-Store
4317,134,2533,2026-08-06,3,394.11,Online
4318,133,2383,2025-06-28,2,87.36,Online
4319,138,2032,2025-11-18,3,512.07,Online
4320,126,2443,2026-08-07,2,110.14,Online
4321,119,2360,2025-09-14,2,202.2,In-Store
4322,106,2441,2026-04-26,4,2083.12,In-Store
4323,149,2383,2025-01-26,3,76.89,Online
4324,125,2362,2025-01-17,1,157.77,Online
4325,106,2025,2024-09-05,3,1562.34,Online
4326,101,2112,2025-03-11,4,412.08,In-Store
4327,112,2642,2026-01-29,3,174.3,Online
4328,129,2786,2026-06-02,1,313.23,Online
4329,127,2004,2026-06-10,4,3056.88,In-Store
4330,118,2592,2026-05-13,1,83.65,Online
4331,101,2133,2024-08-09,4,412.08,Online
4332,147,2168,2026-06-11,1,35.8,Online
4333,143,2345,2026-09-06,2,394.32,In-Store
4334,110,2230,2026-01-31,2,129.8,In-Store
4335,101,2546,2024-09-24,3,309.06,Online
4336,134,2322,2026-07-13,2,262.74,Online
4337,139,3000,2025-09-19,3,264.75,Online
4338,103,2002,2026-05-28,3,1557.18,Online
4339,115,2597,2025-12-12,3,250.32,Online
4340,123,2701,2025-10-15,1,154.22,Online
4341,129,2196,2026-07-26,2,626.46,In-Store
4342,138,2765,2025-08-03,2,341.38,Online
4343,119,2791,2025-08-31,1,101.1,Online
4344,103,2954,2026-02-25,4,2076.24,In-Store
4345,135,2240,2025-09-19,1,23.08,Online
4346,107,2026,2025-09-02,3,343.23,Online
4347,140,2243,2024-05-19,3,411.66,In-Store
4348,149,2786,2026-06-01,1,25.63,Online
4349,127,2286,2026-07-08,4,3056.88,Online
4350,136,2729,2026-05-05,1,228.69,In-Store
4351,144,2087,2026-08-29,2,1452.76,Online
4352,123,2379,2026-02-18,4,616.88,In-Store
4353,102,2636,2026-09-02,2,476.84,Online
4354,108,2548,2026-07-31,2,485.86,Online
4355,140,2224,2026-09-08,4,548.88,Online
4356,147,2933,2026-06-30,4,143.2,In-Store
4357,122,2567,2026-06-12,3,407.55,Online
4358,138,2914,2025-11-05,3,512.07,Online
4359,112,2535,2026-08-09,1,58.1,Online
4360,137,2595,2025-11-21,1,75.81,Online
4361,134,2355,2024-07-29,4,525.48,Online
4362,104,2371,2026-05-13,4,206.64,Online
4363,115,2413,2025-09-28,4,333.76,Online
4364,103,2365,2026-09-06,1,519.06,Online
4365,127,2314,2026-07-23,1,764.22,In-Store
4366,105,2410,2026-03-24,3,421.98,In-Store
4367,109,2901,2026-04-08,3,631.86,In-Store
4368,113,2628,2025-06-16,4,1869.32,Online
4369,141,2608,2026-07-05,4,917.6,Online
4370,150,2269,2026-04-29,4,365.8,In-Store
4371,135,2318,2025-02-07,3,69.24,In-Store
4372,117,2240,2025-09-26,2,95.56,In-Store
4373,150,2298,2024-08-01,1,91.45,Online
4374,109,2081,2026-04-14,3,631.86,Online
4375,116,2716,2026-06-06,4,635.16,In-Store
4376,122,2109,2026-06-15,3,407.55,Online
4377,102,2281,2026-05-17,4,953.68,In-Store
4378,125,2833,2026-08-20,1,157.77,In-Store
4379,129,2277,2024-12-15,1,313.23,In-Store
4380,115,2997,2026-02-28,2,166.88,In-Store
4381,139,2794,2026-05-27,3,264.75,Online
4382,106,2184,2024-12-05,3,1562.34,In-Store
4383,134,2921,2025-10-31,4,525.48,In-Store
4384,109,2047,2026-07-15,4,842.48,Online
4385,129,2186,2025-06-06,2,626.46,Online
4386,139,2479,2026-06-28,2,176.5,In-Store
4387,127,2028,2024-03-13,4,3056.88,In-Store
4388,108,2928,2024-10-14,3,728.79,In-Store
4389,125,2582,2026-05-24,2,315.54,Online
4390,126,2862,2025-01-12,2,110.14,In-Store
4391,114,2818,2025-01-24,1,116.51,In-Store
4392,103,2577,2025-05-17,3,1557.18,In-Store
4393,101,2780,2026-03-12,2,206.04,In-Store
4394,143,2046,2024-05-07,1,197.16,Online
4395,116,2568,2025-12-31,2,317.58,Online
4396,139,2611,2026-07-11,4,353.0,Online
4397,104,2596,2024-06-28,1,51.66,In-Store
4398,128,2705,2026-06-27,1,241.92,Online
4399,125,2143,2026-08-16,3,473.31,Online
4400,123,2068,2026-03-06,3,462.66,Online
4401,140,2722,2026-05-12,2,274.44,In-Store
4402,147,2001,2025-12-27,2,71.6,In-Store
4403,125,2739,2024-04-17,4,631.08,Online
4404,119,2916,2025-06-13,3,303.3,Online
4405,119,2288,2026-08-29,2,202.2,Online
4406,140,2012,2025-08-15,3,411.66,Online
4407,106,2197,2025-05-30,4,2083.12,Online
4408,146,2421,2026-02-21,4,926.56,Online
4409,143,2061,2025-07-28,4,788.64,Online
4410,137,2070,2024-01-01,2,151.62,In-Store
4411,142,2087,2026-09-04,3,728.55,Online
4412,143,2538,2025-02-19,1,197.16,In-Store
4413,116,2064,2024-11-26,1,158.79,Online
4414,136,2383,2026-06-15,4,914.76,Online
4415,141,2380,2026-07-30,4,917.6,In-Store
4416,110,2330,2025-12-05,2,129.8,Online
4417,138,2123,2026-08-29,2,341.38,Online
4418,141,2871,2026-06-29,3,688.2,In-Store
4419,132,2363,2025-05-08,1,118.44,Online
4420,139,2285,2026-04-14,3,264.75,In-Store
4421,148,2023,2026-03-02,2,122.12,Online
4422,137,2830,2025-04-12,2,151.62,In-Store
4423,114,2700,2024-06-14,2,233.02,Online
4424,143,2430,2026-07-25,4,788.64,Online
4425,131,2604,2025-08-28,3,527.37,Online
4426,113,2484,2026-01-06,4,1869.32,Online
4427,122,2336,2026-01-28,2,271.7,In-Store
4428,107,2136,2025-12-21,3,343.23,Online
4429,111,2811,2025-06-24,4,230.92,Online
4430,129,2291,2025-09-01,2,626.46,Online
4431,132,2068,2025-11-11,2,236.88,Online
4432,115,2312,2026-07-09,2,166.88,Online
4433,144,2948,2025-11-23,4,2905.52,Online
4434,140,2933,2026-07-19,4,548.88,Online
4435,133,2262,2025-11-30,3,131.04,In-Store
4436,118,2420,2024-08-25,3,250.95,Online
4437,120,2831,2026-05-07,4,488.72,In-Store
4438,138,2311,2026-03-06,2,341.38,In-Store
4439,135,2410,2025-12-24,3,69.24,Online
4440,104,2139,2026-08-22,4,206.64,In-Store
4441,127,2748,2026-05-16,4,3056.88,In-Store
4442,148,2589,2026-09-07,3,183.18,Online
4443,150,2607,2026-09-03,2,182.9,Online
4444,109,2681,2025-01-07,1,210.62,In-Store
4445,128,2567,2026-06-08,3,725.76,Online
4446,113,2187,2026-04-03,3,1401.99,Online
4447,147,2454,2026-09-09,1,35.8,Online
4448,147,2911,2026-08-14,4,143.2,In-Store
4449,134,2368,2026-08-05,3,394.11,Online
4450,115,2451,2026-05-26,2,166.88,Online
4451,144,2291,2026-01-06,2,1452.76,In-Store
4452,145,2195,2025-05-28,1,155.51,In-Store
4453,121,2694,2025-12-02,1,239.77,Online
4454,147,2481,2026-06-07,4,143.2,Online
4455,141,2386,2026-01-29,2,458.8,In-Store
4456,128,2850,2026-05-27,2,483.84,Online
4457,110,2114,2024-08-24,1,64.9,Online
4458,144,2892,2026-05-26,3,2179.14,In-Store
4459,125,2917,2024-06-13,3,473.31,In-Store
4460,128,2204,2025-11-05,4,967.68,In-Store
4461,111,2374,2026-09-06,4,230.92,Online
4462,106,2720,2026-04-16,2,1041.56,Online
4463,141,2009,2025-02-25,3,688.2,In-Store
4464,139,2917,2026-03-06,2,176.5,Online
4465,127,2552,2026-01-16,3,2292.66,In-Store
4466,108,2712,2025-03-25,2,485.86,In-Store
4467,149,2263,2025-10-15,1,25.63,In-Store
4468,104,2933,2026-07-17,1,51.66,Online
4469,119,2109,2025-11-19,4,404.4,Online
4470,134,2470,2026-08-20,1,131.37,In-Store
4471,134,2879,2025-10-25,1,131.37,Online
4472,104,2258,2026-04-07,3,154.98,Online
4473,123,2272,2024-02-20,4,616.88,Online
4474,105,2895,2025-12-09,2,281.32,Online
4475,118,2193,2026-09-01,2,167.3,Online
4476,123,2306,2025-07-05,1,154.22,In-Store
4477,101,2044,2026-07-19,1,103.02,Online
4478,125,2508,2026-03-03,3,473.31,Online
4479,129,2111,2026-08-08,3,939.69,Online
4480,103,2092,2026-06-14,2,1038.12,Online
4481,107,2791,2026-04-13,4,457.64,In-Store
4482,142,2520,2026-08-14,2,485.7,Online
4483,106,2699,2026-07-22,1,520.78,Online
4484,128,2508,2026-05-15,4,967.68,Online
4485,131,2087,2026-08-31,4,703.16,Online
4486,113,2351,2026-05-08,2,934.66,In-Store
4487,103,2407,2026-02-27,3,1557.18,Online
4488,114,2328,2026-08-10,3,349.53,In-Store
4489,135,2258,2026-09-01,1,23.08,In-Store
4490,129,2342,2025-05-19,2,626.46,In-Store
4491,116,2365,2025-03-13,2,317.58,In-Store
4492,111,2648,2026-06-20,3,173.19,In-Store
4493,110,2381,2025-10-16,1,64.9,Online
4494,131,2907,2026-02-07,3,527.37,In-Store
4495,135,2045,2026-08-30,3,69.24,Online
4496,139,2421,2026-07-03,2,176.5,Online
4497,113,2811,2026-09-01,1,467.33,In-Store
4498,114,2788,2025-01-27,2,233.02,Online
4499,128,2182,2025-12-23,2,483.84,Online
4500,124,2313,2025-11-20,1,25.92,In-Store
4501,134,2315,2026-09-01,3,394.11,Online
4502,101,2421,2025-02-13,4,412.08,In-Store
4503,135,2941,2024-04-20,4,92.32,In-Store
4504,141,2887,2023-12-06,4,917.6,In-Store
4505,131,2545,2025-08-02,4,703.16,Online
4506,108,2448,2026-06-29,3,728.79,In-Store
4507,147,2314,2026-08-24,4,143.2,In-Store
4508,101,2921,2025-11-30,1,103.02,Online
4509,110,2436,2026-01-11,1,64.9,Online
4510,118,2828,2026-05-13,2,167.3,In-Store
4511,132,2293,2026-08-04,2,236.88,Online
4512,145,2343,2026-09-05,4,622.04,Online
4513,146,2095,2026-03-16,4,926.56,Online
4514,141,2671,2026-09-08,4,917.6,Online
4515,140,2370,2026-07-29,4,548.88,Online
4516,150,2771,2026-05-24,4,365.8,Online
4517,134,2294,2026-03-17,2,262.74,In-Store
4518,102,2286,2026-04-25,1,238.42,In-Store
4519,111,2709,2026-06-24,3,173.19,In-Store
4520,144,2987,2025-08-10,3,2179.14,In-Store
4521,113,2780,2026-07-26,2,934.66,In-Store
4522,149,2838,2026-01-04,3,76.89,In-Store
4523,101,2985,2026-07-06,4,412.08,Online
4524,131,2357,2024-10-26,2,351.58,Online
4525,122,2052,2024-12-16,4,543.4,In-Store
4526,103,2116,2025-04-03,1,519.06,Online
4527,127,2072,2024-09-09,1,764.22,Online
4528,126,2496,2026-03-31,3,165.21,In-Store
4529,143,2564,2024-09-09,3,591.48,Online
4530,130,2910,2026-09-08,2,75.9,In-Store
4531,133,2314,2026-07-31,2,87.36,Online
4532,139,2485,2026-06-13,2,176.5,Online
4533,131,2283,2025-11-25,1,175.79,Online
4534,146,2379,2026-07-11,4,926.56,Online
4535,116,2855,2026-05-29,2,317.58,Online
4536,132,2878,2025-07-29,2,236.88,Online
4537,150,2416,2024-06-05,2,182.9,Online
4538,117,2385,2026-02-08,2,95.56,Online
4539,101,2662,2025-11-20,1,103.02,Online
4540,144,2686,2026-06-26,2,1452.76,Online
4541,106,2537,2025-03-13,3,1562.34,Online
4542,106,2791,2025-05-03,1,520.78,In-Store
4543,114,2765,2024-11-19,2,233.02,Online
4544,142,2879,2026-05-02,2,485.7,Online
4545,147,2880,2026-07-30,2,71.6,In-Store
4546,142,2316,2026-05-10,2,485.7,Online
4547,101,2591,2024-12-21,1,103.02,Online
4548,138,2060,2026-03-20,1,170.69,In-Store
4549,116,2820,2025-10-22,1,158.79,In-Store
4550,147,2436,2026-01-27,1,35.8,Online
4551,103,2856,2026-08-25,2,1038.12,In-Store
4552,115,2636,2026-08-28,3,250.32,Online
4553,139,2068,2026-06-04,2,176.5,In-Store
4554,148,2678,2025-08-23,2,122.12,Online
4555,115,2923,2026-08-21,4,333.76,Online
4556,150,2418,2025-03-20,4,365.8,Online
4557,102,2171,2026-06-06,1,238.42,In-Store
4558,134,2986,2026-06-07,1,131.37,Online
4559,149,2855,2026-09-01,3,76.89,Online
4560,117,2896,2026-09-08,4,191.12,Online
4561,115,2874,2026-09-06,1,83.44,Online
4562,144,2039,2026-01-07,2,1452.76,In-Store
4563,128,2008,2026-08-08,4,967.68,In-Store
4564,133,2596,2026-03-21,3,131.04,In-Store
4565,108,2096,2026-07-30,3,728.79,In-Store
4566,115,2659,2025-12-29,4,333.76,Online
4567,142,2729,2026-07-03,1,242.85,Online
4568,128,2397,2026-05-13,4,967.68,Online
4569,126,2502,2026-07-25,2,110.14,In-Store
4570,127,2533,2026-07-29,2,1528.44,Online
4571,143,2535,2026-09-03,3,591.48,Online
4572,126,2089,2026-01-04,2,110.14,Online
4573,138,2924,2025-03-21,2,341.38,In-Store
4574,129,2419,2025-03-31,1,313.23,In-Store
4575,129,2695,2025-08-13,4,1252.92,Online
4576,121,2948,2026-07-12,2,479.54,In-Store
4577,139,2541,2026-03-13,1,88.25,Online
4578,116,2290,2026-08-15,3,476.37,In-Store
4579,121,2526,2025-07-27,3,719.31,In-Store
4580,110,2471,2025-05-15,4,259.6,Online
4581,125,2973,2026-04-07,3,473.31,Online
4582,136,2539,2024-12-26,3,686.07,In-Store
4583,105,2027,2024-01-22,3,421.98,Online
4584,150,2772,2026-09-06,4,365.8,Online
4585,137,2475,2026-03-04,1,75.81,In-Store
4586,126,2582,2026-03-30,3,165.21,Online
4587,106,2525,2025-05-25,1,520.78,Online
4588,104,2519,2024-05-18,3,154.98,Online
4589,117,2005,2026-03-16,3,143.34,In-Store
4590,134,2700,2024-10-03,4,525.48,In-Store
4591,123,2835,2026-09-06,4,616.88,Online
4592,102,2619,2026-01-12,2,476.84,In-Store
4593,107,2198,2024-07-18,2,228.82,Online
4594,142,2627,2025-03-10,4,971.4,Online
4595,137,2486,2025-07-19,1,75.81,Online
4596,123,2653,2026-08-21,2,308.44,In-Store
4597,127,2161,2025-07-05,2,1528.44,Online
4598,125,2627,2025-01-20,2,315.54,Online
4599,141,2014,2026-02-23,2,458.8,Online
4600,117,2941,2026-07-23,2,95.56,Online
4601,109,2644,2025-03-11,3,631.86,In-Store
4602,131,2443,2025-05-29,3,527.37,Online
4603,132,2693,2025-03-30,1,118.44,Online
4604,139,2301,2026-01-12,3,264.75,Online
4605,117,2672,2025-11-06,1,47.78,Online
4606,114,2533,2026-09-03,3,349.53,Online
4607,115,2255,2026-07-07,3,250.32,Online
4608,125,2721,2025-12-29,4,631.08,In-Store
4609,123,2973,2026-01-18,2,308.44,Online
4610,119,2500,2026-08-27,2,202.2,Online
4611,141,2648,2026-05-10,2,458.8,Online
4612,128,2831,2026-06-26,4,967.68,Online
4613,110,2510,2025-02-16,1,64.9,Online
4614,101,2467,2026-06-20,3,309.06,In-Store
4615,127,2158,2026-08-17,2,1528.44,Online
4616,128,2298,2026-08-13,3,725.76,In-Store
4617,149,2033,2024-05-01,3,76.89,Online
4618,147,2797,2026-07-29,1,35.8,In-Store
4619,126,2177,2026-02-21,4,220.28,In-Store
4620,104,2729,2026-04-05,4,206.64,In-Store
4621,139,2280,2026-09-02,2,176.5,In-Store
4622,129,2047,2026-08-12,2,626.46,Online
4623,138,2908,2026-06-16,3,512.07,Online
4624,143,2627,2025-12-23,1,197.16,In-Store
4625,105,2552,2025-07-25,4,562.64,In-Store
4626,108,2330,2026-03-25,3,728.79,Online
4627,145,2669,2026-04-21,1,155.51,Online
4628,143,2994,2025-04-01,2,394.32,In-Store
4629,122,2095,2025-08-19,2,271.7,Online
4630,139,2136,2026-06-28,3,264.75,In-Store
4631,140,2825,2026-03-18,3,411.66,In-Store
4632,108,2080,2025-11-24,2,485.86,In-Store
4633,118,2649,2024-01-09,2,167.3,Online
4634,117,2353,2026-09-08,2,95.56,In-Store
4635,125,2428,2026-07-17,2,315.54,Online
4636,134,2111,2024-05-22,3,394.11,Online
4637,136,2224,2026-08-24,3,686.07,Online
4638,117,2291,2024-09-07,4,191.12,Online
4639,138,2796,2025-03-24,2,341.38,Online
4640,143,2095,2026-01-03,3,591.48,Online
4641,149,2829,2025-10-08,2,51.26,Online
4642,109,2694,2026-05-02,4,842.48,In-Store
4643,127,2534,2024-11-05,4,3056.88,In-Store
4644,125,2248,2025-12-05,1,157.77,In-Store
4645,131,2848,2025-12-21,3,527.37,Online
4646,148,2715,2026-08-12,2,122.12,Online
4647,112,2259,2026-01-19,4,232.4,Online
4648,108,2507,2026-06-19,4,971.72,Online
4649,140,2159,2026-03-04,1,137.22,Online
4650,139,2562,2025-04-01,4,353.0,In-Store
4651,116,2022,2026-06-10,3,476.37,Online
4652,104,2429,2025-08-10,3,154.98,Online
4653,147,2034,2025-12-09,2,71.6,In-Store
4654,147,2913,2026-09-02,4,143.2,Online
4655,112,2228,2025-01-28,2,116.2,Online
4656,150,2781,2026-05-26,1,91.45,Online
4657,143,2494,2025-03-02,3,591.48,In-Store
4658,139,2060,2026-06-13,2,176.5,Online
4659,144,2295,2024-12-09,2,1452.76,In-Store
4660,107,2177,2026-02-05,2,228.82,Online
4661,150,2130,2026-06-03,3,274.35,Online
4662,139,2373,2026-06-17,1,88.25,Online
4663,138,2714,2025-06-08,1,170.69,Online
4664,106,2621,2026-06-19,2,1041.56,Online
4665,124,2249,2026-04-28,2,51.84,Online
4666,143,2887,2024-10-06,4,788.64,Online
4667,121,2119,2026-02-04,1,239.77,Online
4668,108,2144,2025-11-20,4,971.72,In-Store
4669,122,2126,2026-08-19,1,135.85,Online
4670,133,2214,2026-08-29,1,43.68,Online
4671,148,2138,2025-07-05,1,61.06,In-Store
4672,110,2483,2026-08-25,2,129.8,Online
4673,126,2585,2026-08-04,1,55.07,Online
4674,128,2436,2026-07-23,4,967.68,Online
4675,109,2772,2026-09-08,4,842.48,Online
4676,123,2002,2026-07-18,1,154.22,Online
4677,117,2866,2025-05-11,3,143.34,Online
4678,101,2052,2025-02-19,2,206.04,Online
4679,116,2738,2026-09-09,4,635.16,In-Store
4680,148,2605,2024-12-12,3,183.18,Online
4681,139,2882,2024-09-28,3,264.75,In-Store
4682,104,2390,2025-12-16,2,103.32,Online
4683,118,2272,2024-12-07,4,334.6,Online
4684,141,2674,2025-12-21,1,229.4,In-Store
4685,116,2707,2024-09-05,4,635.16,In-Store
4686,105,2498,2024-02-23,2,281.32,In-Store
4687,112,2657,2026-08-14,1,58.1,Online
4688,107,2874,2025-07-19,2,228.82,In-Store
4689,107,2280,2026-03-07,3,343.23,In-Store
4690,116,2146,2025-09-22,2,317.58,Online
4691,103,2795,2026-06-26,2,1038.12,Online
4692,134,2883,2026-01-02,1,131.37,Online
4693,116,2224,2026-08-18,1,158.79,Online
4694,125,2990,2026-08-23,1,157.77,Online
4695,146,2747,2025-10-07,3,694.92,Online
4696,103,2422,2026-07-27,1,519.06,Online
4697,117,2347,2025-07-31,1,47.78,Online
4698,101,2965,2026-08-26,4,412.08,Online
4699,136,2428,2025-05-27,3,686.07,Online
4700,135,2794,2026-05-23,3,69.24,Online
4701,101,2183,2026-07-12,3,309.06,Online
4702,140,2764,2024-04-09,3,411.66,Online
4703,124,2357,2026-08-23,4,103.68,In-Store
4704,123,2467,2026-01-16,3,462.66,Online
4705,112,2823,2025-12-20,4,232.4,Online
4706,129,2491,2025-03-12,4,1252.92,Online
4707,133,2684,2026-05-02,4,174.72,In-Store
4708,138,2849,2024-10-15,3,512.07,Online
4709,149,2107,2026-08-03,4,102.52,Online
4710,124,2534,2024-08-12,3,77.76,Online
4711,113,2208,2026-09-01,4,1869.32,Online
4712,111,2823,2024-06-01,2,115.46,In-Store
4713,149,2684,2026-06-14,3,76.89,Online
4714,120,2958,2025-12-11,4,488.72,Online
4715,114,2178,2026-04-26,2,233.02,Online
4716,105,2294,2025-06-17,4,562.64,Online
4717,112,2779,2025-12-06,1,58.1,Online
4718,115,2187,2025-06-24,1,83.44,In-Store
4719,148,2389,2025-10-24,4,244.24,In-Store
4720,117,2888,2026-05-19,4,191.12,Online
4721,121,2844,2026-05-07,4,959.08,In-Store
4722,138,2975,2025-09-23,4,682.76,Online
4723,101,2217,2025-01-10,1,103.02,Online
4724,144,2532,2026-04-06,2,1452.76,Online
4725,106,2725,2025-11-17,3,1562.34,In-Store
4726,110,2974,2026-07-29,1,64.9,In-Store
4727,125,2475,2025-12-27,3,473.31,In-Store
4728,103,2224,2026-08-20,3,1557.18,Online
4729,144,2371,2026-08-28,2,1452.76,In-Store
4730,129,2095,2026-02-06,2,626.46,In-Store
4731,131,2507,2026-04-17,1,175.79,In-Store
4732,135,2194,2024-07-29,1,23.08,Online
4733,126,2692,2026-07-30,1,55.07,Online
4734,134,2330,2026-05-14,3,394.11,In-Store
4735,138,2471,2024-11-11,4,682.76,In-Store
4736,111,2593,2024-11-21,2,115.46,Online
4737,118,2483,2025-12-08,4,334.6,Online
4738,134,2988,2025-06-04,1,131.37,In-Store
4739,101,2611,2025-06-09,4,412.08,Online
4740,144,2485,2026-08-21,3,2179.14,Online
4741,127,2865,2024-12-17,2,1528.44,Online
4742,124,2168,2026-05-22,3,77.76,Online
4743,107,2815,2025-11-05,4,457.64,In-Store
4744,114,2301,2025-04-28,4,466.04,In-Store
4745,137,2501,2024-09-05,2,151.62,In-Store
4746,138,2855,2026-06-14,1,170.69,Online
4747,111,2522,2026-08-30,1,57.73,Online
4748,101,2763,2026-08-24,4,412.08,Online
4749,123,2420,2026-06-30,2,308.44,In-Store
4750,145,2117,2025-02-09,2,311.02,Online
4751,105,2921,2025-12-22,4,562.64,In-Store
4752,118,2865,2025-08-15,1,83.65,Online
4753,104,2306,2026-04-20,2,103.32,Online
4754,123,2664,2026-06-09,3,462.66,Online
4755,133,2508,2026-03-18,2,87.36,Online
4756,116,2691,2026-09-06,1,158.79,In-Store
4757,147,2475,2026-04-19,2,71.6,In-Store
4758,121,2625,2024-08-21,3,719.31,Online
4759,105,2431,2025-05-26,2,281.32,Online
4760,105,2548,2026-08-27,3,421.98,Online
4761,107,2870,2024-09-29,2,228.82,In-Store
4762,108,2397,2026-01-18,4,971.72,In-Store
4763,123,2563,2025-11-19,3,462.66,Online
4764,117,2826,2026-07-18,3,143.34,In-Store
4765,114,2095,2025-11-19,1,116.51,In-Store
4766,131,2242,2026-08-24,4,703.16,In-Store
4767,150,2653,2025-11-24,1,91.45,In-Store
4768,124,2422,2026-08-12,4,103.68,In-Store
4769,136,2622,2024-10-24,2,457.38,Online
4770,150,2453,2026-06-16,2,182.9,Online
4771,106,2644,2026-02-19,4,2083.12,Online
4772,114,2502,2025-12-26,2,233.02,In-Store
4773,129,2465,2026-05-05,1,313.23,Online
4774,131,2689,2026-02-09,2,351.58,Online
4775,120,2973,2025-05-19,2,244.36,In-Store
4776,118,2640,2026-08-12,1,83.65,In-Store
4777,147,2518,2026-04-22,2,71.6,Online
4778,112,2405,2025-02-25,2,116.2,Online
4779,107,2309,2024-08-04,1,114.41,Online
4780,119,2289,2025-12-24,3,303.3,In-Store
4781,102,2662,2026-06-02,2,476.84,Online
4782,101,2245,2025-11-08,3,309.06,Online
4783,108,2404,2025-02-28,4,971.72,Online
4784,118,2978,2026-06-10,1,83.65,In-Store
4785,107,2801,2026-01-08,3,343.23,Online
4786,135,2346,2026-09-09,1,23.08,In-Store
4787,120,2462,2024-10-16,2,244.36,Online
4788,144,2840,2025-07-02,1,726.38,In-Store
4789,125,2909,2025-08-05,1,157.77,Online
4790,121,2030,2024-09-02,4,959.08,Online
4791,148,2608,2026-07-08,2,122.12,Online
4792,116,2627,2025-07-01,4,635.16,Online
4793,138,2707,2025-06-26,4,682.76,In-Store
4794,137,2175,2026-01-01,3,227.43,In-Store
4795,106,2232,2025-12-19,3,1562.34,Online
4796,135,2834,2026-06-04,2,46.16,In-Store
4797,140,2670,2026-06-06,2,274.44,Online
4798,110,2127,2026-09-06,3,194.7,Online
4799,133,2373,2026-06-15,2,87.36,Online
4800,120,2404,2025-06-21,2,244.36,In-Store
4801,124,2259,2026-07-28,1,25.92,In-Store
4802,117,2375,2026-01-12,1,47.78,In-Store
4803,119,2428,2025-08-30,2,202.2,Online
4804,112,2250,2026-05-21,4,232.4,In-Store
4805,122,2944,2026-04-14,3,407.55,Online
4806,122,2442,2025-12-29,1,135.85,In-Store
4807,149,2865,2025-02-26,3,76.89,In-Store
4808,141,2272,2026-06-21,1,229.4,In-Store
4809,139,2561,2026-05-16,4,353.0,Online
4810,139,2322,2026-08-04,1,88.25,Online
4811,117,2397,2026-01-20,4,191.12,Online
4812,113,2801,2026-05-10,1,467.33,Online
4813,138,2762,2026-04-18,3,512.07,Online
4814,130,2134,2025-12-23,2,75.9,Online
4815,142,2986,2026-09-08,4,971.4,Online
4816,128,2508,2026-06-30,4,967.68,In-Store
4817,117,2530,2026-07-20,4,191.12,Online
4818,130,2401,2025-05-08,1,37.95,Online
4819,117,2575,2024-04-15,4,191.12,Online
4820,134,2082,2026-03-20,3,394.11,Online
4821,131,2103,2025-01-16,3,527.37,Online
4822,101,2426,2025-01-20,3,309.06,Online
4823,128,2533,2026-09-04,1,241.92,Online
4824,119,2379,2025-11-14,3,303.3,In-Store
4825,114,2887,2024-11-24,3,349.53,In-Store
4826,140,2968,2025-09-01,4,548.88,In-Store
4827,118,2509,2025-08-22,3,250.95,Online
4828,127,2638,2026-07-07,2,1528.44,Online
4829,109,2337,2025-04-21,3,631.86,In-Store
4830,105,2794,2025-09-23,4,562.64,In-Store
4831,129,2579,2025-10-27,1,313.23,Online
4832,122,2956,2025-04-29,1,135.85,In-Store
4833,128,2530,2026-06-05,2,483.84,Online
4834,133,2877,2024-12-07,1,43.68,Online
4835,134,2759,2025-12-22,3,394.11,In-Store
4836,136,2245,2026-01-27,1,228.69,Online
4837,123,2198,2025-08-20,2,308.44,Online
4838,102,2716,2026-01-25,1,238.42,In-Store
4839,125,2432,2026-02-12,3,473.31,Online
4840,142,2965,2025-10-20,2,485.7,Online
4841,133,2758,2026-05-23,3,131.04,In-Store
4842,146,2908,2026-08-16,4,926.56,Online
4843,149,2343,2026-09-02,4,102.52,Online
4844,121,2893,2025-11-03,4,959.08,In-Store
4845,148,2053,2025-07-20,4,244.24,In-Store
4846,114,2256,2026-01-28,3,349.53,Online
4847,148,2502,2026-06-03,2,122.12,In-Store
4848,144,2106,2025-04-22,2,1452.76,In-Store
4849,144,2224,2026-09-01,4,2905.52,Online
4850,148,2471,2026-06-05,1,61.06,Online
4851,108,2885,2026-08-07,4,971.72,Online
4852,130,2279,2024-12-15,4,151.8,Online
4853,109,2175,2026-05-07,4,842.48,In-Store
4854,135,2943,2025-10-27,3,69.24,Online
4855,139,2503,2026-07-27,4,353.0,Online
4856,150,2266,2026-06-01,3,274.35,In-Store
4857,142,2272,2025-05-22,2,485.7,Online
4858,109,2840,2026-03-06,3,631.86,In-Store
4859,117,2439,2026-05-11,1,47.78,In-Store
4860,127,2470,2026-07-10,4,3056.88,Online
4861,110,2027,2026-06-03,1,64.9,Online
4862,106,2413,2026-01-23,3,1562.34,In-Store
4863,120,2438,2025-04-16,1,122.18,Online
4864,150,2313,2025-06-02,2,182.9,In-Store
4865,103,2063,2025-05-17,1,519.06,In-Store
4866,127,2852,2024-12-10,3,2292.66,Online
4867,110,2352,2025-11-17,2,129.8,Online
4868,116,2719,2026-03-29,3,476.37,Online
4869,112,2361,2025-05-26,2,116.2,In-Store
4870,103,2941,2025-06-27,1,519.06,Online
4871,137,2262,2025-05-03,1,75.81,Online
4872,120,2064,2025-03-22,3,366.54,Online
4873,145,2079,2026-07-21,4,622.04,Online
4874,136,2995,2024-04-27,1,228.69,Online
4875,118,2494,2026-03-03,4,334.6,Online
4876,131,2078,2025-07-09,4,703.16,Online
4877,142,2923,2026-07-02,4,971.4,In-Store
4878,118,2480,2024-04-30,4,334.6,In-Store
4879,136,2405,2025-12-04,2,457.38,In-Store
4880,146,2017,2024-12-15,2,463.28,Online
4881,138,2396,2026-09-05,3,512.07,Online
4882,118,2520,2025-12-05,2,167.3,In-Store
4883,147,2688,2023-12-20,2,71.6,In-Store
4884,128,2701,2026-02-20,3,725.76,Online
4885,144,2311,2026-07-23,2,1452.76,In-Store
4886,110,2526,2025-08-16,1,64.9,Online
4887,114,2057,2026-02-13,1,116.51,In-Store
4888,120,2381,2024-01-13,4,488.72,Online
4889,114,2443,2025-06-03,1,116.51,Online
4890,133,2446,2026-03-29,3,131.04,In-Store
4891,120,2263,2025-05-24,2,244.36,Online
4892,117,2189,2026-09-07,3,143.34,Online
4893,147,2018,2025-08-14,2,71.6,In-Store
4894,123,2474,2025-08-15,1,154.22,In-Store
4895,127,2915,2026-02-25,3,2292.66,Online
4896,114,2473,2024-11-07,1,116.51,In-Store
4897,133,2919,2025-09-11,2,87.36,Online
4898,113,2138,2026-04-28,3,1401.99,Online
4899,106,2771,2026-07-30,3,1562.34,In-Store
4900,150,2949,2026-03-11,3,274.35,In-Store
4901,136,2690,2026-07-09,3,686.07,Online
4902,140,2878,2026-07-31,1,137.22,In-Store
4903,111,2515,2024-02-14,4,230.92,Online
4904,108,2357,2025-06-23,4,971.72,Online
4905,112,2338,2026-05-21,2,116.2,In-Store
4906,138,2205,2025-06-17,2,341.38,Online
4907,106,2524,2026-07-01,1,520.78,Online
4908,105,2994,2026-09-05,3,421.98,Online
4909,146,2191,2024-07-01,2,463.28,Online
4910,145,2914,2025-02-02,3,466.53,In-Store
4911,149,2457,2025-06-27,1,25.63,In-Store
4912,112,2732,2026-01-02,1,58.1,In-Store
4913,113,2310,2025-06-20,3,1401.99,Online
4914,147,2989,2025-11-01,4,143.2,Online
4915,122,2198,2024-06-07,3,407.55,Online
4916,105,2197,2025-04-09,3,421.98,In-Store
4917,120,2041,2024-07-02,3,366.54,Online
4918,106,2442,2026-06-15,1,520.78,Online
4919,124,2608,2026-08-06,3,77.76,Online
4920,148,2315,2026-01-05,4,244.24,In-Store
4921,121,2747,2024-12-17,3,719.31,Online
4922,112,2782,2026-07-27,1,58.1,In-Store
4923,139,2398,2026-06-10,3,264.75,Online
4924,120,2150,2025-12-14,1,122.18,In-Store
4925,102,2917,2024-04-25,4,953.68,Online
4926,142,2917,2025-11-19,4,971.4,In-Store
4927,149,2094,2026-05-19,2,51.26,In-Store
4928,148,2656,2025-12-27,1,61.06,Online
4929,133,2526,2025-12-18,2,87.36,In-Store
4930,132,2684,2026-03-20,3,355.32,Online
4931,125,2171,2026-08-16,4,631.08,In-Store
4932,141,2032,2026-01-02,3,688.2,Online
4933,106,2565,2026-04-08,1,520.78,Online
4934,109,2338,2025-04-16,3,631.86,Online
4935,136,2128,2024-09-16,4,914.76,Online
4936,110,2700,2024-09-09,1,64.9,Online
4937,130,2957,2026-04-29,3,113.85,In-Store
4938,148,2334,2026-08-14,2,122.12,Online
4939,130,2803,2026-06-08,1,37.95,In-Store
4940,119,2602,2025-08-06,3,303.3,In-Store
4941,122,2904,2023-12-26,1,135.85,In-Store
4942,126,2913,2026-08-27,1,55.07,Online
4943,112,2045,2026-08-10,2,116.2,Online
4944,120,2012,2026-04-18,4,488.72,Online
4945,145,2443,2025-11-09,3,466.53,Online
4946,117,2714,2024-09-05,1,47.78,In-Store
4947,133,2971,2026-02-14,3,131.04,Online
4948,117,2384,2026-09-08,2,95.56,Online
4949,122,2095,2025-11-19,3,407.55,Online
4950,133,2803,2025-06-29,4,174.72,In-Store
4951,129,2502,2026-08-10,4,1252.92,Online
4952,140,2419,2026-08-01,2,274.44,Online
4953,104,2206,2026-07-08,4,206.64,In-Store
4954,138,2886,2024-10-13,1,170.69,Online
4955,136,2993,2025-04-14,4,914.76,Online
4956,138,2922,2026-05-16,3,512.07,Online
4957,149,2905,2026-06-26,1,25.63,In-Store
4958,122,2502,2026-03-08,1,135.85,Online
4959,138,2860,2026-09-05,3,512.07,In-Store
4960,120,2550,2026-08-10,1,122.18,In-Store
4961,117,2707,2024-08-11,4,191.12,In-Store
4962,115,2728,2025-04-22,3,250.32,Online
4963,138,2127,2026-05-29,3,512.07,Online
4964,131,2954,2025-12-12,2,351.58,Online
4965,147,2819,2026-04-22,2,71.6,In-Store
4966,132,2650,2025-10-15,1,118.44,In-Store
4967,149,2258,2026-07-29,4,102.52,In-Store
4968,122,2746,2025-12-13,4,543.4,In-Store
4969,124,2585,2026-07-25,2,51.84,In-Store
4970,146,2519,2024-09-23,1,231.64,Online
4971,116,2520,2026-01-18,3,476.37,In-Store
4972,133,2044,2026-03-09,3,131.04,Online
4973,144,2526,2025-10-18,4,2905.52,Online
4974,132,2908,2025-11-18,1,118.44,In-Store
4975,121,2947,2025-04-02,2,479.54,Online
4976,137,2972,2026-05-29,3,227.43,In-Store
4977,106,2470,2026-05-30,2,1041.56,Online
4978,131,2629,2026-04-06,3,527.37,Online
4979,122,2679,2026-06-28,2,271.7,In-Store
4980,118,2696,2026-07-22,4,334.6,Online
4981,105,2088,2026-08-12,3,421.98,In-Store
4982,128,2380,2026-02-16,4,967.68,Online
4983,140,2759,2025-08-09,4,548.88,Online
4984,118,2259,2026-03-23,4,334.6,Online
4985,150,2786,2025-10-19,3,274.35,Online
4986,140,2306,2024-12-04,4,548.88,Online
4987,116,2521,2025-10-22,1,158.79,Online
4988,123,2558,2026-07-09,2,308.44,Online
4989,113,2834,2025-10-12,1,467.33,Online
4990,137,2758,2025-12-12,4,303.24,In-Store
4991,110,2174,2025-10-16,2,129.8,In-Store
4992,148,2280,2026-07-08,2,122.12,Online
4993,111,2771,2026-09-02,4,230.92,Online
4994,137,2404,2025-01-15,3,227.43,Online
4995,106,2648,2025-10-28,1,520.78,Online
4996,113,2008,2026-04-26,3,1401.99,In-Store
4997,115,2005,2026-05-31,4,333.76,In-Store
4998,126,2369,2026-06-28,4,220.28,Online
4999,121,2105,2026-06-30,3,719.31,Online
5000,123,2409,2024-04-14,2,308.44,In-Store
